gx,gy,x_center,y_center,first_hit,hits
0,0,-2.975,0.025,-1,0
1,0,-2.925,0.025,-1,0
2,0,-2.875,0.025,-1,0
3,0,-2.825,0.025,-1,0
4,0,-2.775,0.025,-1,0
5,0,-2.725,0.025,-1,0
6,0,-2.675,0.025,-1,0
7,0,-2.625,0.025,-1,0
8,0,-2.575,0.025,-1,0
9,0,-2.525,0.025,-1,0
10,0,-2.475,0.025,-1,0
11,0,-2.425,0.025,-1,0
12,0,-2.375,0.025,-1,0
13,0,-2.325,0.025,-1,0
14,0,-2.275,0.025,-1,0
15,0,-2.225,0.025,-1,0
16,0,-2.175,0.025,-1,0
17,0,-2.125,0.025,-1,0
18,0,-2.075,0.025,-1,0
19,0,-2.025,0.025,-1,0
20,0,-1.975,0.025,-1,0
21,0,-1.925,0.025,-1,0
22,0,-1.875,0.025,-1,0
23,0,-1.825,0.025,-1,0
24,0,-1.775,0.025,-1,0
25,0,-1.725,0.025,-1,0
26,0,-1.675,0.025,-1,0
27,0,-1.625,0.025,-1,0
28,0,-1.575,0.025,-1,0
29,0,-1.525,0.025,-1,0
30,0,-1.475,0.025,-1,0
31,0,-1.425,0.025,-1,0
32,0,-1.375,0.025,-1,0
33,0,-1.325,0.025,-1,0
34,0,-1.275,0.025,-1,0
35,0,-1.225,0.025,-1,0
36,0,-1.175,0.025,-1,0
37,0,-1.125,0.025,-1,0
38,0,-1.075,0.025,-1,0
39,0,-1.025,0.025,-1,0
40,0,-0.975,0.025,-1,0
41,0,-0.925,0.025,-1,0
42,0,-0.875,0.025,-1,0
43,0,-0.825,0.025,-1,0
44,0,-0.775,0.025,-1,0
45,0,-0.725,0.025,-1,0
46,0,-0.675,0.025,-1,0
47,0,-0.625,0.025,-1,0
48,0,-0.575,0.025,-1,0
49,0,-0.525,0.025,-1,0
50,0,-0.475,0.025,-1,0
51,0,-0.425,0.025,-1,0
52,0,-0.375,0.025,-1,0
53,0,-0.325,0.025,-1,0
54,0,-0.275,0.025,-1,0
55,0,-0.225,0.025,-1,0
56,0,-0.175,0.025,-1,0
57,0,-0.125,0.025,-1,0
58,0,-0.075,0.025,-1,0
59,0,-0.025,0.025,-1,0
60,0,0.025,0.025,6185,1
61,0,0.075,0.025,-1,0
62,0,0.125,0.025,-1,0
63,0,0.175,0.025,-1,0
64,0,0.225,0.025,-1,0
65,0,0.275,0.025,-1,0
66,0,0.325,0.025,-1,0
67,0,0.375,0.025,-1,0
68,0,0.425,0.025,-1,0
69,0,0.475,0.025,-1,0
70,0,0.525,0.025,-1,0
71,0,0.575,0.025,-1,0
72,0,0.625,0.025,-1,0
73,0,0.675,0.025,-1,0
74,0,0.725,0.025,-1,0
75,0,0.775,0.025,-1,0
76,0,0.825,0.025,-1,0
77,0,0.875,0.025,-1,0
78,0,0.925,0.025,-1,0
79,0,0.975,0.025,-1,0
80,0,1.025,0.025,-1,0
81,0,1.075,0.025,-1,0
82,0,1.125,0.025,-1,0
83,0,1.175,0.025,-1,0
84,0,1.225,0.025,-1,0
85,0,1.275,0.025,-1,0
86,0,1.325,0.025,-1,0
87,0,1.375,0.025,-1,0
88,0,1.425,0.025,-1,0
89,0,1.475,0.025,-1,0
90,0,1.525,0.025,-1,0
91,0,1.575,0.025,-1,0
92,0,1.625,0.025,-1,0
93,0,1.675,0.025,-1,0
94,0,1.725,0.025,-1,0
95,0,1.775,0.025,-1,0
96,0,1.825,0.025,-1,0
97,0,1.875,0.025,-1,0
98,0,1.925,0.025,-1,0
99,0,1.975,0.025,-1,0
100,0,2.025,0.025,-1,0
101,0,2.075,0.025,-1,0
102,0,2.125,0.025,-1,0
103,0,2.175,0.025,-1,0
104,0,2.225,0.025,-1,0
105,0,2.275,0.025,-1,0
106,0,2.325,0.025,-1,0
107,0,2.375,0.025,-1,0
108,0,2.425,0.025,-1,0
109,0,2.475,0.025,-1,0
110,0,2.525,0.025,-1,0
111,0,2.575,0.025,-1,0
112,0,2.625,0.025,-1,0
113,0,2.675,0.025,-1,0
114,0,2.725,0.025,-1,0
115,0,2.775,0.025,-1,0
116,0,2.825,0.025,-1,0
117,0,2.875,0.025,-1,0
118,0,2.925,0.025,-1,0
119,0,2.975,0.025,-1,0
0,1,-2.975,0.075,-1,0
1,1,-2.925,0.075,-1,0
2,1,-2.875,0.075,-1,0
3,1,-2.825,0.075,-1,0
4,1,-2.775,0.075,-1,0
5,1,-2.725,0.075,-1,0
6,1,-2.675,0.075,-1,0
7,1,-2.625,0.075,-1,0
8,1,-2.575,0.075,-1,0
9,1,-2.525,0.075,-1,0
10,1,-2.475,0.075,-1,0
11,1,-2.425,0.075,-1,0
12,1,-2.375,0.075,-1,0
13,1,-2.325,0.075,-1,0
14,1,-2.275,0.075,-1,0
15,1,-2.225,0.075,-1,0
16,1,-2.175,0.075,-1,0
17,1,-2.125,0.075,-1,0
18,1,-2.075,0.075,-1,0
19,1,-2.025,0.075,-1,0
20,1,-1.975,0.075,-1,0
21,1,-1.925,0.075,-1,0
22,1,-1.875,0.075,-1,0
23,1,-1.825,0.075,-1,0
24,1,-1.775,0.075,-1,0
25,1,-1.725,0.075,-1,0
26,1,-1.675,0.075,-1,0
27,1,-1.625,0.075,-1,0
28,1,-1.575,0.075,-1,0
29,1,-1.525,0.075,-1,0
30,1,-1.475,0.075,-1,0
31,1,-1.425,0.075,-1,0
32,1,-1.375,0.075,-1,0
33,1,-1.325,0.075,-1,0
34,1,-1.275,0.075,-1,0
35,1,-1.225,0.075,-1,0
36,1,-1.175,0.075,-1,0
37,1,-1.125,0.075,-1,0
38,1,-1.075,0.075,-1,0
39,1,-1.025,0.075,-1,0
40,1,-0.975,0.075,-1,0
41,1,-0.925,0.075,-1,0
42,1,-0.875,0.075,-1,0
43,1,-0.825,0.075,-1,0
44,1,-0.775,0.075,-1,0
45,1,-0.725,0.075,-1,0
46,1,-0.675,0.075,-1,0
47,1,-0.625,0.075,-1,0
48,1,-0.575,0.075,-1,0
49,1,-0.525,0.075,-1,0
50,1,-0.475,0.075,-1,0
51,1,-0.425,0.075,-1,0
52,1,-0.375,0.075,-1,0
53,1,-0.325,0.075,-1,0
54,1,-0.275,0.075,-1,0
55,1,-0.225,0.075,-1,0
56,1,-0.175,0.075,-1,0
57,1,-0.125,0.075,-1,0
58,1,-0.075,0.075,-1,0
59,1,-0.025,0.075,-1,0
60,1,0.025,0.075,9677,4
61,1,0.075,0.075,-1,0
62,1,0.125,0.075,-1,0
63,1,0.175,0.075,-1,0
64,1,0.225,0.075,-1,0
65,1,0.275,0.075,-1,0
66,1,0.325,0.075,-1,0
67,1,0.375,0.075,-1,0
68,1,0.425,0.075,-1,0
69,1,0.475,0.075,-1,0
70,1,0.525,0.075,-1,0
71,1,0.575,0.075,-1,0
72,1,0.625,0.075,-1,0
73,1,0.675,0.075,-1,0
74,1,0.725,0.075,-1,0
75,1,0.775,0.075,-1,0
76,1,0.825,0.075,-1,0
77,1,0.875,0.075,-1,0
78,1,0.925,0.075,-1,0
79,1,0.975,0.075,-1,0
80,1,1.025,0.075,-1,0
81,1,1.075,0.075,-1,0
82,1,1.125,0.075,-1,0
83,1,1.175,0.075,-1,0
84,1,1.225,0.075,-1,0
85,1,1.275,0.075,-1,0
86,1,1.325,0.075,-1,0
87,1,1.375,0.075,-1,0
88,1,1.425,0.075,-1,0
89,1,1.475,0.075,-1,0
90,1,1.525,0.075,-1,0
91,1,1.575,0.075,-1,0
92,1,1.625,0.075,-1,0
93,1,1.675,0.075,-1,0
94,1,1.725,0.075,-1,0
95,1,1.775,0.075,-1,0
96,1,1.825,0.075,-1,0
97,1,1.875,0.075,-1,0
98,1,1.925,0.075,-1,0
99,1,1.975,0.075,-1,0
100,1,2.025,0.075,-1,0
101,1,2.075,0.075,-1,0
102,1,2.125,0.075,-1,0
103,1,2.175,0.075,-1,0
104,1,2.225,0.075,-1,0
105,1,2.275,0.075,-1,0
106,1,2.325,0.075,-1,0
107,1,2.375,0.075,-1,0
108,1,2.425,0.075,-1,0
109,1,2.475,0.075,-1,0
110,1,2.525,0.075,-1,0
111,1,2.575,0.075,-1,0
112,1,2.625,0.075,-1,0
113,1,2.675,0.075,-1,0
114,1,2.725,0.075,-1,0
115,1,2.775,0.075,-1,0
116,1,2.825,0.075,-1,0
117,1,2.875,0.075,-1,0
118,1,2.925,0.075,-1,0
119,1,2.975,0.075,-1,0
0,2,-2.975,0.125,-1,0
1,2,-2.925,0.125,-1,0
2,2,-2.875,0.125,-1,0
3,2,-2.825,0.125,-1,0
4,2,-2.775,0.125,-1,0
5,2,-2.725,0.125,-1,0
6,2,-2.675,0.125,-1,0
7,2,-2.625,0.125,-1,0
8,2,-2.575,0.125,-1,0
9,2,-2.525,0.125,-1,0
10,2,-2.475,0.125,-1,0
11,2,-2.425,0.125,-1,0
12,2,-2.375,0.125,-1,0
13,2,-2.325,0.125,-1,0
14,2,-2.275,0.125,-1,0
15,2,-2.225,0.125,-1,0
16,2,-2.175,0.125,-1,0
17,2,-2.125,0.125,-1,0
18,2,-2.075,0.125,-1,0
19,2,-2.025,0.125,-1,0
20,2,-1.975,0.125,-1,0
21,2,-1.925,0.125,-1,0
22,2,-1.875,0.125,-1,0
23,2,-1.825,0.125,-1,0
24,2,-1.775,0.125,-1,0
25,2,-1.725,0.125,-1,0
26,2,-1.675,0.125,-1,0
27,2,-1.625,0.125,-1,0
28,2,-1.575,0.125,-1,0
29,2,-1.525,0.125,-1,0
30,2,-1.475,0.125,-1,0
31,2,-1.425,0.125,-1,0
32,2,-1.375,0.125,-1,0
33,2,-1.325,0.125,-1,0
34,2,-1.275,0.125,-1,0
35,2,-1.225,0.125,-1,0
36,2,-1.175,0.125,-1,0
37,2,-1.125,0.125,-1,0
38,2,-1.075,0.125,-1,0
39,2,-1.025,0.125,-1,0
40,2,-0.975,0.125,-1,0
41,2,-0.925,0.125,-1,0
42,2,-0.875,0.125,-1,0
43,2,-0.825,0.125,-1,0
44,2,-0.775,0.125,-1,0
45,2,-0.725,0.125,-1,0
46,2,-0.675,0.125,-1,0
47,2,-0.625,0.125,-1,0
48,2,-0.575,0.125,-1,0
49,2,-0.525,0.125,-1,0
50,2,-0.475,0.125,-1,0
51,2,-0.425,0.125,-1,0
52,2,-0.375,0.125,-1,0
53,2,-0.325,0.125,-1,0
54,2,-0.275,0.125,-1,0
55,2,-0.225,0.125,-1,0
56,2,-0.175,0.125,-1,0
57,2,-0.125,0.125,-1,0
58,2,-0.075,0.125,-1,0
59,2,-0.025,0.125,-1,0
60,2,0.025,0.125,11942,6
61,2,0.075,0.125,-1,0
62,2,0.125,0.125,-1,0
63,2,0.175,0.125,-1,0
64,2,0.225,0.125,-1,0
65,2,0.275,0.125,-1,0
66,2,0.325,0.125,-1,0
67,2,0.375,0.125,-1,0
68,2,0.425,0.125,-1,0
69,2,0.475,0.125,-1,0
70,2,0.525,0.125,-1,0
71,2,0.575,0.125,-1,0
72,2,0.625,0.125,-1,0
73,2,0.675,0.125,-1,0
74,2,0.725,0.125,-1,0
75,2,0.775,0.125,-1,0
76,2,0.825,0.125,-1,0
77,2,0.875,0.125,-1,0
78,2,0.925,0.125,-1,0
79,2,0.975,0.125,-1,0
80,2,1.025,0.125,-1,0
81,2,1.075,0.125,-1,0
82,2,1.125,0.125,-1,0
83,2,1.175,0.125,-1,0
84,2,1.225,0.125,-1,0
85,2,1.275,0.125,-1,0
86,2,1.325,0.125,-1,0
87,2,1.375,0.125,-1,0
88,2,1.425,0.125,-1,0
89,2,1.475,0.125,-1,0
90,2,1.525,0.125,-1,0
91,2,1.575,0.125,-1,0
92,2,1.625,0.125,-1,0
93,2,1.675,0.125,-1,0
94,2,1.725,0.125,-1,0
95,2,1.775,0.125,-1,0
96,2,1.825,0.125,-1,0
97,2,1.875,0.125,-1,0
98,2,1.925,0.125,-1,0
99,2,1.975,0.125,-1,0
100,2,2.025,0.125,-1,0
101,2,2.075,0.125,-1,0
102,2,2.125,0.125,-1,0
103,2,2.175,0.125,-1,0
104,2,2.225,0.125,-1,0
105,2,2.275,0.125,-1,0
106,2,2.325,0.125,-1,0
107,2,2.375,0.125,-1,0
108,2,2.425,0.125,-1,0
109,2,2.475,0.125,-1,0
110,2,2.525,0.125,-1,0
111,2,2.575,0.125,-1,0
112,2,2.625,0.125,-1,0
113,2,2.675,0.125,-1,0
114,2,2.725,0.125,-1,0
115,2,2.775,0.125,-1,0
116,2,2.825,0.125,-1,0
117,2,2.875,0.125,-1,0
118,2,2.925,0.125,-1,0
119,2,2.975,0.125,-1,0
0,3,-2.975,0.175,-1,0
1,3,-2.925,0.175,-1,0
2,3,-2.875,0.175,-1,0
3,3,-2.825,0.175,-1,0
4,3,-2.775,0.175,-1,0
5,3,-2.725,0.175,-1,0
6,3,-2.675,0.175,-1,0
7,3,-2.625,0.175,-1,0
8,3,-2.575,0.175,-1,0
9,3,-2.525,0.175,-1,0
10,3,-2.475,0.175,-1,0
11,3,-2.425,0.175,-1,0
12,3,-2.375,0.175,-1,0
13,3,-2.325,0.175,-1,0
14,3,-2.275,0.175,-1,0
15,3,-2.225,0.175,-1,0
16,3,-2.175,0.175,-1,0
17,3,-2.125,0.175,-1,0
18,3,-2.075,0.175,-1,0
19,3,-2.025,0.175,-1,0
20,3,-1.975,0.175,-1,0
21,3,-1.925,0.175,-1,0
22,3,-1.875,0.175,-1,0
23,3,-1.825,0.175,-1,0
24,3,-1.775,0.175,-1,0
25,3,-1.725,0.175,-1,0
26,3,-1.675,0.175,-1,0
27,3,-1.625,0.175,-1,0
28,3,-1.575,0.175,-1,0
29,3,-1.525,0.175,-1,0
30,3,-1.475,0.175,-1,0
31,3,-1.425,0.175,-1,0
32,3,-1.375,0.175,-1,0
33,3,-1.325,0.175,-1,0
34,3,-1.275,0.175,-1,0
35,3,-1.225,0.175,-1,0
36,3,-1.175,0.175,-1,0
37,3,-1.125,0.175,-1,0
38,3,-1.075,0.175,-1,0
39,3,-1.025,0.175,-1,0
40,3,-0.975,0.175,-1,0
41,3,-0.925,0.175,-1,0
42,3,-0.875,0.175,-1,0
43,3,-0.825,0.175,-1,0
44,3,-0.775,0.175,-1,0
45,3,-0.725,0.175,-1,0
46,3,-0.675,0.175,-1,0
47,3,-0.625,0.175,-1,0
48,3,-0.575,0.175,-1,0
49,3,-0.525,0.175,-1,0
50,3,-0.475,0.175,-1,0
51,3,-0.425,0.175,-1,0
52,3,-0.375,0.175,-1,0
53,3,-0.325,0.175,-1,0
54,3,-0.275,0.175,-1,0
55,3,-0.225,0.175,-1,0
56,3,-0.175,0.175,-1,0
57,3,-0.125,0.175,-1,0
58,3,-0.075,0.175,-1,0
59,3,-0.025,0.175,-1,0
60,3,0.025,0.175,22257,6
61,3,0.075,0.175,-1,0
62,3,0.125,0.175,-1,0
63,3,0.175,0.175,-1,0
64,3,0.225,0.175,-1,0
65,3,0.275,0.175,-1,0
66,3,0.325,0.175,-1,0
67,3,0.375,0.175,-1,0
68,3,0.425,0.175,-1,0
69,3,0.475,0.175,-1,0
70,3,0.525,0.175,-1,0
71,3,0.575,0.175,-1,0
72,3,0.625,0.175,-1,0
73,3,0.675,0.175,-1,0
74,3,0.725,0.175,-1,0
75,3,0.775,0.175,-1,0
76,3,0.825,0.175,-1,0
77,3,0.875,0.175,-1,0
78,3,0.925,0.175,-1,0
79,3,0.975,0.175,-1,0
80,3,1.025,0.175,-1,0
81,3,1.075,0.175,-1,0
82,3,1.125,0.175,-1,0
83,3,1.175,0.175,-1,0
84,3,1.225,0.175,-1,0
85,3,1.275,0.175,-1,0
86,3,1.325,0.175,-1,0
87,3,1.375,0.175,-1,0
88,3,1.425,0.175,-1,0
89,3,1.475,0.175,-1,0
90,3,1.525,0.175,-1,0
91,3,1.575,0.175,-1,0
92,3,1.625,0.175,-1,0
93,3,1.675,0.175,-1,0
94,3,1.725,0.175,-1,0
95,3,1.775,0.175,-1,0
96,3,1.825,0.175,-1,0
97,3,1.875,0.175,-1,0
98,3,1.925,0.175,-1,0
99,3,1.975,0.175,-1,0
100,3,2.025,0.175,-1,0
101,3,2.075,0.175,-1,0
102,3,2.125,0.175,-1,0
103,3,2.175,0.175,-1,0
104,3,2.225,0.175,-1,0
105,3,2.275,0.175,-1,0
106,3,2.325,0.175,-1,0
107,3,2.375,0.175,-1,0
108,3,2.425,0.175,-1,0
109,3,2.475,0.175,-1,0
110,3,2.525,0.175,-1,0
111,3,2.575,0.175,-1,0
112,3,2.625,0.175,-1,0
113,3,2.675,0.175,-1,0
114,3,2.725,0.175,-1,0
115,3,2.775,0.175,-1,0
116,3,2.825,0.175,-1,0
117,3,2.875,0.175,-1,0
118,3,2.925,0.175,-1,0
119,3,2.975,0.175,-1,0
0,4,-2.975,0.225,-1,0
1,4,-2.925,0.225,-1,0
2,4,-2.875,0.225,-1,0
3,4,-2.825,0.225,-1,0
4,4,-2.775,0.225,-1,0
5,4,-2.725,0.225,-1,0
6,4,-2.675,0.225,-1,0
7,4,-2.625,0.225,-1,0
8,4,-2.575,0.225,-1,0
9,4,-2.525,0.225,-1,0
10,4,-2.475,0.225,-1,0
11,4,-2.425,0.225,-1,0
12,4,-2.375,0.225,-1,0
13,4,-2.325,0.225,-1,0
14,4,-2.275,0.225,-1,0
15,4,-2.225,0.225,-1,0
16,4,-2.175,0.225,-1,0
17,4,-2.125,0.225,-1,0
18,4,-2.075,0.225,-1,0
19,4,-2.025,0.225,-1,0
20,4,-1.975,0.225,-1,0
21,4,-1.925,0.225,-1,0
22,4,-1.875,0.225,-1,0
23,4,-1.825,0.225,-1,0
24,4,-1.775,0.225,-1,0
25,4,-1.725,0.225,-1,0
26,4,-1.675,0.225,-1,0
27,4,-1.625,0.225,-1,0
28,4,-1.575,0.225,-1,0
29,4,-1.525,0.225,-1,0
30,4,-1.475,0.225,-1,0
31,4,-1.425,0.225,-1,0
32,4,-1.375,0.225,-1,0
33,4,-1.325,0.225,-1,0
34,4,-1.275,0.225,-1,0
35,4,-1.225,0.225,-1,0
36,4,-1.175,0.225,-1,0
37,4,-1.125,0.225,-1,0
38,4,-1.075,0.225,-1,0
39,4,-1.025,0.225,-1,0
40,4,-0.975,0.225,-1,0
41,4,-0.925,0.225,-1,0
42,4,-0.875,0.225,-1,0
43,4,-0.825,0.225,-1,0
44,4,-0.775,0.225,-1,0
45,4,-0.725,0.225,-1,0
46,4,-0.675,0.225,-1,0
47,4,-0.625,0.225,-1,0
48,4,-0.575,0.225,-1,0
49,4,-0.525,0.225,-1,0
50,4,-0.475,0.225,-1,0
51,4,-0.425,0.225,-1,0
52,4,-0.375,0.225,-1,0
53,4,-0.325,0.225,-1,0
54,4,-0.275,0.225,-1,0
55,4,-0.225,0.225,-1,0
56,4,-0.175,0.225,-1,0
57,4,-0.125,0.225,-1,0
58,4,-0.075,0.225,-1,0
59,4,-0.025,0.225,-1,0
60,4,0.025,0.225,4097,7
61,4,0.075,0.225,-1,0
62,4,0.125,0.225,-1,0
63,4,0.175,0.225,-1,0
64,4,0.225,0.225,-1,0
65,4,0.275,0.225,-1,0
66,4,0.325,0.225,-1,0
67,4,0.375,0.225,-1,0
68,4,0.425,0.225,-1,0
69,4,0.475,0.225,-1,0
70,4,0.525,0.225,-1,0
71,4,0.575,0.225,-1,0
72,4,0.625,0.225,-1,0
73,4,0.675,0.225,-1,0
74,4,0.725,0.225,-1,0
75,4,0.775,0.225,-1,0
76,4,0.825,0.225,-1,0
77,4,0.875,0.225,-1,0
78,4,0.925,0.225,-1,0
79,4,0.975,0.225,-1,0
80,4,1.025,0.225,-1,0
81,4,1.075,0.225,-1,0
82,4,1.125,0.225,-1,0
83,4,1.175,0.225,-1,0
84,4,1.225,0.225,-1,0
85,4,1.275,0.225,-1,0
86,4,1.325,0.225,-1,0
87,4,1.375,0.225,-1,0
88,4,1.425,0.225,-1,0
89,4,1.475,0.225,-1,0
90,4,1.525,0.225,-1,0
91,4,1.575,0.225,-1,0
92,4,1.625,0.225,-1,0
93,4,1.675,0.225,-1,0
94,4,1.725,0.225,-1,0
95,4,1.775,0.225,-1,0
96,4,1.825,0.225,-1,0
97,4,1.875,0.225,-1,0
98,4,1.925,0.225,-1,0
99,4,1.975,0.225,-1,0
100,4,2.025,0.225,-1,0
101,4,2.075,0.225,-1,0
102,4,2.125,0.225,-1,0
103,4,2.175,0.225,-1,0
104,4,2.225,0.225,-1,0
105,4,2.275,0.225,-1,0
106,4,2.325,0.225,-1,0
107,4,2.375,0.225,-1,0
108,4,2.425,0.225,-1,0
109,4,2.475,0.225,-1,0
110,4,2.525,0.225,-1,0
111,4,2.575,0.225,-1,0
112,4,2.625,0.225,-1,0
113,4,2.675,0.225,-1,0
114,4,2.725,0.225,-1,0
115,4,2.775,0.225,-1,0
116,4,2.825,0.225,-1,0
117,4,2.875,0.225,-1,0
118,4,2.925,0.225,-1,0
119,4,2.975,0.225,-1,0
0,5,-2.975,0.275,-1,0
1,5,-2.925,0.275,-1,0
2,5,-2.875,0.275,-1,0
3,5,-2.825,0.275,-1,0
4,5,-2.775,0.275,-1,0
5,5,-2.725,0.275,-1,0
6,5,-2.675,0.275,-1,0
7,5,-2.625,0.275,-1,0
8,5,-2.575,0.275,-1,0
9,5,-2.525,0.275,-1,0
10,5,-2.475,0.275,-1,0
11,5,-2.425,0.275,-1,0
12,5,-2.375,0.275,-1,0
13,5,-2.325,0.275,-1,0
14,5,-2.275,0.275,-1,0
15,5,-2.225,0.275,-1,0
16,5,-2.175,0.275,-1,0
17,5,-2.125,0.275,-1,0
18,5,-2.075,0.275,-1,0
19,5,-2.025,0.275,-1,0
20,5,-1.975,0.275,-1,0
21,5,-1.925,0.275,-1,0
22,5,-1.875,0.275,-1,0
23,5,-1.825,0.275,-1,0
24,5,-1.775,0.275,-1,0
25,5,-1.725,0.275,-1,0
26,5,-1.675,0.275,-1,0
27,5,-1.625,0.275,-1,0
28,5,-1.575,0.275,-1,0
29,5,-1.525,0.275,-1,0
30,5,-1.475,0.275,-1,0
31,5,-1.425,0.275,-1,0
32,5,-1.375,0.275,-1,0
33,5,-1.325,0.275,-1,0
34,5,-1.275,0.275,-1,0
35,5,-1.225,0.275,-1,0
36,5,-1.175,0.275,-1,0
37,5,-1.125,0.275,-1,0
38,5,-1.075,0.275,-1,0
39,5,-1.025,0.275,-1,0
40,5,-0.975,0.275,-1,0
41,5,-0.925,0.275,-1,0
42,5,-0.875,0.275,-1,0
43,5,-0.825,0.275,-1,0
44,5,-0.775,0.275,-1,0
45,5,-0.725,0.275,-1,0
46,5,-0.675,0.275,-1,0
47,5,-0.625,0.275,-1,0
48,5,-0.575,0.275,-1,0
49,5,-0.525,0.275,-1,0
50,5,-0.475,0.275,-1,0
51,5,-0.425,0.275,-1,0
52,5,-0.375,0.275,-1,0
53,5,-0.325,0.275,-1,0
54,5,-0.275,0.275,-1,0
55,5,-0.225,0.275,-1,0
56,5,-0.175,0.275,-1,0
57,5,-0.125,0.275,-1,0
58,5,-0.075,0.275,-1,0
59,5,-0.025,0.275,-1,0
60,5,0.025,0.275,6184,11
61,5,0.075,0.275,-1,0
62,5,0.125,0.275,-1,0
63,5,0.175,0.275,-1,0
64,5,0.225,0.275,-1,0
65,5,0.275,0.275,-1,0
66,5,0.325,0.275,-1,0
67,5,0.375,0.275,-1,0
68,5,0.425,0.275,-1,0
69,5,0.475,0.275,-1,0
70,5,0.525,0.275,-1,0
71,5,0.575,0.275,-1,0
72,5,0.625,0.275,-1,0
73,5,0.675,0.275,-1,0
74,5,0.725,0.275,-1,0
75,5,0.775,0.275,-1,0
76,5,0.825,0.275,-1,0
77,5,0.875,0.275,-1,0
78,5,0.925,0.275,-1,0
79,5,0.975,0.275,-1,0
80,5,1.025,0.275,-1,0
81,5,1.075,0.275,-1,0
82,5,1.125,0.275,-1,0
83,5,1.175,0.275,-1,0
84,5,1.225,0.275,-1,0
85,5,1.275,0.275,-1,0
86,5,1.325,0.275,-1,0
87,5,1.375,0.275,-1,0
88,5,1.425,0.275,-1,0
89,5,1.475,0.275,-1,0
90,5,1.525,0.275,-1,0
91,5,1.575,0.275,-1,0
92,5,1.625,0.275,-1,0
93,5,1.675,0.275,-1,0
94,5,1.725,0.275,-1,0
95,5,1.775,0.275,-1,0
96,5,1.825,0.275,-1,0
97,5,1.875,0.275,-1,0
98,5,1.925,0.275,-1,0
99,5,1.975,0.275,-1,0
100,5,2.025,0.275,-1,0
101,5,2.075,0.275,-1,0
102,5,2.125,0.275,-1,0
103,5,2.175,0.275,-1,0
104,5,2.225,0.275,-1,0
105,5,2.275,0.275,-1,0
106,5,2.325,0.275,-1,0
107,5,2.375,0.275,-1,0
108,5,2.425,0.275,-1,0
109,5,2.475,0.275,-1,0
110,5,2.525,0.275,-1,0
111,5,2.575,0.275,-1,0
112,5,2.625,0.275,-1,0
113,5,2.675,0.275,-1,0
114,5,2.725,0.275,-1,0
115,5,2.775,0.275,-1,0
116,5,2.825,0.275,-1,0
117,5,2.875,0.275,-1,0
118,5,2.925,0.275,-1,0
119,5,2.975,0.275,-1,0
0,6,-2.975,0.325,-1,0
1,6,-2.925,0.325,-1,0
2,6,-2.875,0.325,-1,0
3,6,-2.825,0.325,-1,0
4,6,-2.775,0.325,-1,0
5,6,-2.725,0.325,-1,0
6,6,-2.675,0.325,-1,0
7,6,-2.625,0.325,-1,0
8,6,-2.575,0.325,-1,0
9,6,-2.525,0.325,-1,0
10,6,-2.475,0.325,-1,0
11,6,-2.425,0.325,-1,0
12,6,-2.375,0.325,-1,0
13,6,-2.325,0.325,-1,0
14,6,-2.275,0.325,-1,0
15,6,-2.225,0.325,-1,0
16,6,-2.175,0.325,-1,0
17,6,-2.125,0.325,-1,0
18,6,-2.075,0.325,-1,0
19,6,-2.025,0.325,-1,0
20,6,-1.975,0.325,-1,0
21,6,-1.925,0.325,-1,0
22,6,-1.875,0.325,-1,0
23,6,-1.825,0.325,-1,0
24,6,-1.775,0.325,-1,0
25,6,-1.725,0.325,-1,0
26,6,-1.675,0.325,-1,0
27,6,-1.625,0.325,-1,0
28,6,-1.575,0.325,-1,0
29,6,-1.525,0.325,-1,0
30,6,-1.475,0.325,-1,0
31,6,-1.425,0.325,-1,0
32,6,-1.375,0.325,-1,0
33,6,-1.325,0.325,-1,0
34,6,-1.275,0.325,-1,0
35,6,-1.225,0.325,-1,0
36,6,-1.175,0.325,-1,0
37,6,-1.125,0.325,-1,0
38,6,-1.075,0.325,-1,0
39,6,-1.025,0.325,-1,0
40,6,-0.975,0.325,-1,0
41,6,-0.925,0.325,-1,0
42,6,-0.875,0.325,-1,0
43,6,-0.825,0.325,-1,0
44,6,-0.775,0.325,-1,0
45,6,-0.725,0.325,-1,0
46,6,-0.675,0.325,-1,0
47,6,-0.625,0.325,-1,0
48,6,-0.575,0.325,-1,0
49,6,-0.525,0.325,-1,0
50,6,-0.475,0.325,-1,0
51,6,-0.425,0.325,-1,0
52,6,-0.375,0.325,-1,0
53,6,-0.325,0.325,-1,0
54,6,-0.275,0.325,-1,0
55,6,-0.225,0.325,-1,0
56,6,-0.175,0.325,-1,0
57,6,-0.125,0.325,-1,0
58,6,-0.075,0.325,-1,0
59,6,-0.025,0.325,-1,0
60,6,0.025,0.325,1861,23
61,6,0.075,0.325,-1,0
62,6,0.125,0.325,-1,0
63,6,0.175,0.325,-1,0
64,6,0.225,0.325,-1,0
65,6,0.275,0.325,-1,0
66,6,0.325,0.325,-1,0
67,6,0.375,0.325,-1,0
68,6,0.425,0.325,-1,0
69,6,0.475,0.325,-1,0
70,6,0.525,0.325,-1,0
71,6,0.575,0.325,-1,0
72,6,0.625,0.325,-1,0
73,6,0.675,0.325,-1,0
74,6,0.725,0.325,-1,0
75,6,0.775,0.325,-1,0
76,6,0.825,0.325,-1,0
77,6,0.875,0.325,-1,0
78,6,0.925,0.325,-1,0
79,6,0.975,0.325,-1,0
80,6,1.025,0.325,-1,0
81,6,1.075,0.325,-1,0
82,6,1.125,0.325,-1,0
83,6,1.175,0.325,-1,0
84,6,1.225,0.325,-1,0
85,6,1.275,0.325,-1,0
86,6,1.325,0.325,-1,0
87,6,1.375,0.325,-1,0
88,6,1.425,0.325,-1,0
89,6,1.475,0.325,-1,0
90,6,1.525,0.325,-1,0
91,6,1.575,0.325,-1,0
92,6,1.625,0.325,-1,0
93,6,1.675,0.325,-1,0
94,6,1.725,0.325,-1,0
95,6,1.775,0.325,-1,0
96,6,1.825,0.325,-1,0
97,6,1.875,0.325,-1,0
98,6,1.925,0.325,-1,0
99,6,1.975,0.325,-1,0
100,6,2.025,0.325,-1,0
101,6,2.075,0.325,-1,0
102,6,2.125,0.325,-1,0
103,6,2.175,0.325,-1,0
104,6,2.225,0.325,-1,0
105,6,2.275,0.325,-1,0
106,6,2.325,0.325,-1,0
107,6,2.375,0.325,-1,0
108,6,2.425,0.325,-1,0
109,6,2.475,0.325,-1,0
110,6,2.525,0.325,-1,0
111,6,2.575,0.325,-1,0
112,6,2.625,0.325,-1,0
113,6,2.675,0.325,-1,0
114,6,2.725,0.325,-1,0
115,6,2.775,0.325,-1,0
116,6,2.825,0.325,-1,0
117,6,2.875,0.325,-1,0
118,6,2.925,0.325,-1,0
119,6,2.975,0.325,-1,0
0,7,-2.975,0.375,-1,0
1,7,-2.925,0.375,-1,0
2,7,-2.875,0.375,-1,0
3,7,-2.825,0.375,-1,0
4,7,-2.775,0.375,-1,0
5,7,-2.725,0.375,-1,0
6,7,-2.675,0.375,-1,0
7,7,-2.625,0.375,-1,0
8,7,-2.575,0.375,-1,0
9,7,-2.525,0.375,-1,0
10,7,-2.475,0.375,-1,0
11,7,-2.425,0.375,-1,0
12,7,-2.375,0.375,-1,0
13,7,-2.325,0.375,-1,0
14,7,-2.275,0.375,-1,0
15,7,-2.225,0.375,-1,0
16,7,-2.175,0.375,-1,0
17,7,-2.125,0.375,-1,0
18,7,-2.075,0.375,-1,0
19,7,-2.025,0.375,-1,0
20,7,-1.975,0.375,-1,0
21,7,-1.925,0.375,-1,0
22,7,-1.875,0.375,-1,0
23,7,-1.825,0.375,-1,0
24,7,-1.775,0.375,-1,0
25,7,-1.725,0.375,-1,0
26,7,-1.675,0.375,-1,0
27,7,-1.625,0.375,-1,0
28,7,-1.575,0.375,-1,0
29,7,-1.525,0.375,-1,0
30,7,-1.475,0.375,-1,0
31,7,-1.425,0.375,-1,0
32,7,-1.375,0.375,-1,0
33,7,-1.325,0.375,-1,0
34,7,-1.275,0.375,-1,0
35,7,-1.225,0.375,-1,0
36,7,-1.175,0.375,-1,0
37,7,-1.125,0.375,-1,0
38,7,-1.075,0.375,-1,0
39,7,-1.025,0.375,-1,0
40,7,-0.975,0.375,-1,0
41,7,-0.925,0.375,-1,0
42,7,-0.875,0.375,-1,0
43,7,-0.825,0.375,-1,0
44,7,-0.775,0.375,-1,0
45,7,-0.725,0.375,-1,0
46,7,-0.675,0.375,-1,0
47,7,-0.625,0.375,-1,0
48,7,-0.575,0.375,-1,0
49,7,-0.525,0.375,-1,0
50,7,-0.475,0.375,-1,0
51,7,-0.425,0.375,-1,0
52,7,-0.375,0.375,-1,0
53,7,-0.325,0.375,-1,0
54,7,-0.275,0.375,-1,0
55,7,-0.225,0.375,-1,0
56,7,-0.175,0.375,-1,0
57,7,-0.125,0.375,-1,0
58,7,-0.075,0.375,-1,0
59,7,-0.025,0.375,-1,0
60,7,0.025,0.375,455,21
61,7,0.075,0.375,-1,0
62,7,0.125,0.375,-1,0
63,7,0.175,0.375,-1,0
64,7,0.225,0.375,-1,0
65,7,0.275,0.375,-1,0
66,7,0.325,0.375,-1,0
67,7,0.375,0.375,-1,0
68,7,0.425,0.375,-1,0
69,7,0.475,0.375,-1,0
70,7,0.525,0.375,-1,0
71,7,0.575,0.375,-1,0
72,7,0.625,0.375,-1,0
73,7,0.675,0.375,-1,0
74,7,0.725,0.375,-1,0
75,7,0.775,0.375,-1,0
76,7,0.825,0.375,-1,0
77,7,0.875,0.375,-1,0
78,7,0.925,0.375,-1,0
79,7,0.975,0.375,-1,0
80,7,1.025,0.375,-1,0
81,7,1.075,0.375,-1,0
82,7,1.125,0.375,-1,0
83,7,1.175,0.375,-1,0
84,7,1.225,0.375,-1,0
85,7,1.275,0.375,-1,0
86,7,1.325,0.375,-1,0
87,7,1.375,0.375,-1,0
88,7,1.425,0.375,-1,0
89,7,1.475,0.375,-1,0
90,7,1.525,0.375,-1,0
91,7,1.575,0.375,-1,0
92,7,1.625,0.375,-1,0
93,7,1.675,0.375,-1,0
94,7,1.725,0.375,-1,0
95,7,1.775,0.375,-1,0
96,7,1.825,0.375,-1,0
97,7,1.875,0.375,-1,0
98,7,1.925,0.375,-1,0
99,7,1.975,0.375,-1,0
100,7,2.025,0.375,-1,0
101,7,2.075,0.375,-1,0
102,7,2.125,0.375,-1,0
103,7,2.175,0.375,-1,0
104,7,2.225,0.375,-1,0
105,7,2.275,0.375,-1,0
106,7,2.325,0.375,-1,0
107,7,2.375,0.375,-1,0
108,7,2.425,0.375,-1,0
109,7,2.475,0.375,-1,0
110,7,2.525,0.375,-1,0
111,7,2.575,0.375,-1,0
112,7,2.625,0.375,-1,0
113,7,2.675,0.375,-1,0
114,7,2.725,0.375,-1,0
115,7,2.775,0.375,-1,0
116,7,2.825,0.375,-1,0
117,7,2.875,0.375,-1,0
118,7,2.925,0.375,-1,0
119,7,2.975,0.375,-1,0
0,8,-2.975,0.425,-1,0
1,8,-2.925,0.425,-1,0
2,8,-2.875,0.425,-1,0
3,8,-2.825,0.425,-1,0
4,8,-2.775,0.425,-1,0
5,8,-2.725,0.425,-1,0
6,8,-2.675,0.425,-1,0
7,8,-2.625,0.425,-1,0
8,8,-2.575,0.425,-1,0
9,8,-2.525,0.425,-1,0
10,8,-2.475,0.425,-1,0
11,8,-2.425,0.425,-1,0
12,8,-2.375,0.425,-1,0
13,8,-2.325,0.425,-1,0
14,8,-2.275,0.425,-1,0
15,8,-2.225,0.425,-1,0
16,8,-2.175,0.425,-1,0
17,8,-2.125,0.425,-1,0
18,8,-2.075,0.425,-1,0
19,8,-2.025,0.425,-1,0
20,8,-1.975,0.425,-1,0
21,8,-1.925,0.425,-1,0
22,8,-1.875,0.425,-1,0
23,8,-1.825,0.425,-1,0
24,8,-1.775,0.425,-1,0
25,8,-1.725,0.425,-1,0
26,8,-1.675,0.425,-1,0
27,8,-1.625,0.425,-1,0
28,8,-1.575,0.425,-1,0
29,8,-1.525,0.425,-1,0
30,8,-1.475,0.425,-1,0
31,8,-1.425,0.425,-1,0
32,8,-1.375,0.425,-1,0
33,8,-1.325,0.425,-1,0
34,8,-1.275,0.425,-1,0
35,8,-1.225,0.425,-1,0
36,8,-1.175,0.425,-1,0
37,8,-1.125,0.425,-1,0
38,8,-1.075,0.425,-1,0
39,8,-1.025,0.425,-1,0
40,8,-0.975,0.425,-1,0
41,8,-0.925,0.425,-1,0
42,8,-0.875,0.425,-1,0
43,8,-0.825,0.425,-1,0
44,8,-0.775,0.425,-1,0
45,8,-0.725,0.425,-1,0
46,8,-0.675,0.425,-1,0
47,8,-0.625,0.425,-1,0
48,8,-0.575,0.425,-1,0
49,8,-0.525,0.425,-1,0
50,8,-0.475,0.425,-1,0
51,8,-0.425,0.425,-1,0
52,8,-0.375,0.425,-1,0
53,8,-0.325,0.425,-1,0
54,8,-0.275,0.425,-1,0
55,8,-0.225,0.425,-1,0
56,8,-0.175,0.425,-1,0
57,8,-0.125,0.425,-1,0
58,8,-0.075,0.425,-1,0
59,8,-0.025,0.425,-1,0
60,8,0.025,0.425,7088,30
61,8,0.075,0.425,-1,0
62,8,0.125,0.425,-1,0
63,8,0.175,0.425,-1,0
64,8,0.225,0.425,-1,0
65,8,0.275,0.425,-1,0
66,8,0.325,0.425,-1,0
67,8,0.375,0.425,-1,0
68,8,0.425,0.425,-1,0
69,8,0.475,0.425,-1,0
70,8,0.525,0.425,-1,0
71,8,0.575,0.425,-1,0
72,8,0.625,0.425,-1,0
73,8,0.675,0.425,-1,0
74,8,0.725,0.425,-1,0
75,8,0.775,0.425,-1,0
76,8,0.825,0.425,-1,0
77,8,0.875,0.425,-1,0
78,8,0.925,0.425,-1,0
79,8,0.975,0.425,-1,0
80,8,1.025,0.425,-1,0
81,8,1.075,0.425,-1,0
82,8,1.125,0.425,-1,0
83,8,1.175,0.425,-1,0
84,8,1.225,0.425,-1,0
85,8,1.275,0.425,-1,0
86,8,1.325,0.425,-1,0
87,8,1.375,0.425,-1,0
88,8,1.425,0.425,-1,0
89,8,1.475,0.425,-1,0
90,8,1.525,0.425,-1,0
91,8,1.575,0.425,-1,0
92,8,1.625,0.425,-1,0
93,8,1.675,0.425,-1,0
94,8,1.725,0.425,-1,0
95,8,1.775,0.425,-1,0
96,8,1.825,0.425,-1,0
97,8,1.875,0.425,-1,0
98,8,1.925,0.425,-1,0
99,8,1.975,0.425,-1,0
100,8,2.025,0.425,-1,0
101,8,2.075,0.425,-1,0
102,8,2.125,0.425,-1,0
103,8,2.175,0.425,-1,0
104,8,2.225,0.425,-1,0
105,8,2.275,0.425,-1,0
106,8,2.325,0.425,-1,0
107,8,2.375,0.425,-1,0
108,8,2.425,0.425,-1,0
109,8,2.475,0.425,-1,0
110,8,2.525,0.425,-1,0
111,8,2.575,0.425,-1,0
112,8,2.625,0.425,-1,0
113,8,2.675,0.425,-1,0
114,8,2.725,0.425,-1,0
115,8,2.775,0.425,-1,0
116,8,2.825,0.425,-1,0
117,8,2.875,0.425,-1,0
118,8,2.925,0.425,-1,0
119,8,2.975,0.425,-1,0
0,9,-2.975,0.475,-1,0
1,9,-2.925,0.475,-1,0
2,9,-2.875,0.475,-1,0
3,9,-2.825,0.475,-1,0
4,9,-2.775,0.475,-1,0
5,9,-2.725,0.475,-1,0
6,9,-2.675,0.475,-1,0
7,9,-2.625,0.475,-1,0
8,9,-2.575,0.475,-1,0
9,9,-2.525,0.475,-1,0
10,9,-2.475,0.475,-1,0
11,9,-2.425,0.475,-1,0
12,9,-2.375,0.475,-1,0
13,9,-2.325,0.475,-1,0
14,9,-2.275,0.475,-1,0
15,9,-2.225,0.475,-1,0
16,9,-2.175,0.475,-1,0
17,9,-2.125,0.475,-1,0
18,9,-2.075,0.475,-1,0
19,9,-2.025,0.475,-1,0
20,9,-1.975,0.475,-1,0
21,9,-1.925,0.475,-1,0
22,9,-1.875,0.475,-1,0
23,9,-1.825,0.475,-1,0
24,9,-1.775,0.475,-1,0
25,9,-1.725,0.475,-1,0
26,9,-1.675,0.475,-1,0
27,9,-1.625,0.475,-1,0
28,9,-1.575,0.475,-1,0
29,9,-1.525,0.475,-1,0
30,9,-1.475,0.475,-1,0
31,9,-1.425,0.475,-1,0
32,9,-1.375,0.475,-1,0
33,9,-1.325,0.475,-1,0
34,9,-1.275,0.475,-1,0
35,9,-1.225,0.475,-1,0
36,9,-1.175,0.475,-1,0
37,9,-1.125,0.475,-1,0
38,9,-1.075,0.475,-1,0
39,9,-1.025,0.475,-1,0
40,9,-0.975,0.475,-1,0
41,9,-0.925,0.475,-1,0
42,9,-0.875,0.475,-1,0
43,9,-0.825,0.475,-1,0
44,9,-0.775,0.475,-1,0
45,9,-0.725,0.475,-1,0
46,9,-0.675,0.475,-1,0
47,9,-0.625,0.475,-1,0
48,9,-0.575,0.475,-1,0
49,9,-0.525,0.475,-1,0
50,9,-0.475,0.475,-1,0
51,9,-0.425,0.475,-1,0
52,9,-0.375,0.475,-1,0
53,9,-0.325,0.475,-1,0
54,9,-0.275,0.475,-1,0
55,9,-0.225,0.475,-1,0
56,9,-0.175,0.475,-1,0
57,9,-0.125,0.475,-1,0
58,9,-0.075,0.475,-1,0
59,9,-0.025,0.475,-1,0
60,9,0.025,0.475,1740,29
61,9,0.075,0.475,61783,1
62,9,0.125,0.475,-1,0
63,9,0.175,0.475,-1,0
64,9,0.225,0.475,-1,0
65,9,0.275,0.475,-1,0
66,9,0.325,0.475,-1,0
67,9,0.375,0.475,-1,0
68,9,0.425,0.475,-1,0
69,9,0.475,0.475,-1,0
70,9,0.525,0.475,-1,0
71,9,0.575,0.475,-1,0
72,9,0.625,0.475,-1,0
73,9,0.675,0.475,-1,0
74,9,0.725,0.475,-1,0
75,9,0.775,0.475,-1,0
76,9,0.825,0.475,-1,0
77,9,0.875,0.475,-1,0
78,9,0.925,0.475,-1,0
79,9,0.975,0.475,-1,0
80,9,1.025,0.475,-1,0
81,9,1.075,0.475,-1,0
82,9,1.125,0.475,-1,0
83,9,1.175,0.475,-1,0
84,9,1.225,0.475,-1,0
85,9,1.275,0.475,-1,0
86,9,1.325,0.475,-1,0
87,9,1.375,0.475,-1,0
88,9,1.425,0.475,-1,0
89,9,1.475,0.475,-1,0
90,9,1.525,0.475,-1,0
91,9,1.575,0.475,-1,0
92,9,1.625,0.475,-1,0
93,9,1.675,0.475,-1,0
94,9,1.725,0.475,-1,0
95,9,1.775,0.475,-1,0
96,9,1.825,0.475,-1,0
97,9,1.875,0.475,-1,0
98,9,1.925,0.475,-1,0
99,9,1.975,0.475,-1,0
100,9,2.025,0.475,-1,0
101,9,2.075,0.475,-1,0
102,9,2.125,0.475,-1,0
103,9,2.175,0.475,-1,0
104,9,2.225,0.475,-1,0
105,9,2.275,0.475,-1,0
106,9,2.325,0.475,-1,0
107,9,2.375,0.475,-1,0
108,9,2.425,0.475,-1,0
109,9,2.475,0.475,-1,0
110,9,2.525,0.475,-1,0
111,9,2.575,0.475,-1,0
112,9,2.625,0.475,-1,0
113,9,2.675,0.475,-1,0
114,9,2.725,0.475,-1,0
115,9,2.775,0.475,-1,0
116,9,2.825,0.475,-1,0
117,9,2.875,0.475,-1,0
118,9,2.925,0.475,-1,0
119,9,2.975,0.475,-1,0
0,10,-2.975,0.525,-1,0
1,10,-2.925,0.525,-1,0
2,10,-2.875,0.525,-1,0
3,10,-2.825,0.525,-1,0
4,10,-2.775,0.525,-1,0
5,10,-2.725,0.525,-1,0
6,10,-2.675,0.525,-1,0
7,10,-2.625,0.525,-1,0
8,10,-2.575,0.525,-1,0
9,10,-2.525,0.525,-1,0
10,10,-2.475,0.525,-1,0
11,10,-2.425,0.525,-1,0
12,10,-2.375,0.525,-1,0
13,10,-2.325,0.525,-1,0
14,10,-2.275,0.525,-1,0
15,10,-2.225,0.525,-1,0
16,10,-2.175,0.525,-1,0
17,10,-2.125,0.525,-1,0
18,10,-2.075,0.525,-1,0
19,10,-2.025,0.525,-1,0
20,10,-1.975,0.525,-1,0
21,10,-1.925,0.525,-1,0
22,10,-1.875,0.525,-1,0
23,10,-1.825,0.525,-1,0
24,10,-1.775,0.525,-1,0
25,10,-1.725,0.525,-1,0
26,10,-1.675,0.525,-1,0
27,10,-1.625,0.525,-1,0
28,10,-1.575,0.525,-1,0
29,10,-1.525,0.525,-1,0
30,10,-1.475,0.525,-1,0
31,10,-1.425,0.525,-1,0
32,10,-1.375,0.525,-1,0
33,10,-1.325,0.525,-1,0
34,10,-1.275,0.525,-1,0
35,10,-1.225,0.525,-1,0
36,10,-1.175,0.525,-1,0
37,10,-1.125,0.525,-1,0
38,10,-1.075,0.525,-1,0
39,10,-1.025,0.525,-1,0
40,10,-0.975,0.525,-1,0
41,10,-0.925,0.525,-1,0
42,10,-0.875,0.525,-1,0
43,10,-0.825,0.525,-1,0
44,10,-0.775,0.525,-1,0
45,10,-0.725,0.525,-1,0
46,10,-0.675,0.525,-1,0
47,10,-0.625,0.525,-1,0
48,10,-0.575,0.525,-1,0
49,10,-0.525,0.525,-1,0
50,10,-0.475,0.525,-1,0
51,10,-0.425,0.525,-1,0
52,10,-0.375,0.525,-1,0
53,10,-0.325,0.525,-1,0
54,10,-0.275,0.525,-1,0
55,10,-0.225,0.525,-1,0
56,10,-0.175,0.525,-1,0
57,10,-0.125,0.525,-1,0
58,10,-0.075,0.525,-1,0
59,10,-0.025,0.525,-1,0
60,10,0.025,0.525,2546,40
61,10,0.075,0.525,30721,2
62,10,0.125,0.525,2052,9
63,10,0.175,0.525,-1,0
64,10,0.225,0.525,-1,0
65,10,0.275,0.525,-1,0
66,10,0.325,0.525,-1,0
67,10,0.375,0.525,-1,0
68,10,0.425,0.525,-1,0
69,10,0.475,0.525,-1,0
70,10,0.525,0.525,-1,0
71,10,0.575,0.525,-1,0
72,10,0.625,0.525,-1,0
73,10,0.675,0.525,-1,0
74,10,0.725,0.525,15606,4
75,10,0.775,0.525,4615,4
76,10,0.825,0.525,15198,4
77,10,0.875,0.525,-1,0
78,10,0.925,0.525,-1,0
79,10,0.975,0.525,-1,0
80,10,1.025,0.525,-1,0
81,10,1.075,0.525,-1,0
82,10,1.125,0.525,-1,0
83,10,1.175,0.525,-1,0
84,10,1.225,0.525,-1,0
85,10,1.275,0.525,-1,0
86,10,1.325,0.525,-1,0
87,10,1.375,0.525,-1,0
88,10,1.425,0.525,-1,0
89,10,1.475,0.525,-1,0
90,10,1.525,0.525,-1,0
91,10,1.575,0.525,-1,0
92,10,1.625,0.525,-1,0
93,10,1.675,0.525,-1,0
94,10,1.725,0.525,-1,0
95,10,1.775,0.525,-1,0
96,10,1.825,0.525,-1,0
97,10,1.875,0.525,-1,0
98,10,1.925,0.525,-1,0
99,10,1.975,0.525,-1,0
100,10,2.025,0.525,-1,0
101,10,2.075,0.525,-1,0
102,10,2.125,0.525,-1,0
103,10,2.175,0.525,-1,0
104,10,2.225,0.525,-1,0
105,10,2.275,0.525,-1,0
106,10,2.325,0.525,-1,0
107,10,2.375,0.525,-1,0
108,10,2.425,0.525,-1,0
109,10,2.475,0.525,-1,0
110,10,2.525,0.525,-1,0
111,10,2.575,0.525,-1,0
112,10,2.625,0.525,-1,0
113,10,2.675,0.525,-1,0
114,10,2.725,0.525,-1,0
115,10,2.775,0.525,-1,0
116,10,2.825,0.525,-1,0
117,10,2.875,0.525,-1,0
118,10,2.925,0.525,-1,0
119,10,2.975,0.525,-1,0
0,11,-2.975,0.575,-1,0
1,11,-2.925,0.575,-1,0
2,11,-2.875,0.575,-1,0
3,11,-2.825,0.575,-1,0
4,11,-2.775,0.575,-1,0
5,11,-2.725,0.575,-1,0
6,11,-2.675,0.575,-1,0
7,11,-2.625,0.575,-1,0
8,11,-2.575,0.575,-1,0
9,11,-2.525,0.575,-1,0
10,11,-2.475,0.575,-1,0
11,11,-2.425,0.575,-1,0
12,11,-2.375,0.575,-1,0
13,11,-2.325,0.575,-1,0
14,11,-2.275,0.575,-1,0
15,11,-2.225,0.575,-1,0
16,11,-2.175,0.575,-1,0
17,11,-2.125,0.575,-1,0
18,11,-2.075,0.575,-1,0
19,11,-2.025,0.575,-1,0
20,11,-1.975,0.575,-1,0
21,11,-1.925,0.575,-1,0
22,11,-1.875,0.575,-1,0
23,11,-1.825,0.575,-1,0
24,11,-1.775,0.575,-1,0
25,11,-1.725,0.575,-1,0
26,11,-1.675,0.575,-1,0
27,11,-1.625,0.575,-1,0
28,11,-1.575,0.575,-1,0
29,11,-1.525,0.575,-1,0
30,11,-1.475,0.575,-1,0
31,11,-1.425,0.575,-1,0
32,11,-1.375,0.575,-1,0
33,11,-1.325,0.575,-1,0
34,11,-1.275,0.575,-1,0
35,11,-1.225,0.575,-1,0
36,11,-1.175,0.575,-1,0
37,11,-1.125,0.575,-1,0
38,11,-1.075,0.575,-1,0
39,11,-1.025,0.575,-1,0
40,11,-0.975,0.575,-1,0
41,11,-0.925,0.575,-1,0
42,11,-0.875,0.575,-1,0
43,11,-0.825,0.575,-1,0
44,11,-0.775,0.575,-1,0
45,11,-0.725,0.575,-1,0
46,11,-0.675,0.575,-1,0
47,11,-0.625,0.575,-1,0
48,11,-0.575,0.575,-1,0
49,11,-0.525,0.575,-1,0
50,11,-0.475,0.575,-1,0
51,11,-0.425,0.575,-1,0
52,11,-0.375,0.575,-1,0
53,11,-0.325,0.575,-1,0
54,11,-0.275,0.575,-1,0
55,11,-0.225,0.575,-1,0
56,11,-0.175,0.575,-1,0
57,11,-0.125,0.575,-1,0
58,11,-0.075,0.575,-1,0
59,11,-0.025,0.575,-1,0
60,11,0.025,0.575,8656,25
61,11,0.075,0.575,-1,0
62,11,0.125,0.575,6643,6
63,11,0.175,0.575,56192,5
64,11,0.225,0.575,-1,0
65,11,0.275,0.575,-1,0
66,11,0.325,0.575,-1,0
67,11,0.375,0.575,-1,0
68,11,0.425,0.575,-1,0
69,11,0.475,0.575,-1,0
70,11,0.525,0.575,-1,0
71,11,0.575,0.575,-1,0
72,11,0.625,0.575,-1,0
73,11,0.675,0.575,48242,1
74,11,0.725,0.575,21324,4
75,11,0.775,0.575,89193,1
76,11,0.825,0.575,23455,2
77,11,0.875,0.575,6284,4
78,11,0.925,0.575,19089,5
79,11,0.975,0.575,-1,0
80,11,1.025,0.575,-1,0
81,11,1.075,0.575,-1,0
82,11,1.125,0.575,-1,0
83,11,1.175,0.575,-1,0
84,11,1.225,0.575,-1,0
85,11,1.275,0.575,-1,0
86,11,1.325,0.575,-1,0
87,11,1.375,0.575,-1,0
88,11,1.425,0.575,-1,0
89,11,1.475,0.575,-1,0
90,11,1.525,0.575,-1,0
91,11,1.575,0.575,-1,0
92,11,1.625,0.575,-1,0
93,11,1.675,0.575,-1,0
94,11,1.725,0.575,-1,0
95,11,1.775,0.575,-1,0
96,11,1.825,0.575,-1,0
97,11,1.875,0.575,-1,0
98,11,1.925,0.575,-1,0
99,11,1.975,0.575,-1,0
100,11,2.025,0.575,-1,0
101,11,2.075,0.575,-1,0
102,11,2.125,0.575,-1,0
103,11,2.175,0.575,-1,0
104,11,2.225,0.575,-1,0
105,11,2.275,0.575,-1,0
106,11,2.325,0.575,-1,0
107,11,2.375,0.575,-1,0
108,11,2.425,0.575,-1,0
109,11,2.475,0.575,-1,0
110,11,2.525,0.575,-1,0
111,11,2.575,0.575,-1,0
112,11,2.625,0.575,-1,0
113,11,2.675,0.575,-1,0
114,11,2.725,0.575,-1,0
115,11,2.775,0.575,-1,0
116,11,2.825,0.575,-1,0
117,11,2.875,0.575,-1,0
118,11,2.925,0.575,-1,0
119,11,2.975,0.575,-1,0
0,12,-2.975,0.625,-1,0
1,12,-2.925,0.625,-1,0
2,12,-2.875,0.625,-1,0
3,12,-2.825,0.625,-1,0
4,12,-2.775,0.625,-1,0
5,12,-2.725,0.625,-1,0
6,12,-2.675,0.625,-1,0
7,12,-2.625,0.625,-1,0
8,12,-2.575,0.625,-1,0
9,12,-2.525,0.625,-1,0
10,12,-2.475,0.625,-1,0
11,12,-2.425,0.625,-1,0
12,12,-2.375,0.625,-1,0
13,12,-2.325,0.625,-1,0
14,12,-2.275,0.625,-1,0
15,12,-2.225,0.625,-1,0
16,12,-2.175,0.625,-1,0
17,12,-2.125,0.625,-1,0
18,12,-2.075,0.625,-1,0
19,12,-2.025,0.625,-1,0
20,12,-1.975,0.625,-1,0
21,12,-1.925,0.625,-1,0
22,12,-1.875,0.625,-1,0
23,12,-1.825,0.625,-1,0
24,12,-1.775,0.625,-1,0
25,12,-1.725,0.625,-1,0
26,12,-1.675,0.625,-1,0
27,12,-1.625,0.625,-1,0
28,12,-1.575,0.625,-1,0
29,12,-1.525,0.625,-1,0
30,12,-1.475,0.625,-1,0
31,12,-1.425,0.625,-1,0
32,12,-1.375,0.625,-1,0
33,12,-1.325,0.625,-1,0
34,12,-1.275,0.625,-1,0
35,12,-1.225,0.625,-1,0
36,12,-1.175,0.625,-1,0
37,12,-1.125,0.625,-1,0
38,12,-1.075,0.625,-1,0
39,12,-1.025,0.625,-1,0
40,12,-0.975,0.625,-1,0
41,12,-0.925,0.625,-1,0
42,12,-0.875,0.625,-1,0
43,12,-0.825,0.625,-1,0
44,12,-0.775,0.625,-1,0
45,12,-0.725,0.625,-1,0
46,12,-0.675,0.625,-1,0
47,12,-0.625,0.625,-1,0
48,12,-0.575,0.625,-1,0
49,12,-0.525,0.625,-1,0
50,12,-0.475,0.625,-1,0
51,12,-0.425,0.625,-1,0
52,12,-0.375,0.625,-1,0
53,12,-0.325,0.625,-1,0
54,12,-0.275,0.625,-1,0
55,12,-0.225,0.625,-1,0
56,12,-0.175,0.625,-1,0
57,12,-0.125,0.625,-1,0
58,12,-0.075,0.625,-1,0
59,12,-0.025,0.625,-1,0
60,12,0.025,0.625,6616,36
61,12,0.075,0.625,-1,0
62,12,0.125,0.625,72186,3
63,12,0.175,0.625,16023,3
64,12,0.225,0.625,4847,9
65,12,0.275,0.625,-1,0
66,12,0.325,0.625,-1,0
67,12,0.375,0.625,-1,0
68,12,0.425,0.625,-1,0
69,12,0.475,0.625,-1,0
70,12,0.525,0.625,-1,0
71,12,0.575,0.625,-1,0
72,12,0.625,0.625,-1,0
73,12,0.675,0.625,6943,3
74,12,0.725,0.625,7741,3
75,12,0.775,0.625,17891,3
76,12,0.825,0.625,36218,1
77,12,0.875,0.625,12082,4
78,12,0.925,0.625,8988,2
79,12,0.975,0.625,20636,3
80,12,1.025,0.625,1078,7
81,12,1.075,0.625,12182,4
82,12,1.125,0.625,21509,1
83,12,1.175,0.625,-1,0
84,12,1.225,0.625,-1,0
85,12,1.275,0.625,-1,0
86,12,1.325,0.625,-1,0
87,12,1.375,0.625,-1,0
88,12,1.425,0.625,-1,0
89,12,1.475,0.625,-1,0
90,12,1.525,0.625,-1,0
91,12,1.575,0.625,-1,0
92,12,1.625,0.625,-1,0
93,12,1.675,0.625,-1,0
94,12,1.725,0.625,-1,0
95,12,1.775,0.625,-1,0
96,12,1.825,0.625,-1,0
97,12,1.875,0.625,-1,0
98,12,1.925,0.625,-1,0
99,12,1.975,0.625,-1,0
100,12,2.025,0.625,-1,0
101,12,2.075,0.625,-1,0
102,12,2.125,0.625,-1,0
103,12,2.175,0.625,-1,0
104,12,2.225,0.625,-1,0
105,12,2.275,0.625,-1,0
106,12,2.325,0.625,-1,0
107,12,2.375,0.625,-1,0
108,12,2.425,0.625,-1,0
109,12,2.475,0.625,-1,0
110,12,2.525,0.625,-1,0
111,12,2.575,0.625,-1,0
112,12,2.625,0.625,-1,0
113,12,2.675,0.625,-1,0
114,12,2.725,0.625,-1,0
115,12,2.775,0.625,-1,0
116,12,2.825,0.625,-1,0
117,12,2.875,0.625,-1,0
118,12,2.925,0.625,-1,0
119,12,2.975,0.625,-1,0
0,13,-2.975,0.675,-1,0
1,13,-2.925,0.675,-1,0
2,13,-2.875,0.675,-1,0
3,13,-2.825,0.675,-1,0
4,13,-2.775,0.675,-1,0
5,13,-2.725,0.675,-1,0
6,13,-2.675,0.675,-1,0
7,13,-2.625,0.675,-1,0
8,13,-2.575,0.675,-1,0
9,13,-2.525,0.675,-1,0
10,13,-2.475,0.675,-1,0
11,13,-2.425,0.675,-1,0
12,13,-2.375,0.675,-1,0
13,13,-2.325,0.675,-1,0
14,13,-2.275,0.675,-1,0
15,13,-2.225,0.675,-1,0
16,13,-2.175,0.675,-1,0
17,13,-2.125,0.675,-1,0
18,13,-2.075,0.675,-1,0
19,13,-2.025,0.675,-1,0
20,13,-1.975,0.675,-1,0
21,13,-1.925,0.675,-1,0
22,13,-1.875,0.675,-1,0
23,13,-1.825,0.675,-1,0
24,13,-1.775,0.675,-1,0
25,13,-1.725,0.675,-1,0
26,13,-1.675,0.675,-1,0
27,13,-1.625,0.675,-1,0
28,13,-1.575,0.675,-1,0
29,13,-1.525,0.675,-1,0
30,13,-1.475,0.675,-1,0
31,13,-1.425,0.675,-1,0
32,13,-1.375,0.675,-1,0
33,13,-1.325,0.675,-1,0
34,13,-1.275,0.675,-1,0
35,13,-1.225,0.675,-1,0
36,13,-1.175,0.675,-1,0
37,13,-1.125,0.675,-1,0
38,13,-1.075,0.675,-1,0
39,13,-1.025,0.675,-1,0
40,13,-0.975,0.675,-1,0
41,13,-0.925,0.675,-1,0
42,13,-0.875,0.675,-1,0
43,13,-0.825,0.675,-1,0
44,13,-0.775,0.675,-1,0
45,13,-0.725,0.675,-1,0
46,13,-0.675,0.675,-1,0
47,13,-0.625,0.675,-1,0
48,13,-0.575,0.675,-1,0
49,13,-0.525,0.675,-1,0
50,13,-0.475,0.675,-1,0
51,13,-0.425,0.675,-1,0
52,13,-0.375,0.675,-1,0
53,13,-0.325,0.675,-1,0
54,13,-0.275,0.675,-1,0
55,13,-0.225,0.675,-1,0
56,13,-0.175,0.675,-1,0
57,13,-0.125,0.675,-1,0
58,13,-0.075,0.675,-1,0
59,13,-0.025,0.675,-1,0
60,13,0.025,0.675,1622,41
61,13,0.075,0.675,-1,0
62,13,0.125,0.675,45230,1
63,13,0.175,0.675,-1,0
64,13,0.225,0.675,37161,2
65,13,0.275,0.675,1763,6
66,13,0.325,0.675,-1,0
67,13,0.375,0.675,-1,0
68,13,0.425,0.675,-1,0
69,13,0.475,0.675,-1,0
70,13,0.525,0.675,-1,0
71,13,0.575,0.675,-1,0
72,13,0.625,0.675,28285,1
73,13,0.675,0.675,42000,1
74,13,0.725,0.675,20261,3
75,13,0.775,0.675,20501,2
76,13,0.825,0.675,80254,1
77,13,0.875,0.675,22425,5
78,13,0.925,0.675,13459,2
79,13,0.975,0.675,83215,3
80,13,1.025,0.675,48087,1
81,13,1.075,0.675,11123,6
82,13,1.125,0.675,18318,4
83,13,1.175,0.675,20373,5
84,13,1.225,0.675,-1,0
85,13,1.275,0.675,-1,0
86,13,1.325,0.675,-1,0
87,13,1.375,0.675,-1,0
88,13,1.425,0.675,-1,0
89,13,1.475,0.675,-1,0
90,13,1.525,0.675,-1,0
91,13,1.575,0.675,-1,0
92,13,1.625,0.675,-1,0
93,13,1.675,0.675,-1,0
94,13,1.725,0.675,-1,0
95,13,1.775,0.675,-1,0
96,13,1.825,0.675,-1,0
97,13,1.875,0.675,-1,0
98,13,1.925,0.675,-1,0
99,13,1.975,0.675,-1,0
100,13,2.025,0.675,-1,0
101,13,2.075,0.675,-1,0
102,13,2.125,0.675,-1,0
103,13,2.175,0.675,-1,0
104,13,2.225,0.675,-1,0
105,13,2.275,0.675,-1,0
106,13,2.325,0.675,-1,0
107,13,2.375,0.675,-1,0
108,13,2.425,0.675,-1,0
109,13,2.475,0.675,-1,0
110,13,2.525,0.675,-1,0
111,13,2.575,0.675,-1,0
112,13,2.625,0.675,-1,0
113,13,2.675,0.675,-1,0
114,13,2.725,0.675,-1,0
115,13,2.775,0.675,-1,0
116,13,2.825,0.675,-1,0
117,13,2.875,0.675,-1,0
118,13,2.925,0.675,-1,0
119,13,2.975,0.675,-1,0
0,14,-2.975,0.725,-1,0
1,14,-2.925,0.725,-1,0
2,14,-2.875,0.725,-1,0
3,14,-2.825,0.725,-1,0
4,14,-2.775,0.725,-1,0
5,14,-2.725,0.725,-1,0
6,14,-2.675,0.725,-1,0
7,14,-2.625,0.725,-1,0
8,14,-2.575,0.725,-1,0
9,14,-2.525,0.725,-1,0
10,14,-2.475,0.725,-1,0
11,14,-2.425,0.725,-1,0
12,14,-2.375,0.725,-1,0
13,14,-2.325,0.725,-1,0
14,14,-2.275,0.725,-1,0
15,14,-2.225,0.725,-1,0
16,14,-2.175,0.725,-1,0
17,14,-2.125,0.725,-1,0
18,14,-2.075,0.725,-1,0
19,14,-2.025,0.725,-1,0
20,14,-1.975,0.725,-1,0
21,14,-1.925,0.725,-1,0
22,14,-1.875,0.725,-1,0
23,14,-1.825,0.725,-1,0
24,14,-1.775,0.725,-1,0
25,14,-1.725,0.725,-1,0
26,14,-1.675,0.725,-1,0
27,14,-1.625,0.725,-1,0
28,14,-1.575,0.725,-1,0
29,14,-1.525,0.725,-1,0
30,14,-1.475,0.725,-1,0
31,14,-1.425,0.725,-1,0
32,14,-1.375,0.725,-1,0
33,14,-1.325,0.725,-1,0
34,14,-1.275,0.725,-1,0
35,14,-1.225,0.725,-1,0
36,14,-1.175,0.725,-1,0
37,14,-1.125,0.725,-1,0
38,14,-1.075,0.725,-1,0
39,14,-1.025,0.725,-1,0
40,14,-0.975,0.725,-1,0
41,14,-0.925,0.725,-1,0
42,14,-0.875,0.725,-1,0
43,14,-0.825,0.725,-1,0
44,14,-0.775,0.725,-1,0
45,14,-0.725,0.725,-1,0
46,14,-0.675,0.725,-1,0
47,14,-0.625,0.725,-1,0
48,14,-0.575,0.725,-1,0
49,14,-0.525,0.725,-1,0
50,14,-0.475,0.725,-1,0
51,14,-0.425,0.725,-1,0
52,14,-0.375,0.725,-1,0
53,14,-0.325,0.725,-1,0
54,14,-0.275,0.725,-1,0
55,14,-0.225,0.725,-1,0
56,14,-0.175,0.725,-1,0
57,14,-0.125,0.725,-1,0
58,14,-0.075,0.725,-1,0
59,14,-0.025,0.725,-1,0
60,14,0.025,0.725,3726,29
61,14,0.075,0.725,-1,0
62,14,0.125,0.725,-1,0
63,14,0.175,0.725,22538,2
64,14,0.225,0.725,27763,4
65,14,0.275,0.725,23344,1
66,14,0.325,0.725,1427,8
67,14,0.375,0.725,42288,1
68,14,0.425,0.725,-1,0
69,14,0.475,0.725,-1,0
70,14,0.525,0.725,-1,0
71,14,0.575,0.725,-1,0
72,14,0.625,0.725,9672,1
73,14,0.675,0.725,-1,0
74,14,0.725,0.725,35160,1
75,14,0.775,0.725,-1,0
76,14,0.825,0.725,48741,3
77,14,0.875,0.725,27497,2
78,14,0.925,0.725,28407,2
79,14,0.975,0.725,40363,1
80,14,1.025,0.725,57571,3
81,14,1.075,0.725,6092,4
82,14,1.125,0.725,10650,6
83,14,1.175,0.725,68064,4
84,14,1.225,0.725,599,9
85,14,1.275,0.725,38944,6
86,14,1.325,0.725,28990,3
87,14,1.375,0.725,-1,0
88,14,1.425,0.725,-1,0
89,14,1.475,0.725,-1,0
90,14,1.525,0.725,-1,0
91,14,1.575,0.725,-1,0
92,14,1.625,0.725,-1,0
93,14,1.675,0.725,-1,0
94,14,1.725,0.725,-1,0
95,14,1.775,0.725,-1,0
96,14,1.825,0.725,-1,0
97,14,1.875,0.725,-1,0
98,14,1.925,0.725,-1,0
99,14,1.975,0.725,-1,0
100,14,2.025,0.725,-1,0
101,14,2.075,0.725,-1,0
102,14,2.125,0.725,-1,0
103,14,2.175,0.725,-1,0
104,14,2.225,0.725,-1,0
105,14,2.275,0.725,-1,0
106,14,2.325,0.725,-1,0
107,14,2.375,0.725,-1,0
108,14,2.425,0.725,-1,0
109,14,2.475,0.725,-1,0
110,14,2.525,0.725,-1,0
111,14,2.575,0.725,-1,0
112,14,2.625,0.725,-1,0
113,14,2.675,0.725,-1,0
114,14,2.725,0.725,-1,0
115,14,2.775,0.725,-1,0
116,14,2.825,0.725,-1,0
117,14,2.875,0.725,-1,0
118,14,2.925,0.725,-1,0
119,14,2.975,0.725,-1,0
0,15,-2.975,0.775,-1,0
1,15,-2.925,0.775,-1,0
2,15,-2.875,0.775,-1,0
3,15,-2.825,0.775,-1,0
4,15,-2.775,0.775,-1,0
5,15,-2.725,0.775,-1,0
6,15,-2.675,0.775,-1,0
7,15,-2.625,0.775,-1,0
8,15,-2.575,0.775,-1,0
9,15,-2.525,0.775,-1,0
10,15,-2.475,0.775,-1,0
11,15,-2.425,0.775,-1,0
12,15,-2.375,0.775,-1,0
13,15,-2.325,0.775,-1,0
14,15,-2.275,0.775,-1,0
15,15,-2.225,0.775,-1,0
16,15,-2.175,0.775,-1,0
17,15,-2.125,0.775,-1,0
18,15,-2.075,0.775,-1,0
19,15,-2.025,0.775,-1,0
20,15,-1.975,0.775,-1,0
21,15,-1.925,0.775,-1,0
22,15,-1.875,0.775,-1,0
23,15,-1.825,0.775,-1,0
24,15,-1.775,0.775,-1,0
25,15,-1.725,0.775,-1,0
26,15,-1.675,0.775,-1,0
27,15,-1.625,0.775,-1,0
28,15,-1.575,0.775,-1,0
29,15,-1.525,0.775,-1,0
30,15,-1.475,0.775,-1,0
31,15,-1.425,0.775,-1,0
32,15,-1.375,0.775,-1,0
33,15,-1.325,0.775,-1,0
34,15,-1.275,0.775,-1,0
35,15,-1.225,0.775,-1,0
36,15,-1.175,0.775,-1,0
37,15,-1.125,0.775,-1,0
38,15,-1.075,0.775,-1,0
39,15,-1.025,0.775,-1,0
40,15,-0.975,0.775,-1,0
41,15,-0.925,0.775,-1,0
42,15,-0.875,0.775,-1,0
43,15,-0.825,0.775,-1,0
44,15,-0.775,0.775,-1,0
45,15,-0.725,0.775,-1,0
46,15,-0.675,0.775,-1,0
47,15,-0.625,0.775,-1,0
48,15,-0.575,0.775,-1,0
49,15,-0.525,0.775,-1,0
50,15,-0.475,0.775,-1,0
51,15,-0.425,0.775,-1,0
52,15,-0.375,0.775,-1,0
53,15,-0.325,0.775,-1,0
54,15,-0.275,0.775,-1,0
55,15,-0.225,0.775,-1,0
56,15,-0.175,0.775,-1,0
57,15,-0.125,0.775,-1,0
58,15,-0.075,0.775,-1,0
59,15,-0.025,0.775,-1,0
60,15,0.025,0.775,3116,33
61,15,0.075,0.775,7742,2
62,15,0.125,0.775,-1,0
63,15,0.175,0.775,89487,1
64,15,0.225,0.775,1685,2
65,15,0.275,0.775,71688,2
66,15,0.325,0.775,35771,2
67,15,0.375,0.775,14131,9
68,15,0.425,0.775,66026,2
69,15,0.475,0.775,-1,0
70,15,0.525,0.775,-1,0
71,15,0.575,0.775,-1,0
72,15,0.625,0.775,-1,0
73,15,0.675,0.775,7840,2
74,15,0.725,0.775,4883,4
75,15,0.775,0.775,4813,4
76,15,0.825,0.775,2460,5
77,15,0.875,0.775,33911,1
78,15,0.925,0.775,10492,3
79,15,0.975,0.775,-1,0
80,15,1.025,0.775,-1,0
81,15,1.075,0.775,4653,1
82,15,1.125,0.775,8626,4
83,15,1.175,0.775,14955,6
84,15,1.225,0.775,41246,3
85,15,1.275,0.775,11424,7
86,15,1.325,0.775,20846,8
87,15,1.375,0.775,3828,4
88,15,1.425,0.775,-1,0
89,15,1.475,0.775,-1,0
90,15,1.525,0.775,-1,0
91,15,1.575,0.775,-1,0
92,15,1.625,0.775,-1,0
93,15,1.675,0.775,-1,0
94,15,1.725,0.775,-1,0
95,15,1.775,0.775,-1,0
96,15,1.825,0.775,-1,0
97,15,1.875,0.775,-1,0
98,15,1.925,0.775,-1,0
99,15,1.975,0.775,-1,0
100,15,2.025,0.775,-1,0
101,15,2.075,0.775,-1,0
102,15,2.125,0.775,-1,0
103,15,2.175,0.775,-1,0
104,15,2.225,0.775,-1,0
105,15,2.275,0.775,-1,0
106,15,2.325,0.775,-1,0
107,15,2.375,0.775,-1,0
108,15,2.425,0.775,-1,0
109,15,2.475,0.775,-1,0
110,15,2.525,0.775,-1,0
111,15,2.575,0.775,-1,0
112,15,2.625,0.775,-1,0
113,15,2.675,0.775,-1,0
114,15,2.725,0.775,-1,0
115,15,2.775,0.775,-1,0
116,15,2.825,0.775,-1,0
117,15,2.875,0.775,-1,0
118,15,2.925,0.775,-1,0
119,15,2.975,0.775,-1,0
0,16,-2.975,0.825,-1,0
1,16,-2.925,0.825,-1,0
2,16,-2.875,0.825,-1,0
3,16,-2.825,0.825,-1,0
4,16,-2.775,0.825,-1,0
5,16,-2.725,0.825,-1,0
6,16,-2.675,0.825,-1,0
7,16,-2.625,0.825,-1,0
8,16,-2.575,0.825,-1,0
9,16,-2.525,0.825,-1,0
10,16,-2.475,0.825,-1,0
11,16,-2.425,0.825,-1,0
12,16,-2.375,0.825,-1,0
13,16,-2.325,0.825,-1,0
14,16,-2.275,0.825,-1,0
15,16,-2.225,0.825,-1,0
16,16,-2.175,0.825,-1,0
17,16,-2.125,0.825,-1,0
18,16,-2.075,0.825,-1,0
19,16,-2.025,0.825,-1,0
20,16,-1.975,0.825,-1,0
21,16,-1.925,0.825,-1,0
22,16,-1.875,0.825,-1,0
23,16,-1.825,0.825,-1,0
24,16,-1.775,0.825,-1,0
25,16,-1.725,0.825,-1,0
26,16,-1.675,0.825,-1,0
27,16,-1.625,0.825,-1,0
28,16,-1.575,0.825,-1,0
29,16,-1.525,0.825,-1,0
30,16,-1.475,0.825,-1,0
31,16,-1.425,0.825,-1,0
32,16,-1.375,0.825,-1,0
33,16,-1.325,0.825,-1,0
34,16,-1.275,0.825,-1,0
35,16,-1.225,0.825,-1,0
36,16,-1.175,0.825,-1,0
37,16,-1.125,0.825,-1,0
38,16,-1.075,0.825,-1,0
39,16,-1.025,0.825,-1,0
40,16,-0.975,0.825,-1,0
41,16,-0.925,0.825,-1,0
42,16,-0.875,0.825,-1,0
43,16,-0.825,0.825,-1,0
44,16,-0.775,0.825,-1,0
45,16,-0.725,0.825,-1,0
46,16,-0.675,0.825,-1,0
47,16,-0.625,0.825,-1,0
48,16,-0.575,0.825,-1,0
49,16,-0.525,0.825,-1,0
50,16,-0.475,0.825,-1,0
51,16,-0.425,0.825,-1,0
52,16,-0.375,0.825,-1,0
53,16,-0.325,0.825,-1,0
54,16,-0.275,0.825,-1,0
55,16,-0.225,0.825,-1,0
56,16,-0.175,0.825,-1,0
57,16,-0.125,0.825,-1,0
58,16,-0.075,0.825,-1,0
59,16,-0.025,0.825,-1,0
60,16,0.025,0.825,5539,26
61,16,0.075,0.825,27498,2
62,16,0.125,0.825,-1,0
63,16,0.175,0.825,30666,2
64,16,0.225,0.825,-1,0
65,16,0.275,0.825,22537,3
66,16,0.325,0.825,77677,1
67,16,0.375,0.825,34243,1
68,16,0.425,0.825,1542,3
69,16,0.475,0.825,62246,2
70,16,0.525,0.825,10699,2
71,16,0.575,0.825,8020,2
72,16,0.625,0.825,-1,0
73,16,0.675,0.825,-1,0
74,16,0.725,0.825,-1,0
75,16,0.775,0.825,9435,1
76,16,0.825,0.825,10179,2
77,16,0.875,0.825,11956,6
78,16,0.925,0.825,8733,4
79,16,0.975,0.825,30170,2
80,16,1.025,0.825,9030,3
81,16,1.075,0.825,16125,3
82,16,1.125,0.825,13018,3
83,16,1.175,0.825,21671,1
84,16,1.225,0.825,11941,5
85,16,1.275,0.825,16223,6
86,16,1.325,0.825,13486,3
87,16,1.375,0.825,28385,8
88,16,1.425,0.825,5001,8
89,16,1.475,0.825,17654,1
90,16,1.525,0.825,-1,0
91,16,1.575,0.825,-1,0
92,16,1.625,0.825,-1,0
93,16,1.675,0.825,-1,0
94,16,1.725,0.825,-1,0
95,16,1.775,0.825,-1,0
96,16,1.825,0.825,-1,0
97,16,1.875,0.825,-1,0
98,16,1.925,0.825,-1,0
99,16,1.975,0.825,-1,0
100,16,2.025,0.825,-1,0
101,16,2.075,0.825,-1,0
102,16,2.125,0.825,-1,0
103,16,2.175,0.825,-1,0
104,16,2.225,0.825,-1,0
105,16,2.275,0.825,-1,0
106,16,2.325,0.825,-1,0
107,16,2.375,0.825,-1,0
108,16,2.425,0.825,-1,0
109,16,2.475,0.825,-1,0
110,16,2.525,0.825,-1,0
111,16,2.575,0.825,-1,0
112,16,2.625,0.825,-1,0
113,16,2.675,0.825,-1,0
114,16,2.725,0.825,-1,0
115,16,2.775,0.825,-1,0
116,16,2.825,0.825,-1,0
117,16,2.875,0.825,-1,0
118,16,2.925,0.825,-1,0
119,16,2.975,0.825,-1,0
0,17,-2.975,0.875,-1,0
1,17,-2.925,0.875,-1,0
2,17,-2.875,0.875,-1,0
3,17,-2.825,0.875,-1,0
4,17,-2.775,0.875,-1,0
5,17,-2.725,0.875,-1,0
6,17,-2.675,0.875,-1,0
7,17,-2.625,0.875,-1,0
8,17,-2.575,0.875,-1,0
9,17,-2.525,0.875,-1,0
10,17,-2.475,0.875,-1,0
11,17,-2.425,0.875,-1,0
12,17,-2.375,0.875,-1,0
13,17,-2.325,0.875,-1,0
14,17,-2.275,0.875,-1,0
15,17,-2.225,0.875,-1,0
16,17,-2.175,0.875,-1,0
17,17,-2.125,0.875,-1,0
18,17,-2.075,0.875,-1,0
19,17,-2.025,0.875,-1,0
20,17,-1.975,0.875,-1,0
21,17,-1.925,0.875,-1,0
22,17,-1.875,0.875,-1,0
23,17,-1.825,0.875,-1,0
24,17,-1.775,0.875,-1,0
25,17,-1.725,0.875,-1,0
26,17,-1.675,0.875,-1,0
27,17,-1.625,0.875,-1,0
28,17,-1.575,0.875,-1,0
29,17,-1.525,0.875,-1,0
30,17,-1.475,0.875,-1,0
31,17,-1.425,0.875,-1,0
32,17,-1.375,0.875,-1,0
33,17,-1.325,0.875,-1,0
34,17,-1.275,0.875,-1,0
35,17,-1.225,0.875,-1,0
36,17,-1.175,0.875,-1,0
37,17,-1.125,0.875,-1,0
38,17,-1.075,0.875,-1,0
39,17,-1.025,0.875,-1,0
40,17,-0.975,0.875,-1,0
41,17,-0.925,0.875,-1,0
42,17,-0.875,0.875,-1,0
43,17,-0.825,0.875,-1,0
44,17,-0.775,0.875,-1,0
45,17,-0.725,0.875,-1,0
46,17,-0.675,0.875,-1,0
47,17,-0.625,0.875,-1,0
48,17,-0.575,0.875,-1,0
49,17,-0.525,0.875,-1,0
50,17,-0.475,0.875,-1,0
51,17,-0.425,0.875,-1,0
52,17,-0.375,0.875,-1,0
53,17,-0.325,0.875,-1,0
54,17,-0.275,0.875,-1,0
55,17,-0.225,0.875,-1,0
56,17,-0.175,0.875,-1,0
57,17,-0.125,0.875,-1,0
58,17,-0.075,0.875,-1,0
59,17,-0.025,0.875,-1,0
60,17,0.025,0.875,4846,24
61,17,0.075,0.875,10487,3
62,17,0.125,0.875,10180,3
63,17,0.175,0.875,36985,3
64,17,0.225,0.875,68144,2
65,17,0.275,0.875,2352,3
66,17,0.325,0.875,27762,3
67,17,0.375,0.875,20700,3
68,17,0.425,0.875,-1,0
69,17,0.475,0.875,70976,3
70,17,0.525,0.875,58861,1
71,17,0.575,0.875,-1,0
72,17,0.625,0.875,42649,2
73,17,0.675,0.875,9519,2
74,17,0.725,0.875,-1,0
75,17,0.775,0.875,56091,1
76,17,0.825,0.875,82585,2
77,17,0.875,0.875,49240,1
78,17,0.925,0.875,89102,1
79,17,0.975,0.875,10486,4
80,17,1.025,0.875,13174,4
81,17,1.075,0.875,3632,4
82,17,1.125,0.875,4719,3
83,17,1.175,0.875,36478,4
84,17,1.225,0.875,4023,5
85,17,1.275,0.875,4861,11
86,17,1.325,0.875,4411,5
87,17,1.375,0.875,4712,8
88,17,1.425,0.875,32902,7
89,17,1.475,0.875,2333,10
90,17,1.525,0.875,-1,0
91,17,1.575,0.875,-1,0
92,17,1.625,0.875,-1,0
93,17,1.675,0.875,-1,0
94,17,1.725,0.875,-1,0
95,17,1.775,0.875,-1,0
96,17,1.825,0.875,-1,0
97,17,1.875,0.875,-1,0
98,17,1.925,0.875,-1,0
99,17,1.975,0.875,-1,0
100,17,2.025,0.875,-1,0
101,17,2.075,0.875,-1,0
102,17,2.125,0.875,-1,0
103,17,2.175,0.875,-1,0
104,17,2.225,0.875,-1,0
105,17,2.275,0.875,-1,0
106,17,2.325,0.875,-1,0
107,17,2.375,0.875,-1,0
108,17,2.425,0.875,-1,0
109,17,2.475,0.875,-1,0
110,17,2.525,0.875,-1,0
111,17,2.575,0.875,-1,0
112,17,2.625,0.875,-1,0
113,17,2.675,0.875,-1,0
114,17,2.725,0.875,-1,0
115,17,2.775,0.875,-1,0
116,17,2.825,0.875,-1,0
117,17,2.875,0.875,-1,0
118,17,2.925,0.875,-1,0
119,17,2.975,0.875,-1,0
0,18,-2.975,0.925,-1,0
1,18,-2.925,0.925,-1,0
2,18,-2.875,0.925,-1,0
3,18,-2.825,0.925,-1,0
4,18,-2.775,0.925,-1,0
5,18,-2.725,0.925,-1,0
6,18,-2.675,0.925,-1,0
7,18,-2.625,0.925,-1,0
8,18,-2.575,0.925,-1,0
9,18,-2.525,0.925,-1,0
10,18,-2.475,0.925,-1,0
11,18,-2.425,0.925,-1,0
12,18,-2.375,0.925,-1,0
13,18,-2.325,0.925,-1,0
14,18,-2.275,0.925,-1,0
15,18,-2.225,0.925,-1,0
16,18,-2.175,0.925,-1,0
17,18,-2.125,0.925,-1,0
18,18,-2.075,0.925,-1,0
19,18,-2.025,0.925,-1,0
20,18,-1.975,0.925,-1,0
21,18,-1.925,0.925,-1,0
22,18,-1.875,0.925,-1,0
23,18,-1.825,0.925,-1,0
24,18,-1.775,0.925,-1,0
25,18,-1.725,0.925,-1,0
26,18,-1.675,0.925,-1,0
27,18,-1.625,0.925,-1,0
28,18,-1.575,0.925,-1,0
29,18,-1.525,0.925,-1,0
30,18,-1.475,0.925,-1,0
31,18,-1.425,0.925,-1,0
32,18,-1.375,0.925,-1,0
33,18,-1.325,0.925,-1,0
34,18,-1.275,0.925,-1,0
35,18,-1.225,0.925,-1,0
36,18,-1.175,0.925,-1,0
37,18,-1.125,0.925,-1,0
38,18,-1.075,0.925,-1,0
39,18,-1.025,0.925,-1,0
40,18,-0.975,0.925,-1,0
41,18,-0.925,0.925,-1,0
42,18,-0.875,0.925,-1,0
43,18,-0.825,0.925,-1,0
44,18,-0.775,0.925,-1,0
45,18,-0.725,0.925,-1,0
46,18,-0.675,0.925,-1,0
47,18,-0.625,0.925,-1,0
48,18,-0.575,0.925,-1,0
49,18,-0.525,0.925,-1,0
50,18,-0.475,0.925,-1,0
51,18,-0.425,0.925,-1,0
52,18,-0.375,0.925,-1,0
53,18,-0.325,0.925,-1,0
54,18,-0.275,0.925,-1,0
55,18,-0.225,0.925,-1,0
56,18,-0.175,0.925,-1,0
57,18,-0.125,0.925,-1,0
58,18,-0.075,0.925,-1,0
59,18,-0.025,0.925,-1,0
60,18,0.025,0.925,1762,39
61,18,0.075,0.925,3633,3
62,18,0.125,0.925,46134,2
63,18,0.175,0.925,58998,1
64,18,0.225,0.925,-1,0
65,18,0.275,0.925,8826,2
66,18,0.325,0.925,33464,2
67,18,0.375,0.925,40161,4
68,18,0.425,0.925,-1,0
69,18,0.475,0.925,-1,0
70,18,0.525,0.925,30219,1
71,18,0.575,0.925,17086,10
72,18,0.625,0.925,83008,1
73,18,0.675,0.925,36622,2
74,18,0.725,0.925,30762,1
75,18,0.775,0.925,9808,4
76,18,0.825,0.925,-1,0
77,18,0.875,0.925,28179,1
78,18,0.925,0.925,-1,0
79,18,0.975,0.925,47977,4
80,18,1.025,0.925,1890,3
81,18,1.075,0.925,2653,5
82,18,1.125,0.925,9559,11
83,18,1.175,0.925,26194,4
84,18,1.225,0.925,11669,4
85,18,1.275,0.925,61005,2
86,18,1.325,0.925,34170,1
87,18,1.375,0.925,868,5
88,18,1.425,0.925,8275,7
89,18,1.475,0.925,5370,11
90,18,1.525,0.925,2374,27
91,18,1.575,0.925,-1,0
92,18,1.625,0.925,-1,0
93,18,1.675,0.925,-1,0
94,18,1.725,0.925,-1,0
95,18,1.775,0.925,-1,0
96,18,1.825,0.925,-1,0
97,18,1.875,0.925,-1,0
98,18,1.925,0.925,-1,0
99,18,1.975,0.925,-1,0
100,18,2.025,0.925,-1,0
101,18,2.075,0.925,-1,0
102,18,2.125,0.925,-1,0
103,18,2.175,0.925,-1,0
104,18,2.225,0.925,-1,0
105,18,2.275,0.925,-1,0
106,18,2.325,0.925,-1,0
107,18,2.375,0.925,-1,0
108,18,2.425,0.925,-1,0
109,18,2.475,0.925,-1,0
110,18,2.525,0.925,-1,0
111,18,2.575,0.925,-1,0
112,18,2.625,0.925,-1,0
113,18,2.675,0.925,-1,0
114,18,2.725,0.925,-1,0
115,18,2.775,0.925,-1,0
116,18,2.825,0.925,-1,0
117,18,2.875,0.925,-1,0
118,18,2.925,0.925,-1,0
119,18,2.975,0.925,-1,0
0,19,-2.975,0.975,-1,0
1,19,-2.925,0.975,-1,0
2,19,-2.875,0.975,-1,0
3,19,-2.825,0.975,-1,0
4,19,-2.775,0.975,-1,0
5,19,-2.725,0.975,-1,0
6,19,-2.675,0.975,-1,0
7,19,-2.625,0.975,-1,0
8,19,-2.575,0.975,-1,0
9,19,-2.525,0.975,-1,0
10,19,-2.475,0.975,-1,0
11,19,-2.425,0.975,-1,0
12,19,-2.375,0.975,-1,0
13,19,-2.325,0.975,-1,0
14,19,-2.275,0.975,-1,0
15,19,-2.225,0.975,-1,0
16,19,-2.175,0.975,-1,0
17,19,-2.125,0.975,-1,0
18,19,-2.075,0.975,-1,0
19,19,-2.025,0.975,-1,0
20,19,-1.975,0.975,-1,0
21,19,-1.925,0.975,-1,0
22,19,-1.875,0.975,-1,0
23,19,-1.825,0.975,-1,0
24,19,-1.775,0.975,-1,0
25,19,-1.725,0.975,-1,0
26,19,-1.675,0.975,-1,0
27,19,-1.625,0.975,-1,0
28,19,-1.575,0.975,-1,0
29,19,-1.525,0.975,-1,0
30,19,-1.475,0.975,-1,0
31,19,-1.425,0.975,-1,0
32,19,-1.375,0.975,-1,0
33,19,-1.325,0.975,-1,0
34,19,-1.275,0.975,-1,0
35,19,-1.225,0.975,-1,0
36,19,-1.175,0.975,-1,0
37,19,-1.125,0.975,-1,0
38,19,-1.075,0.975,-1,0
39,19,-1.025,0.975,-1,0
40,19,-0.975,0.975,-1,0
41,19,-0.925,0.975,-1,0
42,19,-0.875,0.975,-1,0
43,19,-0.825,0.975,-1,0
44,19,-0.775,0.975,-1,0
45,19,-0.725,0.975,-1,0
46,19,-0.675,0.975,-1,0
47,19,-0.625,0.975,-1,0
48,19,-0.575,0.975,-1,0
49,19,-0.525,0.975,-1,0
50,19,-0.475,0.975,-1,0
51,19,-0.425,0.975,-1,0
52,19,-0.375,0.975,-1,0
53,19,-0.325,0.975,-1,0
54,19,-0.275,0.975,-1,0
55,19,-0.225,0.975,-1,0
56,19,-0.175,0.975,-1,0
57,19,-0.125,0.975,-1,0
58,19,-0.075,0.975,-1,0
59,19,-0.025,0.975,-1,0
60,19,0.025,0.975,113,41
61,19,0.075,0.975,6057,3
62,19,0.125,0.975,-1,0
63,19,0.175,0.975,-1,0
64,19,0.225,0.975,24650,3
65,19,0.275,0.975,6506,4
66,19,0.325,0.975,70285,1
67,19,0.375,0.975,411,5
68,19,0.425,0.975,259,1
69,19,0.475,0.975,-1,0
70,19,0.525,0.975,-1,0
71,19,0.575,0.975,31994,2
72,19,0.625,0.975,1341,8
73,19,0.675,0.975,55945,2
74,19,0.725,0.975,22561,3
75,19,0.775,0.975,35663,1
76,19,0.825,0.975,9329,2
77,19,0.875,0.975,15623,4
78,19,0.925,0.975,6666,6
79,19,0.975,0.975,3962,9
80,19,1.025,0.975,29326,6
81,19,1.075,0.975,18852,5
82,19,1.125,0.975,5229,4
83,19,1.175,0.975,22225,2
84,19,1.225,0.975,20586,10
85,19,1.275,0.975,-1,0
86,19,1.325,0.975,-1,0
87,19,1.375,0.975,-1,0
88,19,1.425,0.975,-1,0
89,19,1.475,0.975,-1,0
90,19,1.525,0.975,10431,4
91,19,1.575,0.975,-1,0
92,19,1.625,0.975,-1,0
93,19,1.675,0.975,-1,0
94,19,1.725,0.975,-1,0
95,19,1.775,0.975,-1,0
96,19,1.825,0.975,-1,0
97,19,1.875,0.975,-1,0
98,19,1.925,0.975,-1,0
99,19,1.975,0.975,-1,0
100,19,2.025,0.975,-1,0
101,19,2.075,0.975,-1,0
102,19,2.125,0.975,-1,0
103,19,2.175,0.975,-1,0
104,19,2.225,0.975,-1,0
105,19,2.275,0.975,-1,0
106,19,2.325,0.975,-1,0
107,19,2.375,0.975,-1,0
108,19,2.425,0.975,-1,0
109,19,2.475,0.975,-1,0
110,19,2.525,0.975,-1,0
111,19,2.575,0.975,-1,0
112,19,2.625,0.975,-1,0
113,19,2.675,0.975,-1,0
114,19,2.725,0.975,-1,0
115,19,2.775,0.975,-1,0
116,19,2.825,0.975,-1,0
117,19,2.875,0.975,-1,0
118,19,2.925,0.975,-1,0
119,19,2.975,0.975,-1,0
0,20,-2.975,1.025,-1,0
1,20,-2.925,1.025,-1,0
2,20,-2.875,1.025,-1,0
3,20,-2.825,1.025,-1,0
4,20,-2.775,1.025,-1,0
5,20,-2.725,1.025,-1,0
6,20,-2.675,1.025,-1,0
7,20,-2.625,1.025,-1,0
8,20,-2.575,1.025,-1,0
9,20,-2.525,1.025,-1,0
10,20,-2.475,1.025,-1,0
11,20,-2.425,1.025,-1,0
12,20,-2.375,1.025,-1,0
13,20,-2.325,1.025,-1,0
14,20,-2.275,1.025,-1,0
15,20,-2.225,1.025,-1,0
16,20,-2.175,1.025,-1,0
17,20,-2.125,1.025,-1,0
18,20,-2.075,1.025,-1,0
19,20,-2.025,1.025,-1,0
20,20,-1.975,1.025,-1,0
21,20,-1.925,1.025,-1,0
22,20,-1.875,1.025,-1,0
23,20,-1.825,1.025,-1,0
24,20,-1.775,1.025,-1,0
25,20,-1.725,1.025,-1,0
26,20,-1.675,1.025,-1,0
27,20,-1.625,1.025,-1,0
28,20,-1.575,1.025,-1,0
29,20,-1.525,1.025,-1,0
30,20,-1.475,1.025,-1,0
31,20,-1.425,1.025,-1,0
32,20,-1.375,1.025,-1,0
33,20,-1.325,1.025,-1,0
34,20,-1.275,1.025,-1,0
35,20,-1.225,1.025,-1,0
36,20,-1.175,1.025,-1,0
37,20,-1.125,1.025,-1,0
38,20,-1.075,1.025,-1,0
39,20,-1.025,1.025,-1,0
40,20,-0.975,1.025,-1,0
41,20,-0.925,1.025,-1,0
42,20,-0.875,1.025,-1,0
43,20,-0.825,1.025,-1,0
44,20,-0.775,1.025,-1,0
45,20,-0.725,1.025,-1,0
46,20,-0.675,1.025,-1,0
47,20,-0.625,1.025,-1,0
48,20,-0.575,1.025,-1,0
49,20,-0.525,1.025,-1,0
50,20,-0.475,1.025,-1,0
51,20,-0.425,1.025,-1,0
52,20,-0.375,1.025,-1,0
53,20,-0.325,1.025,-1,0
54,20,-0.275,1.025,-1,0
55,20,-0.225,1.025,-1,0
56,20,-0.175,1.025,-1,0
57,20,-0.125,1.025,-1,0
58,20,-0.075,1.025,-1,0
59,20,-0.025,1.025,-1,0
60,20,0.025,1.025,3545,35
61,20,0.075,1.025,62763,1
62,20,0.125,1.025,86295,1
63,20,0.175,1.025,27504,1
64,20,0.225,1.025,34594,2
65,20,0.275,1.025,23772,2
66,20,0.325,1.025,1684,5
67,20,0.375,1.025,2303,4
68,20,0.425,1.025,4321,4
69,20,0.475,1.025,-1,0
70,20,0.525,1.025,-1,0
71,20,0.575,1.025,22540,2
72,20,0.625,1.025,5541,4
73,20,0.675,1.025,8688,8
74,20,0.725,1.025,-1,0
75,20,0.775,1.025,36984,4
76,20,0.825,1.025,9226,7
77,20,0.875,1.025,9381,4
78,20,0.925,1.025,-1,0
79,20,0.975,1.025,38348,5
80,20,1.025,1.025,32579,3
81,20,1.075,1.025,21663,2
82,20,1.125,1.025,13907,2
83,20,1.175,1.025,33556,3
84,20,1.225,1.025,6554,4
85,20,1.275,1.025,-1,0
86,20,1.325,1.025,20178,2
87,20,1.375,1.025,-1,0
88,20,1.425,1.025,79820,1
89,20,1.475,1.025,-1,0
90,20,1.525,1.025,-1,0
91,20,1.575,1.025,-1,0
92,20,1.625,1.025,-1,0
93,20,1.675,1.025,-1,0
94,20,1.725,1.025,-1,0
95,20,1.775,1.025,-1,0
96,20,1.825,1.025,-1,0
97,20,1.875,1.025,-1,0
98,20,1.925,1.025,-1,0
99,20,1.975,1.025,-1,0
100,20,2.025,1.025,-1,0
101,20,2.075,1.025,-1,0
102,20,2.125,1.025,-1,0
103,20,2.175,1.025,-1,0
104,20,2.225,1.025,-1,0
105,20,2.275,1.025,-1,0
106,20,2.325,1.025,-1,0
107,20,2.375,1.025,-1,0
108,20,2.425,1.025,-1,0
109,20,2.475,1.025,-1,0
110,20,2.525,1.025,-1,0
111,20,2.575,1.025,-1,0
112,20,2.625,1.025,-1,0
113,20,2.675,1.025,-1,0
114,20,2.725,1.025,-1,0
115,20,2.775,1.025,-1,0
116,20,2.825,1.025,-1,0
117,20,2.875,1.025,-1,0
118,20,2.925,1.025,-1,0
119,20,2.975,1.025,-1,0
0,21,-2.975,1.075,-1,0
1,21,-2.925,1.075,-1,0
2,21,-2.875,1.075,-1,0
3,21,-2.825,1.075,-1,0
4,21,-2.775,1.075,-1,0
5,21,-2.725,1.075,-1,0
6,21,-2.675,1.075,-1,0
7,21,-2.625,1.075,-1,0
8,21,-2.575,1.075,-1,0
9,21,-2.525,1.075,-1,0
10,21,-2.475,1.075,-1,0
11,21,-2.425,1.075,-1,0
12,21,-2.375,1.075,-1,0
13,21,-2.325,1.075,-1,0
14,21,-2.275,1.075,-1,0
15,21,-2.225,1.075,-1,0
16,21,-2.175,1.075,-1,0
17,21,-2.125,1.075,-1,0
18,21,-2.075,1.075,-1,0
19,21,-2.025,1.075,-1,0
20,21,-1.975,1.075,-1,0
21,21,-1.925,1.075,-1,0
22,21,-1.875,1.075,-1,0
23,21,-1.825,1.075,-1,0
24,21,-1.775,1.075,-1,0
25,21,-1.725,1.075,-1,0
26,21,-1.675,1.075,-1,0
27,21,-1.625,1.075,-1,0
28,21,-1.575,1.075,-1,0
29,21,-1.525,1.075,-1,0
30,21,-1.475,1.075,-1,0
31,21,-1.425,1.075,-1,0
32,21,-1.375,1.075,-1,0
33,21,-1.325,1.075,-1,0
34,21,-1.275,1.075,-1,0
35,21,-1.225,1.075,-1,0
36,21,-1.175,1.075,-1,0
37,21,-1.125,1.075,-1,0
38,21,-1.075,1.075,-1,0
39,21,-1.025,1.075,-1,0
40,21,-0.975,1.075,-1,0
41,21,-0.925,1.075,-1,0
42,21,-0.875,1.075,-1,0
43,21,-0.825,1.075,-1,0
44,21,-0.775,1.075,-1,0
45,21,-0.725,1.075,-1,0
46,21,-0.675,1.075,-1,0
47,21,-0.625,1.075,-1,0
48,21,-0.575,1.075,-1,0
49,21,-0.525,1.075,-1,0
50,21,-0.475,1.075,-1,0
51,21,-0.425,1.075,-1,0
52,21,-0.375,1.075,-1,0
53,21,-0.325,1.075,-1,0
54,21,-0.275,1.075,-1,0
55,21,-0.225,1.075,-1,0
56,21,-0.175,1.075,-1,0
57,21,-0.125,1.075,-1,0
58,21,-0.075,1.075,-1,0
59,21,-0.025,1.075,-1,0
60,21,0.025,1.075,1002,34
61,21,0.075,1.075,70220,1
62,21,0.125,1.075,53019,2
63,21,0.175,1.075,29528,3
64,21,0.225,1.075,5465,1
65,21,0.275,1.075,86593,1
66,21,0.325,1.075,-1,0
67,21,0.375,1.075,59750,2
68,21,0.425,1.075,5057,1
69,21,0.475,1.075,-1,0
70,21,0.525,1.075,-1,0
71,21,0.575,1.075,35773,1
72,21,0.625,1.075,36030,2
73,21,0.675,1.075,22088,2
74,21,0.725,1.075,4501,8
75,21,0.775,1.075,-1,0
76,21,0.825,1.075,-1,0
77,21,0.875,1.075,-1,0
78,21,0.925,1.075,-1,0
79,21,0.975,1.075,-1,0
80,21,1.025,1.075,31209,3
81,21,1.075,1.075,2160,5
82,21,1.125,1.075,46025,1
83,21,1.175,1.075,19891,4
84,21,1.225,1.075,1775,5
85,21,1.275,1.075,13063,4
86,21,1.325,1.075,52709,2
87,21,1.375,1.075,9935,7
88,21,1.425,1.075,10769,7
89,21,1.475,1.075,25082,2
90,21,1.525,1.075,-1,0
91,21,1.575,1.075,-1,0
92,21,1.625,1.075,-1,0
93,21,1.675,1.075,-1,0
94,21,1.725,1.075,-1,0
95,21,1.775,1.075,-1,0
96,21,1.825,1.075,-1,0
97,21,1.875,1.075,-1,0
98,21,1.925,1.075,-1,0
99,21,1.975,1.075,-1,0
100,21,2.025,1.075,-1,0
101,21,2.075,1.075,-1,0
102,21,2.125,1.075,-1,0
103,21,2.175,1.075,-1,0
104,21,2.225,1.075,-1,0
105,21,2.275,1.075,-1,0
106,21,2.325,1.075,-1,0
107,21,2.375,1.075,-1,0
108,21,2.425,1.075,-1,0
109,21,2.475,1.075,-1,0
110,21,2.525,1.075,-1,0
111,21,2.575,1.075,-1,0
112,21,2.625,1.075,-1,0
113,21,2.675,1.075,-1,0
114,21,2.725,1.075,-1,0
115,21,2.775,1.075,-1,0
116,21,2.825,1.075,-1,0
117,21,2.875,1.075,-1,0
118,21,2.925,1.075,-1,0
119,21,2.975,1.075,-1,0
0,22,-2.975,1.125,-1,0
1,22,-2.925,1.125,-1,0
2,22,-2.875,1.125,-1,0
3,22,-2.825,1.125,-1,0
4,22,-2.775,1.125,-1,0
5,22,-2.725,1.125,-1,0
6,22,-2.675,1.125,-1,0
7,22,-2.625,1.125,-1,0
8,22,-2.575,1.125,-1,0
9,22,-2.525,1.125,-1,0
10,22,-2.475,1.125,-1,0
11,22,-2.425,1.125,-1,0
12,22,-2.375,1.125,-1,0
13,22,-2.325,1.125,-1,0
14,22,-2.275,1.125,-1,0
15,22,-2.225,1.125,-1,0
16,22,-2.175,1.125,-1,0
17,22,-2.125,1.125,-1,0
18,22,-2.075,1.125,-1,0
19,22,-2.025,1.125,-1,0
20,22,-1.975,1.125,-1,0
21,22,-1.925,1.125,-1,0
22,22,-1.875,1.125,-1,0
23,22,-1.825,1.125,-1,0
24,22,-1.775,1.125,-1,0
25,22,-1.725,1.125,-1,0
26,22,-1.675,1.125,-1,0
27,22,-1.625,1.125,-1,0
28,22,-1.575,1.125,-1,0
29,22,-1.525,1.125,-1,0
30,22,-1.475,1.125,-1,0
31,22,-1.425,1.125,-1,0
32,22,-1.375,1.125,-1,0
33,22,-1.325,1.125,-1,0
34,22,-1.275,1.125,-1,0
35,22,-1.225,1.125,-1,0
36,22,-1.175,1.125,-1,0
37,22,-1.125,1.125,-1,0
38,22,-1.075,1.125,-1,0
39,22,-1.025,1.125,-1,0
40,22,-0.975,1.125,-1,0
41,22,-0.925,1.125,-1,0
42,22,-0.875,1.125,-1,0
43,22,-0.825,1.125,-1,0
44,22,-0.775,1.125,-1,0
45,22,-0.725,1.125,-1,0
46,22,-0.675,1.125,-1,0
47,22,-0.625,1.125,-1,0
48,22,-0.575,1.125,-1,0
49,22,-0.525,1.125,-1,0
50,22,-0.475,1.125,-1,0
51,22,-0.425,1.125,-1,0
52,22,-0.375,1.125,-1,0
53,22,-0.325,1.125,-1,0
54,22,-0.275,1.125,-1,0
55,22,-0.225,1.125,-1,0
56,22,-0.175,1.125,-1,0
57,22,-0.125,1.125,-1,0
58,22,-0.075,1.125,-1,0
59,22,-0.025,1.125,-1,0
60,22,0.025,1.125,1462,36
61,22,0.075,1.125,51664,2
62,22,0.125,1.125,18690,2
63,22,0.175,1.125,44309,2
64,22,0.225,1.125,71687,1
65,22,0.275,1.125,87511,1
66,22,0.325,1.125,32424,1
67,22,0.375,1.125,36278,1
68,22,0.425,1.125,18511,2
69,22,0.475,1.125,47045,3
70,22,0.525,1.125,4885,3
71,22,0.575,1.125,58863,2
72,22,0.625,1.125,-1,0
73,22,0.675,1.125,12739,2
74,22,0.725,1.125,37871,2
75,22,0.775,1.125,2747,13
76,22,0.825,1.125,-1,0
77,22,0.875,1.125,-1,0
78,22,0.925,1.125,-1,0
79,22,0.975,1.125,75424,1
80,22,1.025,1.125,81519,1
81,22,1.075,1.125,50280,1
82,22,1.125,1.125,13981,3
83,22,1.175,1.125,-1,0
84,22,1.225,1.125,45699,3
85,22,1.275,1.125,68757,1
86,22,1.325,1.125,32032,2
87,22,1.375,1.125,86398,1
88,22,1.425,1.125,17352,5
89,22,1.475,1.125,25095,9
90,22,1.525,1.125,29420,3
91,22,1.575,1.125,79485,2
92,22,1.625,1.125,-1,0
93,22,1.675,1.125,-1,0
94,22,1.725,1.125,-1,0
95,22,1.775,1.125,-1,0
96,22,1.825,1.125,-1,0
97,22,1.875,1.125,-1,0
98,22,1.925,1.125,-1,0
99,22,1.975,1.125,-1,0
100,22,2.025,1.125,-1,0
101,22,2.075,1.125,-1,0
102,22,2.125,1.125,-1,0
103,22,2.175,1.125,-1,0
104,22,2.225,1.125,-1,0
105,22,2.275,1.125,-1,0
106,22,2.325,1.125,-1,0
107,22,2.375,1.125,-1,0
108,22,2.425,1.125,-1,0
109,22,2.475,1.125,-1,0
110,22,2.525,1.125,-1,0
111,22,2.575,1.125,-1,0
112,22,2.625,1.125,-1,0
113,22,2.675,1.125,-1,0
114,22,2.725,1.125,-1,0
115,22,2.775,1.125,-1,0
116,22,2.825,1.125,-1,0
117,22,2.875,1.125,-1,0
118,22,2.925,1.125,-1,0
119,22,2.975,1.125,-1,0
0,23,-2.975,1.175,-1,0
1,23,-2.925,1.175,-1,0
2,23,-2.875,1.175,-1,0
3,23,-2.825,1.175,-1,0
4,23,-2.775,1.175,-1,0
5,23,-2.725,1.175,-1,0
6,23,-2.675,1.175,-1,0
7,23,-2.625,1.175,-1,0
8,23,-2.575,1.175,-1,0
9,23,-2.525,1.175,-1,0
10,23,-2.475,1.175,-1,0
11,23,-2.425,1.175,-1,0
12,23,-2.375,1.175,-1,0
13,23,-2.325,1.175,-1,0
14,23,-2.275,1.175,-1,0
15,23,-2.225,1.175,-1,0
16,23,-2.175,1.175,-1,0
17,23,-2.125,1.175,-1,0
18,23,-2.075,1.175,-1,0
19,23,-2.025,1.175,-1,0
20,23,-1.975,1.175,-1,0
21,23,-1.925,1.175,-1,0
22,23,-1.875,1.175,-1,0
23,23,-1.825,1.175,-1,0
24,23,-1.775,1.175,-1,0
25,23,-1.725,1.175,-1,0
26,23,-1.675,1.175,-1,0
27,23,-1.625,1.175,-1,0
28,23,-1.575,1.175,-1,0
29,23,-1.525,1.175,-1,0
30,23,-1.475,1.175,-1,0
31,23,-1.425,1.175,-1,0
32,23,-1.375,1.175,-1,0
33,23,-1.325,1.175,-1,0
34,23,-1.275,1.175,-1,0
35,23,-1.225,1.175,-1,0
36,23,-1.175,1.175,-1,0
37,23,-1.125,1.175,-1,0
38,23,-1.075,1.175,-1,0
39,23,-1.025,1.175,-1,0
40,23,-0.975,1.175,-1,0
41,23,-0.925,1.175,-1,0
42,23,-0.875,1.175,-1,0
43,23,-0.825,1.175,-1,0
44,23,-0.775,1.175,-1,0
45,23,-0.725,1.175,-1,0
46,23,-0.675,1.175,-1,0
47,23,-0.625,1.175,-1,0
48,23,-0.575,1.175,-1,0
49,23,-0.525,1.175,-1,0
50,23,-0.475,1.175,-1,0
51,23,-0.425,1.175,-1,0
52,23,-0.375,1.175,-1,0
53,23,-0.325,1.175,-1,0
54,23,-0.275,1.175,-1,0
55,23,-0.225,1.175,-1,0
56,23,-0.175,1.175,-1,0
57,23,-0.125,1.175,-1,0
58,23,-0.075,1.175,-1,0
59,23,-0.025,1.175,-1,0
60,23,0.025,1.175,244,33
61,23,0.075,1.175,-1,0
62,23,0.125,1.175,7444,2
63,23,0.175,1.175,699,5
64,23,0.225,1.175,16451,1
65,23,0.275,1.175,49905,1
66,23,0.325,1.175,24610,2
67,23,0.375,1.175,18385,3
68,23,0.425,1.175,48455,3
69,23,0.475,1.175,58776,1
70,23,0.525,1.175,10957,1
71,23,0.575,1.175,13118,2
72,23,0.625,1.175,22542,1
73,23,0.675,1.175,6597,3
74,23,0.725,1.175,-1,0
75,23,0.775,1.175,-1,0
76,23,0.825,1.175,36760,2
77,23,0.875,1.175,56341,2
78,23,0.925,1.175,88490,1
79,23,0.975,1.175,59353,1
80,23,1.025,1.175,64557,2
81,23,1.075,1.175,-1,0
82,23,1.125,1.175,27503,5
83,23,1.175,1.175,35109,3
84,23,1.225,1.175,18641,3
85,23,1.275,1.175,21266,4
86,23,1.325,1.175,12408,7
87,23,1.375,1.175,12005,3
88,23,1.425,1.175,77621,3
89,23,1.475,1.175,1473,4
90,23,1.525,1.175,327,7
91,23,1.575,1.175,5589,12
92,23,1.625,1.175,4700,3
93,23,1.675,1.175,-1,0
94,23,1.725,1.175,-1,0
95,23,1.775,1.175,-1,0
96,23,1.825,1.175,-1,0
97,23,1.875,1.175,-1,0
98,23,1.925,1.175,-1,0
99,23,1.975,1.175,-1,0
100,23,2.025,1.175,-1,0
101,23,2.075,1.175,-1,0
102,23,2.125,1.175,-1,0
103,23,2.175,1.175,-1,0
104,23,2.225,1.175,-1,0
105,23,2.275,1.175,-1,0
106,23,2.325,1.175,-1,0
107,23,2.375,1.175,-1,0
108,23,2.425,1.175,-1,0
109,23,2.475,1.175,-1,0
110,23,2.525,1.175,-1,0
111,23,2.575,1.175,-1,0
112,23,2.625,1.175,-1,0
113,23,2.675,1.175,-1,0
114,23,2.725,1.175,-1,0
115,23,2.775,1.175,-1,0
116,23,2.825,1.175,-1,0
117,23,2.875,1.175,-1,0
118,23,2.925,1.175,-1,0
119,23,2.975,1.175,-1,0
0,24,-2.975,1.225,-1,0
1,24,-2.925,1.225,-1,0
2,24,-2.875,1.225,-1,0
3,24,-2.825,1.225,-1,0
4,24,-2.775,1.225,-1,0
5,24,-2.725,1.225,-1,0
6,24,-2.675,1.225,-1,0
7,24,-2.625,1.225,-1,0
8,24,-2.575,1.225,-1,0
9,24,-2.525,1.225,-1,0
10,24,-2.475,1.225,-1,0
11,24,-2.425,1.225,-1,0
12,24,-2.375,1.225,-1,0
13,24,-2.325,1.225,-1,0
14,24,-2.275,1.225,-1,0
15,24,-2.225,1.225,-1,0
16,24,-2.175,1.225,-1,0
17,24,-2.125,1.225,-1,0
18,24,-2.075,1.225,-1,0
19,24,-2.025,1.225,-1,0
20,24,-1.975,1.225,-1,0
21,24,-1.925,1.225,-1,0
22,24,-1.875,1.225,-1,0
23,24,-1.825,1.225,-1,0
24,24,-1.775,1.225,-1,0
25,24,-1.725,1.225,-1,0
26,24,-1.675,1.225,-1,0
27,24,-1.625,1.225,-1,0
28,24,-1.575,1.225,-1,0
29,24,-1.525,1.225,-1,0
30,24,-1.475,1.225,-1,0
31,24,-1.425,1.225,-1,0
32,24,-1.375,1.225,-1,0
33,24,-1.325,1.225,-1,0
34,24,-1.275,1.225,-1,0
35,24,-1.225,1.225,-1,0
36,24,-1.175,1.225,-1,0
37,24,-1.125,1.225,-1,0
38,24,-1.075,1.225,-1,0
39,24,-1.025,1.225,-1,0
40,24,-0.975,1.225,-1,0
41,24,-0.925,1.225,-1,0
42,24,-0.875,1.225,-1,0
43,24,-0.825,1.225,-1,0
44,24,-0.775,1.225,-1,0
45,24,-0.725,1.225,-1,0
46,24,-0.675,1.225,-1,0
47,24,-0.625,1.225,-1,0
48,24,-0.575,1.225,-1,0
49,24,-0.525,1.225,-1,0
50,24,-0.475,1.225,-1,0
51,24,-0.425,1.225,-1,0
52,24,-0.375,1.225,-1,0
53,24,-0.325,1.225,-1,0
54,24,-0.275,1.225,-1,0
55,24,-0.225,1.225,-1,0
56,24,-0.175,1.225,-1,0
57,24,-0.125,1.225,-1,0
58,24,-0.075,1.225,-1,0
59,24,-0.025,1.225,-1,0
60,24,0.025,1.225,1426,29
61,24,0.075,1.225,-1,0
62,24,0.125,1.225,27006,4
63,24,0.175,1.225,23649,6
64,24,0.225,1.225,27528,2
65,24,0.275,1.225,70020,2
66,24,0.325,1.225,73692,1
67,24,0.375,1.225,17047,1
68,24,0.425,1.225,15957,5
69,24,0.475,1.225,10175,4
70,24,0.525,1.225,60587,2
71,24,0.575,1.225,9331,5
72,24,0.625,1.225,37873,1
73,24,0.675,1.225,28569,2
74,24,0.725,1.225,56044,1
75,24,0.775,1.225,48691,3
76,24,0.825,1.225,-1,0
77,24,0.875,1.225,1864,8
78,24,0.925,1.225,62651,1
79,24,0.975,1.225,80480,1
80,24,1.025,1.225,8992,3
81,24,1.075,1.225,31213,1
82,24,1.125,1.225,15203,2
83,24,1.175,1.225,2968,1
84,24,1.225,1.225,11675,5
85,24,1.275,1.225,7084,3
86,24,1.325,1.225,-1,0
87,24,1.375,1.225,1339,4
88,24,1.425,1.225,10636,8
89,24,1.475,1.225,14011,4
90,24,1.525,1.225,2314,9
91,24,1.575,1.225,14584,4
92,24,1.625,1.225,9872,7
93,24,1.675,1.225,3660,5
94,24,1.725,1.225,-1,0
95,24,1.775,1.225,-1,0
96,24,1.825,1.225,-1,0
97,24,1.875,1.225,-1,0
98,24,1.925,1.225,-1,0
99,24,1.975,1.225,-1,0
100,24,2.025,1.225,-1,0
101,24,2.075,1.225,-1,0
102,24,2.125,1.225,-1,0
103,24,2.175,1.225,-1,0
104,24,2.225,1.225,-1,0
105,24,2.275,1.225,-1,0
106,24,2.325,1.225,-1,0
107,24,2.375,1.225,-1,0
108,24,2.425,1.225,-1,0
109,24,2.475,1.225,-1,0
110,24,2.525,1.225,-1,0
111,24,2.575,1.225,-1,0
112,24,2.625,1.225,-1,0
113,24,2.675,1.225,-1,0
114,24,2.725,1.225,-1,0
115,24,2.775,1.225,-1,0
116,24,2.825,1.225,-1,0
117,24,2.875,1.225,-1,0
118,24,2.925,1.225,-1,0
119,24,2.975,1.225,-1,0
0,25,-2.975,1.275,-1,0
1,25,-2.925,1.275,-1,0
2,25,-2.875,1.275,-1,0
3,25,-2.825,1.275,-1,0
4,25,-2.775,1.275,-1,0
5,25,-2.725,1.275,-1,0
6,25,-2.675,1.275,-1,0
7,25,-2.625,1.275,-1,0
8,25,-2.575,1.275,-1,0
9,25,-2.525,1.275,-1,0
10,25,-2.475,1.275,-1,0
11,25,-2.425,1.275,-1,0
12,25,-2.375,1.275,-1,0
13,25,-2.325,1.275,-1,0
14,25,-2.275,1.275,-1,0
15,25,-2.225,1.275,-1,0
16,25,-2.175,1.275,-1,0
17,25,-2.125,1.275,-1,0
18,25,-2.075,1.275,-1,0
19,25,-2.025,1.275,-1,0
20,25,-1.975,1.275,-1,0
21,25,-1.925,1.275,-1,0
22,25,-1.875,1.275,-1,0
23,25,-1.825,1.275,-1,0
24,25,-1.775,1.275,-1,0
25,25,-1.725,1.275,-1,0
26,25,-1.675,1.275,-1,0
27,25,-1.625,1.275,-1,0
28,25,-1.575,1.275,-1,0
29,25,-1.525,1.275,-1,0
30,25,-1.475,1.275,-1,0
31,25,-1.425,1.275,-1,0
32,25,-1.375,1.275,-1,0
33,25,-1.325,1.275,-1,0
34,25,-1.275,1.275,-1,0
35,25,-1.225,1.275,-1,0
36,25,-1.175,1.275,-1,0
37,25,-1.125,1.275,-1,0
38,25,-1.075,1.275,-1,0
39,25,-1.025,1.275,-1,0
40,25,-0.975,1.275,-1,0
41,25,-0.925,1.275,-1,0
42,25,-0.875,1.275,-1,0
43,25,-0.825,1.275,-1,0
44,25,-0.775,1.275,-1,0
45,25,-0.725,1.275,-1,0
46,25,-0.675,1.275,-1,0
47,25,-0.625,1.275,-1,0
48,25,-0.575,1.275,-1,0
49,25,-0.525,1.275,-1,0
50,25,-0.475,1.275,-1,0
51,25,-0.425,1.275,-1,0
52,25,-0.375,1.275,-1,0
53,25,-0.325,1.275,-1,0
54,25,-0.275,1.275,-1,0
55,25,-0.225,1.275,-1,0
56,25,-0.175,1.275,-1,0
57,25,-0.125,1.275,-1,0
58,25,-0.075,1.275,-1,0
59,25,-0.025,1.275,-1,0
60,25,0.025,1.275,7101,31
61,25,0.075,1.275,-1,0
62,25,0.125,1.275,-1,0
63,25,0.175,1.275,15259,5
64,25,0.225,1.275,9168,2
65,25,0.275,1.275,25518,1
66,25,0.325,1.275,61954,1
67,25,0.375,1.275,21677,1
68,25,0.425,1.275,6595,7
69,25,0.475,1.275,22491,4
70,25,0.525,1.275,20588,7
71,25,0.575,1.275,2351,1
72,25,0.625,1.275,38303,2
73,25,0.675,1.275,13942,4
74,25,0.725,1.275,-1,0
75,25,0.775,1.275,43732,3
76,25,0.825,1.275,-1,0
77,25,0.875,1.275,-1,0
78,25,0.925,1.275,3976,9
79,25,0.975,1.275,3539,2
80,25,1.025,1.275,13011,1
81,25,1.075,1.275,-1,0
82,25,1.125,1.275,80024,1
83,25,1.175,1.275,5214,4
84,25,1.225,1.275,18772,2
85,25,1.275,1.275,2271,6
86,25,1.325,1.275,11506,1
87,25,1.375,1.275,658,9
88,25,1.425,1.275,12835,8
89,25,1.475,1.275,15513,6
90,25,1.525,1.275,30973,4
91,25,1.575,1.275,4164,12
92,25,1.625,1.275,13975,6
93,25,1.675,1.275,27810,13
94,25,1.725,1.275,7443,21
95,25,1.775,1.275,-1,0
96,25,1.825,1.275,-1,0
97,25,1.875,1.275,-1,0
98,25,1.925,1.275,-1,0
99,25,1.975,1.275,-1,0
100,25,2.025,1.275,-1,0
101,25,2.075,1.275,-1,0
102,25,2.125,1.275,-1,0
103,25,2.175,1.275,-1,0
104,25,2.225,1.275,-1,0
105,25,2.275,1.275,-1,0
106,25,2.325,1.275,-1,0
107,25,2.375,1.275,-1,0
108,25,2.425,1.275,-1,0
109,25,2.475,1.275,-1,0
110,25,2.525,1.275,-1,0
111,25,2.575,1.275,-1,0
112,25,2.625,1.275,-1,0
113,25,2.675,1.275,-1,0
114,25,2.725,1.275,-1,0
115,25,2.775,1.275,-1,0
116,25,2.825,1.275,-1,0
117,25,2.875,1.275,-1,0
118,25,2.925,1.275,-1,0
119,25,2.975,1.275,-1,0
0,26,-2.975,1.325,-1,0
1,26,-2.925,1.325,-1,0
2,26,-2.875,1.325,-1,0
3,26,-2.825,1.325,-1,0
4,26,-2.775,1.325,-1,0
5,26,-2.725,1.325,-1,0
6,26,-2.675,1.325,-1,0
7,26,-2.625,1.325,-1,0
8,26,-2.575,1.325,-1,0
9,26,-2.525,1.325,-1,0
10,26,-2.475,1.325,-1,0
11,26,-2.425,1.325,-1,0
12,26,-2.375,1.325,-1,0
13,26,-2.325,1.325,-1,0
14,26,-2.275,1.325,-1,0
15,26,-2.225,1.325,-1,0
16,26,-2.175,1.325,-1,0
17,26,-2.125,1.325,-1,0
18,26,-2.075,1.325,-1,0
19,26,-2.025,1.325,-1,0
20,26,-1.975,1.325,-1,0
21,26,-1.925,1.325,-1,0
22,26,-1.875,1.325,-1,0
23,26,-1.825,1.325,-1,0
24,26,-1.775,1.325,-1,0
25,26,-1.725,1.325,-1,0
26,26,-1.675,1.325,-1,0
27,26,-1.625,1.325,-1,0
28,26,-1.575,1.325,-1,0
29,26,-1.525,1.325,-1,0
30,26,-1.475,1.325,-1,0
31,26,-1.425,1.325,-1,0
32,26,-1.375,1.325,-1,0
33,26,-1.325,1.325,-1,0
34,26,-1.275,1.325,-1,0
35,26,-1.225,1.325,-1,0
36,26,-1.175,1.325,-1,0
37,26,-1.125,1.325,-1,0
38,26,-1.075,1.325,-1,0
39,26,-1.025,1.325,-1,0
40,26,-0.975,1.325,-1,0
41,26,-0.925,1.325,-1,0
42,26,-0.875,1.325,-1,0
43,26,-0.825,1.325,-1,0
44,26,-0.775,1.325,-1,0
45,26,-0.725,1.325,-1,0
46,26,-0.675,1.325,-1,0
47,26,-0.625,1.325,-1,0
48,26,-0.575,1.325,-1,0
49,26,-0.525,1.325,-1,0
50,26,-0.475,1.325,-1,0
51,26,-0.425,1.325,-1,0
52,26,-0.375,1.325,-1,0
53,26,-0.325,1.325,-1,0
54,26,-0.275,1.325,-1,0
55,26,-0.225,1.325,-1,0
56,26,-0.175,1.325,-1,0
57,26,-0.125,1.325,-1,0
58,26,-0.075,1.325,-1,0
59,26,-0.025,1.325,-1,0
60,26,0.025,1.325,1318,38
61,26,0.075,1.325,-1,0
62,26,0.125,1.325,-1,0
63,26,0.175,1.325,24841,3
64,26,0.225,1.325,4549,4
65,26,0.275,1.325,-1,0
66,26,0.325,1.325,43272,3
67,26,0.375,1.325,19430,5
68,26,0.425,1.325,33003,4
69,26,0.475,1.325,6118,6
70,26,0.525,1.325,19893,3
71,26,0.575,1.325,2970,2
72,26,0.625,1.325,8825,1
73,26,0.675,1.325,22566,2
74,26,0.725,1.325,2482,4
75,26,0.775,1.325,3357,6
76,26,0.825,1.325,29970,1
77,26,0.875,1.325,-1,0
78,26,0.925,1.325,70706,3
79,26,0.975,1.325,10183,7
80,26,1.025,1.325,31236,4
81,26,1.075,1.325,57010,3
82,26,1.125,1.325,5464,7
83,26,1.175,1.325,-1,0
84,26,1.225,1.325,14293,10
85,26,1.275,1.325,15284,4
86,26,1.325,1.325,7078,9
87,26,1.375,1.325,7046,3
88,26,1.425,1.325,-1,0
89,26,1.475,1.325,-1,0
90,26,1.525,1.325,20532,1
91,26,1.575,1.325,-1,0
92,26,1.625,1.325,-1,0
93,26,1.675,1.325,-1,0
94,26,1.725,1.325,356,12
95,26,1.775,1.325,20128,7
96,26,1.825,1.325,-1,0
97,26,1.875,1.325,-1,0
98,26,1.925,1.325,-1,0
99,26,1.975,1.325,-1,0
100,26,2.025,1.325,-1,0
101,26,2.075,1.325,-1,0
102,26,2.125,1.325,-1,0
103,26,2.175,1.325,-1,0
104,26,2.225,1.325,-1,0
105,26,2.275,1.325,-1,0
106,26,2.325,1.325,-1,0
107,26,2.375,1.325,-1,0
108,26,2.425,1.325,-1,0
109,26,2.475,1.325,-1,0
110,26,2.525,1.325,-1,0
111,26,2.575,1.325,-1,0
112,26,2.625,1.325,-1,0
113,26,2.675,1.325,-1,0
114,26,2.725,1.325,-1,0
115,26,2.775,1.325,-1,0
116,26,2.825,1.325,-1,0
117,26,2.875,1.325,-1,0
118,26,2.925,1.325,-1,0
119,26,2.975,1.325,-1,0
0,27,-2.975,1.375,-1,0
1,27,-2.925,1.375,-1,0
2,27,-2.875,1.375,-1,0
3,27,-2.825,1.375,-1,0
4,27,-2.775,1.375,-1,0
5,27,-2.725,1.375,-1,0
6,27,-2.675,1.375,-1,0
7,27,-2.625,1.375,-1,0
8,27,-2.575,1.375,-1,0
9,27,-2.525,1.375,-1,0
10,27,-2.475,1.375,-1,0
11,27,-2.425,1.375,-1,0
12,27,-2.375,1.375,-1,0
13,27,-2.325,1.375,-1,0
14,27,-2.275,1.375,-1,0
15,27,-2.225,1.375,-1,0
16,27,-2.175,1.375,-1,0
17,27,-2.125,1.375,-1,0
18,27,-2.075,1.375,-1,0
19,27,-2.025,1.375,-1,0
20,27,-1.975,1.375,-1,0
21,27,-1.925,1.375,-1,0
22,27,-1.875,1.375,-1,0
23,27,-1.825,1.375,-1,0
24,27,-1.775,1.375,-1,0
25,27,-1.725,1.375,-1,0
26,27,-1.675,1.375,-1,0
27,27,-1.625,1.375,-1,0
28,27,-1.575,1.375,-1,0
29,27,-1.525,1.375,-1,0
30,27,-1.475,1.375,-1,0
31,27,-1.425,1.375,-1,0
32,27,-1.375,1.375,-1,0
33,27,-1.325,1.375,-1,0
34,27,-1.275,1.375,-1,0
35,27,-1.225,1.375,-1,0
36,27,-1.175,1.375,-1,0
37,27,-1.125,1.375,-1,0
38,27,-1.075,1.375,-1,0
39,27,-1.025,1.375,-1,0
40,27,-0.975,1.375,-1,0
41,27,-0.925,1.375,-1,0
42,27,-0.875,1.375,-1,0
43,27,-0.825,1.375,-1,0
44,27,-0.775,1.375,-1,0
45,27,-0.725,1.375,-1,0
46,27,-0.675,1.375,-1,0
47,27,-0.625,1.375,-1,0
48,27,-0.575,1.375,-1,0
49,27,-0.525,1.375,-1,0
50,27,-0.475,1.375,-1,0
51,27,-0.425,1.375,-1,0
52,27,-0.375,1.375,-1,0
53,27,-0.325,1.375,-1,0
54,27,-0.275,1.375,-1,0
55,27,-0.225,1.375,-1,0
56,27,-0.175,1.375,-1,0
57,27,-0.125,1.375,-1,0
58,27,-0.075,1.375,-1,0
59,27,-0.025,1.375,-1,0
60,27,0.025,1.375,1266,37
61,27,0.075,1.375,-1,0
62,27,0.125,1.375,-1,0
63,27,0.175,1.375,-1,0
64,27,0.225,1.375,41304,3
65,27,0.275,1.375,3793,2
66,27,0.325,1.375,28839,1
67,27,0.375,1.375,276,4
68,27,0.425,1.375,7168,2
69,27,0.475,1.375,28547,2
70,27,0.525,1.375,12837,5
71,27,0.575,1.375,6316,6
72,27,0.625,1.375,-1,0
73,27,0.675,1.375,35114,5
74,27,0.725,1.375,9622,2
75,27,0.775,1.375,6401,1
76,27,0.825,1.375,37433,2
77,27,0.875,1.375,6946,1
78,27,0.925,1.375,39312,2
79,27,0.975,1.375,11428,2
80,27,1.025,1.375,16097,8
81,27,1.075,1.375,53299,1
82,27,1.125,1.375,45097,2
83,27,1.175,1.375,63578,4
84,27,1.225,1.375,53362,1
85,27,1.275,1.375,72220,1
86,27,1.325,1.375,11437,3
87,27,1.375,1.375,5963,2
88,27,1.425,1.375,6075,4
89,27,1.475,1.375,698,3
90,27,1.525,1.375,3716,3
91,27,1.575,1.375,16574,4
92,27,1.625,1.375,27370,3
93,27,1.675,1.375,-1,0
94,27,1.725,1.375,-1,0
95,27,1.775,1.375,-1,0
96,27,1.825,1.375,-1,0
97,27,1.875,1.375,-1,0
98,27,1.925,1.375,-1,0
99,27,1.975,1.375,-1,0
100,27,2.025,1.375,-1,0
101,27,2.075,1.375,-1,0
102,27,2.125,1.375,-1,0
103,27,2.175,1.375,-1,0
104,27,2.225,1.375,-1,0
105,27,2.275,1.375,-1,0
106,27,2.325,1.375,-1,0
107,27,2.375,1.375,-1,0
108,27,2.425,1.375,-1,0
109,27,2.475,1.375,-1,0
110,27,2.525,1.375,-1,0
111,27,2.575,1.375,-1,0
112,27,2.625,1.375,-1,0
113,27,2.675,1.375,-1,0
114,27,2.725,1.375,-1,0
115,27,2.775,1.375,-1,0
116,27,2.825,1.375,-1,0
117,27,2.875,1.375,-1,0
118,27,2.925,1.375,-1,0
119,27,2.975,1.375,-1,0
0,28,-2.975,1.425,-1,0
1,28,-2.925,1.425,-1,0
2,28,-2.875,1.425,-1,0
3,28,-2.825,1.425,-1,0
4,28,-2.775,1.425,-1,0
5,28,-2.725,1.425,-1,0
6,28,-2.675,1.425,-1,0
7,28,-2.625,1.425,-1,0
8,28,-2.575,1.425,-1,0
9,28,-2.525,1.425,-1,0
10,28,-2.475,1.425,-1,0
11,28,-2.425,1.425,-1,0
12,28,-2.375,1.425,-1,0
13,28,-2.325,1.425,-1,0
14,28,-2.275,1.425,-1,0
15,28,-2.225,1.425,-1,0
16,28,-2.175,1.425,-1,0
17,28,-2.125,1.425,-1,0
18,28,-2.075,1.425,-1,0
19,28,-2.025,1.425,-1,0
20,28,-1.975,1.425,-1,0
21,28,-1.925,1.425,-1,0
22,28,-1.875,1.425,-1,0
23,28,-1.825,1.425,-1,0
24,28,-1.775,1.425,-1,0
25,28,-1.725,1.425,-1,0
26,28,-1.675,1.425,-1,0
27,28,-1.625,1.425,-1,0
28,28,-1.575,1.425,-1,0
29,28,-1.525,1.425,-1,0
30,28,-1.475,1.425,-1,0
31,28,-1.425,1.425,-1,0
32,28,-1.375,1.425,-1,0
33,28,-1.325,1.425,-1,0
34,28,-1.275,1.425,-1,0
35,28,-1.225,1.425,-1,0
36,28,-1.175,1.425,-1,0
37,28,-1.125,1.425,-1,0
38,28,-1.075,1.425,-1,0
39,28,-1.025,1.425,-1,0
40,28,-0.975,1.425,-1,0
41,28,-0.925,1.425,-1,0
42,28,-0.875,1.425,-1,0
43,28,-0.825,1.425,-1,0
44,28,-0.775,1.425,-1,0
45,28,-0.725,1.425,-1,0
46,28,-0.675,1.425,-1,0
47,28,-0.625,1.425,-1,0
48,28,-0.575,1.425,-1,0
49,28,-0.525,1.425,-1,0
50,28,-0.475,1.425,-1,0
51,28,-0.425,1.425,-1,0
52,28,-0.375,1.425,-1,0
53,28,-0.325,1.425,-1,0
54,28,-0.275,1.425,-1,0
55,28,-0.225,1.425,-1,0
56,28,-0.175,1.425,-1,0
57,28,-0.125,1.425,-1,0
58,28,-0.075,1.425,-1,0
59,28,-0.025,1.425,-1,0
60,28,0.025,1.425,1281,25
61,28,0.075,1.425,-1,0
62,28,0.125,1.425,-1,0
63,28,0.175,1.425,-1,0
64,28,0.225,1.425,7370,3
65,28,0.275,1.425,8018,3
66,28,0.325,1.425,18172,2
67,28,0.375,1.425,12268,2
68,28,0.425,1.425,49087,3
69,28,0.475,1.425,1826,1
70,28,0.525,1.425,2316,3
71,28,0.575,1.425,13940,1
72,28,0.625,1.425,54607,1
73,28,0.675,1.425,18567,2
74,28,0.725,1.425,6505,3
75,28,0.775,1.425,1234,6
76,28,0.825,1.425,12085,3
77,28,0.875,1.425,89066,1
78,28,0.925,1.425,33916,1
79,28,0.975,1.425,-1,0
80,28,1.025,1.425,54216,3
81,28,1.075,1.425,2614,11
82,28,1.125,1.425,-1,0
83,28,1.175,1.425,-1,0
84,28,1.225,1.425,-1,0
85,28,1.275,1.425,53061,1
86,28,1.325,1.425,23172,1
87,28,1.375,1.425,13938,2
88,28,1.425,1.425,14002,5
89,28,1.475,1.425,39685,1
90,28,1.525,1.425,19843,1
91,28,1.575,1.425,6681,6
92,28,1.625,1.425,37095,5
93,28,1.675,1.425,8777,6
94,28,1.725,1.425,-1,0
95,28,1.775,1.425,-1,0
96,28,1.825,1.425,-1,0
97,28,1.875,1.425,-1,0
98,28,1.925,1.425,-1,0
99,28,1.975,1.425,-1,0
100,28,2.025,1.425,-1,0
101,28,2.075,1.425,-1,0
102,28,2.125,1.425,-1,0
103,28,2.175,1.425,-1,0
104,28,2.225,1.425,-1,0
105,28,2.275,1.425,-1,0
106,28,2.325,1.425,-1,0
107,28,2.375,1.425,-1,0
108,28,2.425,1.425,-1,0
109,28,2.475,1.425,-1,0
110,28,2.525,1.425,-1,0
111,28,2.575,1.425,-1,0
112,28,2.625,1.425,-1,0
113,28,2.675,1.425,-1,0
114,28,2.725,1.425,-1,0
115,28,2.775,1.425,-1,0
116,28,2.825,1.425,-1,0
117,28,2.875,1.425,-1,0
118,28,2.925,1.425,-1,0
119,28,2.975,1.425,-1,0
0,29,-2.975,1.475,-1,0
1,29,-2.925,1.475,-1,0
2,29,-2.875,1.475,-1,0
3,29,-2.825,1.475,-1,0
4,29,-2.775,1.475,-1,0
5,29,-2.725,1.475,-1,0
6,29,-2.675,1.475,-1,0
7,29,-2.625,1.475,-1,0
8,29,-2.575,1.475,-1,0
9,29,-2.525,1.475,-1,0
10,29,-2.475,1.475,-1,0
11,29,-2.425,1.475,-1,0
12,29,-2.375,1.475,-1,0
13,29,-2.325,1.475,-1,0
14,29,-2.275,1.475,-1,0
15,29,-2.225,1.475,-1,0
16,29,-2.175,1.475,-1,0
17,29,-2.125,1.475,-1,0
18,29,-2.075,1.475,-1,0
19,29,-2.025,1.475,-1,0
20,29,-1.975,1.475,-1,0
21,29,-1.925,1.475,-1,0
22,29,-1.875,1.475,-1,0
23,29,-1.825,1.475,-1,0
24,29,-1.775,1.475,-1,0
25,29,-1.725,1.475,-1,0
26,29,-1.675,1.475,-1,0
27,29,-1.625,1.475,-1,0
28,29,-1.575,1.475,-1,0
29,29,-1.525,1.475,-1,0
30,29,-1.475,1.475,-1,0
31,29,-1.425,1.475,-1,0
32,29,-1.375,1.475,-1,0
33,29,-1.325,1.475,-1,0
34,29,-1.275,1.475,-1,0
35,29,-1.225,1.475,-1,0
36,29,-1.175,1.475,-1,0
37,29,-1.125,1.475,-1,0
38,29,-1.075,1.475,-1,0
39,29,-1.025,1.475,-1,0
40,29,-0.975,1.475,-1,0
41,29,-0.925,1.475,-1,0
42,29,-0.875,1.475,-1,0
43,29,-0.825,1.475,-1,0
44,29,-0.775,1.475,-1,0
45,29,-0.725,1.475,-1,0
46,29,-0.675,1.475,-1,0
47,29,-0.625,1.475,-1,0
48,29,-0.575,1.475,-1,0
49,29,-0.525,1.475,-1,0
50,29,-0.475,1.475,-1,0
51,29,-0.425,1.475,-1,0
52,29,-0.375,1.475,-1,0
53,29,-0.325,1.475,-1,0
54,29,-0.275,1.475,-1,0
55,29,-0.225,1.475,-1,0
56,29,-0.175,1.475,-1,0
57,29,-0.125,1.475,-1,0
58,29,-0.075,1.475,-1,0
59,29,-0.025,1.475,-1,0
60,29,0.025,1.475,624,31
61,29,0.075,1.475,-1,0
62,29,0.125,1.475,-1,0
63,29,0.175,1.475,-1,0
64,29,0.225,1.475,-1,0
65,29,0.275,1.475,10089,3
66,29,0.325,1.475,31334,3
67,29,0.375,1.475,20699,4
68,29,0.425,1.475,22325,5
69,29,0.475,1.475,22912,5
70,29,0.525,1.475,8779,4
71,29,0.575,1.475,27686,3
72,29,0.625,1.475,65122,2
73,29,0.675,1.475,-1,0
74,29,0.725,1.475,20655,5
75,29,0.775,1.475,51283,1
76,29,0.825,1.475,23771,4
77,29,0.875,1.475,3640,3
78,29,0.925,1.475,22564,4
79,29,0.975,1.475,31878,1
80,29,1.025,1.475,59689,2
81,29,1.075,1.475,-1,0
82,29,1.125,1.475,4956,7
83,29,1.175,1.475,16494,2
84,29,1.225,1.475,234,4
85,29,1.275,1.475,51354,2
86,29,1.325,1.475,24338,4
87,29,1.375,1.475,3761,2
88,29,1.425,1.475,265,4
89,29,1.475,1.475,36616,2
90,29,1.525,1.475,12736,1
91,29,1.575,1.475,10397,8
92,29,1.625,1.475,15892,3
93,29,1.675,1.475,32780,4
94,29,1.725,1.475,8459,9
95,29,1.775,1.475,51156,2
96,29,1.825,1.475,-1,0
97,29,1.875,1.475,-1,0
98,29,1.925,1.475,-1,0
99,29,1.975,1.475,-1,0
100,29,2.025,1.475,-1,0
101,29,2.075,1.475,-1,0
102,29,2.125,1.475,-1,0
103,29,2.175,1.475,-1,0
104,29,2.225,1.475,-1,0
105,29,2.275,1.475,-1,0
106,29,2.325,1.475,-1,0
107,29,2.375,1.475,-1,0
108,29,2.425,1.475,-1,0
109,29,2.475,1.475,-1,0
110,29,2.525,1.475,-1,0
111,29,2.575,1.475,-1,0
112,29,2.625,1.475,-1,0
113,29,2.675,1.475,-1,0
114,29,2.725,1.475,-1,0
115,29,2.775,1.475,-1,0
116,29,2.825,1.475,-1,0
117,29,2.875,1.475,-1,0
118,29,2.925,1.475,-1,0
119,29,2.975,1.475,-1,0
0,30,-2.975,1.525,-1,0
1,30,-2.925,1.525,-1,0
2,30,-2.875,1.525,-1,0
3,30,-2.825,1.525,-1,0
4,30,-2.775,1.525,-1,0
5,30,-2.725,1.525,-1,0
6,30,-2.675,1.525,-1,0
7,30,-2.625,1.525,-1,0
8,30,-2.575,1.525,-1,0
9,30,-2.525,1.525,-1,0
10,30,-2.475,1.525,-1,0
11,30,-2.425,1.525,-1,0
12,30,-2.375,1.525,-1,0
13,30,-2.325,1.525,-1,0
14,30,-2.275,1.525,-1,0
15,30,-2.225,1.525,-1,0
16,30,-2.175,1.525,-1,0
17,30,-2.125,1.525,-1,0
18,30,-2.075,1.525,-1,0
19,30,-2.025,1.525,-1,0
20,30,-1.975,1.525,-1,0
21,30,-1.925,1.525,-1,0
22,30,-1.875,1.525,-1,0
23,30,-1.825,1.525,-1,0
24,30,-1.775,1.525,-1,0
25,30,-1.725,1.525,-1,0
26,30,-1.675,1.525,-1,0
27,30,-1.625,1.525,-1,0
28,30,-1.575,1.525,-1,0
29,30,-1.525,1.525,-1,0
30,30,-1.475,1.525,-1,0
31,30,-1.425,1.525,-1,0
32,30,-1.375,1.525,-1,0
33,30,-1.325,1.525,-1,0
34,30,-1.275,1.525,-1,0
35,30,-1.225,1.525,-1,0
36,30,-1.175,1.525,-1,0
37,30,-1.125,1.525,-1,0
38,30,-1.075,1.525,-1,0
39,30,-1.025,1.525,-1,0
40,30,-0.975,1.525,-1,0
41,30,-0.925,1.525,-1,0
42,30,-0.875,1.525,-1,0
43,30,-0.825,1.525,-1,0
44,30,-0.775,1.525,-1,0
45,30,-0.725,1.525,-1,0
46,30,-0.675,1.525,-1,0
47,30,-0.625,1.525,-1,0
48,30,-0.575,1.525,-1,0
49,30,-0.525,1.525,-1,0
50,30,-0.475,1.525,-1,0
51,30,-0.425,1.525,-1,0
52,30,-0.375,1.525,-1,0
53,30,-0.325,1.525,-1,0
54,30,-0.275,1.525,-1,0
55,30,-0.225,1.525,-1,0
56,30,-0.175,1.525,-1,0
57,30,-0.125,1.525,-1,0
58,30,-0.075,1.525,-1,0
59,30,-0.025,1.525,-1,0
60,30,0.025,1.525,179,59
61,30,0.075,1.525,-1,0
62,30,0.125,1.525,-1,0
63,30,0.175,1.525,-1,0
64,30,0.225,1.525,-1,0
65,30,0.275,1.525,67571,1
66,30,0.325,1.525,3704,8
67,30,0.375,1.525,7344,9
68,30,0.425,1.525,43778,3
69,30,0.475,1.525,40160,7
70,30,0.525,1.525,-1,0
71,30,0.575,1.525,11160,5
72,30,0.625,1.525,51595,1
73,30,0.675,1.525,17133,3
74,30,0.725,1.525,27696,2
75,30,0.775,1.525,20304,8
76,30,0.825,1.525,16226,6
77,30,0.875,1.525,39876,4
78,30,0.925,1.525,32011,2
79,30,0.975,1.525,33561,2
80,30,1.025,1.525,39109,3
81,30,1.075,1.525,8705,6
82,30,1.125,1.525,-1,0
83,30,1.175,1.525,7092,4
84,30,1.225,1.525,-1,0
85,30,1.275,1.525,5487,3
86,30,1.325,1.525,56346,1
87,30,1.375,1.525,4599,3
88,30,1.425,1.525,43480,3
89,30,1.475,1.525,27684,3
90,30,1.525,1.525,60055,3
91,30,1.575,1.525,-1,0
92,30,1.625,1.525,23648,5
93,30,1.675,1.525,1455,2
94,30,1.725,1.525,15258,5
95,30,1.775,1.525,5084,8
96,30,1.825,1.525,15704,6
97,30,1.875,1.525,53253,1
98,30,1.925,1.525,-1,0
99,30,1.975,1.525,-1,0
100,30,2.025,1.525,-1,0
101,30,2.075,1.525,-1,0
102,30,2.125,1.525,-1,0
103,30,2.175,1.525,-1,0
104,30,2.225,1.525,-1,0
105,30,2.275,1.525,-1,0
106,30,2.325,1.525,-1,0
107,30,2.375,1.525,-1,0
108,30,2.425,1.525,-1,0
109,30,2.475,1.525,-1,0
110,30,2.525,1.525,-1,0
111,30,2.575,1.525,-1,0
112,30,2.625,1.525,-1,0
113,30,2.675,1.525,-1,0
114,30,2.725,1.525,-1,0
115,30,2.775,1.525,-1,0
116,30,2.825,1.525,-1,0
117,30,2.875,1.525,-1,0
118,30,2.925,1.525,-1,0
119,30,2.975,1.525,-1,0
0,31,-2.975,1.575,-1,0
1,31,-2.925,1.575,-1,0
2,31,-2.875,1.575,-1,0
3,31,-2.825,1.575,-1,0
4,31,-2.775,1.575,-1,0
5,31,-2.725,1.575,-1,0
6,31,-2.675,1.575,-1,0
7,31,-2.625,1.575,-1,0
8,31,-2.575,1.575,-1,0
9,31,-2.525,1.575,-1,0
10,31,-2.475,1.575,-1,0
11,31,-2.425,1.575,-1,0
12,31,-2.375,1.575,-1,0
13,31,-2.325,1.575,-1,0
14,31,-2.275,1.575,-1,0
15,31,-2.225,1.575,-1,0
16,31,-2.175,1.575,-1,0
17,31,-2.125,1.575,-1,0
18,31,-2.075,1.575,-1,0
19,31,-2.025,1.575,-1,0
20,31,-1.975,1.575,-1,0
21,31,-1.925,1.575,-1,0
22,31,-1.875,1.575,-1,0
23,31,-1.825,1.575,-1,0
24,31,-1.775,1.575,-1,0
25,31,-1.725,1.575,-1,0
26,31,-1.675,1.575,-1,0
27,31,-1.625,1.575,-1,0
28,31,-1.575,1.575,-1,0
29,31,-1.525,1.575,-1,0
30,31,-1.475,1.575,-1,0
31,31,-1.425,1.575,-1,0
32,31,-1.375,1.575,-1,0
33,31,-1.325,1.575,-1,0
34,31,-1.275,1.575,-1,0
35,31,-1.225,1.575,-1,0
36,31,-1.175,1.575,-1,0
37,31,-1.125,1.575,-1,0
38,31,-1.075,1.575,-1,0
39,31,-1.025,1.575,-1,0
40,31,-0.975,1.575,-1,0
41,31,-0.925,1.575,-1,0
42,31,-0.875,1.575,-1,0
43,31,-0.825,1.575,-1,0
44,31,-0.775,1.575,-1,0
45,31,-0.725,1.575,-1,0
46,31,-0.675,1.575,-1,0
47,31,-0.625,1.575,-1,0
48,31,-0.575,1.575,-1,0
49,31,-0.525,1.575,-1,0
50,31,-0.475,1.575,-1,0
51,31,-0.425,1.575,-1,0
52,31,-0.375,1.575,-1,0
53,31,-0.325,1.575,-1,0
54,31,-0.275,1.575,-1,0
55,31,-0.225,1.575,-1,0
56,31,-0.175,1.575,-1,0
57,31,-0.125,1.575,-1,0
58,31,-0.075,1.575,-1,0
59,31,-0.025,1.575,-1,0
60,31,0.025,1.575,230,54
61,31,0.075,1.575,-1,0
62,31,0.125,1.575,-1,0
63,31,0.175,1.575,-1,0
64,31,0.225,1.575,-1,0
65,31,0.275,1.575,-1,0
66,31,0.325,1.575,40235,2
67,31,0.375,1.575,25774,8
68,31,0.425,1.575,22612,2
69,31,0.475,1.575,8702,10
70,31,0.525,1.575,-1,0
71,31,0.575,1.575,7035,4
72,31,0.625,1.575,16238,2
73,31,0.675,1.575,48565,4
74,31,0.725,1.575,51290,1
75,31,0.775,1.575,1683,5
76,31,0.825,1.575,2780,4
77,31,0.875,1.575,35112,3
78,31,0.925,1.575,53567,2
79,31,0.975,1.575,33919,1
80,31,1.025,1.575,75730,1
81,31,1.075,1.575,33866,3
82,31,1.125,1.575,-1,0
83,31,1.175,1.575,8175,4
84,31,1.225,1.575,9834,4
85,31,1.275,1.575,16450,6
86,31,1.325,1.575,31282,3
87,31,1.375,1.575,2963,4
88,31,1.425,1.575,36722,5
89,31,1.475,1.575,7114,5
90,31,1.525,1.575,3992,5
91,31,1.575,1.575,1842,1
92,31,1.625,1.575,6741,5
93,31,1.675,1.575,6183,11
94,31,1.725,1.575,2877,13
95,31,1.775,1.575,11034,9
96,31,1.825,1.575,3002,15
97,31,1.875,1.575,16163,10
98,31,1.925,1.575,-1,0
99,31,1.975,1.575,-1,0
100,31,2.025,1.575,-1,0
101,31,2.075,1.575,-1,0
102,31,2.125,1.575,-1,0
103,31,2.175,1.575,-1,0
104,31,2.225,1.575,-1,0
105,31,2.275,1.575,-1,0
106,31,2.325,1.575,-1,0
107,31,2.375,1.575,-1,0
108,31,2.425,1.575,-1,0
109,31,2.475,1.575,-1,0
110,31,2.525,1.575,-1,0
111,31,2.575,1.575,-1,0
112,31,2.625,1.575,-1,0
113,31,2.675,1.575,-1,0
114,31,2.725,1.575,-1,0
115,31,2.775,1.575,-1,0
116,31,2.825,1.575,-1,0
117,31,2.875,1.575,-1,0
118,31,2.925,1.575,-1,0
119,31,2.975,1.575,-1,0
0,32,-2.975,1.625,-1,0
1,32,-2.925,1.625,-1,0
2,32,-2.875,1.625,-1,0
3,32,-2.825,1.625,-1,0
4,32,-2.775,1.625,-1,0
5,32,-2.725,1.625,-1,0
6,32,-2.675,1.625,-1,0
7,32,-2.625,1.625,-1,0
8,32,-2.575,1.625,-1,0
9,32,-2.525,1.625,-1,0
10,32,-2.475,1.625,-1,0
11,32,-2.425,1.625,-1,0
12,32,-2.375,1.625,-1,0
13,32,-2.325,1.625,-1,0
14,32,-2.275,1.625,-1,0
15,32,-2.225,1.625,-1,0
16,32,-2.175,1.625,-1,0
17,32,-2.125,1.625,-1,0
18,32,-2.075,1.625,-1,0
19,32,-2.025,1.625,-1,0
20,32,-1.975,1.625,-1,0
21,32,-1.925,1.625,-1,0
22,32,-1.875,1.625,-1,0
23,32,-1.825,1.625,-1,0
24,32,-1.775,1.625,-1,0
25,32,-1.725,1.625,-1,0
26,32,-1.675,1.625,-1,0
27,32,-1.625,1.625,-1,0
28,32,-1.575,1.625,-1,0
29,32,-1.525,1.625,-1,0
30,32,-1.475,1.625,-1,0
31,32,-1.425,1.625,-1,0
32,32,-1.375,1.625,-1,0
33,32,-1.325,1.625,-1,0
34,32,-1.275,1.625,-1,0
35,32,-1.225,1.625,-1,0
36,32,-1.175,1.625,-1,0
37,32,-1.125,1.625,-1,0
38,32,-1.075,1.625,-1,0
39,32,-1.025,1.625,-1,0
40,32,-0.975,1.625,-1,0
41,32,-0.925,1.625,-1,0
42,32,-0.875,1.625,-1,0
43,32,-0.825,1.625,-1,0
44,32,-0.775,1.625,-1,0
45,32,-0.725,1.625,-1,0
46,32,-0.675,1.625,-1,0
47,32,-0.625,1.625,-1,0
48,32,-0.575,1.625,-1,0
49,32,-0.525,1.625,-1,0
50,32,-0.475,1.625,-1,0
51,32,-0.425,1.625,-1,0
52,32,-0.375,1.625,-1,0
53,32,-0.325,1.625,-1,0
54,32,-0.275,1.625,-1,0
55,32,-0.225,1.625,-1,0
56,32,-0.175,1.625,-1,0
57,32,-0.125,1.625,-1,0
58,32,-0.075,1.625,-1,0
59,32,-0.025,1.625,-1,0
60,32,0.025,1.625,6186,1
61,32,0.075,1.625,-1,0
62,32,0.125,1.625,-1,0
63,32,0.175,1.625,-1,0
64,32,0.225,1.625,-1,0
65,32,0.275,1.625,-1,0
66,32,0.325,1.625,-1,0
67,32,0.375,1.625,14716,10
68,32,0.425,1.625,8078,3
69,32,0.475,1.625,2954,6
70,32,0.525,1.625,40761,1
71,32,0.575,1.625,-1,0
72,32,0.625,1.625,410,6
73,32,0.675,1.625,19799,1
74,32,0.725,1.625,3755,4
75,32,0.775,1.625,7531,4
76,32,0.825,1.625,12253,6
77,32,0.875,1.625,15647,3
78,32,0.925,1.625,13896,2
79,32,0.975,1.625,73687,1
80,32,1.025,1.625,58942,3
81,32,1.075,1.625,23068,4
82,32,1.125,1.625,-1,0
83,32,1.175,1.625,4851,3
84,32,1.225,1.625,8605,5
85,32,1.275,1.625,4295,7
86,32,1.325,1.625,45340,1
87,32,1.375,1.625,5241,6
88,32,1.425,1.625,51178,4
89,32,1.475,1.625,18040,3
90,32,1.525,1.625,6531,3
91,32,1.575,1.625,6330,6
92,32,1.625,1.625,12291,9
93,32,1.675,1.625,3875,3
94,32,1.725,1.625,-1,0
95,32,1.775,1.625,-1,0
96,32,1.825,1.625,7883,5
97,32,1.875,1.625,12210,10
98,32,1.925,1.625,4245,17
99,32,1.975,1.625,-1,0
100,32,2.025,1.625,-1,0
101,32,2.075,1.625,-1,0
102,32,2.125,1.625,-1,0
103,32,2.175,1.625,-1,0
104,32,2.225,1.625,-1,0
105,32,2.275,1.625,-1,0
106,32,2.325,1.625,-1,0
107,32,2.375,1.625,-1,0
108,32,2.425,1.625,-1,0
109,32,2.475,1.625,-1,0
110,32,2.525,1.625,-1,0
111,32,2.575,1.625,-1,0
112,32,2.625,1.625,-1,0
113,32,2.675,1.625,-1,0
114,32,2.725,1.625,-1,0
115,32,2.775,1.625,-1,0
116,32,2.825,1.625,-1,0
117,32,2.875,1.625,-1,0
118,32,2.925,1.625,-1,0
119,32,2.975,1.625,-1,0
0,33,-2.975,1.675,-1,0
1,33,-2.925,1.675,-1,0
2,33,-2.875,1.675,-1,0
3,33,-2.825,1.675,-1,0
4,33,-2.775,1.675,-1,0
5,33,-2.725,1.675,-1,0
6,33,-2.675,1.675,-1,0
7,33,-2.625,1.675,-1,0
8,33,-2.575,1.675,-1,0
9,33,-2.525,1.675,-1,0
10,33,-2.475,1.675,-1,0
11,33,-2.425,1.675,-1,0
12,33,-2.375,1.675,-1,0
13,33,-2.325,1.675,-1,0
14,33,-2.275,1.675,-1,0
15,33,-2.225,1.675,-1,0
16,33,-2.175,1.675,-1,0
17,33,-2.125,1.675,-1,0
18,33,-2.075,1.675,-1,0
19,33,-2.025,1.675,-1,0
20,33,-1.975,1.675,-1,0
21,33,-1.925,1.675,-1,0
22,33,-1.875,1.675,-1,0
23,33,-1.825,1.675,-1,0
24,33,-1.775,1.675,-1,0
25,33,-1.725,1.675,-1,0
26,33,-1.675,1.675,-1,0
27,33,-1.625,1.675,-1,0
28,33,-1.575,1.675,-1,0
29,33,-1.525,1.675,-1,0
30,33,-1.475,1.675,-1,0
31,33,-1.425,1.675,-1,0
32,33,-1.375,1.675,-1,0
33,33,-1.325,1.675,-1,0
34,33,-1.275,1.675,-1,0
35,33,-1.225,1.675,-1,0
36,33,-1.175,1.675,-1,0
37,33,-1.125,1.675,-1,0
38,33,-1.075,1.675,-1,0
39,33,-1.025,1.675,-1,0
40,33,-0.975,1.675,-1,0
41,33,-0.925,1.675,-1,0
42,33,-0.875,1.675,-1,0
43,33,-0.825,1.675,53359,2
44,33,-0.775,1.675,-1,0
45,33,-0.725,1.675,-1,0
46,33,-0.675,1.675,-1,0
47,33,-0.625,1.675,-1,0
48,33,-0.575,1.675,-1,0
49,33,-0.525,1.675,-1,0
50,33,-0.475,1.675,-1,0
51,33,-0.425,1.675,-1,0
52,33,-0.375,1.675,-1,0
53,33,-0.325,1.675,-1,0
54,33,-0.275,1.675,-1,0
55,33,-0.225,1.675,-1,0
56,33,-0.175,1.675,-1,0
57,33,-0.125,1.675,45490,3
58,33,-0.075,1.675,62245,4
59,33,-0.025,1.675,-1,0
60,33,0.025,1.675,9678,5
61,33,0.075,1.675,-1,0
62,33,0.125,1.675,-1,0
63,33,0.175,1.675,-1,0
64,33,0.225,1.675,-1,0
65,33,0.275,1.675,-1,0
66,33,0.325,1.675,-1,0
67,33,0.375,1.675,33744,2
68,33,0.425,1.675,258,7
69,33,0.475,1.675,1485,6
70,33,0.525,1.675,23203,3
71,33,0.575,1.675,-1,0
72,33,0.625,1.675,3087,6
73,33,0.675,1.675,18880,3
74,33,0.725,1.675,2302,5
75,33,0.775,1.675,2480,5
76,33,0.825,1.675,15410,6
77,33,0.875,1.675,37339,5
78,33,0.925,1.675,9620,1
79,33,0.975,1.675,-1,0
80,33,1.025,1.675,63189,4
81,33,1.075,1.675,7298,5
82,33,1.125,1.675,4619,1
83,33,1.175,1.675,-1,0
84,33,1.225,1.675,17679,2
85,33,1.275,1.675,6227,4
86,33,1.325,1.675,9805,5
87,33,1.375,1.675,-1,0
88,33,1.425,1.675,38434,2
89,33,1.475,1.675,-1,0
90,33,1.525,1.675,65219,2
91,33,1.575,1.675,3626,5
92,33,1.625,1.675,41871,2
93,33,1.675,1.675,1988,11
94,33,1.725,1.675,1308,5
95,33,1.775,1.675,4548,3
96,33,1.825,1.675,-1,0
97,33,1.875,1.675,-1,0
98,33,1.925,1.675,80662,1
99,33,1.975,1.675,-1,0
100,33,2.025,1.675,-1,0
101,33,2.075,1.675,-1,0
102,33,2.125,1.675,-1,0
103,33,2.175,1.675,-1,0
104,33,2.225,1.675,-1,0
105,33,2.275,1.675,-1,0
106,33,2.325,1.675,-1,0
107,33,2.375,1.675,-1,0
108,33,2.425,1.675,-1,0
109,33,2.475,1.675,-1,0
110,33,2.525,1.675,-1,0
111,33,2.575,1.675,-1,0
112,33,2.625,1.675,-1,0
113,33,2.675,1.675,-1,0
114,33,2.725,1.675,-1,0
115,33,2.775,1.675,-1,0
116,33,2.825,1.675,-1,0
117,33,2.875,1.675,-1,0
118,33,2.925,1.675,-1,0
119,33,2.975,1.675,-1,0
0,34,-2.975,1.725,-1,0
1,34,-2.925,1.725,-1,0
2,34,-2.875,1.725,-1,0
3,34,-2.825,1.725,-1,0
4,34,-2.775,1.725,-1,0
5,34,-2.725,1.725,-1,0
6,34,-2.675,1.725,-1,0
7,34,-2.625,1.725,-1,0
8,34,-2.575,1.725,-1,0
9,34,-2.525,1.725,-1,0
10,34,-2.475,1.725,-1,0
11,34,-2.425,1.725,-1,0
12,34,-2.375,1.725,-1,0
13,34,-2.325,1.725,-1,0
14,34,-2.275,1.725,-1,0
15,34,-2.225,1.725,-1,0
16,34,-2.175,1.725,-1,0
17,34,-2.125,1.725,-1,0
18,34,-2.075,1.725,-1,0
19,34,-2.025,1.725,-1,0
20,34,-1.975,1.725,-1,0
21,34,-1.925,1.725,-1,0
22,34,-1.875,1.725,-1,0
23,34,-1.825,1.725,-1,0
24,34,-1.775,1.725,-1,0
25,34,-1.725,1.725,-1,0
26,34,-1.675,1.725,-1,0
27,34,-1.625,1.725,-1,0
28,34,-1.575,1.725,-1,0
29,34,-1.525,1.725,-1,0
30,34,-1.475,1.725,-1,0
31,34,-1.425,1.725,-1,0
32,34,-1.375,1.725,-1,0
33,34,-1.325,1.725,-1,0
34,34,-1.275,1.725,-1,0
35,34,-1.225,1.725,-1,0
36,34,-1.175,1.725,-1,0
37,34,-1.125,1.725,-1,0
38,34,-1.075,1.725,-1,0
39,34,-1.025,1.725,-1,0
40,34,-0.975,1.725,3038,4
41,34,-0.925,1.725,32416,3
42,34,-0.875,1.725,-1,0
43,34,-0.825,1.725,60375,1
44,34,-0.775,1.725,22526,4
45,34,-0.725,1.725,27861,1
46,34,-0.675,1.725,-1,0
47,34,-0.625,1.725,-1,0
48,34,-0.575,1.725,-1,0
49,34,-0.525,1.725,-1,0
50,34,-0.475,1.725,-1,0
51,34,-0.425,1.725,-1,0
52,34,-0.375,1.725,-1,0
53,34,-0.325,1.725,-1,0
54,34,-0.275,1.725,-1,0
55,34,-0.225,1.725,-1,0
56,34,-0.175,1.725,16679,7
57,34,-0.125,1.725,2053,6
58,34,-0.075,1.725,-1,0
59,34,-0.025,1.725,-1,0
60,34,0.025,1.725,11943,7
61,34,0.075,1.725,-1,0
62,34,0.125,1.725,-1,0
63,34,0.175,1.725,-1,0
64,34,0.225,1.725,-1,0
65,34,0.275,1.725,-1,0
66,34,0.325,1.725,-1,0
67,34,0.375,1.725,-1,0
68,34,0.425,1.725,16058,5
69,34,0.475,1.725,18054,7
70,34,0.525,1.725,45385,3
71,34,0.575,1.725,-1,0
72,34,0.625,1.725,7938,3
73,34,0.675,1.725,13737,5
74,34,0.725,1.725,3335,3
75,34,0.775,1.725,50950,2
76,34,0.825,1.725,40841,7
77,34,0.875,1.725,49706,2
78,34,0.925,1.725,32423,6
79,34,0.975,1.725,20595,1
80,34,1.025,1.725,17140,5
81,34,1.075,1.725,15391,2
82,34,1.125,1.725,163,6
83,34,1.175,1.725,2464,3
84,34,1.225,1.725,24390,2
85,34,1.275,1.725,18515,4
86,34,1.325,1.725,19917,3
87,34,1.375,1.725,15812,3
88,34,1.425,1.725,55387,2
89,34,1.475,1.725,41487,1
90,34,1.525,1.725,25692,3
91,34,1.575,1.725,51593,3
92,34,1.625,1.725,8612,2
93,34,1.675,1.725,16250,2
94,34,1.725,1.725,25916,4
95,34,1.775,1.725,27087,9
96,34,1.825,1.725,14776,8
97,34,1.875,1.725,16983,2
98,34,1.925,1.725,-1,0
99,34,1.975,1.725,-1,0
100,34,2.025,1.725,-1,0
101,34,2.075,1.725,-1,0
102,34,2.125,1.725,-1,0
103,34,2.175,1.725,-1,0
104,34,2.225,1.725,-1,0
105,34,2.275,1.725,-1,0
106,34,2.325,1.725,-1,0
107,34,2.375,1.725,-1,0
108,34,2.425,1.725,-1,0
109,34,2.475,1.725,-1,0
110,34,2.525,1.725,-1,0
111,34,2.575,1.725,-1,0
112,34,2.625,1.725,-1,0
113,34,2.675,1.725,-1,0
114,34,2.725,1.725,-1,0
115,34,2.775,1.725,-1,0
116,34,2.825,1.725,-1,0
117,34,2.875,1.725,-1,0
118,34,2.925,1.725,-1,0
119,34,2.975,1.725,-1,0
0,35,-2.975,1.775,-1,0
1,35,-2.925,1.775,-1,0
2,35,-2.875,1.775,-1,0
3,35,-2.825,1.775,-1,0
4,35,-2.775,1.775,-1,0
5,35,-2.725,1.775,-1,0
6,35,-2.675,1.775,-1,0
7,35,-2.625,1.775,-1,0
8,35,-2.575,1.775,-1,0
9,35,-2.525,1.775,-1,0
10,35,-2.475,1.775,-1,0
11,35,-2.425,1.775,-1,0
12,35,-2.375,1.775,-1,0
13,35,-2.325,1.775,-1,0
14,35,-2.275,1.775,-1,0
15,35,-2.225,1.775,-1,0
16,35,-2.175,1.775,-1,0
17,35,-2.125,1.775,-1,0
18,35,-2.075,1.775,-1,0
19,35,-2.025,1.775,-1,0
20,35,-1.975,1.775,-1,0
21,35,-1.925,1.775,-1,0
22,35,-1.875,1.775,-1,0
23,35,-1.825,1.775,-1,0
24,35,-1.775,1.775,-1,0
25,35,-1.725,1.775,-1,0
26,35,-1.675,1.775,-1,0
27,35,-1.625,1.775,-1,0
28,35,-1.575,1.775,-1,0
29,35,-1.525,1.775,-1,0
30,35,-1.475,1.775,-1,0
31,35,-1.425,1.775,-1,0
32,35,-1.375,1.775,-1,0
33,35,-1.325,1.775,-1,0
34,35,-1.275,1.775,-1,0
35,35,-1.225,1.775,-1,0
36,35,-1.175,1.775,-1,0
37,35,-1.125,1.775,56748,1
38,35,-1.075,1.775,29324,6
39,35,-1.025,1.775,40027,3
40,35,-0.975,1.775,15281,3
41,35,-0.925,1.775,13995,4
42,35,-0.875,1.775,28087,4
43,35,-0.825,1.775,62774,1
44,35,-0.775,1.775,1215,2
45,35,-0.725,1.775,3801,3
46,35,-0.675,1.775,17580,1
47,35,-0.625,1.775,13996,2
48,35,-0.575,1.775,-1,0
49,35,-0.525,1.775,-1,0
50,35,-0.475,1.775,-1,0
51,35,-0.425,1.775,-1,0
52,35,-0.375,1.775,-1,0
53,35,-0.325,1.775,-1,0
54,35,-0.275,1.775,-1,0
55,35,-0.225,1.775,16491,7
56,35,-0.175,1.775,3117,4
57,35,-0.125,1.775,16024,4
58,35,-0.075,1.775,-1,0
59,35,-0.025,1.775,-1,0
60,35,0.025,1.775,4098,7
61,35,0.075,1.775,-1,0
62,35,0.125,1.775,-1,0
63,35,0.175,1.775,-1,0
64,35,0.225,1.775,-1,0
65,35,0.275,1.775,-1,0
66,35,0.325,1.775,-1,0
67,35,0.375,1.775,-1,0
68,35,0.425,1.775,-1,0
69,35,0.475,1.775,6983,9
70,35,0.525,1.775,2294,7
71,35,0.575,1.775,-1,0
72,35,0.625,1.775,-1,0
73,35,0.675,1.775,12965,3
74,35,0.725,1.775,1445,8
75,35,0.775,1.775,23904,3
76,35,0.825,1.775,7712,7
77,35,0.875,1.775,9114,4
78,35,0.925,1.775,6744,4
79,35,0.975,1.775,16264,5
80,35,1.025,1.775,2661,4
81,35,1.075,1.775,36538,8
82,35,1.125,1.775,11266,8
83,35,1.175,1.775,32272,3
84,35,1.225,1.775,-1,0
85,35,1.275,1.775,20592,3
86,35,1.325,1.775,37558,1
87,35,1.375,1.775,-1,0
88,35,1.425,1.775,22867,5
89,35,1.475,1.775,27377,3
90,35,1.525,1.775,-1,0
91,35,1.575,1.775,25517,2
92,35,1.625,1.775,-1,0
93,35,1.675,1.775,40272,4
94,35,1.725,1.775,-1,0
95,35,1.775,1.775,45603,3
96,35,1.825,1.775,16949,4
97,35,1.875,1.775,8810,6
98,35,1.925,1.775,207,4
99,35,1.975,1.775,39609,1
100,35,2.025,1.775,-1,0
101,35,2.075,1.775,-1,0
102,35,2.125,1.775,-1,0
103,35,2.175,1.775,-1,0
104,35,2.225,1.775,-1,0
105,35,2.275,1.775,-1,0
106,35,2.325,1.775,-1,0
107,35,2.375,1.775,-1,0
108,35,2.425,1.775,-1,0
109,35,2.475,1.775,-1,0
110,35,2.525,1.775,-1,0
111,35,2.575,1.775,-1,0
112,35,2.625,1.775,-1,0
113,35,2.675,1.775,-1,0
114,35,2.725,1.775,-1,0
115,35,2.775,1.775,-1,0
116,35,2.825,1.775,-1,0
117,35,2.875,1.775,-1,0
118,35,2.925,1.775,-1,0
119,35,2.975,1.775,-1,0
0,36,-2.975,1.825,-1,0
1,36,-2.925,1.825,-1,0
2,36,-2.875,1.825,-1,0
3,36,-2.825,1.825,-1,0
4,36,-2.775,1.825,-1,0
5,36,-2.725,1.825,-1,0
6,36,-2.675,1.825,-1,0
7,36,-2.625,1.825,-1,0
8,36,-2.575,1.825,-1,0
9,36,-2.525,1.825,-1,0
10,36,-2.475,1.825,-1,0
11,36,-2.425,1.825,-1,0
12,36,-2.375,1.825,-1,0
13,36,-2.325,1.825,-1,0
14,36,-2.275,1.825,-1,0
15,36,-2.225,1.825,-1,0
16,36,-2.175,1.825,-1,0
17,36,-2.125,1.825,-1,0
18,36,-2.075,1.825,-1,0
19,36,-2.025,1.825,-1,0
20,36,-1.975,1.825,-1,0
21,36,-1.925,1.825,-1,0
22,36,-1.875,1.825,-1,0
23,36,-1.825,1.825,-1,0
24,36,-1.775,1.825,-1,0
25,36,-1.725,1.825,-1,0
26,36,-1.675,1.825,-1,0
27,36,-1.625,1.825,-1,0
28,36,-1.575,1.825,-1,0
29,36,-1.525,1.825,-1,0
30,36,-1.475,1.825,-1,0
31,36,-1.425,1.825,-1,0
32,36,-1.375,1.825,-1,0
33,36,-1.325,1.825,-1,0
34,36,-1.275,1.825,-1,0
35,36,-1.225,1.825,1577,6
36,36,-1.175,1.825,2184,5
37,36,-1.125,1.825,3133,6
38,36,-1.075,1.825,38962,1
39,36,-1.025,1.825,6942,4
40,36,-0.975,1.825,3301,5
41,36,-0.925,1.825,5737,5
42,36,-0.875,1.825,10106,3
43,36,-0.825,1.825,-1,0
44,36,-0.775,1.825,13933,3
45,36,-0.725,1.825,9776,2
46,36,-0.675,1.825,1433,1
47,36,-0.625,1.825,9671,2
48,36,-0.575,1.825,-1,0
49,36,-0.525,1.825,-1,0
50,36,-0.475,1.825,-1,0
51,36,-0.425,1.825,-1,0
52,36,-0.375,1.825,-1,0
53,36,-0.325,1.825,-1,0
54,36,-0.275,1.825,3546,8
55,36,-0.225,1.825,19389,5
56,36,-0.175,1.825,89488,1
57,36,-0.125,1.825,23345,1
58,36,-0.075,1.825,-1,0
59,36,-0.025,1.825,-1,0
60,36,0.025,1.825,9836,8
61,36,0.075,1.825,-1,0
62,36,0.125,1.825,-1,0
63,36,0.175,1.825,-1,0
64,36,0.225,1.825,-1,0
65,36,0.275,1.825,-1,0
66,36,0.325,1.825,-1,0
67,36,0.375,1.825,-1,0
68,36,0.425,1.825,-1,0
69,36,0.475,1.825,58730,2
70,36,0.525,1.825,7278,8
71,36,0.575,1.825,5483,9
72,36,0.625,1.825,-1,0
73,36,0.675,1.825,52459,1
74,36,0.725,1.825,14549,6
75,36,0.775,1.825,40917,1
76,36,0.825,1.825,7692,2
77,36,0.875,1.825,86225,1
78,36,0.925,1.825,43678,4
79,36,0.975,1.825,1178,6
80,36,1.025,1.825,83875,2
81,36,1.075,1.825,6503,6
82,36,1.125,1.825,22229,4
83,36,1.175,1.825,11679,4
84,36,1.225,1.825,24609,2
85,36,1.275,1.825,15036,5
86,36,1.325,1.825,2958,5
87,36,1.375,1.825,-1,0
88,36,1.425,1.825,17131,4
89,36,1.475,1.825,2472,11
90,36,1.525,1.825,4300,4
91,36,1.575,1.825,8618,5
92,36,1.625,1.825,34421,4
93,36,1.675,1.825,5014,8
94,36,1.725,1.825,453,5
95,36,1.775,1.825,10660,4
96,36,1.825,1.825,2493,7
97,36,1.875,1.825,13287,6
98,36,1.925,1.825,16435,5
99,36,1.975,1.825,10851,16
100,36,2.025,1.825,-1,0
101,36,2.075,1.825,-1,0
102,36,2.125,1.825,-1,0
103,36,2.175,1.825,-1,0
104,36,2.225,1.825,-1,0
105,36,2.275,1.825,-1,0
106,36,2.325,1.825,-1,0
107,36,2.375,1.825,-1,0
108,36,2.425,1.825,-1,0
109,36,2.475,1.825,-1,0
110,36,2.525,1.825,-1,0
111,36,2.575,1.825,-1,0
112,36,2.625,1.825,-1,0
113,36,2.675,1.825,-1,0
114,36,2.725,1.825,-1,0
115,36,2.775,1.825,-1,0
116,36,2.825,1.825,-1,0
117,36,2.875,1.825,-1,0
118,36,2.925,1.825,-1,0
119,36,2.975,1.825,-1,0
0,37,-2.975,1.875,-1,0
1,37,-2.925,1.875,-1,0
2,37,-2.875,1.875,-1,0
3,37,-2.825,1.875,-1,0
4,37,-2.775,1.875,-1,0
5,37,-2.725,1.875,-1,0
6,37,-2.675,1.875,-1,0
7,37,-2.625,1.875,-1,0
8,37,-2.575,1.875,-1,0
9,37,-2.525,1.875,-1,0
10,37,-2.475,1.875,-1,0
11,37,-2.425,1.875,-1,0
12,37,-2.375,1.875,-1,0
13,37,-2.325,1.875,-1,0
14,37,-2.275,1.875,-1,0
15,37,-2.225,1.875,-1,0
16,37,-2.175,1.875,-1,0
17,37,-2.125,1.875,-1,0
18,37,-2.075,1.875,-1,0
19,37,-2.025,1.875,-1,0
20,37,-1.975,1.875,-1,0
21,37,-1.925,1.875,-1,0
22,37,-1.875,1.875,-1,0
23,37,-1.825,1.875,-1,0
24,37,-1.775,1.875,-1,0
25,37,-1.725,1.875,-1,0
26,37,-1.675,1.875,-1,0
27,37,-1.625,1.875,-1,0
28,37,-1.575,1.875,-1,0
29,37,-1.525,1.875,-1,0
30,37,-1.475,1.875,-1,0
31,37,-1.425,1.875,-1,0
32,37,-1.375,1.875,-1,0
33,37,-1.325,1.875,2651,5
34,37,-1.275,1.875,29376,3
35,37,-1.225,1.875,23756,3
36,37,-1.175,1.875,27343,4
37,37,-1.125,1.875,25111,3
38,37,-1.075,1.875,23826,5
39,37,-1.025,1.875,42132,1
40,37,-0.975,1.875,10643,1
41,37,-0.925,1.875,63994,2
42,37,-0.875,1.875,40280,2
43,37,-0.825,1.875,40097,1
44,37,-0.775,1.875,8634,4
45,37,-0.725,1.875,28284,1
46,37,-0.675,1.875,43972,3
47,37,-0.625,1.875,72899,1
48,37,-0.575,1.875,-1,0
49,37,-0.525,1.875,-1,0
50,37,-0.475,1.875,-1,0
51,37,-0.425,1.875,-1,0
52,37,-0.375,1.875,-1,0
53,37,-0.325,1.875,19972,9
54,37,-0.275,1.875,29675,2
55,37,-0.225,1.875,89068,1
56,37,-0.175,1.875,81103,1
57,37,-0.125,1.875,-1,0
58,37,-0.075,1.875,-1,0
59,37,-0.025,1.875,42001,1
60,37,0.025,1.875,1862,23
61,37,0.075,1.875,-1,0
62,37,0.125,1.875,-1,0
63,37,0.175,1.875,-1,0
64,37,0.225,1.875,-1,0
65,37,0.275,1.875,-1,0
66,37,0.325,1.875,-1,0
67,37,0.375,1.875,-1,0
68,37,0.425,1.875,-1,0
69,37,0.475,1.875,-1,0
70,37,0.525,1.875,28490,2
71,37,0.575,1.875,4320,26
72,37,0.625,1.875,27200,3
73,37,0.675,1.875,-1,0
74,37,0.725,1.875,36933,6
75,37,0.775,1.875,23606,5
76,37,0.825,1.875,4401,3
77,37,0.875,1.875,-1,0
78,37,0.925,1.875,3291,3
79,37,0.975,1.875,7907,8
80,37,1.025,1.875,32377,1
81,37,1.075,1.875,5320,9
82,37,1.125,1.875,20653,3
83,37,1.175,1.875,12072,2
84,37,1.225,1.875,20613,4
85,37,1.275,1.875,58946,2
86,37,1.325,1.875,16278,6
87,37,1.375,1.875,31532,2
88,37,1.425,1.875,16261,3
89,37,1.475,1.875,24445,5
90,37,1.525,1.875,118,6
91,37,1.575,1.875,672,5
92,37,1.625,1.875,13358,2
93,37,1.675,1.875,10858,4
94,37,1.725,1.875,1175,10
95,37,1.775,1.875,293,15
96,37,1.825,1.875,17977,8
97,37,1.875,1.875,2511,6
98,37,1.925,1.875,2866,8
99,37,1.975,1.875,408,12
100,37,2.025,1.875,895,19
101,37,2.075,1.875,-1,0
102,37,2.125,1.875,-1,0
103,37,2.175,1.875,-1,0
104,37,2.225,1.875,-1,0
105,37,2.275,1.875,-1,0
106,37,2.325,1.875,-1,0
107,37,2.375,1.875,-1,0
108,37,2.425,1.875,-1,0
109,37,2.475,1.875,-1,0
110,37,2.525,1.875,-1,0
111,37,2.575,1.875,-1,0
112,37,2.625,1.875,-1,0
113,37,2.675,1.875,-1,0
114,37,2.725,1.875,-1,0
115,37,2.775,1.875,-1,0
116,37,2.825,1.875,-1,0
117,37,2.875,1.875,-1,0
118,37,2.925,1.875,-1,0
119,37,2.975,1.875,-1,0
0,38,-2.975,1.925,-1,0
1,38,-2.925,1.925,-1,0
2,38,-2.875,1.925,-1,0
3,38,-2.825,1.925,-1,0
4,38,-2.775,1.925,-1,0
5,38,-2.725,1.925,-1,0
6,38,-2.675,1.925,-1,0
7,38,-2.625,1.925,-1,0
8,38,-2.575,1.925,-1,0
9,38,-2.525,1.925,-1,0
10,38,-2.475,1.925,-1,0
11,38,-2.425,1.925,-1,0
12,38,-2.375,1.925,-1,0
13,38,-2.325,1.925,-1,0
14,38,-2.275,1.925,-1,0
15,38,-2.225,1.925,-1,0
16,38,-2.175,1.925,-1,0
17,38,-2.125,1.925,-1,0
18,38,-2.075,1.925,-1,0
19,38,-2.025,1.925,-1,0
20,38,-1.975,1.925,-1,0
21,38,-1.925,1.925,-1,0
22,38,-1.875,1.925,-1,0
23,38,-1.825,1.925,-1,0
24,38,-1.775,1.925,-1,0
25,38,-1.725,1.925,-1,0
26,38,-1.675,1.925,-1,0
27,38,-1.625,1.925,-1,0
28,38,-1.575,1.925,-1,0
29,38,-1.525,1.925,-1,0
30,38,-1.475,1.925,-1,0
31,38,-1.425,1.925,23885,4
32,38,-1.375,1.925,10282,10
33,38,-1.325,1.925,836,6
34,38,-1.275,1.925,8848,6
35,38,-1.225,1.925,3048,10
36,38,-1.175,1.925,28280,3
37,38,-1.125,1.925,3800,6
38,38,-1.075,1.925,40395,2
39,38,-1.025,1.925,8832,3
40,38,-0.975,1.925,32577,3
41,38,-0.925,1.925,1432,4
42,38,-0.875,1.925,22554,3
43,38,-0.825,1.925,4893,4
44,38,-0.775,1.925,26927,1
45,38,-0.725,1.925,85886,1
46,38,-0.675,1.925,39368,1
47,38,-0.625,1.925,-1,0
48,38,-0.575,1.925,60004,2
49,38,-0.525,1.925,-1,0
50,38,-0.475,1.925,75422,1
51,38,-0.425,1.925,231,7
52,38,-0.375,1.925,1411,9
53,38,-0.325,1.925,-1,0
54,38,-0.275,1.925,49906,2
55,38,-0.225,1.925,-1,0
56,38,-0.175,1.925,412,2
57,38,-0.125,1.925,17087,3
58,38,-0.075,1.925,61901,1
59,38,-0.025,1.925,-1,0
60,38,0.025,1.925,456,18
61,38,0.075,1.925,-1,0
62,38,0.125,1.925,-1,0
63,38,0.175,1.925,-1,0
64,38,0.225,1.925,-1,0
65,38,0.275,1.925,-1,0
66,38,0.325,1.925,-1,0
67,38,0.375,1.925,-1,0
68,38,0.425,1.925,-1,0
69,38,0.475,1.925,-1,0
70,38,0.525,1.925,-1,0
71,38,0.575,1.925,-1,0
72,38,0.625,1.925,5056,10
73,38,0.675,1.925,-1,0
74,38,0.725,1.925,-1,0
75,38,0.775,1.925,10951,9
76,38,0.825,1.925,1232,8
77,38,0.875,1.925,21939,5
78,38,0.925,1.925,-1,0
79,38,0.975,1.925,24106,6
80,38,1.025,1.925,42645,2
81,38,1.075,1.925,13036,7
82,38,1.125,1.925,31146,4
83,38,1.175,1.925,16446,7
84,38,1.225,1.925,24640,2
85,38,1.275,1.925,11683,4
86,38,1.325,1.925,8757,7
87,38,1.375,1.925,15611,3
88,38,1.425,1.925,56178,2
89,38,1.475,1.925,4326,3
90,38,1.525,1.925,704,13
91,38,1.575,1.925,26007,2
92,38,1.625,1.925,445,3
93,38,1.675,1.925,52189,3
94,38,1.725,1.925,22559,3
95,38,1.775,1.925,25850,5
96,38,1.825,1.925,8119,9
97,38,1.875,1.925,12633,3
98,38,1.925,1.925,20298,1
99,38,1.975,1.925,-1,0
100,38,2.025,1.925,7804,4
101,38,2.075,1.925,3288,10
102,38,2.125,1.925,-1,0
103,38,2.175,1.925,-1,0
104,38,2.225,1.925,-1,0
105,38,2.275,1.925,-1,0
106,38,2.325,1.925,-1,0
107,38,2.375,1.925,-1,0
108,38,2.425,1.925,-1,0
109,38,2.475,1.925,-1,0
110,38,2.525,1.925,-1,0
111,38,2.575,1.925,-1,0
112,38,2.625,1.925,-1,0
113,38,2.675,1.925,-1,0
114,38,2.725,1.925,-1,0
115,38,2.775,1.925,-1,0
116,38,2.825,1.925,-1,0
117,38,2.875,1.925,-1,0
118,38,2.925,1.925,-1,0
119,38,2.975,1.925,-1,0
0,39,-2.975,1.975,-1,0
1,39,-2.925,1.975,-1,0
2,39,-2.875,1.975,-1,0
3,39,-2.825,1.975,-1,0
4,39,-2.775,1.975,-1,0
5,39,-2.725,1.975,-1,0
6,39,-2.675,1.975,-1,0
7,39,-2.625,1.975,-1,0
8,39,-2.575,1.975,-1,0
9,39,-2.525,1.975,-1,0
10,39,-2.475,1.975,-1,0
11,39,-2.425,1.975,-1,0
12,39,-2.375,1.975,-1,0
13,39,-2.325,1.975,-1,0
14,39,-2.275,1.975,-1,0
15,39,-2.225,1.975,-1,0
16,39,-2.175,1.975,-1,0
17,39,-2.125,1.975,-1,0
18,39,-2.075,1.975,-1,0
19,39,-2.025,1.975,-1,0
20,39,-1.975,1.975,-1,0
21,39,-1.925,1.975,-1,0
22,39,-1.875,1.975,-1,0
23,39,-1.825,1.975,-1,0
24,39,-1.775,1.975,-1,0
25,39,-1.725,1.975,-1,0
26,39,-1.675,1.975,-1,0
27,39,-1.625,1.975,-1,0
28,39,-1.575,1.975,-1,0
29,39,-1.525,1.975,-1,0
30,39,-1.475,1.975,37333,4
31,39,-1.425,1.975,8596,13
32,39,-1.375,1.975,288,6
33,39,-1.325,1.975,6326,3
34,39,-1.275,1.975,6066,6
35,39,-1.225,1.975,7043,3
36,39,-1.175,1.975,7740,2
37,39,-1.125,1.975,75211,1
38,39,-1.075,1.975,4962,5
39,39,-1.025,1.975,-1,0
40,39,-0.975,1.975,59358,1
41,39,-0.925,1.975,2202,2
42,39,-0.875,1.975,-1,0
43,39,-0.825,1.975,6774,1
44,39,-0.775,1.975,41566,3
45,39,-0.725,1.975,39677,1
46,39,-0.675,1.975,-1,0
47,39,-0.625,1.975,43832,1
48,39,-0.575,1.975,-1,0
49,39,-0.525,1.975,-1,0
50,39,-0.475,1.975,23346,3
51,39,-0.425,1.975,11944,5
52,39,-0.375,1.975,-1,0
53,39,-0.325,1.975,8019,3
54,39,-0.275,1.975,7169,2
55,39,-0.225,1.975,52850,4
56,39,-0.175,1.975,36031,2
57,39,-0.125,1.975,4502,3
58,39,-0.075,1.975,-1,0
59,39,-0.025,1.975,33912,2
60,39,0.025,1.975,4479,37
61,39,0.075,1.975,25949,1
62,39,0.125,1.975,-1,0
63,39,0.175,1.975,-1,0
64,39,0.225,1.975,-1,0
65,39,0.275,1.975,-1,0
66,39,0.325,1.975,-1,0
67,39,0.375,1.975,-1,0
68,39,0.425,1.975,-1,0
69,39,0.475,1.975,-1,0
70,39,0.525,1.975,-1,0
71,39,0.575,1.975,-1,0
72,39,0.625,1.975,-1,0
73,39,0.675,1.975,-1,0
74,39,0.725,1.975,-1,0
75,39,0.775,1.975,10051,2
76,39,0.825,1.975,8729,8
77,39,0.875,1.975,8098,7
78,39,0.925,1.975,-1,0
79,39,0.975,1.975,71,5
80,39,1.025,1.975,16840,4
81,39,1.075,1.975,15237,8
82,39,1.125,1.975,17046,2
83,39,1.175,1.975,35500,3
84,39,1.225,1.975,55924,1
85,39,1.275,1.975,11729,6
86,39,1.325,1.975,604,6
87,39,1.375,1.975,21676,6
88,39,1.425,1.975,8693,5
89,39,1.475,1.975,15962,2
90,39,1.525,1.975,6123,4
91,39,1.575,1.975,25369,7
92,39,1.625,1.975,15120,3
93,39,1.675,1.975,2944,3
94,39,1.725,1.975,7108,3
95,39,1.775,1.975,25662,2
96,39,1.825,1.975,4009,6
97,39,1.875,1.975,190,4
98,39,1.925,1.975,8017,8
99,39,1.975,1.975,58129,3
100,39,2.025,1.975,80462,1
101,39,2.075,1.975,-1,0
102,39,2.125,1.975,-1,0
103,39,2.175,1.975,-1,0
104,39,2.225,1.975,-1,0
105,39,2.275,1.975,-1,0
106,39,2.325,1.975,-1,0
107,39,2.375,1.975,-1,0
108,39,2.425,1.975,-1,0
109,39,2.475,1.975,-1,0
110,39,2.525,1.975,-1,0
111,39,2.575,1.975,-1,0
112,39,2.625,1.975,-1,0
113,39,2.675,1.975,-1,0
114,39,2.725,1.975,-1,0
115,39,2.775,1.975,-1,0
116,39,2.825,1.975,-1,0
117,39,2.875,1.975,-1,0
118,39,2.925,1.975,-1,0
119,39,2.975,1.975,-1,0
0,40,-2.975,2.025,-1,0
1,40,-2.925,2.025,-1,0
2,40,-2.875,2.025,-1,0
3,40,-2.825,2.025,-1,0
4,40,-2.775,2.025,-1,0
5,40,-2.725,2.025,-1,0
6,40,-2.675,2.025,-1,0
7,40,-2.625,2.025,-1,0
8,40,-2.575,2.025,-1,0
9,40,-2.525,2.025,-1,0
10,40,-2.475,2.025,-1,0
11,40,-2.425,2.025,-1,0
12,40,-2.375,2.025,-1,0
13,40,-2.325,2.025,-1,0
14,40,-2.275,2.025,-1,0
15,40,-2.225,2.025,-1,0
16,40,-2.175,2.025,-1,0
17,40,-2.125,2.025,-1,0
18,40,-2.075,2.025,-1,0
19,40,-2.025,2.025,-1,0
20,40,-1.975,2.025,-1,0
21,40,-1.925,2.025,-1,0
22,40,-1.875,2.025,-1,0
23,40,-1.825,2.025,-1,0
24,40,-1.775,2.025,-1,0
25,40,-1.725,2.025,-1,0
26,40,-1.675,2.025,-1,0
27,40,-1.625,2.025,-1,0
28,40,-1.575,2.025,-1,0
29,40,-1.525,2.025,11627,12
30,40,-1.475,2.025,4614,12
31,40,-1.425,2.025,5227,19
32,40,-1.375,2.025,11415,10
33,40,-1.325,2.025,22525,12
34,40,-1.275,2.025,4001,3
35,40,-1.225,2.025,8491,5
36,40,-1.175,2.025,56785,1
37,40,-1.125,2.025,45970,2
38,40,-1.075,2.025,5340,3
39,40,-1.025,2.025,7624,4
40,40,-0.975,2.025,9422,5
41,40,-0.925,2.025,20260,4
42,40,-0.875,2.025,23169,4
43,40,-0.825,2.025,64293,1
44,40,-0.775,2.025,25462,3
45,40,-0.725,2.025,8708,3
46,40,-0.675,2.025,39530,4
47,40,-0.625,2.025,58505,2
48,40,-0.575,2.025,87520,1
49,40,-0.525,2.025,56399,4
50,40,-0.475,2.025,9837,6
51,40,-0.425,2.025,-1,0
52,40,-0.375,2.025,82799,1
53,40,-0.325,2.025,-1,0
54,40,-0.275,2.025,27373,1
55,40,-0.225,2.025,-1,0
56,40,-0.175,2.025,45849,3
57,40,-0.125,2.025,41163,2
58,40,-0.075,2.025,-1,0
59,40,-0.025,2.025,57626,2
60,40,0.025,2.025,1741,27
61,40,0.075,2.025,53022,4
62,40,0.125,2.025,30722,2
63,40,0.175,2.025,-1,0
64,40,0.225,2.025,-1,0
65,40,0.275,2.025,-1,0
66,40,0.325,2.025,-1,0
67,40,0.375,2.025,-1,0
68,40,0.425,2.025,-1,0
69,40,0.475,2.025,-1,0
70,40,0.525,2.025,-1,0
71,40,0.575,2.025,-1,0
72,40,0.625,2.025,21325,4
73,40,0.675,2.025,4616,7
74,40,0.725,2.025,15199,4
75,40,0.775,2.025,-1,0
76,40,0.825,2.025,992,7
77,40,0.875,2.025,4771,22
78,40,0.925,2.025,-1,0
79,40,0.975,2.025,-1,0
80,40,1.025,2.025,3748,5
81,40,1.075,2.025,21988,4
82,40,1.125,2.025,15956,3
83,40,1.175,2.025,15558,4
84,40,1.225,2.025,25854,4
85,40,1.275,2.025,47991,2
86,40,1.325,2.025,5832,12
87,40,1.375,2.025,2658,5
88,40,1.425,2.025,22592,5
89,40,1.475,2.025,13947,3
90,40,1.525,2.025,18288,4
91,40,1.575,2.025,-1,0
92,40,1.625,2.025,-1,0
93,40,1.675,2.025,28838,3
94,40,1.725,2.025,62253,2
95,40,1.775,2.025,7904,5
96,40,1.825,2.025,21685,7
97,40,1.875,2.025,-1,0
98,40,1.925,2.025,43982,1
99,40,1.975,2.025,3312,6
100,40,2.025,2.025,2251,10
101,40,2.075,2.025,39223,1
102,40,2.125,2.025,-1,0
103,40,2.175,2.025,-1,0
104,40,2.225,2.025,-1,0
105,40,2.275,2.025,-1,0
106,40,2.325,2.025,-1,0
107,40,2.375,2.025,-1,0
108,40,2.425,2.025,-1,0
109,40,2.475,2.025,-1,0
110,40,2.525,2.025,-1,0
111,40,2.575,2.025,-1,0
112,40,2.625,2.025,-1,0
113,40,2.675,2.025,-1,0
114,40,2.725,2.025,-1,0
115,40,2.775,2.025,-1,0
116,40,2.825,2.025,-1,0
117,40,2.875,2.025,-1,0
118,40,2.925,2.025,-1,0
119,40,2.975,2.025,-1,0
0,41,-2.975,2.075,-1,0
1,41,-2.925,2.075,-1,0
2,41,-2.875,2.075,-1,0
3,41,-2.825,2.075,-1,0
4,41,-2.775,2.075,-1,0
5,41,-2.725,2.075,-1,0
6,41,-2.675,2.075,-1,0
7,41,-2.625,2.075,-1,0
8,41,-2.575,2.075,-1,0
9,41,-2.525,2.075,-1,0
10,41,-2.475,2.075,-1,0
11,41,-2.425,2.075,-1,0
12,41,-2.375,2.075,-1,0
13,41,-2.325,2.075,-1,0
14,41,-2.275,2.075,-1,0
15,41,-2.225,2.075,-1,0
16,41,-2.175,2.075,-1,0
17,41,-2.125,2.075,-1,0
18,41,-2.075,2.075,-1,0
19,41,-2.025,2.075,-1,0
20,41,-1.975,2.075,-1,0
21,41,-1.925,2.075,-1,0
22,41,-1.875,2.075,-1,0
23,41,-1.825,2.075,-1,0
24,41,-1.775,2.075,-1,0
25,41,-1.725,2.075,-1,0
26,41,-1.675,2.075,-1,0
27,41,-1.625,2.075,-1,0
28,41,-1.575,2.075,766,12
29,41,-1.525,2.075,13634,19
30,41,-1.475,2.075,58275,1
31,41,-1.425,2.075,-1,0
32,41,-1.375,2.075,-1,0
33,41,-1.325,2.075,-1,0
34,41,-1.275,2.075,-1,0
35,41,-1.225,2.075,-1,0
36,41,-1.175,2.075,726,4
37,41,-1.125,2.075,1116,10
38,41,-1.075,2.075,20500,9
39,41,-1.025,2.075,30885,6
40,41,-0.975,2.075,2158,9
41,41,-0.925,2.075,38150,3
42,41,-0.875,2.075,2347,4
43,41,-0.825,2.075,42298,2
44,41,-0.775,2.075,17249,2
45,41,-0.725,2.075,35603,3
46,41,-0.675,2.075,-1,0
47,41,-0.625,2.075,39367,1
48,41,-0.575,2.075,12015,5
49,41,-0.525,2.075,3830,13
50,41,-0.475,2.075,-1,0
51,41,-0.425,2.075,-1,0
52,41,-0.375,2.075,43831,1
53,41,-0.325,2.075,45629,2
54,41,-0.275,2.075,-1,0
55,41,-0.225,2.075,1235,2
56,41,-0.175,2.075,58840,1
57,41,-0.125,2.075,26330,1
58,41,-0.075,2.075,-1,0
59,41,-0.025,2.075,26195,3
60,41,0.025,2.075,3971,37
61,41,0.075,2.075,3829,4
62,41,0.125,2.075,6644,9
63,41,0.175,2.075,56193,5
64,41,0.225,2.075,-1,0
65,41,0.275,2.075,-1,0
66,41,0.325,2.075,-1,0
67,41,0.375,2.075,-1,0
68,41,0.425,2.075,-1,0
69,41,0.475,2.075,-1,0
70,41,0.525,2.075,-1,0
71,41,0.575,2.075,6944,1
72,41,0.625,2.075,29560,3
73,41,0.675,2.075,31789,3
74,41,0.725,2.075,9025,2
75,41,0.775,2.075,6285,6
76,41,0.825,2.075,85679,1
77,41,0.875,2.075,160,13
78,41,0.925,2.075,1079,23
79,41,0.975,2.075,21510,2
80,41,1.025,2.075,13210,6
81,41,1.075,2.075,1332,15
82,41,1.125,2.075,4258,4
83,41,1.175,2.075,7808,3
84,41,1.225,2.075,20302,7
85,41,1.275,2.075,1515,4
86,41,1.325,2.075,28803,3
87,41,1.375,2.075,-1,0
88,41,1.425,2.075,52906,2
89,41,1.475,2.075,87008,1
90,41,1.525,2.075,3340,8
91,41,1.575,2.075,66944,1
92,41,1.625,2.075,874,3
93,41,1.675,2.075,29896,4
94,41,1.725,2.075,1511,5
95,41,1.775,2.075,63201,2
96,41,1.825,2.075,31824,3
97,41,1.875,2.075,32,9
98,41,1.925,2.075,3771,6
99,41,1.975,2.075,10088,7
100,41,2.025,2.075,5334,9
101,41,2.075,2.075,2725,6
102,41,2.125,2.075,23736,4
103,41,2.175,2.075,-1,0
104,41,2.225,2.075,-1,0
105,41,2.275,2.075,-1,0
106,41,2.325,2.075,-1,0
107,41,2.375,2.075,-1,0
108,41,2.425,2.075,-1,0
109,41,2.475,2.075,-1,0
110,41,2.525,2.075,-1,0
111,41,2.575,2.075,-1,0
112,41,2.625,2.075,-1,0
113,41,2.675,2.075,-1,0
114,41,2.725,2.075,-1,0
115,41,2.775,2.075,-1,0
116,41,2.825,2.075,-1,0
117,41,2.875,2.075,-1,0
118,41,2.925,2.075,-1,0
119,41,2.975,2.075,-1,0
0,42,-2.975,2.125,-1,0
1,42,-2.925,2.125,-1,0
2,42,-2.875,2.125,-1,0
3,42,-2.825,2.125,-1,0
4,42,-2.775,2.125,-1,0
5,42,-2.725,2.125,-1,0
6,42,-2.675,2.125,-1,0
7,42,-2.625,2.125,-1,0
8,42,-2.575,2.125,-1,0
9,42,-2.525,2.125,-1,0
10,42,-2.475,2.125,-1,0
11,42,-2.425,2.125,-1,0
12,42,-2.375,2.125,-1,0
13,42,-2.325,2.125,-1,0
14,42,-2.275,2.125,-1,0
15,42,-2.225,2.125,-1,0
16,42,-2.175,2.125,-1,0
17,42,-2.125,2.125,-1,0
18,42,-2.075,2.125,-1,0
19,42,-2.025,2.125,-1,0
20,42,-1.975,2.125,-1,0
21,42,-1.925,2.125,-1,0
22,42,-1.875,2.125,-1,0
23,42,-1.825,2.125,-1,0
24,42,-1.775,2.125,-1,0
25,42,-1.725,2.125,-1,0
26,42,-1.675,2.125,-1,0
27,42,-1.625,2.125,-1,0
28,42,-1.575,2.125,-1,0
29,42,-1.525,2.125,-1,0
30,42,-1.475,2.125,-1,0
31,42,-1.425,2.125,-1,0
32,42,-1.375,2.125,-1,0
33,42,-1.325,2.125,37271,6
34,42,-1.275,2.125,17890,3
35,42,-1.225,2.125,1214,6
36,42,-1.175,2.125,1917,8
37,42,-1.125,2.125,22099,3
38,42,-1.075,2.125,8493,3
39,42,-1.025,2.125,13932,3
40,42,-0.975,2.125,3040,2
41,42,-0.925,2.125,16670,4
42,42,-0.875,2.125,40178,1
43,42,-0.825,2.125,4124,3
44,42,-0.775,2.125,7336,7
45,42,-0.725,2.125,35380,2
46,42,-0.675,2.125,51799,1
47,42,-0.625,2.125,14533,5
48,42,-0.575,2.125,7839,4
49,42,-0.525,2.125,72678,1
50,42,-0.475,2.125,-1,0
51,42,-0.425,2.125,-1,0
52,42,-0.375,2.125,5484,6
53,42,-0.325,2.125,-1,0
54,42,-0.275,2.125,3756,2
55,42,-0.225,2.125,27244,2
56,42,-0.175,2.125,87519,1
57,42,-0.125,2.125,31237,3
58,42,-0.075,2.125,28919,4
59,42,-0.025,2.125,31866,2
60,42,0.025,2.125,869,34
61,42,0.075,2.125,10977,5
62,42,0.125,2.125,72187,2
63,42,0.175,2.125,-1,0
64,42,0.225,2.125,1764,10
65,42,0.275,2.125,-1,0
66,42,0.325,2.125,-1,0
67,42,0.375,2.125,-1,0
68,42,0.425,2.125,-1,0
69,42,0.475,2.125,-1,0
70,42,0.525,2.125,-1,0
71,42,0.575,2.125,10147,1
72,42,0.625,2.125,79605,1
73,42,0.675,2.125,20502,3
74,42,0.725,2.125,36219,1
75,42,0.775,2.125,22426,6
76,42,0.825,2.125,8989,4
77,42,0.875,2.125,22249,4
78,42,0.925,2.125,11124,7
79,42,0.975,2.125,18319,5
80,42,1.025,2.125,44489,3
81,42,1.075,2.125,600,13
82,42,1.125,2.125,9858,9
83,42,1.175,2.125,-1,0
84,42,1.225,2.125,13768,6
85,42,1.275,2.125,6594,4
86,42,1.325,2.125,6217,9
87,42,1.375,2.125,19429,4
88,42,1.425,2.125,270,5
89,42,1.475,2.125,15817,5
90,42,1.525,2.125,36886,2
91,42,1.575,2.125,88895,1
92,42,1.625,2.125,63981,1
93,42,1.675,2.125,20311,4
94,42,1.725,2.125,6877,5
95,42,1.775,2.125,14733,8
96,42,1.825,2.125,12502,4
97,42,1.875,2.125,19884,10
98,42,1.925,2.125,25931,4
99,42,1.975,2.125,23,7
100,42,2.025,2.125,27065,2
101,42,2.075,2.125,7619,7
102,42,2.125,2.125,1885,23
103,42,2.175,2.125,7936,2
104,42,2.225,2.125,-1,0
105,42,2.275,2.125,-1,0
106,42,2.325,2.125,-1,0
107,42,2.375,2.125,-1,0
108,42,2.425,2.125,-1,0
109,42,2.475,2.125,-1,0
110,42,2.525,2.125,-1,0
111,42,2.575,2.125,-1,0
112,42,2.625,2.125,-1,0
113,42,2.675,2.125,-1,0
114,42,2.725,2.125,-1,0
115,42,2.775,2.125,-1,0
116,42,2.825,2.125,-1,0
117,42,2.875,2.125,-1,0
118,42,2.925,2.125,-1,0
119,42,2.975,2.125,-1,0
0,43,-2.975,2.175,-1,0
1,43,-2.925,2.175,-1,0
2,43,-2.875,2.175,-1,0
3,43,-2.825,2.175,-1,0
4,43,-2.775,2.175,-1,0
5,43,-2.725,2.175,-1,0
6,43,-2.675,2.175,-1,0
7,43,-2.625,2.175,-1,0
8,43,-2.575,2.175,-1,0
9,43,-2.525,2.175,-1,0
10,43,-2.475,2.175,-1,0
11,43,-2.425,2.175,-1,0
12,43,-2.375,2.175,-1,0
13,43,-2.325,2.175,-1,0
14,43,-2.275,2.175,-1,0
15,43,-2.225,2.175,-1,0
16,43,-2.175,2.175,-1,0
17,43,-2.125,2.175,-1,0
18,43,-2.075,2.175,-1,0
19,43,-2.025,2.175,-1,0
20,43,-1.975,2.175,-1,0
21,43,-1.925,2.175,-1,0
22,43,-1.875,2.175,-1,0
23,43,-1.825,2.175,-1,0
24,43,-1.775,2.175,-1,0
25,43,-1.725,2.175,-1,0
26,43,-1.675,2.175,-1,0
27,43,-1.625,2.175,-1,0
28,43,-1.575,2.175,-1,0
29,43,-1.525,2.175,-1,0
30,43,-1.475,2.175,36408,3
31,43,-1.425,2.175,-1,0
32,43,-1.375,2.175,23454,6
33,43,-1.325,2.175,42990,2
34,43,-1.275,2.175,28128,7
35,43,-1.225,2.175,13905,5
36,43,-1.175,2.175,28770,1
37,43,-1.125,2.175,-1,0
38,43,-1.075,2.175,46023,2
39,43,-1.025,2.175,41238,3
40,43,-0.975,2.175,-1,0
41,43,-0.925,2.175,13935,2
42,43,-0.875,2.175,-1,0
43,43,-0.825,2.175,41723,1
44,43,-0.775,2.175,-1,0
45,43,-0.725,2.175,-1,0
46,43,-0.675,2.175,1464,7
47,43,-0.625,2.175,28260,3
48,43,-0.575,2.175,68146,1
49,43,-0.525,2.175,46242,2
50,43,-0.475,2.175,-1,0
51,43,-0.425,2.175,-1,0
52,43,-0.375,2.175,59302,1
53,43,-0.325,2.175,9518,2
54,43,-0.275,2.175,37214,2
55,43,-0.225,2.175,-1,0
56,43,-0.175,2.175,39110,1
57,43,-0.125,2.175,65313,1
58,43,-0.075,2.175,28273,2
59,43,-0.025,2.175,1340,2
60,43,0.025,2.175,1623,41
61,43,0.075,2.175,14817,1
62,43,0.125,2.175,-1,0
63,43,0.175,2.175,22539,2
64,43,0.225,2.175,16257,3
65,43,0.275,2.175,1751,7
66,43,0.325,2.175,44986,1
67,43,0.375,2.175,-1,0
68,43,0.425,2.175,-1,0
69,43,0.475,2.175,-1,0
70,43,0.525,2.175,9673,1
71,43,0.575,2.175,28286,1
72,43,0.625,2.175,20262,3
73,43,0.675,2.175,72369,1
74,43,0.725,2.175,48742,3
75,43,0.775,2.175,50031,1
76,43,0.825,2.175,28408,3
77,43,0.875,2.175,57572,2
78,43,0.925,2.175,6093,5
79,43,0.975,2.175,73358,1
80,43,1.025,2.175,8642,6
81,43,1.075,2.175,21526,9
82,43,1.125,2.175,5156,22
83,43,1.175,2.175,36709,1
84,43,1.225,2.175,64219,3
85,43,1.275,2.175,11222,6
86,43,1.325,2.175,15636,11
87,43,1.375,2.175,29109,7
88,43,1.425,2.175,50051,4
89,43,1.475,2.175,24093,9
90,43,1.525,2.175,3753,12
91,43,1.575,2.175,3968,4
92,43,1.625,2.175,65991,2
93,43,1.675,2.175,33964,2
94,43,1.725,2.175,13352,7
95,43,1.775,2.175,-1,0
96,43,1.825,2.175,-1,0
97,43,1.875,2.175,24103,2
98,43,1.925,2.175,50254,4
99,43,1.975,2.175,12484,2
100,43,2.025,2.175,12562,5
101,43,2.075,2.175,33036,2
102,43,2.125,2.175,-1,0
103,43,2.175,2.175,7162,15
104,43,2.225,2.175,-1,0
105,43,2.275,2.175,-1,0
106,43,2.325,2.175,-1,0
107,43,2.375,2.175,-1,0
108,43,2.425,2.175,-1,0
109,43,2.475,2.175,-1,0
110,43,2.525,2.175,-1,0
111,43,2.575,2.175,-1,0
112,43,2.625,2.175,-1,0
113,43,2.675,2.175,-1,0
114,43,2.725,2.175,-1,0
115,43,2.775,2.175,-1,0
116,43,2.825,2.175,-1,0
117,43,2.875,2.175,-1,0
118,43,2.925,2.175,-1,0
119,43,2.975,2.175,-1,0
0,44,-2.975,2.225,-1,0
1,44,-2.925,2.225,-1,0
2,44,-2.875,2.225,-1,0
3,44,-2.825,2.225,-1,0
4,44,-2.775,2.225,-1,0
5,44,-2.725,2.225,-1,0
6,44,-2.675,2.225,-1,0
7,44,-2.625,2.225,-1,0
8,44,-2.575,2.225,-1,0
9,44,-2.525,2.225,-1,0
10,44,-2.475,2.225,-1,0
11,44,-2.425,2.225,-1,0
12,44,-2.375,2.225,-1,0
13,44,-2.325,2.225,-1,0
14,44,-2.275,2.225,-1,0
15,44,-2.225,2.225,-1,0
16,44,-2.175,2.225,-1,0
17,44,-2.125,2.225,-1,0
18,44,-2.075,2.225,-1,0
19,44,-2.025,2.225,-1,0
20,44,-1.975,2.225,-1,0
21,44,-1.925,2.225,-1,0
22,44,-1.875,2.225,-1,0
23,44,-1.825,2.225,-1,0
24,44,-1.775,2.225,-1,0
25,44,-1.725,2.225,-1,0
26,44,-1.675,2.225,-1,0
27,44,-1.625,2.225,-1,0
28,44,-1.575,2.225,-1,0
29,44,-1.525,2.225,1915,5
30,44,-1.475,2.225,1665,12
31,44,-1.425,2.225,3103,5
32,44,-1.375,2.225,33554,6
33,44,-1.325,2.225,39457,2
34,44,-1.275,2.225,6072,5
35,44,-1.225,2.225,62148,2
36,44,-1.175,2.225,-1,0
37,44,-1.125,2.225,46021,2
38,44,-1.075,2.225,49531,3
39,44,-1.025,2.225,35382,2
40,44,-0.975,2.225,8710,5
41,44,-0.925,2.225,-1,0
42,44,-0.875,2.225,-1,0
43,44,-0.825,2.225,-1,0
44,44,-0.775,2.225,-1,0
45,44,-0.725,2.225,4882,8
46,44,-0.675,2.225,6296,3
47,44,-0.625,2.225,86549,1
48,44,-0.575,2.225,75298,1
49,44,-0.525,2.225,57477,3
50,44,-0.475,2.225,9674,1
51,44,-0.425,2.225,-1,0
52,44,-0.375,2.225,-1,0
53,44,-0.325,2.225,6415,4
54,44,-0.275,2.225,16265,4
55,44,-0.225,2.225,164,5
56,44,-0.175,2.225,8606,3
57,44,-0.125,2.225,74542,1
58,44,-0.075,2.225,-1,0
59,44,-0.025,2.225,33847,3
60,44,0.025,2.225,3727,30
61,44,0.075,2.225,-1,0
62,44,0.125,2.225,-1,0
63,44,0.175,2.225,27764,2
64,44,0.225,2.225,1686,4
65,44,0.275,2.225,71689,2
66,44,0.325,2.225,1428,11
67,44,0.375,2.225,46241,3
68,44,0.425,2.225,-1,0
69,44,0.475,2.225,-1,0
70,44,0.525,2.225,-1,0
71,44,0.575,2.225,62971,1
72,44,0.625,2.225,6298,2
73,44,0.675,2.225,4814,4
74,44,0.725,2.225,2461,8
75,44,0.775,2.225,-1,0
76,44,0.825,2.225,10493,3
77,44,0.875,2.225,-1,0
78,44,0.925,2.225,4654,3
79,44,0.975,2.225,8627,4
80,44,1.025,2.225,31874,5
81,44,1.075,2.225,22490,6
82,44,1.125,2.225,16224,11
83,44,1.175,2.225,2778,30
84,44,1.225,2.225,25271,8
85,44,1.275,2.225,1681,11
86,44,1.325,2.225,13131,12
87,44,1.375,2.225,-1,0
88,44,1.425,2.225,28014,3
89,44,1.475,2.225,21690,3
90,44,1.525,2.225,275,10
91,44,1.575,2.225,21272,6
92,44,1.625,2.225,18494,2
93,44,1.675,2.225,48573,2
94,44,1.725,2.225,39764,2
95,44,1.775,2.225,11247,3
96,44,1.825,2.225,11950,2
97,44,1.875,2.225,28847,3
98,44,1.925,2.225,75758,1
99,44,1.975,2.225,16461,4
100,44,2.025,2.225,21387,6
101,44,2.075,2.225,30483,4
102,44,2.125,2.225,1251,6
103,44,2.175,2.225,-1,0
104,44,2.225,2.225,-1,0
105,44,2.275,2.225,-1,0
106,44,2.325,2.225,-1,0
107,44,2.375,2.225,-1,0
108,44,2.425,2.225,-1,0
109,44,2.475,2.225,-1,0
110,44,2.525,2.225,-1,0
111,44,2.575,2.225,-1,0
112,44,2.625,2.225,-1,0
113,44,2.675,2.225,-1,0
114,44,2.725,2.225,-1,0
115,44,2.775,2.225,-1,0
116,44,2.825,2.225,-1,0
117,44,2.875,2.225,-1,0
118,44,2.925,2.225,-1,0
119,44,2.975,2.225,-1,0
0,45,-2.975,2.275,-1,0
1,45,-2.925,2.275,-1,0
2,45,-2.875,2.275,-1,0
3,45,-2.825,2.275,-1,0
4,45,-2.775,2.275,-1,0
5,45,-2.725,2.275,-1,0
6,45,-2.675,2.275,-1,0
7,45,-2.625,2.275,-1,0
8,45,-2.575,2.275,-1,0
9,45,-2.525,2.275,-1,0
10,45,-2.475,2.275,-1,0
11,45,-2.425,2.275,-1,0
12,45,-2.375,2.275,-1,0
13,45,-2.325,2.275,-1,0
14,45,-2.275,2.275,-1,0
15,45,-2.225,2.275,-1,0
16,45,-2.175,2.275,-1,0
17,45,-2.125,2.275,-1,0
18,45,-2.075,2.275,-1,0
19,45,-2.025,2.275,-1,0
20,45,-1.975,2.275,-1,0
21,45,-1.925,2.275,-1,0
22,45,-1.875,2.275,-1,0
23,45,-1.825,2.275,-1,0
24,45,-1.775,2.275,-1,0
25,45,-1.725,2.275,-1,0
26,45,-1.675,2.275,-1,0
27,45,-1.625,2.275,42064,1
28,45,-1.575,2.275,3681,5
29,45,-1.525,2.275,3113,6
30,45,-1.475,2.275,15271,4
31,45,-1.425,2.275,8234,6
32,45,-1.375,2.275,-1,0
33,45,-1.325,2.275,9614,3
34,45,-1.275,2.275,18538,3
35,45,-1.225,2.275,6192,2
36,45,-1.175,2.275,-1,0
37,45,-1.125,2.275,629,3
38,45,-1.075,2.275,42127,2
39,45,-1.025,2.275,86420,1
40,45,-0.975,2.275,8633,3
41,45,-0.925,2.275,82801,1
42,45,-0.875,2.275,1413,4
43,45,-0.825,2.275,4812,4
44,45,-0.775,2.275,27481,5
45,45,-0.725,2.275,8912,7
46,45,-0.675,2.275,28035,2
47,45,-0.625,2.275,9136,1
48,45,-0.575,2.275,39676,3
49,45,-0.525,2.275,47794,2
50,45,-0.475,2.275,44220,1
51,45,-0.425,2.275,30172,1
52,45,-0.375,2.275,8990,4
53,45,-0.325,2.275,27123,3
54,45,-0.275,2.275,13009,3
55,45,-0.225,2.275,62968,3
56,45,-0.175,2.275,4296,5
57,45,-0.125,2.275,5242,3
58,45,-0.075,2.275,-1,0
59,45,-0.025,2.275,-1,0
60,45,0.025,2.275,357,32
61,45,0.075,2.275,7743,2
62,45,0.125,2.275,-1,0
63,45,0.175,2.275,69976,1
64,45,0.225,2.275,-1,0
65,45,0.275,2.275,36280,2
66,45,0.325,2.275,55224,2
67,45,0.375,2.275,56174,3
68,45,0.425,2.275,1543,4
69,45,0.475,2.275,10700,2
70,45,0.525,2.275,8021,2
71,45,0.575,2.275,-1,0
72,45,0.625,2.275,-1,0
73,45,0.675,2.275,9436,1
74,45,0.725,2.275,58868,1
75,45,0.775,2.275,11957,3
76,45,0.825,2.275,8734,5
77,45,0.875,2.275,9031,3
78,45,0.925,2.275,3723,3
79,45,0.975,2.275,4720,6
80,45,1.025,2.275,21672,3
81,45,1.075,2.275,4024,5
82,45,1.125,2.275,4412,8
83,45,1.175,2.275,4713,7
84,45,1.225,2.275,35949,10
85,45,1.275,2.275,11763,11
86,45,1.325,2.275,5828,7
87,45,1.375,2.275,35475,2
88,45,1.425,2.275,15831,5
89,45,1.475,2.275,12507,6
90,45,1.525,2.275,14023,7
91,45,1.575,2.275,10628,8
92,45,1.625,2.275,50460,3
93,45,1.675,2.275,12259,6
94,45,1.725,2.275,2300,5
95,45,1.775,2.275,-1,0
96,45,1.825,2.275,19929,8
97,45,1.875,2.275,45744,2
98,45,1.925,2.275,54574,4
99,45,1.975,2.275,86148,1
100,45,2.025,2.275,6590,6
101,45,2.075,2.275,3703,8
102,45,2.125,2.275,13553,11
103,45,2.175,2.275,1638,6
104,45,2.225,2.275,-1,0
105,45,2.275,2.275,-1,0
106,45,2.325,2.275,-1,0
107,45,2.375,2.275,-1,0
108,45,2.425,2.275,-1,0
109,45,2.475,2.275,-1,0
110,45,2.525,2.275,-1,0
111,45,2.575,2.275,-1,0
112,45,2.625,2.275,-1,0
113,45,2.675,2.275,-1,0
114,45,2.725,2.275,-1,0
115,45,2.775,2.275,-1,0
116,45,2.825,2.275,-1,0
117,45,2.875,2.275,-1,0
118,45,2.925,2.275,-1,0
119,45,2.975,2.275,-1,0
0,46,-2.975,2.325,-1,0
1,46,-2.925,2.325,-1,0
2,46,-2.875,2.325,-1,0
3,46,-2.825,2.325,-1,0
4,46,-2.775,2.325,-1,0
5,46,-2.725,2.325,-1,0
6,46,-2.675,2.325,-1,0
7,46,-2.625,2.325,-1,0
8,46,-2.575,2.325,-1,0
9,46,-2.525,2.325,-1,0
10,46,-2.475,2.325,-1,0
11,46,-2.425,2.325,-1,0
12,46,-2.375,2.325,-1,0
13,46,-2.325,2.325,-1,0
14,46,-2.275,2.325,-1,0
15,46,-2.225,2.325,-1,0
16,46,-2.175,2.325,-1,0
17,46,-2.125,2.325,-1,0
18,46,-2.075,2.325,-1,0
19,46,-2.025,2.325,-1,0
20,46,-1.975,2.325,-1,0
21,46,-1.925,2.325,-1,0
22,46,-1.875,2.325,-1,0
23,46,-1.825,2.325,-1,0
24,46,-1.775,2.325,-1,0
25,46,-1.725,2.325,-1,0
26,46,-1.675,2.325,20584,6
27,46,-1.625,2.325,43866,9
28,46,-1.575,2.325,3620,6
29,46,-1.525,2.325,2793,7
30,46,-1.475,2.325,13224,7
31,46,-1.425,2.325,7128,4
32,46,-1.375,2.325,22727,6
33,46,-1.325,2.325,28768,3
34,46,-1.275,2.325,8104,1
35,46,-1.225,2.325,38554,3
36,46,-1.175,2.325,-1,0
37,46,-1.125,2.325,40096,3
38,46,-1.075,2.325,17378,2
39,46,-1.025,2.325,17204,3
40,46,-0.975,2.325,27125,2
41,46,-0.925,2.325,3758,2
42,46,-0.875,2.325,79609,1
43,46,-0.825,2.325,1743,4
44,46,-0.775,2.325,-1,0
45,46,-0.725,2.325,-1,0
46,46,-0.675,2.325,25776,6
47,46,-0.625,2.325,-1,0
48,46,-0.575,2.325,-1,0
49,46,-0.525,2.325,17202,4
50,46,-0.475,2.325,49457,1
51,46,-0.425,2.325,1892,6
52,46,-0.375,2.325,4721,4
53,46,-0.325,2.325,9859,7
54,46,-0.275,2.325,16447,3
55,46,-0.225,2.325,16279,2
56,46,-0.175,2.325,65137,2
57,46,-0.125,2.325,6331,3
58,46,-0.075,2.325,12292,4
59,46,-0.025,2.325,24881,1
60,46,0.025,2.325,5540,23
61,46,0.075,2.325,13529,3
62,46,0.125,2.325,10181,3
63,46,0.175,2.325,30667,4
64,46,0.225,2.325,68145,1
65,46,0.275,2.325,2353,3
66,46,0.325,2.325,20701,2
67,46,0.375,2.325,63538,1
68,46,0.425,2.325,70977,2
69,46,0.475,2.325,30220,2
70,46,0.525,2.325,33914,1
71,46,0.575,2.325,9520,3
72,46,0.625,2.325,89811,1
73,46,0.675,2.325,23892,3
74,46,0.725,2.325,9809,1
75,46,0.775,2.325,49241,2
76,46,0.825,2.325,54315,3
77,46,0.875,2.325,31615,5
78,46,0.925,2.325,1891,3
79,46,0.975,2.325,11263,1
80,46,1.025,2.325,53096,6
81,46,1.075,2.325,11670,5
82,46,1.125,2.325,45780,5
83,46,1.175,2.325,17161,4
84,46,1.225,2.325,8276,7
85,46,1.275,2.325,2334,5
86,46,1.325,2.325,2050,42
87,46,1.375,2.325,28749,11
88,46,1.425,2.325,7167,2
89,46,1.475,2.325,13276,10
90,46,1.525,2.325,5110,10
91,46,1.575,2.325,7529,3
92,46,1.625,2.325,7120,4
93,46,1.675,2.325,18097,6
94,46,1.725,2.325,77,9
95,46,1.775,2.325,39105,3
96,46,1.825,2.325,1009,7
97,46,1.875,2.325,20698,8
98,46,1.925,2.325,45953,3
99,46,1.975,2.325,29708,2
100,46,2.025,2.325,13271,11
101,46,2.075,2.325,3247,13
102,46,2.125,2.325,3472,9
103,46,2.175,2.325,22295,12
104,46,2.225,2.325,68,19
105,46,2.275,2.325,-1,0
106,46,2.325,2.325,-1,0
107,46,2.375,2.325,-1,0
108,46,2.425,2.325,-1,0
109,46,2.475,2.325,-1,0
110,46,2.525,2.325,-1,0
111,46,2.575,2.325,-1,0
112,46,2.625,2.325,-1,0
113,46,2.675,2.325,-1,0
114,46,2.725,2.325,-1,0
115,46,2.775,2.325,-1,0
116,46,2.825,2.325,-1,0
117,46,2.875,2.325,-1,0
118,46,2.925,2.325,-1,0
119,46,2.975,2.325,-1,0
0,47,-2.975,2.375,-1,0
1,47,-2.925,2.375,-1,0
2,47,-2.875,2.375,-1,0
3,47,-2.825,2.375,-1,0
4,47,-2.775,2.375,-1,0
5,47,-2.725,2.375,-1,0
6,47,-2.675,2.375,-1,0
7,47,-2.625,2.375,-1,0
8,47,-2.575,2.375,-1,0
9,47,-2.525,2.375,-1,0
10,47,-2.475,2.375,-1,0
11,47,-2.425,2.375,-1,0
12,47,-2.375,2.375,-1,0
13,47,-2.325,2.375,-1,0
14,47,-2.275,2.375,-1,0
15,47,-2.225,2.375,-1,0
16,47,-2.175,2.375,-1,0
17,47,-2.125,2.375,-1,0
18,47,-2.075,2.375,-1,0
19,47,-2.025,2.375,-1,0
20,47,-1.975,2.375,-1,0
21,47,-1.925,2.375,-1,0
22,47,-1.875,2.375,-1,0
23,47,-1.825,2.375,-1,0
24,47,-1.775,2.375,-1,0
25,47,-1.725,2.375,2814,3
26,47,-1.675,2.375,1212,26
27,47,-1.625,2.375,12478,12
28,47,-1.575,2.375,13994,10
29,47,-1.525,2.375,6552,6
30,47,-1.475,2.375,1984,6
31,47,-1.425,2.375,6856,7
32,47,-1.375,2.375,7415,8
33,47,-1.325,2.375,9163,8
34,47,-1.275,2.375,12719,4
35,47,-1.225,2.375,3845,5
36,47,-1.175,2.375,19889,2
37,47,-1.125,2.375,5594,4
38,47,-1.075,2.375,48740,1
39,47,-1.025,2.375,13979,6
40,47,-0.975,2.375,2378,3
41,47,-0.925,2.375,8608,3
42,47,-0.875,2.375,4892,11
43,47,-0.825,2.375,43348,2
44,47,-0.775,2.375,-1,0
45,47,-0.725,2.375,49206,2
46,47,-0.675,2.375,9434,2
47,47,-0.625,2.375,-1,0
48,47,-0.575,2.375,-1,0
49,47,-0.525,2.375,69980,3
50,47,-0.475,2.375,31211,1
51,47,-0.425,2.375,57217,1
52,47,-0.375,2.375,27837,2
53,47,-0.325,2.375,11223,7
54,47,-0.275,2.375,5833,3
55,47,-0.225,2.375,36628,1
56,47,-0.175,2.375,13359,7
57,47,-0.125,2.375,51043,2
58,47,-0.075,2.375,1309,3
59,47,-0.025,2.375,21073,4
60,47,0.025,2.375,4211,31
61,47,0.075,2.375,2457,3
62,47,0.125,2.375,3634,3
63,47,0.175,2.375,46135,2
64,47,0.225,2.375,58999,1
65,47,0.275,2.375,8827,2
66,47,0.325,2.375,33465,3
67,47,0.375,2.375,260,3
68,47,0.425,2.375,-1,0
69,47,0.475,2.375,-1,0
70,47,0.525,2.375,39121,8
71,47,0.575,2.375,1342,4
72,47,0.625,2.375,30763,3
73,47,0.675,2.375,69168,1
74,47,0.725,2.375,9330,3
75,47,0.775,2.375,15624,4
76,47,0.825,2.375,57160,1
77,47,0.875,2.375,3963,6
78,47,0.925,2.375,2654,5
79,47,0.975,2.375,5230,12
80,47,1.025,2.375,13637,5
81,47,1.075,2.375,20587,7
82,47,1.125,2.375,33274,1
83,47,1.175,2.375,-1,0
84,47,1.225,2.375,-1,0
85,47,1.275,2.375,-1,0
86,47,1.325,2.375,10432,2
87,47,1.375,2.375,1365,22
88,47,1.425,2.375,32876,3
89,47,1.475,2.375,4433,8
90,47,1.525,2.375,13005,14
91,47,1.575,2.375,57343,2
92,47,1.625,2.375,2478,6
93,47,1.675,2.375,23214,11
94,47,1.725,2.375,4868,7
95,47,1.775,2.375,54041,2
96,47,1.825,2.375,9175,9
97,47,1.875,2.375,5864,3
98,47,1.925,2.375,33953,2
99,47,1.975,2.375,12302,4
100,47,2.025,2.375,7343,7
101,47,2.075,2.375,1443,5
102,47,2.125,2.375,7731,7
103,47,2.175,2.375,8559,3
104,47,2.225,2.375,9962,9
105,47,2.275,2.375,-1,0
106,47,2.325,2.375,-1,0
107,47,2.375,2.375,-1,0
108,47,2.425,2.375,-1,0
109,47,2.475,2.375,-1,0
110,47,2.525,2.375,-1,0
111,47,2.575,2.375,-1,0
112,47,2.625,2.375,-1,0
113,47,2.675,2.375,-1,0
114,47,2.725,2.375,-1,0
115,47,2.775,2.375,-1,0
116,47,2.825,2.375,-1,0
117,47,2.875,2.375,-1,0
118,47,2.925,2.375,-1,0
119,47,2.975,2.375,-1,0
0,48,-2.975,2.425,-1,0
1,48,-2.925,2.425,-1,0
2,48,-2.875,2.425,-1,0
3,48,-2.825,2.425,-1,0
4,48,-2.775,2.425,-1,0
5,48,-2.725,2.425,-1,0
6,48,-2.675,2.425,-1,0
7,48,-2.625,2.425,-1,0
8,48,-2.575,2.425,-1,0
9,48,-2.525,2.425,-1,0
10,48,-2.475,2.425,-1,0
11,48,-2.425,2.425,-1,0
12,48,-2.375,2.425,-1,0
13,48,-2.325,2.425,-1,0
14,48,-2.275,2.425,-1,0
15,48,-2.225,2.425,-1,0
16,48,-2.175,2.425,-1,0
17,48,-2.125,2.425,-1,0
18,48,-2.075,2.425,-1,0
19,48,-2.025,2.425,-1,0
20,48,-1.975,2.425,-1,0
21,48,-1.925,2.425,-1,0
22,48,-1.875,2.425,-1,0
23,48,-1.825,2.425,-1,0
24,48,-1.775,2.425,-1,0
25,48,-1.725,2.425,3597,17
26,48,-1.675,2.425,26164,4
27,48,-1.625,2.425,-1,0
28,48,-1.575,2.425,-1,0
29,48,-1.525,2.425,-1,0
30,48,-1.475,2.425,-1,0
31,48,-1.425,2.425,15096,10
32,48,-1.375,2.425,17125,1
33,48,-1.325,2.425,4004,6
34,48,-1.275,2.425,8851,6
35,48,-1.225,2.425,23503,2
36,48,-1.175,2.425,51684,2
37,48,-1.125,2.425,43654,4
38,48,-1.075,2.425,75752,2
39,48,-1.025,2.425,10227,5
40,48,-0.975,2.425,11602,3
41,48,-0.925,2.425,2459,9
42,48,-0.875,2.425,10723,3
43,48,-0.825,2.425,26926,2
44,48,-0.775,2.425,-1,0
45,48,-0.725,2.425,29483,3
46,48,-0.675,2.425,-1,0
47,48,-0.625,2.425,53057,4
48,48,-0.575,2.425,31880,2
49,48,-0.525,2.425,9188,3
50,48,-0.475,2.425,59825,2
51,48,-0.425,2.425,12410,4
52,48,-0.375,2.425,21542,3
53,48,-0.325,2.425,2376,7
54,48,-0.275,2.425,37521,4
55,48,-0.225,2.425,19805,2
56,48,-0.175,2.425,22560,1
57,48,-0.125,2.425,454,3
58,48,-0.075,2.425,59585,1
59,48,-0.025,2.425,23805,1
60,48,0.025,2.425,114,37
61,48,0.075,2.425,6058,4
62,48,0.125,2.425,60873,2
63,48,0.175,2.425,-1,0
64,48,0.225,2.425,24651,3
65,48,0.275,2.425,6507,5
66,48,0.325,2.425,16240,4
67,48,0.375,2.425,20626,3
68,48,0.425,2.425,-1,0
69,48,0.475,2.425,-1,0
70,48,0.525,2.425,22541,2
71,48,0.575,2.425,5542,10
72,48,0.625,2.425,13117,2
73,48,0.675,2.425,43004,1
74,48,0.725,2.425,9227,7
75,48,0.775,2.425,9382,5
76,48,0.825,2.425,6667,7
77,48,0.875,2.425,6771,8
78,48,0.925,2.425,32580,3
79,48,0.975,2.425,13908,5
80,48,1.025,2.425,33557,3
81,48,1.075,2.425,6555,7
82,48,1.125,2.425,57216,1
83,48,1.175,2.425,20179,1
84,48,1.225,2.425,34935,5
85,48,1.275,2.425,-1,0
86,48,1.325,2.425,-1,0
87,48,1.375,2.425,-1,0
88,48,1.425,2.425,-1,0
89,48,1.475,2.425,24006,4
90,48,1.525,2.425,2266,10
91,48,1.575,2.425,8061,5
92,48,1.625,2.425,39229,3
93,48,1.675,2.425,28858,14
94,48,1.725,2.425,11880,14
95,48,1.775,2.425,34976,3
96,48,1.825,2.425,19938,3
97,48,1.875,2.425,14159,3
98,48,1.925,2.425,12713,9
99,48,1.975,2.425,16272,3
100,48,2.025,2.425,15620,3
101,48,2.075,2.425,6815,4
102,48,2.125,2.425,1393,13
103,48,2.175,2.425,32119,9
104,48,2.225,2.425,7015,5
105,48,2.275,2.425,-1,0
106,48,2.325,2.425,-1,0
107,48,2.375,2.425,-1,0
108,48,2.425,2.425,-1,0
109,48,2.475,2.425,-1,0
110,48,2.525,2.425,-1,0
111,48,2.575,2.425,-1,0
112,48,2.625,2.425,-1,0
113,48,2.675,2.425,-1,0
114,48,2.725,2.425,-1,0
115,48,2.775,2.425,-1,0
116,48,2.825,2.425,-1,0
117,48,2.875,2.425,-1,0
118,48,2.925,2.425,-1,0
119,48,2.975,2.425,-1,0
0,49,-2.975,2.475,-1,0
1,49,-2.925,2.475,-1,0
2,49,-2.875,2.475,-1,0
3,49,-2.825,2.475,-1,0
4,49,-2.775,2.475,-1,0
5,49,-2.725,2.475,-1,0
6,49,-2.675,2.475,-1,0
7,49,-2.625,2.475,-1,0
8,49,-2.575,2.475,-1,0
9,49,-2.525,2.475,-1,0
10,49,-2.475,2.475,-1,0
11,49,-2.425,2.475,-1,0
12,49,-2.375,2.475,-1,0
13,49,-2.325,2.475,-1,0
14,49,-2.275,2.475,-1,0
15,49,-2.225,2.475,-1,0
16,49,-2.175,2.475,-1,0
17,49,-2.125,2.475,-1,0
18,49,-2.075,2.475,-1,0
19,49,-2.025,2.475,-1,0
20,49,-1.975,2.475,-1,0
21,49,-1.925,2.475,-1,0
22,49,-1.875,2.475,-1,0
23,49,-1.825,2.475,-1,0
24,49,-1.775,2.475,-1,0
25,49,-1.725,2.475,-1,0
26,49,-1.675,2.475,-1,0
27,49,-1.625,2.475,-1,0
28,49,-1.575,2.475,695,3
29,49,-1.525,2.475,21473,5
30,49,-1.475,2.475,10717,5
31,49,-1.425,2.475,30359,4
32,49,-1.375,2.475,6859,6
33,49,-1.325,2.475,49534,3
34,49,-1.275,2.475,38153,4
35,49,-1.225,2.475,50029,1
36,49,-1.175,2.475,1436,2
37,49,-1.125,2.475,-1,0
38,49,-1.075,2.475,-1,0
39,49,-1.025,2.475,-1,0
40,49,-0.975,2.475,45839,7
41,49,-0.925,2.475,22640,3
42,49,-0.875,2.475,262,2
43,49,-0.825,2.475,83284,1
44,49,-0.775,2.475,-1,0
45,49,-0.725,2.475,15201,1
46,49,-0.675,2.475,16736,6
47,49,-0.625,2.475,56708,1
48,49,-0.575,2.475,8707,4
49,49,-0.525,2.475,62553,2
50,49,-0.475,2.475,13513,4
51,49,-0.425,2.475,23890,1
52,49,-0.375,2.475,1506,6
53,49,-0.325,2.475,2989,3
54,49,-0.275,2.475,21273,2
55,49,-0.225,2.475,73994,1
56,49,-0.175,2.475,23379,4
57,49,-0.125,2.475,58915,4
58,49,-0.075,2.475,11600,2
59,49,-0.025,2.475,-1,0
60,49,0.025,2.475,3327,36
61,49,0.075,2.475,5372,3
62,49,0.125,2.475,62764,1
63,49,0.175,2.475,27505,3
64,49,0.225,2.475,5466,3
65,49,0.275,2.475,-1,0
66,49,0.325,2.475,2304,5
67,49,0.375,2.475,12967,3
68,49,0.425,2.475,4322,3
69,49,0.475,2.475,-1,0
70,49,0.525,2.475,35774,1
71,49,0.575,2.475,59001,1
72,49,0.625,2.475,8689,6
73,49,0.675,2.475,21866,4
74,49,0.725,2.475,-1,0
75,49,0.775,2.475,-1,0
76,49,0.825,2.475,-1,0
77,49,0.875,2.475,59115,1
78,49,0.925,2.475,2161,6
79,49,0.975,2.475,8496,2
80,49,1.025,2.475,19892,2
81,49,1.075,2.475,1776,4
82,49,1.125,2.475,13064,4
83,49,1.175,2.475,54310,2
84,49,1.225,2.475,9936,9
85,49,1.275,2.475,10770,9
86,49,1.325,2.475,29421,4
87,49,1.375,2.475,-1,0
88,49,1.425,2.475,-1,0
89,49,1.475,2.475,-1,0
90,49,1.525,2.475,1825,12
91,49,1.575,2.475,9751,6
92,49,1.625,2.475,8963,6
93,49,1.675,2.475,8169,9
94,49,1.725,2.475,15763,7
95,49,1.775,2.475,14104,6
96,49,1.825,2.475,44301,7
97,49,1.875,2.475,22433,2
98,49,1.925,2.475,48256,3
99,49,1.975,2.475,364,12
100,49,2.025,2.475,8568,7
101,49,2.075,2.475,14363,9
102,49,2.125,2.475,9271,12
103,49,2.175,2.475,14547,12
104,49,2.225,2.475,11997,18
105,49,2.275,2.475,3745,7
106,49,2.325,2.475,-1,0
107,49,2.375,2.475,-1,0
108,49,2.425,2.475,-1,0
109,49,2.475,2.475,-1,0
110,49,2.525,2.475,-1,0
111,49,2.575,2.475,-1,0
112,49,2.625,2.475,-1,0
113,49,2.675,2.475,-1,0
114,49,2.725,2.475,-1,0
115,49,2.775,2.475,-1,0
116,49,2.825,2.475,-1,0
117,49,2.875,2.475,-1,0
118,49,2.925,2.475,-1,0
119,49,2.975,2.475,-1,0
0,50,-2.975,2.525,-1,0
1,50,-2.925,2.525,-1,0
2,50,-2.875,2.525,-1,0
3,50,-2.825,2.525,-1,0
4,50,-2.775,2.525,-1,0
5,50,-2.725,2.525,-1,0
6,50,-2.675,2.525,-1,0
7,50,-2.625,2.525,-1,0
8,50,-2.575,2.525,-1,0
9,50,-2.525,2.525,-1,0
10,50,-2.475,2.525,-1,0
11,50,-2.425,2.525,-1,0
12,50,-2.375,2.525,-1,0
13,50,-2.325,2.525,-1,0
14,50,-2.275,2.525,-1,0
15,50,-2.225,2.525,-1,0
16,50,-2.175,2.525,-1,0
17,50,-2.125,2.525,-1,0
18,50,-2.075,2.525,-1,0
19,50,-2.025,2.525,-1,0
20,50,-1.975,2.525,-1,0
21,50,-1.925,2.525,-1,0
22,50,-1.875,2.525,-1,0
23,50,-1.825,2.525,-1,0
24,50,-1.775,2.525,-1,0
25,50,-1.725,2.525,-1,0
26,50,-1.675,2.525,31665,3
27,50,-1.625,2.525,1304,5
28,50,-1.575,2.525,8987,5
29,50,-1.525,2.525,15719,4
30,50,-1.475,2.525,5736,5
31,50,-1.425,2.525,1773,4
32,50,-1.375,2.525,23506,2
33,50,-1.325,2.525,-1,0
34,50,-1.275,2.525,22982,3
35,50,-1.225,2.525,87523,1
36,50,-1.175,2.525,5670,2
37,50,-1.125,2.525,6808,1
38,50,-1.075,2.525,-1,0
39,50,-1.025,2.525,182,9
40,50,-0.975,2.525,-1,0
41,50,-0.925,2.525,15262,3
42,50,-0.875,2.525,33795,2
43,50,-0.825,2.525,75158,1
44,50,-0.775,2.525,9811,2
45,50,-0.725,2.525,20639,4
46,50,-0.675,2.525,1256,10
47,50,-0.625,2.525,32379,3
48,50,-0.575,2.525,22707,3
49,50,-0.525,2.525,9807,3
50,50,-0.475,2.525,18042,1
51,50,-0.425,2.525,32782,2
52,50,-0.375,2.525,13977,6
53,50,-0.325,2.525,18237,5
54,50,-0.275,2.525,11131,8
55,50,-0.225,2.525,61690,2
56,50,-0.175,2.525,42139,4
57,50,-0.125,2.525,22481,1
58,50,-0.075,2.525,-1,0
59,50,-0.025,2.525,-1,0
60,50,0.025,2.525,1003,30
61,50,0.075,2.525,22087,1
62,50,0.125,2.525,51665,3
63,50,0.175,2.525,82339,1
64,50,0.225,2.525,44310,2
65,50,0.275,2.525,86594,2
66,50,0.325,2.525,32425,1
67,50,0.375,2.525,-1,0
68,50,0.425,2.525,47046,2
69,50,0.475,2.525,10149,1
70,50,0.525,2.525,7843,3
71,50,0.575,2.525,-1,0
72,50,0.625,2.525,12740,3
73,50,0.675,2.525,2748,5
74,50,0.725,2.525,17201,6
75,50,0.775,2.525,-1,0
76,50,0.825,2.525,88491,1
77,50,0.875,2.525,59354,3
78,50,0.925,2.525,64558,2
79,50,0.975,2.525,50281,2
80,50,1.025,2.525,13982,5
81,50,1.075,2.525,18642,3
82,50,1.125,2.525,21267,4
83,50,1.175,2.525,12069,9
84,50,1.225,2.525,12006,3
85,50,1.275,2.525,25096,2
86,50,1.325,2.525,328,10
87,50,1.375,2.525,2831,12
88,50,1.425,2.525,4701,3
89,50,1.475,2.525,-1,0
90,50,1.525,2.525,-1,0
91,50,1.575,2.525,7229,24
92,50,1.625,2.525,19655,2
93,50,1.675,2.525,8928,21
94,50,1.725,2.525,7890,6
95,50,1.775,2.525,2500,7
96,50,1.825,2.525,611,7
97,50,1.875,2.525,5237,5
98,50,1.925,2.525,61890,4
99,50,1.975,2.525,12031,9
100,50,2.025,2.525,16653,5
101,50,2.075,2.525,62379,1
102,50,2.125,2.525,637,9
103,50,2.175,2.525,35378,3
104,50,2.225,2.525,11897,8
105,50,2.275,2.525,2920,21
106,50,2.325,2.525,1943,7
107,50,2.375,2.525,-1,0
108,50,2.425,2.525,-1,0
109,50,2.475,2.525,-1,0
110,50,2.525,2.525,-1,0
111,50,2.575,2.525,-1,0
112,50,2.625,2.525,-1,0
113,50,2.675,2.525,-1,0
114,50,2.725,2.525,-1,0
115,50,2.775,2.525,-1,0
116,50,2.825,2.525,-1,0
117,50,2.875,2.525,-1,0
118,50,2.925,2.525,-1,0
119,50,2.975,2.525,-1,0
0,51,-2.975,2.575,-1,0
1,51,-2.925,2.575,-1,0
2,51,-2.875,2.575,-1,0
3,51,-2.825,2.575,-1,0
4,51,-2.775,2.575,-1,0
5,51,-2.725,2.575,-1,0
6,51,-2.675,2.575,-1,0
7,51,-2.625,2.575,-1,0
8,51,-2.575,2.575,-1,0
9,51,-2.525,2.575,-1,0
10,51,-2.475,2.575,-1,0
11,51,-2.425,2.575,-1,0
12,51,-2.375,2.575,-1,0
13,51,-2.325,2.575,-1,0
14,51,-2.275,2.575,-1,0
15,51,-2.225,2.575,-1,0
16,51,-2.175,2.575,-1,0
17,51,-2.125,2.575,-1,0
18,51,-2.075,2.575,-1,0
19,51,-2.025,2.575,-1,0
20,51,-1.975,2.575,-1,0
21,51,-1.925,2.575,-1,0
22,51,-1.875,2.575,-1,0
23,51,-1.825,2.575,-1,0
24,51,-1.775,2.575,35746,2
25,51,-1.725,2.575,17888,5
26,51,-1.675,2.575,23767,12
27,51,-1.625,2.575,39392,7
28,51,-1.575,2.575,3713,6
29,51,-1.525,2.575,28294,7
30,51,-1.475,2.575,1693,4
31,51,-1.425,2.575,16246,3
32,51,-1.375,2.575,185,5
33,51,-1.325,2.575,-1,0
34,51,-1.275,2.575,49157,1
35,51,-1.225,2.575,68149,1
36,51,-1.175,2.575,-1,0
37,51,-1.125,2.575,-1,0
38,51,-1.075,2.575,2056,3
39,51,-1.025,2.575,-1,0
40,51,-0.975,2.575,22553,2
41,51,-0.925,2.575,27213,4
42,51,-0.875,2.575,10178,1
43,51,-0.825,2.575,11851,3
44,51,-0.775,2.575,6773,4
45,51,-0.725,2.575,85856,1
46,51,-0.675,2.575,18321,4
47,51,-0.625,2.575,73021,3
48,51,-0.575,2.575,2960,4
49,51,-0.525,2.575,41489,4
50,51,-0.475,2.575,8614,3
51,51,-0.425,2.575,16555,7
52,51,-0.375,2.575,-1,0
53,51,-0.325,2.575,30297,6
54,51,-0.275,2.575,5238,4
55,51,-0.225,2.575,-1,0
56,51,-0.175,2.575,3473,8
57,51,-0.125,2.575,18221,2
58,51,-0.075,2.575,-1,0
59,51,-0.025,2.575,-1,0
60,51,0.025,2.575,245,34
61,51,0.075,2.575,-1,0
62,51,0.125,2.575,60626,1
63,51,0.175,2.575,700,3
64,51,0.225,2.575,-1,0
65,51,0.275,2.575,16452,1
66,51,0.325,2.575,45705,1
67,51,0.375,2.575,41401,1
68,51,0.425,2.575,18512,3
69,51,0.475,2.575,4886,2
70,51,0.525,2.575,9332,1
71,51,0.575,2.575,13119,2
72,51,0.625,2.575,6598,3
73,51,0.675,2.575,-1,0
74,51,0.725,2.575,36761,1
75,51,0.775,2.575,81116,1
76,51,0.825,2.575,56342,3
77,51,0.875,2.575,80481,1
78,51,0.925,2.575,47797,1
79,51,0.975,2.575,71775,1
80,51,1.025,2.575,15204,3
81,51,1.075,2.575,-1,0
82,51,1.125,2.575,7085,4
83,51,1.175,2.575,72492,1
84,51,1.225,2.575,20141,3
85,51,1.275,2.575,10637,9
86,51,1.325,2.575,29906,2
87,51,1.375,2.575,2315,10
88,51,1.425,2.575,14585,8
89,51,1.475,2.575,3661,8
90,51,1.525,2.575,-1,0
91,51,1.575,2.575,-1,0
92,51,1.625,2.575,-1,0
93,51,1.675,2.575,48911,7
94,51,1.725,2.575,19075,5
95,51,1.775,2.575,9418,11
96,51,1.825,2.575,4666,10
97,51,1.875,2.575,6083,6
98,51,1.925,2.575,13889,9
99,51,1.975,2.575,7780,4
100,51,2.025,2.575,2555,6
101,51,2.075,2.575,33012,5
102,51,2.125,2.575,27133,3
103,51,2.175,2.575,1677,7
104,51,2.225,2.575,24483,11
105,51,2.275,2.575,26854,1
106,51,2.325,2.575,9922,1
107,51,2.375,2.575,-1,0
108,51,2.425,2.575,-1,0
109,51,2.475,2.575,-1,0
110,51,2.525,2.575,-1,0
111,51,2.575,2.575,-1,0
112,51,2.625,2.575,-1,0
113,51,2.675,2.575,-1,0
114,51,2.725,2.575,-1,0
115,51,2.775,2.575,-1,0
116,51,2.825,2.575,-1,0
117,51,2.875,2.575,-1,0
118,51,2.925,2.575,-1,0
119,51,2.975,2.575,-1,0
0,52,-2.975,2.625,-1,0
1,52,-2.925,2.625,-1,0
2,52,-2.875,2.625,-1,0
3,52,-2.825,2.625,-1,0
4,52,-2.775,2.625,-1,0
5,52,-2.725,2.625,-1,0
6,52,-2.675,2.625,-1,0
7,52,-2.625,2.625,-1,0
8,52,-2.575,2.625,-1,0
9,52,-2.525,2.625,-1,0
10,52,-2.475,2.625,-1,0
11,52,-2.425,2.625,-1,0
12,52,-2.375,2.625,-1,0
13,52,-2.325,2.625,-1,0
14,52,-2.275,2.625,-1,0
15,52,-2.225,2.625,-1,0
16,52,-2.175,2.625,-1,0
17,52,-2.125,2.625,-1,0
18,52,-2.075,2.625,-1,0
19,52,-2.025,2.625,-1,0
20,52,-1.975,2.625,-1,0
21,52,-1.925,2.625,-1,0
22,52,-1.875,2.625,-1,0
23,52,-1.825,2.625,17706,2
24,52,-1.775,2.625,17524,8
25,52,-1.725,2.625,23468,1
26,52,-1.675,2.625,6941,5
27,52,-1.625,2.625,22247,11
28,52,-1.575,2.625,3300,7
29,52,-1.525,2.625,8799,6
30,52,-1.475,2.625,29283,4
31,52,-1.425,2.625,13903,7
32,52,-1.375,2.625,29493,3
33,52,-1.325,2.625,10642,5
34,52,-1.275,2.625,13516,2
35,52,-1.225,2.625,37533,3
36,52,-1.175,2.625,31150,1
37,52,-1.125,2.625,16706,9
38,52,-1.075,2.625,45191,3
39,52,-1.025,2.625,-1,0
40,52,-0.975,2.625,20772,9
41,52,-0.925,2.625,64437,1
42,52,-0.875,2.625,24111,3
43,52,-0.825,2.625,26600,4
44,52,-0.775,2.625,-1,0
45,52,-0.725,2.625,62590,3
46,52,-0.675,2.625,2336,6
47,52,-0.625,2.625,17376,3
48,52,-0.575,2.625,36719,5
49,52,-0.525,2.625,8620,3
50,52,-0.475,2.625,23512,3
51,52,-0.425,2.625,17248,3
52,52,-0.375,2.625,-1,0
53,52,-0.325,2.625,12529,10
54,52,-0.275,2.625,41845,2
55,52,-0.225,2.625,22133,2
56,52,-0.175,2.625,1639,9
57,52,-0.125,2.625,-1,0
58,52,-0.075,2.625,-1,0
59,52,-0.025,2.625,-1,0
60,52,0.025,2.625,4044,31
61,52,0.075,2.625,-1,0
62,52,0.125,2.625,7445,4
63,52,0.175,2.625,23650,8
64,52,0.225,2.625,12738,3
65,52,0.275,2.625,70021,2
66,52,0.325,2.625,24611,2
67,52,0.375,2.625,15958,3
68,52,0.425,2.625,25540,5
69,52,0.475,2.625,10176,3
70,52,0.525,2.625,49153,1
71,52,0.575,2.625,21868,3
72,52,0.625,2.625,13943,3
73,52,0.675,2.625,43733,5
74,52,0.725,2.625,-1,0
75,52,0.775,2.625,29543,2
76,52,0.825,2.625,1865,12
77,52,0.875,2.625,74545,1
78,52,0.925,2.625,8993,3
79,52,0.975,2.625,-1,0
80,52,1.025,2.625,65864,1
81,52,1.075,2.625,2969,5
82,52,1.125,2.625,2272,6
83,52,1.175,2.625,11507,2
84,52,1.225,2.625,659,11
85,52,1.275,2.625,12836,7
86,52,1.325,2.625,15514,8
87,52,1.375,2.625,4165,9
88,52,1.425,2.625,13976,10
89,52,1.475,2.625,27811,11
90,52,1.525,2.625,7524,25
91,52,1.575,2.625,-1,0
92,52,1.625,2.625,-1,0
93,52,1.675,2.625,6213,3
94,52,1.725,2.625,2411,13
95,52,1.775,2.625,20993,7
96,52,1.825,2.625,10446,12
97,52,1.875,2.625,14840,9
98,52,1.925,2.625,15566,10
99,52,1.975,2.625,4822,4
100,52,2.025,2.625,10063,2
101,52,2.075,2.625,4219,8
102,52,2.125,2.625,2344,2
103,52,2.175,2.625,3943,10
104,52,2.225,2.625,12520,10
105,52,2.275,2.625,4428,9
106,52,2.325,2.625,2580,8
107,52,2.375,2.625,-1,0
108,52,2.425,2.625,-1,0
109,52,2.475,2.625,-1,0
110,52,2.525,2.625,-1,0
111,52,2.575,2.625,-1,0
112,52,2.625,2.625,-1,0
113,52,2.675,2.625,-1,0
114,52,2.725,2.625,-1,0
115,52,2.775,2.625,-1,0
116,52,2.825,2.625,-1,0
117,52,2.875,2.625,-1,0
118,52,2.925,2.625,-1,0
119,52,2.975,2.625,-1,0
0,53,-2.975,2.675,-1,0
1,53,-2.925,2.675,-1,0
2,53,-2.875,2.675,-1,0
3,53,-2.825,2.675,-1,0
4,53,-2.775,2.675,-1,0
5,53,-2.725,2.675,-1,0
6,53,-2.675,2.675,-1,0
7,53,-2.625,2.675,-1,0
8,53,-2.575,2.675,-1,0
9,53,-2.525,2.675,-1,0
10,53,-2.475,2.675,-1,0
11,53,-2.425,2.675,-1,0
12,53,-2.375,2.675,-1,0
13,53,-2.325,2.675,-1,0
14,53,-2.275,2.675,-1,0
15,53,-2.225,2.675,-1,0
16,53,-2.175,2.675,-1,0
17,53,-2.125,2.675,-1,0
18,53,-2.075,2.675,-1,0
19,53,-2.025,2.675,-1,0
20,53,-1.975,2.675,-1,0
21,53,-1.925,2.675,-1,0
22,53,-1.875,2.675,17574,1
23,53,-1.825,2.675,12556,24
24,53,-1.775,2.675,16571,11
25,53,-1.725,2.675,23749,8
26,53,-1.675,2.675,11058,4
27,53,-1.625,2.675,827,6
28,53,-1.575,2.675,14498,7
29,53,-1.525,2.675,12368,7
30,53,-1.475,2.675,4377,10
31,53,-1.425,2.675,52475,4
32,53,-1.375,2.675,68755,2
33,53,-1.325,2.675,2925,5
34,53,-1.275,2.675,5895,5
35,53,-1.225,2.675,15871,3
36,53,-1.175,2.675,18152,5
37,53,-1.125,2.675,10491,7
38,53,-1.075,2.675,1431,2
39,53,-1.025,2.675,-1,0
40,53,-0.975,2.675,28493,2
41,53,-0.925,2.675,11955,2
42,53,-0.875,2.675,3643,5
43,53,-0.825,2.675,-1,0
44,53,-0.775,2.675,11509,4
45,53,-0.725,2.675,10639,3
46,53,-0.675,2.675,50246,4
47,53,-0.625,2.675,31897,4
48,53,-0.575,2.675,36888,2
49,53,-0.525,2.675,51691,1
50,53,-0.475,2.675,8121,9
51,53,-0.425,2.675,-1,0
52,53,-0.375,2.675,-1,0
53,53,-0.325,2.675,668,9
54,53,-0.275,2.675,1495,5
55,53,-0.225,2.675,26721,6
56,53,-0.175,2.675,11998,5
57,53,-0.125,2.675,-1,0
58,53,-0.075,2.675,-1,0
59,53,-0.025,2.675,-1,0
60,53,0.025,2.675,6872,9
61,53,0.075,2.675,7102,20
62,53,0.125,2.675,-1,0
63,53,0.175,2.675,15260,3
64,53,0.225,2.675,9169,4
65,53,0.275,2.675,25519,1
66,53,0.325,2.675,61955,1
67,53,0.375,2.675,6596,6
68,53,0.425,2.675,9135,9
69,53,0.475,2.675,20589,7
70,53,0.525,2.675,15206,3
71,53,0.575,2.675,38304,1
72,53,0.625,2.675,28568,1
73,53,0.675,2.675,48568,2
74,53,0.725,2.675,3358,4
75,53,0.775,2.675,-1,0
76,53,0.825,2.675,70707,2
77,53,0.875,2.675,3540,5
78,53,0.925,2.675,62964,3
79,53,0.975,2.675,41837,3
80,53,1.025,2.675,8824,3
81,53,1.075,2.675,13894,9
82,53,1.125,2.675,14294,6
83,53,1.175,2.675,7079,8
84,53,1.225,2.675,7047,3
85,53,1.275,2.675,8238,2
86,53,1.325,2.675,20533,1
87,53,1.375,2.675,16575,3
88,53,1.425,2.675,-1,0
89,53,1.475,2.675,-1,0
90,53,1.525,2.675,20129,6
91,53,1.575,2.675,-1,0
92,53,1.625,2.675,-1,0
93,53,1.675,2.675,-1,0
94,53,1.725,2.675,19607,2
95,53,1.775,2.675,67323,2
96,53,1.825,2.675,7710,22
97,53,1.875,2.675,17341,9
98,53,1.925,2.675,6885,13
99,53,1.975,2.675,13027,10
100,53,2.025,2.675,13127,6
101,53,2.075,2.675,1143,10
102,53,2.125,2.675,23964,3
103,53,2.175,2.675,735,7
104,53,2.225,2.675,3690,16
105,53,2.275,2.675,3958,16
106,53,2.325,2.675,393,25
107,53,2.375,2.675,34160,4
108,53,2.425,2.675,-1,0
109,53,2.475,2.675,-1,0
110,53,2.525,2.675,-1,0
111,53,2.575,2.675,-1,0
112,53,2.625,2.675,-1,0
113,53,2.675,2.675,-1,0
114,53,2.725,2.675,-1,0
115,53,2.775,2.675,-1,0
116,53,2.825,2.675,-1,0
117,53,2.875,2.675,-1,0
118,53,2.925,2.675,-1,0
119,53,2.975,2.675,-1,0
0,54,-2.975,2.725,-1,0
1,54,-2.925,2.725,-1,0
2,54,-2.875,2.725,-1,0
3,54,-2.825,2.725,-1,0
4,54,-2.775,2.725,-1,0
5,54,-2.725,2.725,-1,0
6,54,-2.675,2.725,-1,0
7,54,-2.625,2.725,-1,0
8,54,-2.575,2.725,-1,0
9,54,-2.525,2.725,-1,0
10,54,-2.475,2.725,-1,0
11,54,-2.425,2.725,-1,0
12,54,-2.375,2.725,-1,0
13,54,-2.325,2.725,-1,0
14,54,-2.275,2.725,-1,0
15,54,-2.225,2.725,-1,0
16,54,-2.175,2.725,-1,0
17,54,-2.125,2.725,-1,0
18,54,-2.075,2.725,-1,0
19,54,-2.025,2.725,-1,0
20,54,-1.975,2.725,-1,0
21,54,-1.925,2.725,-1,0
22,54,-1.875,2.725,1077,7
23,54,-1.825,2.725,4477,8
24,54,-1.775,2.725,-1,0
25,54,-1.725,2.725,-1,0
26,54,-1.675,2.725,16779,4
27,54,-1.625,2.725,19840,9
28,54,-1.575,2.725,1669,3
29,54,-1.525,2.725,2820,4
30,54,-1.475,2.725,7628,5
31,54,-1.425,2.725,1219,3
32,54,-1.375,2.725,-1,0
33,54,-1.325,2.725,40362,2
34,54,-1.275,2.725,-1,0
35,54,-1.225,2.725,28885,5
36,54,-1.175,2.725,248,7
37,54,-1.125,2.725,16243,1
38,54,-1.075,2.725,14135,3
39,54,-1.025,2.725,-1,0
40,54,-0.975,2.725,8732,4
41,54,-0.925,2.725,82813,2
42,54,-0.875,2.725,17143,3
43,54,-0.825,2.725,2966,4
44,54,-0.775,2.725,24341,2
45,54,-0.725,2.725,5592,5
46,54,-0.675,2.725,26298,3
47,54,-0.625,2.725,16873,7
48,54,-0.575,2.725,13354,2
49,54,-0.525,2.725,540,6
50,54,-0.475,2.725,5295,7
51,54,-0.425,2.725,-1,0
52,54,-0.375,2.725,33834,3
53,54,-0.325,2.725,8821,11
54,54,-0.275,2.725,781,7
55,54,-0.225,2.725,3691,5
56,54,-0.175,2.725,-1,0
57,54,-0.125,2.725,-1,0
58,54,-0.075,2.725,-1,0
59,54,-0.025,2.725,-1,0
60,54,0.025,2.725,-1,0
61,54,0.075,2.725,1319,37
62,54,0.125,2.725,-1,0
63,54,0.175,2.725,24842,2
64,54,0.225,2.725,4550,6
65,54,0.275,2.725,3794,1
66,54,0.325,2.725,28840,4
67,54,0.375,2.725,277,6
68,54,0.425,2.725,6119,5
69,54,0.475,2.725,53332,3
70,54,0.525,2.725,2971,3
71,54,0.575,2.725,29786,3
72,54,0.625,2.725,22567,6
73,54,0.675,2.725,2483,5
74,54,0.725,2.725,13740,4
75,54,0.775,2.725,-1,0
76,54,0.825,2.725,39313,2
77,54,0.875,2.725,10184,3
78,54,0.925,2.725,11429,10
79,54,0.975,2.725,9187,2
80,54,1.025,2.725,45098,5
81,54,1.075,2.725,81574,1
82,54,1.125,2.725,-1,0
83,54,1.175,2.725,11438,2
84,54,1.225,2.725,5964,2
85,54,1.275,2.725,9618,3
86,54,1.325,2.725,3717,4
87,54,1.375,2.725,6682,4
88,54,1.425,2.725,27371,7
89,54,1.475,2.725,8778,3
90,54,1.525,2.725,-1,0
91,54,1.575,2.725,-1,0
92,54,1.625,2.725,-1,0
93,54,1.675,2.725,-1,0
94,54,1.725,2.725,-1,0
95,54,1.775,2.725,-1,0
96,54,1.825,2.725,5105,31
97,54,1.875,2.725,61813,2
98,54,1.925,2.725,9097,16
99,54,1.975,2.725,667,12
100,54,2.025,2.725,22888,6
101,54,2.075,2.725,1494,7
102,54,2.125,2.725,14965,6
103,54,2.175,2.725,19176,5
104,54,2.225,2.725,257,7
105,54,2.275,2.725,780,13
106,54,2.325,2.725,5452,13
107,54,2.375,2.725,10011,3
108,54,2.425,2.725,-1,0
109,54,2.475,2.725,-1,0
110,54,2.525,2.725,-1,0
111,54,2.575,2.725,-1,0
112,54,2.625,2.725,-1,0
113,54,2.675,2.725,-1,0
114,54,2.725,2.725,-1,0
115,54,2.775,2.725,-1,0
116,54,2.825,2.725,-1,0
117,54,2.875,2.725,-1,0
118,54,2.925,2.725,-1,0
119,54,2.975,2.725,-1,0
0,55,-2.975,2.775,-1,0
1,55,-2.925,2.775,-1,0
2,55,-2.875,2.775,-1,0
3,55,-2.825,2.775,-1,0
4,55,-2.775,2.775,-1,0
5,55,-2.725,2.775,-1,0
6,55,-2.675,2.775,-1,0
7,55,-2.625,2.775,-1,0
8,55,-2.575,2.775,-1,0
9,55,-2.525,2.775,-1,0
10,55,-2.475,2.775,-1,0
11,55,-2.425,2.775,-1,0
12,55,-2.375,2.775,-1,0
13,55,-2.325,2.775,-1,0
14,55,-2.275,2.775,-1,0
15,55,-2.225,2.775,-1,0
16,55,-2.175,2.775,-1,0
17,55,-2.125,2.775,-1,0
18,55,-2.075,2.775,-1,0
19,55,-2.025,2.775,-1,0
20,55,-1.975,2.775,-1,0
21,55,-1.925,2.775,-1,0
22,55,-1.875,2.775,-1,0
23,55,-1.825,2.775,-1,0
24,55,-1.775,2.775,4544,5
25,55,-1.725,2.775,8012,5
26,55,-1.675,2.775,3562,9
27,55,-1.625,2.775,30353,4
28,55,-1.575,2.775,26500,1
29,55,-1.525,2.775,10231,3
30,55,-1.475,2.775,38120,2
31,55,-1.425,2.775,14782,1
32,55,-1.375,2.775,60008,3
33,55,-1.325,2.775,87366,1
34,55,-1.275,2.775,2020,7
35,55,-1.225,2.775,15927,4
36,55,-1.175,2.775,16455,2
37,55,-1.125,2.775,74040,1
38,55,-1.075,2.775,35267,4
39,55,-1.025,2.775,39029,2
40,55,-0.975,2.775,24776,5
41,55,-0.925,2.775,2201,4
42,55,-0.875,2.775,25230,2
43,55,-0.825,2.775,-1,0
44,55,-0.775,2.775,53966,2
45,55,-0.725,2.775,21411,2
46,55,-0.675,2.775,53724,2
47,55,-0.625,2.775,19940,5
48,55,-0.575,2.775,23821,7
49,55,-0.525,2.775,46359,4
50,55,-0.475,2.775,-1,0
51,55,-0.425,2.775,-1,0
52,55,-0.375,2.775,9493,7
53,55,-0.325,2.775,5892,12
54,55,-0.275,2.775,2073,11
55,55,-0.225,2.775,-1,0
56,55,-0.175,2.775,-1,0
57,55,-0.125,2.775,-1,0
58,55,-0.075,2.775,-1,0
59,55,-0.025,2.775,-1,0
60,55,0.025,2.775,-1,0
61,55,0.075,2.775,1267,39
62,55,0.125,2.775,-1,0
63,55,0.175,2.775,-1,0
64,55,0.225,2.775,7371,2
65,55,0.275,2.775,11281,2
66,55,0.325,2.775,18173,2
67,55,0.375,2.775,12269,1
68,55,0.425,2.775,1827,3
69,55,0.475,2.775,2317,1
70,55,0.525,2.775,4167,6
71,55,0.575,2.775,13941,1
72,55,0.625,2.775,18568,3
73,55,0.675,2.775,24109,2
74,55,0.725,2.775,46806,3
75,55,0.775,2.775,6947,3
76,55,0.825,2.775,33917,1
77,55,0.875,2.775,-1,0
78,55,0.925,2.775,70024,3
79,55,0.975,2.775,2615,11
80,55,1.025,2.775,4957,3
81,55,1.075,2.775,-1,0
82,55,1.125,2.775,235,3
83,55,1.175,2.775,51803,3
84,55,1.225,2.775,3762,5
85,55,1.275,2.775,14003,6
86,55,1.325,2.775,36617,2
87,55,1.375,2.775,10398,5
88,55,1.425,2.775,18374,3
89,55,1.475,2.775,15893,6
90,55,1.525,2.775,8460,6
91,55,1.575,2.775,-1,0
92,55,1.625,2.775,-1,0
93,55,1.675,2.775,-1,0
94,55,1.725,2.775,-1,0
95,55,1.775,2.775,-1,0
96,55,1.825,2.775,44079,2
97,55,1.875,2.775,19035,6
98,55,1.925,2.775,12528,16
99,55,1.975,2.775,12219,4
100,55,2.025,2.775,2953,15
101,55,2.075,2.775,4033,13
102,55,2.125,2.775,11239,10
103,55,2.175,2.775,7392,10
104,55,2.225,2.775,11647,8
105,55,2.275,2.775,1587,9
106,55,2.325,2.775,10787,16
107,55,2.375,2.775,8262,6
108,55,2.425,2.775,-1,0
109,55,2.475,2.775,-1,0
110,55,2.525,2.775,-1,0
111,55,2.575,2.775,-1,0
112,55,2.625,2.775,-1,0
113,55,2.675,2.775,-1,0
114,55,2.725,2.775,-1,0
115,55,2.775,2.775,-1,0
116,55,2.825,2.775,-1,0
117,55,2.875,2.775,-1,0
118,55,2.925,2.775,-1,0
119,55,2.975,2.775,-1,0
0,56,-2.975,2.825,-1,0
1,56,-2.925,2.825,-1,0
2,56,-2.875,2.825,-1,0
3,56,-2.825,2.825,-1,0
4,56,-2.775,2.825,-1,0
5,56,-2.725,2.825,-1,0
6,56,-2.675,2.825,-1,0
7,56,-2.625,2.825,-1,0
8,56,-2.575,2.825,-1,0
9,56,-2.525,2.825,-1,0
10,56,-2.475,2.825,-1,0
11,56,-2.425,2.825,-1,0
12,56,-2.375,2.825,-1,0
13,56,-2.325,2.825,-1,0
14,56,-2.275,2.825,-1,0
15,56,-2.225,2.825,-1,0
16,56,-2.175,2.825,-1,0
17,56,-2.125,2.825,-1,0
18,56,-2.075,2.825,-1,0
19,56,-2.025,2.825,-1,0
20,56,-1.975,2.825,-1,0
21,56,-1.925,2.825,-1,0
22,56,-1.875,2.825,61214,1
23,56,-1.825,2.825,15489,8
24,56,-1.775,2.825,9594,7
25,56,-1.725,2.825,63395,1
26,56,-1.675,2.825,9687,2
27,56,-1.625,2.825,60012,3
28,56,-1.575,2.825,76839,1
29,56,-1.525,2.825,22095,4
30,56,-1.475,2.825,10997,8
31,56,-1.425,2.825,9140,4
32,56,-1.375,2.825,1239,3
33,56,-1.325,2.825,32431,5
34,56,-1.275,2.825,64694,3
35,56,-1.225,2.825,-1,0
36,56,-1.175,2.825,30169,2
37,56,-1.125,2.825,22570,3
38,56,-1.075,2.825,59357,4
39,56,-1.025,2.825,6670,5
40,56,-0.975,2.825,11673,7
41,56,-0.925,2.825,26593,3
42,56,-0.875,2.825,21946,2
43,56,-0.825,2.825,675,3
44,56,-0.775,2.825,15726,6
45,56,-0.725,2.825,25824,5
46,56,-0.675,2.825,5212,7
47,56,-0.625,2.825,13891,9
48,56,-0.575,2.825,11518,8
49,56,-0.525,2.825,8561,5
50,56,-0.475,2.825,-1,0
51,56,-0.425,2.825,-1,0
52,56,-0.375,2.825,47,6
53,56,-0.325,2.825,4735,13
54,56,-0.275,2.825,17067,3
55,56,-0.225,2.825,-1,0
56,56,-0.175,2.825,-1,0
57,56,-0.125,2.825,-1,0
58,56,-0.075,2.825,-1,0
59,56,-0.025,2.825,-1,0
60,56,0.025,2.825,-1,0
61,56,0.075,2.825,625,24
62,56,0.125,2.825,-1,0
63,56,0.175,2.825,-1,0
64,56,0.225,2.825,43267,1
65,56,0.275,2.825,76004,2
66,56,0.325,2.825,55554,1
67,56,0.375,2.825,22551,4
68,56,0.425,2.825,22326,7
69,56,0.475,2.825,22913,3
70,56,0.525,2.825,8780,2
71,56,0.575,2.825,27687,3
72,56,0.625,2.825,81460,1
73,56,0.675,2.825,20656,5
74,56,0.725,2.825,51284,5
75,56,0.775,2.825,3641,3
76,56,0.825,2.825,22565,5
77,56,0.875,2.825,32012,1
78,56,0.925,2.825,31879,4
79,56,0.975,2.825,31338,2
80,56,1.025,2.825,25883,4
81,56,1.075,2.825,3550,4
82,56,1.125,2.825,5488,3
83,56,1.175,2.825,56347,2
84,56,1.225,2.825,4600,4
85,56,1.275,2.825,266,2
86,56,1.325,2.825,83016,1
87,56,1.375,2.825,89126,1
88,56,1.425,2.825,33346,4
89,56,1.475,2.825,1456,4
90,56,1.525,2.825,36344,4
91,56,1.575,2.825,3003,13
92,56,1.625,2.825,25822,5
93,56,1.675,2.825,-1,0
94,56,1.725,2.825,-1,0
95,56,1.775,2.825,-1,0
96,56,1.825,2.825,-1,0
97,56,1.875,2.825,-1,0
98,56,1.925,2.825,6848,18
99,56,1.975,2.825,17922,9
100,56,2.025,2.825,9280,12
101,56,2.075,2.825,2281,12
102,56,2.125,2.825,32282,7
103,56,2.175,2.825,16034,6
104,56,2.225,2.825,3840,6
105,56,2.275,2.825,7425,8
106,56,2.325,2.825,6260,8
107,56,2.375,2.825,7867,26
108,56,2.425,2.825,-1,0
109,56,2.475,2.825,-1,0
110,56,2.525,2.825,-1,0
111,56,2.575,2.825,-1,0
112,56,2.625,2.825,-1,0
113,56,2.675,2.825,-1,0
114,56,2.725,2.825,-1,0
115,56,2.775,2.825,-1,0
116,56,2.825,2.825,-1,0
117,56,2.875,2.825,-1,0
118,56,2.925,2.825,-1,0
119,56,2.975,2.825,-1,0
0,57,-2.975,2.875,-1,0
1,57,-2.925,2.875,-1,0
2,57,-2.875,2.875,-1,0
3,57,-2.825,2.875,-1,0
4,57,-2.775,2.875,-1,0
5,57,-2.725,2.875,-1,0
6,57,-2.675,2.875,-1,0
7,57,-2.625,2.875,-1,0
8,57,-2.575,2.875,-1,0
9,57,-2.525,2.875,-1,0
10,57,-2.475,2.875,-1,0
11,57,-2.425,2.875,-1,0
12,57,-2.375,2.875,-1,0
13,57,-2.325,2.875,-1,0
14,57,-2.275,2.875,-1,0
15,57,-2.225,2.875,-1,0
16,57,-2.175,2.875,-1,0
17,57,-2.125,2.875,-1,0
18,57,-2.075,2.875,-1,0
19,57,-2.025,2.875,-1,0
20,57,-1.975,2.875,-1,0
21,57,-1.925,2.875,-1,0
22,57,-1.875,2.875,3132,7
23,57,-1.825,2.875,9886,13
24,57,-1.775,2.875,37023,7
25,57,-1.725,2.875,14767,6
26,57,-1.675,2.875,3558,7
27,57,-1.625,2.875,6091,10
28,57,-1.575,2.875,6674,6
29,57,-1.525,2.875,23825,3
30,57,-1.475,2.875,-1,0
31,57,-1.425,2.875,18536,4
32,57,-1.375,2.875,23073,2
33,57,-1.325,2.875,10893,19
34,57,-1.275,2.875,-1,0
35,57,-1.225,2.875,74983,1
36,57,-1.175,2.875,11164,4
37,57,-1.125,2.875,-1,0
38,57,-1.075,2.875,10485,2
39,57,-1.025,2.875,71778,1
40,57,-0.975,2.875,14927,4
41,57,-0.925,2.875,17955,13
42,57,-0.875,2.875,1373,6
43,57,-0.825,2.875,7111,5
44,57,-0.775,2.875,10854,9
45,57,-0.725,2.875,-1,0
46,57,-0.675,2.875,44788,1
47,57,-0.625,2.875,4035,6
48,57,-0.575,2.875,2346,4
49,57,-0.525,2.875,2922,4
50,57,-0.475,2.875,-1,0
51,57,-0.425,2.875,9380,5
52,57,-0.375,2.875,22058,23
53,57,-0.325,2.875,36819,6
54,57,-0.275,2.875,-1,0
55,57,-0.225,2.875,-1,0
56,57,-0.175,2.875,-1,0
57,57,-0.125,2.875,-1,0
58,57,-0.075,2.875,-1,0
59,57,-0.025,2.875,-1,0
60,57,0.025,2.875,-1,0
61,57,0.075,2.875,180,44
62,57,0.125,2.875,-1,0
63,57,0.175,2.875,-1,0
64,57,0.225,2.875,-1,0
65,57,0.275,2.875,67572,1
66,57,0.325,2.875,3705,5
67,57,0.375,2.875,7345,9
68,57,0.425,2.875,43779,6
69,57,0.475,2.875,47956,3
70,57,0.525,2.875,7036,5
71,57,0.575,2.875,11161,5
72,57,0.625,2.875,17134,3
73,57,0.675,2.875,27697,2
74,57,0.725,2.875,27557,7
75,57,0.775,2.875,16227,4
76,57,0.825,2.875,43475,3
77,57,0.875,2.875,53568,2
78,57,0.925,2.875,48338,1
79,57,0.975,2.875,8706,7
80,57,1.025,2.875,-1,0
81,57,1.075,2.875,7093,6
82,57,1.125,2.875,39114,3
83,57,1.175,2.875,31283,2
84,57,1.225,2.875,2964,5
85,57,1.275,2.875,36723,8
86,57,1.325,2.875,7115,8
87,57,1.375,2.875,3993,3
88,57,1.425,2.875,1843,2
89,57,1.475,2.875,3876,10
90,57,1.525,2.875,2878,14
91,57,1.575,2.875,11035,10
92,57,1.625,2.875,7034,23
93,57,1.675,2.875,11494,9
94,57,1.725,2.875,-1,0
95,57,1.775,2.875,-1,0
96,57,1.825,2.875,-1,0
97,57,1.875,2.875,-1,0
98,57,1.925,2.875,40760,1
99,57,1.975,2.875,27741,3
100,57,2.025,2.875,5461,18
101,57,2.075,2.875,2261,13
102,57,2.125,2.875,13878,15
103,57,2.175,2.875,1553,7
104,57,2.225,2.875,1329,13
105,57,2.275,2.875,2195,11
106,57,2.325,2.875,1857,19
107,57,2.375,2.875,4153,7
108,57,2.425,2.875,-1,0
109,57,2.475,2.875,-1,0
110,57,2.525,2.875,-1,0
111,57,2.575,2.875,-1,0
112,57,2.625,2.875,-1,0
113,57,2.675,2.875,-1,0
114,57,2.725,2.875,-1,0
115,57,2.775,2.875,-1,0
116,57,2.825,2.875,-1,0
117,57,2.875,2.875,-1,0
118,57,2.925,2.875,-1,0
119,57,2.975,2.875,-1,0
0,58,-2.975,2.925,-1,0
1,58,-2.925,2.925,-1,0
2,58,-2.875,2.925,-1,0
3,58,-2.825,2.925,-1,0
4,58,-2.775,2.925,-1,0
5,58,-2.725,2.925,-1,0
6,58,-2.675,2.925,-1,0
7,58,-2.625,2.925,-1,0
8,58,-2.575,2.925,-1,0
9,58,-2.525,2.925,-1,0
10,58,-2.475,2.925,-1,0
11,58,-2.425,2.925,-1,0
12,58,-2.375,2.925,-1,0
13,58,-2.325,2.925,-1,0
14,58,-2.275,2.925,-1,0
15,58,-2.225,2.925,-1,0
16,58,-2.175,2.925,-1,0
17,58,-2.125,2.925,-1,0
18,58,-2.075,2.925,-1,0
19,58,-2.025,2.925,-1,0
20,58,-1.975,2.925,-1,0
21,58,-1.925,2.925,692,26
22,58,-1.875,2.925,12167,13
23,58,-1.825,2.925,27675,7
24,58,-1.775,2.925,8008,5
25,58,-1.725,2.925,11982,4
26,58,-1.675,2.925,771,7
27,58,-1.625,2.925,27348,6
28,58,-1.575,2.925,977,8
29,58,-1.525,2.925,12059,6
30,58,-1.475,2.925,9612,7
31,58,-1.425,2.925,45599,2
32,58,-1.375,2.925,21648,7
33,58,-1.325,2.925,1690,5
34,58,-1.275,2.925,52414,1
35,58,-1.225,2.925,29738,2
36,58,-1.175,2.925,23274,2
37,58,-1.125,2.925,7302,3
38,58,-1.075,2.925,238,4
39,58,-1.025,2.925,7082,6
40,58,-0.975,2.925,35094,6
41,58,-0.925,2.925,2269,7
42,58,-0.875,2.925,37811,4
43,58,-0.825,2.925,19887,3
44,58,-0.775,2.925,58132,1
45,58,-0.725,2.925,-1,0
46,58,-0.675,2.925,8297,10
47,58,-0.625,2.925,19401,9
48,58,-0.575,2.925,29781,4
49,58,-0.525,2.925,-1,0
50,58,-0.475,2.925,-1,0
51,58,-0.425,2.925,441,18
52,58,-0.375,2.925,4123,3
53,58,-0.325,2.925,-1,0
54,58,-0.275,2.925,-1,0
55,58,-0.225,2.925,-1,0
56,58,-0.175,2.925,-1,0
57,58,-0.125,2.925,-1,0
58,58,-0.075,2.925,-1,0
59,58,-0.025,2.925,-1,0
60,58,0.025,2.925,-1,0
61,58,0.075,2.925,1135,49
62,58,0.125,2.925,-1,0
63,58,0.175,2.925,-1,0
64,58,0.225,2.925,-1,0
65,58,0.275,2.925,-1,0
66,58,0.325,2.925,18284,3
67,58,0.375,2.925,25775,10
68,58,0.425,2.925,8079,3
69,58,0.475,2.925,18088,6
70,58,0.525,2.925,47836,1
71,58,0.575,2.925,33864,3
72,58,0.625,2.925,48566,3
73,58,0.675,2.925,6101,3
74,58,0.725,2.925,4573,10
75,58,0.775,2.925,41447,2
76,58,0.825,2.925,13897,4
77,58,0.875,2.925,33920,2
78,58,0.925,2.925,58943,1
79,58,0.975,2.925,87086,1
80,58,1.025,2.925,-1,0
81,58,1.075,2.925,4852,5
82,58,1.125,2.925,12399,5
83,58,1.175,2.925,26409,3
84,58,1.225,2.925,22880,5
85,58,1.275,2.925,38435,7
86,58,1.325,2.925,18041,4
87,58,1.375,2.925,6532,6
88,58,1.425,2.925,18597,7
89,58,1.475,2.925,18006,4
90,58,1.525,2.925,11159,2
91,58,1.575,2.925,17711,1
92,58,1.625,2.925,-1,0
93,58,1.675,2.925,4246,9
94,58,1.725,2.925,78609,4
95,58,1.775,2.925,-1,0
96,58,1.825,2.925,-1,0
97,58,1.875,2.925,-1,0
98,58,1.925,2.925,-1,0
99,58,1.975,2.925,-1,0
100,58,2.025,2.925,2154,17
101,58,2.075,2.925,11257,8
102,58,2.125,2.925,1484,19
103,58,2.175,2.925,4630,13
104,58,2.225,2.925,9224,8
105,58,2.275,2.925,6733,11
106,58,2.325,2.925,1230,12
107,58,2.375,2.925,1168,12
108,58,2.425,2.925,5946,14
109,58,2.475,2.925,-1,0
110,58,2.525,2.925,-1,0
111,58,2.575,2.925,-1,0
112,58,2.625,2.925,-1,0
113,58,2.675,2.925,-1,0
114,58,2.725,2.925,-1,0
115,58,2.775,2.925,-1,0
116,58,2.825,2.925,-1,0
117,58,2.875,2.925,-1,0
118,58,2.925,2.925,-1,0
119,58,2.975,2.925,-1,0
0,59,-2.975,2.975,-1,0
1,59,-2.925,2.975,-1,0
2,59,-2.875,2.975,-1,0
3,59,-2.825,2.975,-1,0
4,59,-2.775,2.975,-1,0
5,59,-2.725,2.975,-1,0
6,59,-2.675,2.975,-1,0
7,59,-2.625,2.975,-1,0
8,59,-2.575,2.975,-1,0
9,59,-2.525,2.975,-1,0
10,59,-2.475,2.975,-1,0
11,59,-2.425,2.975,-1,0
12,59,-2.375,2.975,-1,0
13,59,-2.325,2.975,-1,0
14,59,-2.275,2.975,-1,0
15,59,-2.225,2.975,-1,0
16,59,-2.175,2.975,-1,0
17,59,-2.125,2.975,-1,0
18,59,-2.075,2.975,-1,0
19,59,-2.025,2.975,-1,0
20,59,-1.975,2.975,62335,7
21,59,-1.925,2.975,22468,9
22,59,-1.875,2.975,-1,0
23,59,-1.825,2.975,19311,3
24,59,-1.775,2.975,25110,6
25,59,-1.725,2.975,28005,1
26,59,-1.675,2.975,86396,1
27,59,-1.625,2.975,40183,2
28,59,-1.575,2.975,27866,6
29,59,-1.525,2.975,-1,0
30,59,-1.475,2.975,-1,0
31,59,-1.425,2.975,1271,13
32,59,-1.375,2.975,41309,3
33,59,-1.325,2.975,40166,2
34,59,-1.275,2.975,39125,3
35,59,-1.225,2.975,9029,3
36,59,-1.175,2.975,8102,5
37,59,-1.125,2.975,32930,2
38,59,-1.075,2.975,49673,3
39,59,-1.025,2.975,8840,3
40,59,-0.975,2.975,15708,4
41,59,-0.925,2.975,2414,2
42,59,-0.875,2.975,367,3
43,59,-0.825,2.975,12565,9
44,59,-0.775,2.975,18770,4
45,59,-0.725,2.975,-1,0
46,59,-0.675,2.975,14291,6
47,59,-0.625,2.975,6665,12
48,59,-0.575,2.975,-1,0
49,59,-0.525,2.975,-1,0
50,59,-0.475,2.975,-1,0
51,59,-0.425,2.975,-1,0
52,59,-0.375,2.975,-1,0
53,59,-0.325,2.975,-1,0
54,59,-0.275,2.975,-1,0
55,59,-0.225,2.975,-1,0
56,59,-0.175,2.975,-1,0
57,59,-0.125,2.975,-1,0
58,59,-0.075,2.975,-1,0
59,59,-0.025,2.975,-1,0
60,59,0.025,2.975,-1,0
61,59,0.075,2.975,6187,21
62,59,0.125,2.975,-1,0
63,59,0.175,2.975,-1,0
64,59,0.225,2.975,-1,0
65,59,0.275,2.975,-1,0
66,59,0.325,2.975,-1,0
67,59,0.375,2.975,14717,7
68,59,0.425,2.975,9433,5
69,59,0.475,2.975,2955,8
70,59,0.525,2.975,-1,0
71,59,0.575,2.975,3088,5
72,59,0.625,2.975,60029,1
73,59,0.675,2.975,12262,5
74,59,0.725,2.975,2481,8
75,59,0.775,2.975,15411,4
76,59,0.825,2.975,9621,8
77,59,0.875,2.975,73688,1
78,59,0.925,2.975,63190,4
79,59,0.975,2.975,42845,5
80,59,1.025,2.975,4620,2
81,59,1.075,2.975,66031,1
82,59,1.125,2.975,17680,1
83,59,1.175,2.975,10196,6
84,59,1.225,2.975,9806,3
85,59,1.275,2.975,-1,0
86,59,1.325,2.975,74468,1
87,59,1.375,2.975,51594,3
88,59,1.425,2.975,3627,5
89,59,1.475,2.975,7133,5
90,59,1.525,2.975,15724,8
91,59,1.575,2.975,31714,6
92,59,1.625,2.975,42913,7
93,59,1.675,2.975,16984,1
94,59,1.725,2.975,-1,0
95,59,1.775,2.975,-1,0
96,59,1.825,2.975,-1,0
97,59,1.875,2.975,-1,0
98,59,1.925,2.975,-1,0
99,59,1.975,2.975,-1,0
100,59,2.025,2.975,-1,0
101,59,2.075,2.975,575,12
102,59,2.125,2.975,8295,17
103,59,2.175,2.975,5875,14
104,59,2.225,2.975,5553,9
105,59,2.275,2.975,7382,12
106,59,2.325,2.975,5352,11
107,59,2.375,2.975,6663,16
108,59,2.425,2.975,13683,6
109,59,2.475,2.975,-1,0
110,59,2.525,2.975,-1,0
111,59,2.575,2.975,-1,0
112,59,2.625,2.975,-1,0
113,59,2.675,2.975,-1,0
114,59,2.725,2.975,-1,0
115,59,2.775,2.975,-1,0
116,59,2.825,2.975,-1,0
117,59,2.875,2.975,-1,0
118,59,2.925,2.975,-1,0
119,59,2.975,2.975,-1,0
0,60,-2.975,3.025,-1,0
1,60,-2.925,3.025,-1,0
2,60,-2.875,3.025,-1,0
3,60,-2.825,3.025,-1,0
4,60,-2.775,3.025,-1,0
5,60,-2.725,3.025,-1,0
6,60,-2.675,3.025,-1,0
7,60,-2.625,3.025,-1,0
8,60,-2.575,3.025,-1,0
9,60,-2.525,3.025,-1,0
10,60,-2.475,3.025,-1,0
11,60,-2.425,3.025,-1,0
12,60,-2.375,3.025,-1,0
13,60,-2.325,3.025,-1,0
14,60,-2.275,3.025,-1,0
15,60,-2.225,3.025,-1,0
16,60,-2.175,3.025,-1,0
17,60,-2.125,3.025,-1,0
18,60,-2.075,3.025,-1,0
19,60,-2.025,3.025,-1,0
20,60,-1.975,3.025,-1,0
21,60,-1.925,3.025,71604,2
22,60,-1.875,3.025,18317,6
23,60,-1.825,3.025,14772,6
24,60,-1.775,3.025,20746,9
25,60,-1.725,3.025,25396,6
26,60,-1.675,3.025,86425,1
27,60,-1.625,3.025,32635,1
28,60,-1.575,3.025,55447,3
29,60,-1.525,3.025,40394,3
30,60,-1.475,3.025,9683,5
31,60,-1.425,3.025,55277,1
32,60,-1.375,3.025,4269,6
33,60,-1.325,3.025,3362,1
34,60,-1.275,3.025,10127,3
35,60,-1.225,3.025,6584,4
36,60,-1.175,3.025,13173,10
37,60,-1.125,3.025,25858,6
38,60,-1.075,3.025,449,4
39,60,-1.025,3.025,30346,4
40,60,-0.975,3.025,16298,5
41,60,-0.925,3.025,14744,8
42,60,-0.875,3.025,8571,9
43,60,-0.825,3.025,7018,9
44,60,-0.775,3.025,-1,0
45,60,-0.725,3.025,51628,1
46,60,-0.675,3.025,14524,17
47,60,-0.625,3.025,3935,4
48,60,-0.575,3.025,-1,0
49,60,-0.525,3.025,-1,0
50,60,-0.475,3.025,-1,0
51,60,-0.425,3.025,-1,0
52,60,-0.375,3.025,-1,0
53,60,-0.325,3.025,-1,0
54,60,-0.275,3.025,-1,0
55,60,-0.225,3.025,-1,0
56,60,-0.175,3.025,-1,0
57,60,-0.125,3.025,-1,0
58,60,-0.075,3.025,-1,0
59,60,-0.025,3.025,45491,5
60,60,0.025,3.025,-1,0
61,60,0.075,3.025,9679,5
62,60,0.125,3.025,-1,0
63,60,0.175,3.025,-1,0
64,60,0.225,3.025,-1,0
65,60,0.275,3.025,-1,0
66,60,0.325,3.025,-1,0
67,60,0.375,3.025,33745,2
68,60,0.425,3.025,15737,6
69,60,0.475,3.025,1486,7
70,60,0.525,3.025,23204,3
71,60,0.575,3.025,-1,0
72,60,0.625,3.025,18881,5
73,60,0.675,3.025,3336,5
74,60,0.725,3.025,40422,3
75,60,0.775,3.025,40842,5
76,60,0.825,3.025,46973,4
77,60,0.875,3.025,63646,2
78,60,0.925,3.025,17141,4
79,60,0.975,3.025,7299,8
80,60,1.025,3.025,24903,4
81,60,1.075,3.025,2465,7
82,60,1.125,3.025,18516,1
83,60,1.175,3.025,20593,5
84,60,1.225,3.025,15813,2
85,60,1.275,3.025,55388,1
86,60,1.325,3.025,41488,1
87,60,1.375,3.025,25693,2
88,60,1.425,3.025,8613,2
89,60,1.475,3.025,89404,1
90,60,1.525,3.025,40273,4
91,60,1.575,3.025,28010,5
92,60,1.625,3.025,16950,3
93,60,1.675,3.025,208,7
94,60,1.725,3.025,39610,2
95,60,1.775,3.025,-1,0
96,60,1.825,3.025,-1,0
97,60,1.875,3.025,-1,0
98,60,1.925,3.025,-1,0
99,60,1.975,3.025,-1,0
100,60,2.025,3.025,-1,0
101,60,2.075,3.025,78871,2
102,60,2.125,3.025,41666,11
103,60,2.175,3.025,3159,12
104,60,2.225,3.025,9082,9
105,60,2.275,3.025,5913,13
106,60,2.325,3.025,7962,12
107,60,2.375,3.025,7334,18
108,60,2.425,3.025,2046,16
109,60,2.475,3.025,-1,0
110,60,2.525,3.025,-1,0
111,60,2.575,3.025,-1,0
112,60,2.625,3.025,-1,0
113,60,2.675,3.025,-1,0
114,60,2.725,3.025,-1,0
115,60,2.775,3.025,-1,0
116,60,2.825,3.025,-1,0
117,60,2.875,3.025,-1,0
118,60,2.925,3.025,-1,0
119,60,2.975,3.025,-1,0
0,61,-2.975,3.075,-1,0
1,61,-2.925,3.075,-1,0
2,61,-2.875,3.075,-1,0
3,61,-2.825,3.075,-1,0
4,61,-2.775,3.075,-1,0
5,61,-2.725,3.075,-1,0
6,61,-2.675,3.075,-1,0
7,61,-2.625,3.075,-1,0
8,61,-2.575,3.075,-1,0
9,61,-2.525,3.075,-1,0
10,61,-2.475,3.075,-1,0
11,61,-2.425,3.075,-1,0
12,61,-2.375,3.075,-1,0
13,61,-2.325,3.075,-1,0
14,61,-2.275,3.075,-1,0
15,61,-2.225,3.075,-1,0
16,61,-2.175,3.075,-1,0
17,61,-2.125,3.075,-1,0
18,61,-2.075,3.075,-1,0
19,61,-2.025,3.075,-1,0
20,61,-1.975,3.075,35766,2
21,61,-1.925,3.075,27401,4
22,61,-1.875,3.075,30477,3
23,61,-1.825,3.075,11871,3
24,61,-1.775,3.075,20339,5
25,61,-1.725,3.075,-1,0
26,61,-1.675,3.075,23569,6
27,61,-1.625,3.075,8625,8
28,61,-1.575,3.075,5838,5
29,61,-1.525,3.075,5247,1
30,61,-1.475,3.075,3056,5
31,61,-1.425,3.075,-1,0
32,61,-1.375,3.075,7943,3
33,61,-1.325,3.075,45414,4
34,61,-1.275,3.075,4961,5
35,61,-1.225,3.075,27389,3
36,61,-1.175,3.075,25087,6
37,61,-1.125,3.075,15821,6
38,61,-1.075,3.075,878,4
39,61,-1.025,3.075,14605,6
40,61,-0.975,3.075,-1,0
41,61,-0.925,3.075,2157,16
42,61,-0.875,3.075,3843,10
43,61,-0.825,3.075,6447,6
44,61,-0.775,3.075,-1,0
45,61,-0.725,3.075,973,18
46,61,-0.675,3.075,29618,4
47,61,-0.625,3.075,46132,4
48,61,-0.575,3.075,25577,1
49,61,-0.525,3.075,-1,0
50,61,-0.475,3.075,-1,0
51,61,-0.425,3.075,-1,0
52,61,-0.375,3.075,-1,0
53,61,-0.325,3.075,-1,0
54,61,-0.275,3.075,-1,0
55,61,-0.225,3.075,-1,0
56,61,-0.175,3.075,-1,0
57,61,-0.125,3.075,-1,0
58,61,-0.075,3.075,4811,11
59,61,-0.025,3.075,2054,4
60,61,0.025,3.075,-1,0
61,61,0.075,3.075,22259,4
62,61,0.125,3.075,-1,0
63,61,0.175,3.075,-1,0
64,61,0.225,3.075,-1,0
65,61,0.275,3.075,-1,0
66,61,0.325,3.075,-1,0
67,61,0.375,3.075,-1,0
68,61,0.425,3.075,16059,3
69,61,0.475,3.075,6984,11
70,61,0.525,3.075,2295,4
71,61,0.575,3.075,-1,0
72,61,0.625,3.075,7939,4
73,61,0.675,3.075,1446,10
74,61,0.725,3.075,6400,5
75,61,0.775,3.075,7713,6
76,61,0.825,3.075,6745,8
77,61,0.875,3.075,43679,7
78,61,0.925,3.075,2662,5
79,61,0.975,3.075,6504,4
80,61,1.025,3.075,11267,13
81,61,1.075,3.075,70639,1
82,61,1.125,3.075,-1,0
83,61,1.175,3.075,17138,4
84,61,1.225,3.075,2959,4
85,61,1.275,3.075,17132,8
86,61,1.325,3.075,4301,9
87,61,1.375,3.075,21547,5
88,61,1.425,3.075,33284,2
89,61,1.475,3.075,56704,4
90,61,1.525,3.075,5015,6
91,61,1.575,3.075,10661,5
92,61,1.625,3.075,2494,6
93,61,1.675,3.075,13288,6
94,61,1.725,3.075,10852,14
95,61,1.775,3.075,26054,8
96,61,1.825,3.075,-1,0
97,61,1.875,3.075,-1,0
98,61,1.925,3.075,-1,0
99,61,1.975,3.075,-1,0
100,61,2.025,3.075,-1,0
101,61,2.075,3.075,-1,0
102,61,2.125,3.075,-1,0
103,61,2.175,3.075,1955,28
104,61,2.225,3.075,2843,20
105,61,2.275,3.075,2983,21
106,61,2.325,3.075,10119,8
107,61,2.375,3.075,1820,16
108,61,2.425,3.075,565,14
109,61,2.475,3.075,-1,0
110,61,2.525,3.075,-1,0
111,61,2.575,3.075,-1,0
112,61,2.625,3.075,-1,0
113,61,2.675,3.075,-1,0
114,61,2.725,3.075,-1,0
115,61,2.775,3.075,-1,0
116,61,2.825,3.075,-1,0
117,61,2.875,3.075,-1,0
118,61,2.925,3.075,-1,0
119,61,2.975,3.075,-1,0
0,62,-2.975,3.125,-1,0
1,62,-2.925,3.125,-1,0
2,62,-2.875,3.125,-1,0
3,62,-2.825,3.125,-1,0
4,62,-2.775,3.125,-1,0
5,62,-2.725,3.125,-1,0
6,62,-2.675,3.125,-1,0
7,62,-2.625,3.125,-1,0
8,62,-2.575,3.125,-1,0
9,62,-2.525,3.125,-1,0
10,62,-2.475,3.125,-1,0
11,62,-2.425,3.125,-1,0
12,62,-2.375,3.125,-1,0
13,62,-2.325,3.125,-1,0
14,62,-2.275,3.125,-1,0
15,62,-2.225,3.125,-1,0
16,62,-2.175,3.125,-1,0
17,62,-2.125,3.125,-1,0
18,62,-2.075,3.125,-1,0
19,62,-2.025,3.125,7074,8
20,62,-1.975,3.125,1301,18
21,62,-1.925,3.125,3101,8
22,62,-1.875,3.125,10673,13
23,62,-1.825,3.125,27239,11
24,62,-1.775,3.125,4336,13
25,62,-1.725,3.125,3307,6
26,62,-1.675,3.125,17811,9
27,62,-1.625,3.125,11866,5
28,62,-1.575,3.125,11136,3
29,62,-1.525,3.125,13866,13
30,62,-1.475,3.125,10705,2
31,62,-1.425,3.125,21330,3
32,62,-1.375,3.125,997,6
33,62,-1.325,3.125,11271,7
34,62,-1.275,3.125,3554,4
35,62,-1.225,3.125,3721,5
36,62,-1.175,3.125,14626,8
37,62,-1.125,3.125,11504,5
38,62,-1.075,3.125,25491,3
39,62,-1.025,3.125,27,4
40,62,-0.975,3.125,-1,0
41,62,-0.925,3.125,5073,15
42,62,-0.875,3.125,1171,4
43,62,-0.825,3.125,29325,4
44,62,-0.775,3.125,3599,1
45,62,-0.725,3.125,3039,7
46,62,-0.675,3.125,28814,2
47,62,-0.625,3.125,1216,2
48,62,-0.575,3.125,3802,4
49,62,-0.525,3.125,17581,1
50,62,-0.475,3.125,13997,2
51,62,-0.425,3.125,-1,0
52,62,-0.375,3.125,-1,0
53,62,-0.325,3.125,-1,0
54,62,-0.275,3.125,-1,0
55,62,-0.225,3.125,-1,0
56,62,-0.175,3.125,-1,0
57,62,-0.125,3.125,16492,10
58,62,-0.075,3.125,3118,3
59,62,-0.025,3.125,16025,2
60,62,0.025,3.125,-1,0
61,62,0.075,3.125,4099,7
62,62,0.125,3.125,-1,0
63,62,0.175,3.125,-1,0
64,62,0.225,3.125,-1,0
65,62,0.275,3.125,-1,0
66,62,0.325,3.125,-1,0
67,62,0.375,3.125,-1,0
68,62,0.425,3.125,-1,0
69,62,0.475,3.125,13597,2
70,62,0.525,3.125,3356,8
71,62,0.575,3.125,6385,6
72,62,0.625,3.125,-1,0
73,62,0.675,3.125,14550,5
74,62,0.725,3.125,35884,5
75,62,0.775,3.125,7693,2
76,62,0.825,3.125,-1,0
77,62,0.875,3.125,1179,8
78,62,0.925,3.125,7908,3
79,62,0.975,3.125,5321,7
80,62,1.025,3.125,35440,6
81,62,1.075,3.125,11680,4
82,62,1.125,3.125,20614,3
83,62,1.175,3.125,15037,5
84,62,1.225,3.125,31533,4
85,62,1.275,3.125,16262,3
86,62,1.325,3.125,2473,9
87,62,1.375,3.125,119,6
88,62,1.425,3.125,673,5
89,62,1.475,3.125,10859,6
90,62,1.525,3.125,1176,10
91,62,1.575,3.125,294,11
92,62,1.625,3.125,17978,10
93,62,1.675,3.125,2512,6
94,62,1.725,3.125,409,9
95,62,1.775,3.125,896,17
96,62,1.825,3.125,3086,14
97,62,1.875,3.125,-1,0
98,62,1.925,3.125,-1,0
99,62,1.975,3.125,-1,0
100,62,2.025,3.125,-1,0
101,62,2.075,3.125,-1,0
102,62,2.125,3.125,-1,0
103,62,2.175,3.125,-1,0
104,62,2.225,3.125,527,25
105,62,2.275,3.125,4790,21
106,62,2.325,3.125,2545,16
107,62,2.375,3.125,2145,16
108,62,2.425,3.125,990,26
109,62,2.475,3.125,-1,0
110,62,2.525,3.125,-1,0
111,62,2.575,3.125,-1,0
112,62,2.625,3.125,-1,0
113,62,2.675,3.125,-1,0
114,62,2.725,3.125,-1,0
115,62,2.775,3.125,-1,0
116,62,2.825,3.125,-1,0
117,62,2.875,3.125,-1,0
118,62,2.925,3.125,-1,0
119,62,2.975,3.125,-1,0
0,63,-2.975,3.175,-1,0
1,63,-2.925,3.175,-1,0
2,63,-2.875,3.175,-1,0
3,63,-2.825,3.175,-1,0
4,63,-2.775,3.175,-1,0
5,63,-2.725,3.175,-1,0
6,63,-2.675,3.175,-1,0
7,63,-2.625,3.175,-1,0
8,63,-2.575,3.175,-1,0
9,63,-2.525,3.175,-1,0
10,63,-2.475,3.175,-1,0
11,63,-2.425,3.175,-1,0
12,63,-2.375,3.175,-1,0
13,63,-2.325,3.175,-1,0
14,63,-2.275,3.175,-1,0
15,63,-2.225,3.175,-1,0
16,63,-2.175,3.175,-1,0
17,63,-2.125,3.175,-1,0
18,63,-2.075,3.175,-1,0
19,63,-2.025,3.175,1576,28
20,63,-1.975,3.175,38368,4
21,63,-1.925,3.175,74459,1
22,63,-1.875,3.175,23755,7
23,63,-1.825,3.175,15277,7
24,63,-1.775,3.175,8716,4
25,63,-1.725,3.175,8640,4
26,63,-1.675,3.175,43838,1
27,63,-1.625,3.175,-1,0
28,63,-1.575,3.175,9668,12
29,63,-1.525,3.175,3799,4
30,63,-1.475,3.175,47051,2
31,63,-1.425,3.175,9232,6
32,63,-1.375,3.175,1337,8
33,63,-1.325,3.175,16124,3
34,63,-1.275,3.175,4331,4
35,63,-1.225,3.175,1847,9
36,63,-1.175,3.175,45566,1
37,63,-1.125,3.175,4223,10
38,63,-1.075,3.175,12717,4
39,63,-1.025,3.175,5730,2
40,63,-0.975,3.175,-1,0
41,63,-0.925,3.175,318,17
42,63,-0.875,3.175,3134,7
43,63,-0.825,3.175,31942,6
44,63,-0.775,3.175,3302,6
45,63,-0.725,3.175,5738,5
46,63,-0.675,3.175,28088,4
47,63,-0.625,3.175,62775,1
48,63,-0.575,3.175,9777,4
49,63,-0.525,3.175,1434,2
50,63,-0.475,3.175,46524,2
51,63,-0.425,3.175,-1,0
52,63,-0.375,3.175,-1,0
53,63,-0.325,3.175,-1,0
54,63,-0.275,3.175,-1,0
55,63,-0.225,3.175,-1,0
56,63,-0.175,3.175,3547,10
57,63,-0.125,3.175,33947,1
58,63,-0.075,3.175,81104,2
59,63,-0.025,3.175,-1,0
60,63,0.025,3.175,-1,0
61,63,0.075,3.175,22344,14
62,63,0.125,3.175,-1,0
63,63,0.175,3.175,-1,0
64,63,0.225,3.175,-1,0
65,63,0.275,3.175,-1,0
66,63,0.325,3.175,-1,0
67,63,0.375,3.175,-1,0
68,63,0.425,3.175,-1,0
69,63,0.475,3.175,-1,0
70,63,0.525,3.175,7279,5
71,63,0.575,3.175,4755,25
72,63,0.625,3.175,48194,6
73,63,0.675,3.175,-1,0
74,63,0.725,3.175,19219,13
75,63,0.775,3.175,4402,4
76,63,0.825,3.175,77467,1
77,63,0.875,3.175,3292,4
78,63,0.925,3.175,24107,3
79,63,0.975,3.175,13037,4
80,63,1.025,3.175,20654,5
81,63,1.075,3.175,22035,4
82,63,1.125,3.175,24576,4
83,63,1.175,3.175,16845,4
84,63,1.225,3.175,8758,9
85,63,1.275,3.175,56179,1
86,63,1.325,3.175,4327,4
87,63,1.375,3.175,705,13
88,63,1.425,3.175,-1,0
89,63,1.475,3.175,446,2
90,63,1.525,3.175,46687,4
91,63,1.575,3.175,16676,6
92,63,1.625,3.175,4010,13
93,63,1.675,3.175,12634,4
94,63,1.725,3.175,66397,2
95,63,1.775,3.175,-1,0
96,63,1.825,3.175,15355,5
97,63,1.875,3.175,-1,0
98,63,1.925,3.175,-1,0
99,63,1.975,3.175,-1,0
100,63,2.025,3.175,-1,0
101,63,2.075,3.175,-1,0
102,63,2.125,3.175,-1,0
103,63,2.175,3.175,-1,0
104,63,2.225,3.175,11112,5
105,63,2.275,3.175,46,26
106,63,2.325,3.175,11572,14
107,63,2.375,3.175,4450,22
108,63,2.425,3.175,8222,21
109,63,2.475,3.175,37372,2
110,63,2.525,3.175,-1,0
111,63,2.575,3.175,-1,0
112,63,2.625,3.175,-1,0
113,63,2.675,3.175,-1,0
114,63,2.725,3.175,-1,0
115,63,2.775,3.175,-1,0
116,63,2.825,3.175,-1,0
117,63,2.875,3.175,-1,0
118,63,2.925,3.175,-1,0
119,63,2.975,3.175,-1,0
0,64,-2.975,3.225,-1,0
1,64,-2.925,3.225,-1,0
2,64,-2.875,3.225,-1,0
3,64,-2.825,3.225,-1,0
4,64,-2.775,3.225,-1,0
5,64,-2.725,3.225,-1,0
6,64,-2.675,3.225,-1,0
7,64,-2.625,3.225,-1,0
8,64,-2.575,3.225,-1,0
9,64,-2.525,3.225,-1,0
10,64,-2.475,3.225,-1,0
11,64,-2.425,3.225,-1,0
12,64,-2.375,3.225,-1,0
13,64,-2.325,3.225,-1,0
14,64,-2.275,3.225,-1,0
15,64,-2.225,3.225,-1,0
16,64,-2.175,3.225,-1,0
17,64,-2.125,3.225,-1,0
18,64,-2.075,3.225,-1,0
19,64,-2.025,3.225,-1,0
20,64,-1.975,3.225,4188,4
21,64,-1.925,3.225,24122,6
22,64,-1.875,3.225,1245,5
23,64,-1.825,3.225,2062,6
24,64,-1.775,3.225,17384,4
25,64,-1.725,3.225,56304,3
26,64,-1.675,3.225,59653,4
27,64,-1.625,3.225,4104,7
28,64,-1.575,3.225,-1,0
29,64,-1.525,3.225,3710,7
30,64,-1.475,3.225,6603,4
31,64,-1.425,3.225,13017,4
32,64,-1.375,3.225,4718,4
33,64,-1.325,3.225,12512,8
34,64,-1.275,3.225,79602,2
35,64,-1.225,3.225,24931,4
36,64,-1.175,3.225,6926,1
37,64,-1.125,3.225,1591,6
38,64,-1.075,3.225,32443,11
39,64,-1.025,3.225,63770,2
40,64,-0.975,3.225,1578,30
41,64,-0.925,3.225,4064,10
42,64,-0.875,3.225,25112,3
43,64,-0.825,3.225,23827,3
44,64,-0.775,3.225,21769,5
45,64,-0.725,3.225,10644,1
46,64,-0.675,3.225,10107,4
47,64,-0.625,3.225,40098,1
48,64,-0.575,3.225,8635,3
49,64,-0.525,3.225,-1,0
50,64,-0.475,3.225,43973,2
51,64,-0.425,3.225,-1,0
52,64,-0.375,3.225,-1,0
53,64,-0.325,3.225,-1,0
54,64,-0.275,3.225,-1,0
55,64,-0.225,3.225,19973,8
56,64,-0.175,3.225,71684,1
57,64,-0.125,3.225,49907,2
58,64,-0.075,3.225,413,2
59,64,-0.025,3.225,85421,1
60,64,0.025,3.225,42002,2
61,64,0.075,3.225,457,19
62,64,0.125,3.225,51841,1
63,64,0.175,3.225,-1,0
64,64,0.225,3.225,-1,0
65,64,0.275,3.225,-1,0
66,64,0.325,3.225,-1,0
67,64,0.375,3.225,-1,0
68,64,0.425,3.225,-1,0
69,64,0.475,3.225,-1,0
70,64,0.525,3.225,-1,0
71,64,0.575,3.225,-1,0
72,64,0.625,3.225,-1,0
73,64,0.675,3.225,-1,0
74,64,0.725,3.225,10052,2
75,64,0.775,3.225,1233,14
76,64,0.825,3.225,17606,7
77,64,0.875,3.225,51270,3
78,64,0.925,3.225,1255,7
79,64,0.975,3.225,14108,4
80,64,1.025,3.225,16120,4
81,64,1.075,3.225,35501,5
82,64,1.125,3.225,55925,1
83,64,1.175,3.225,11684,8
84,64,1.225,3.225,605,8
85,64,1.275,3.225,2659,6
86,64,1.325,3.225,8694,5
87,64,1.375,3.225,6124,5
88,64,1.425,3.225,25370,7
89,64,1.475,3.225,2945,5
90,64,1.525,3.225,9843,2
91,64,1.575,3.225,7109,6
92,64,1.625,3.225,21686,6
93,64,1.675,3.225,191,2
94,64,1.725,3.225,9693,5
95,64,1.775,3.225,3313,8
96,64,1.825,3.225,2252,2
97,64,1.875,3.225,-1,0
98,64,1.925,3.225,-1,0
99,64,1.975,3.225,-1,0
100,64,2.025,3.225,-1,0
101,64,2.075,3.225,-1,0
102,64,2.125,3.225,-1,0
103,64,2.175,3.225,-1,0
104,64,2.225,3.225,-1,0
105,64,2.275,3.225,7976,13
106,64,2.325,3.225,652,27
107,64,2.375,3.225,9508,25
108,64,2.425,3.225,315,26
109,64,2.475,3.225,12151,4
110,64,2.525,3.225,-1,0
111,64,2.575,3.225,-1,0
112,64,2.625,3.225,-1,0
113,64,2.675,3.225,-1,0
114,64,2.725,3.225,-1,0
115,64,2.775,3.225,-1,0
116,64,2.825,3.225,-1,0
117,64,2.875,3.225,-1,0
118,64,2.925,3.225,-1,0
119,64,2.975,3.225,-1,0
0,65,-2.975,3.275,-1,0
1,65,-2.925,3.275,-1,0
2,65,-2.875,3.275,-1,0
3,65,-2.825,3.275,-1,0
4,65,-2.775,3.275,-1,0
5,65,-2.725,3.275,-1,0
6,65,-2.675,3.275,-1,0
7,65,-2.625,3.275,-1,0
8,65,-2.575,3.275,-1,0
9,65,-2.525,3.275,-1,0
10,65,-2.475,3.275,-1,0
11,65,-2.425,3.275,-1,0
12,65,-2.375,3.275,-1,0
13,65,-2.325,3.275,-1,0
14,65,-2.275,3.275,-1,0
15,65,-2.225,3.275,-1,0
16,65,-2.175,3.275,-1,0
17,65,-2.125,3.275,-1,0
18,65,-2.075,3.275,-1,0
19,65,-2.025,3.275,8208,10
20,65,-1.975,3.275,9590,10
21,65,-1.925,3.275,1788,8
22,65,-1.875,3.275,3368,9
23,65,-1.825,3.275,26436,3
24,65,-1.775,3.275,546,5
25,65,-1.725,3.275,14954,6
26,65,-1.675,3.275,21079,6
27,65,-1.625,3.275,17328,6
28,65,-1.575,3.275,-1,0
29,65,-1.525,3.275,7739,4
30,65,-1.475,3.275,16232,5
31,65,-1.425,3.275,8243,7
32,65,-1.375,3.275,8796,7
33,65,-1.325,3.275,5115,4
34,65,-1.275,3.275,60141,2
35,65,-1.225,3.275,5339,3
36,65,-1.175,3.275,579,3
37,65,-1.125,3.275,14336,11
38,65,-1.075,3.275,2652,14
39,65,-1.025,3.275,837,6
40,65,-0.975,3.275,3049,5
41,65,-0.925,3.275,25926,3
42,65,-0.875,3.275,5840,6
43,65,-0.825,3.275,28270,1
44,65,-0.775,3.275,8833,5
45,65,-0.725,3.275,61857,2
46,65,-0.675,3.275,22555,3
47,65,-0.625,3.275,4894,4
48,65,-0.575,3.275,26928,1
49,65,-0.525,3.275,39678,2
50,65,-0.475,3.275,39369,1
51,65,-0.425,3.275,60005,2
52,65,-0.375,3.275,-1,0
53,65,-0.325,3.275,23347,2
54,65,-0.275,3.275,232,15
55,65,-0.225,3.275,24569,1
56,65,-0.175,3.275,10091,2
57,65,-0.125,3.275,33005,2
58,65,-0.075,3.275,36032,3
59,65,-0.025,3.275,17088,4
60,65,0.025,3.275,39039,1
61,65,0.075,3.275,7090,33
62,65,0.125,3.275,4480,2
63,65,0.175,3.275,-1,0
64,65,0.225,3.275,-1,0
65,65,0.275,3.275,-1,0
66,65,0.325,3.275,-1,0
67,65,0.375,3.275,-1,0
68,65,0.425,3.275,-1,0
69,65,0.475,3.275,-1,0
70,65,0.525,3.275,-1,0
71,65,0.575,3.275,-1,0
72,65,0.625,3.275,79166,1
73,65,0.675,3.275,15200,5
74,65,0.725,3.275,-1,0
75,65,0.775,3.275,993,7
76,65,0.825,3.275,4772,19
77,65,0.875,3.275,-1,0
78,65,0.925,3.275,72,2
79,65,0.975,3.275,25460,7
80,65,1.025,3.275,19266,6
81,65,1.075,3.275,15559,4
82,65,1.125,3.275,25855,4
83,65,1.175,3.275,47992,3
84,65,1.225,3.275,23249,11
85,65,1.275,3.275,9565,7
86,65,1.325,3.275,51289,3
87,65,1.375,3.275,15362,4
88,65,1.425,3.275,-1,0
89,65,1.475,3.275,875,3
90,65,1.525,3.275,10922,5
91,65,1.575,3.275,1512,3
92,65,1.625,3.275,30290,4
93,65,1.675,3.275,15827,4
94,65,1.725,3.275,3772,5
95,65,1.775,3.275,16110,10
96,65,1.825,3.275,2726,9
97,65,1.875,3.275,5294,9
98,65,1.925,3.275,-1,0
99,65,1.975,3.275,-1,0
100,65,2.025,3.275,-1,0
101,65,2.075,3.275,-1,0
102,65,2.125,3.275,-1,0
103,65,2.175,3.275,-1,0
104,65,2.225,3.275,-1,0
105,65,2.275,3.275,-1,0
106,65,2.325,3.275,720,39
107,65,2.375,3.275,4518,25
108,65,2.425,3.275,1804,36
109,65,2.475,3.275,12354,11
110,65,2.525,3.275,-1,0
111,65,2.575,3.275,-1,0
112,65,2.625,3.275,-1,0
113,65,2.675,3.275,-1,0
114,65,2.725,3.275,-1,0
115,65,2.775,3.275,-1,0
116,65,2.825,3.275,-1,0
117,65,2.875,3.275,-1,0
118,65,2.925,3.275,-1,0
119,65,2.975,3.275,-1,0
0,66,-2.975,3.325,-1,0
1,66,-2.925,3.325,-1,0
2,66,-2.875,3.325,-1,0
3,66,-2.825,3.325,-1,0
4,66,-2.775,3.325,-1,0
5,66,-2.725,3.325,-1,0
6,66,-2.675,3.325,-1,0
7,66,-2.625,3.325,-1,0
8,66,-2.575,3.325,-1,0
9,66,-2.525,3.325,-1,0
10,66,-2.475,3.325,-1,0
11,66,-2.425,3.325,-1,0
12,66,-2.375,3.325,-1,0
13,66,-2.325,3.325,-1,0
14,66,-2.275,3.325,-1,0
15,66,-2.225,3.325,-1,0
16,66,-2.175,3.325,-1,0
17,66,-2.125,3.325,-1,0
18,66,-2.075,3.325,598,12
19,66,-2.025,3.325,1663,16
20,66,-1.975,3.325,2454,10
21,66,-1.925,3.325,9021,11
22,66,-1.875,3.325,13507,8
23,66,-1.825,3.325,3453,8
24,66,-1.775,3.325,29268,2
25,66,-1.725,3.325,3697,2
26,66,-1.675,3.325,12957,10
27,66,-1.625,3.325,20632,3
28,66,-1.575,3.325,66727,2
29,66,-1.525,3.325,3297,7
30,66,-1.475,3.325,11689,4
31,66,-1.425,3.325,12875,8
32,66,-1.375,3.325,16929,3
33,66,-1.325,3.325,19040,8
34,66,-1.275,3.325,1398,11
35,66,-1.225,3.325,35293,2
36,66,-1.175,3.325,656,16
37,66,-1.125,3.325,1808,25
38,66,-1.075,3.325,15083,6
39,66,-1.025,3.325,6327,7
40,66,-0.975,3.325,6067,7
41,66,-0.925,3.325,39321,3
42,66,-0.875,3.325,47998,2
43,66,-0.825,3.325,4963,5
44,66,-0.775,3.325,25766,2
45,66,-0.725,3.325,31208,4
46,66,-0.675,3.325,2203,2
47,66,-0.625,3.325,6775,1
48,66,-0.575,3.325,8709,4
49,66,-0.525,3.325,39531,3
50,66,-0.475,3.325,58506,2
51,66,-0.425,3.325,43833,2
52,66,-0.375,3.325,-1,0
53,66,-0.325,3.325,9838,8
54,66,-0.275,3.325,-1,0
55,66,-0.225,3.325,-1,0
56,66,-0.175,3.325,-1,0
57,66,-0.125,3.325,7170,1
58,66,-0.075,3.325,45850,5
59,66,-0.025,3.325,4503,3
60,66,0.025,3.325,57627,2
61,66,0.075,3.325,1742,23
62,66,0.125,3.325,3975,10
63,66,0.175,3.325,8173,9
64,66,0.225,3.325,-1,0
65,66,0.275,3.325,-1,0
66,66,0.325,3.325,-1,0
67,66,0.375,3.325,-1,0
68,66,0.425,3.325,-1,0
69,66,0.475,3.325,-1,0
70,66,0.525,3.325,-1,0
71,66,0.575,3.325,38653,1
72,66,0.625,3.325,15608,7
73,66,0.675,3.325,4617,3
74,66,0.725,3.325,6286,4
75,66,0.775,3.325,19091,3
76,66,0.825,3.325,161,18
77,66,0.875,3.325,1080,20
78,66,0.925,3.325,21511,1
79,66,0.975,3.325,11934,10
80,66,1.025,3.325,1333,11
81,66,1.075,3.325,7809,3
82,66,1.125,3.325,1516,10
83,66,1.175,3.325,27555,2
84,66,1.225,3.325,35820,3
85,66,1.275,3.325,271,2
86,66,1.325,3.325,5493,3
87,66,1.375,3.325,3341,6
88,66,1.425,3.325,66945,2
89,66,1.475,3.325,27770,3
90,66,1.525,3.325,27551,6
91,66,1.575,3.325,14734,4
92,66,1.625,3.325,12503,7
93,66,1.675,3.325,33,16
94,66,1.725,3.325,25932,2
95,66,1.775,3.325,24,8
96,66,1.825,3.325,7620,6
97,66,1.875,3.325,1886,18
98,66,1.925,3.325,7937,14
99,66,1.975,3.325,-1,0
100,66,2.025,3.325,-1,0
101,66,2.075,3.325,-1,0
102,66,2.125,3.325,-1,0
103,66,2.175,3.325,-1,0
104,66,2.225,3.325,-1,0
105,66,2.275,3.325,-1,0
106,66,2.325,3.325,4807,17
107,66,2.375,3.325,1196,39
108,66,2.425,3.325,6641,44
109,66,2.475,3.325,158,11
110,66,2.525,3.325,-1,0
111,66,2.575,3.325,-1,0
112,66,2.625,3.325,-1,0
113,66,2.675,3.325,-1,0
114,66,2.725,3.325,-1,0
115,66,2.775,3.325,-1,0
116,66,2.825,3.325,-1,0
117,66,2.875,3.325,-1,0
118,66,2.925,3.325,-1,0
119,66,2.975,3.325,-1,0
0,67,-2.975,3.375,-1,0
1,67,-2.925,3.375,-1,0
2,67,-2.875,3.375,-1,0
3,67,-2.825,3.375,-1,0
4,67,-2.775,3.375,-1,0
5,67,-2.725,3.375,-1,0
6,67,-2.675,3.375,-1,0
7,67,-2.625,3.375,-1,0
8,67,-2.575,3.375,-1,0
9,67,-2.525,3.375,-1,0
10,67,-2.475,3.375,-1,0
11,67,-2.425,3.375,-1,0
12,67,-2.375,3.375,-1,0
13,67,-2.325,3.375,-1,0
14,67,-2.275,3.375,-1,0
15,67,-2.225,3.375,-1,0
16,67,-2.175,3.375,-1,0
17,67,-2.125,3.375,-1,0
18,67,-2.075,3.375,8456,19
19,67,-2.025,3.375,22475,2
20,67,-1.975,3.375,43383,4
21,67,-1.925,3.375,1700,7
22,67,-1.875,3.375,2385,6
23,67,-1.825,3.375,1420,7
24,67,-1.775,3.375,21584,1
25,67,-1.725,3.375,13929,5
26,67,-1.675,3.375,21207,2
27,67,-1.625,3.375,2489,2
28,67,-1.575,3.375,2754,6
29,67,-1.525,3.375,1782,8
30,67,-1.475,3.375,13647,9
31,67,-1.425,3.375,196,6
32,67,-1.375,3.375,17083,2
33,67,-1.325,3.375,32144,9
34,67,-1.275,3.375,1148,10
35,67,-1.225,3.375,17973,3
36,67,-1.175,3.375,1115,37
37,67,-1.125,3.375,289,22
38,67,-1.075,3.375,12365,14
39,67,-1.025,3.375,26774,4
40,67,-0.975,3.375,4002,5
41,67,-0.925,3.375,727,7
42,67,-0.875,3.375,5341,4
43,67,-0.825,3.375,18704,5
44,67,-0.775,3.375,2159,3
45,67,-0.725,3.375,9423,10
46,67,-0.675,3.375,40277,2
47,67,-0.625,3.375,23170,3
48,67,-0.575,3.375,17250,3
49,67,-0.525,3.375,35604,3
50,67,-0.475,3.375,-1,0
51,67,-0.425,3.375,-1,0
52,67,-0.375,3.375,3831,19
53,67,-0.325,3.375,55443,3
54,67,-0.275,3.375,-1,0
55,67,-0.225,3.375,82800,1
56,67,-0.175,3.375,45630,2
57,67,-0.125,3.375,27374,1
58,67,-0.075,3.375,1236,2
59,67,-0.025,3.375,26331,2
60,67,0.025,3.375,31867,1
61,67,0.075,3.375,26196,5
62,67,0.125,3.375,870,32
63,67,0.175,3.375,-1,0
64,67,0.225,3.375,6645,8
65,67,0.275,3.375,13146,4
66,67,0.325,3.375,-1,0
67,67,0.375,3.375,-1,0
68,67,0.425,3.375,-1,0
69,67,0.475,3.375,-1,0
70,67,0.525,3.375,-1,0
71,67,0.575,3.375,6945,1
72,67,0.625,3.375,56788,2
73,67,0.675,3.375,20503,4
74,67,0.725,3.375,12084,5
75,67,0.775,3.375,13461,4
76,67,0.825,3.375,20638,5
77,67,0.875,3.375,6094,7
78,67,0.925,3.375,18320,4
79,67,0.975,3.375,21527,9
80,67,1.025,3.375,601,16
81,67,1.075,3.375,5157,3
82,67,1.125,3.375,39019,6
83,67,1.175,3.375,23245,3
84,67,1.225,3.375,6218,12
85,67,1.275,3.375,26591,11
86,67,1.325,3.375,15818,5
87,67,1.375,3.375,3754,9
88,67,1.425,3.375,4660,3
89,67,1.475,3.375,20312,3
90,67,1.525,3.375,6878,5
91,67,1.575,3.375,13353,6
92,67,1.625,3.375,11951,1
93,67,1.675,3.375,24104,2
94,67,1.725,3.375,50255,5
95,67,1.775,3.375,66977,1
96,67,1.825,3.375,12563,6
97,67,1.875,3.375,46398,2
98,67,1.925,3.375,7163,6
99,67,1.975,3.375,-1,0
100,67,2.025,3.375,-1,0
101,67,2.075,3.375,-1,0
102,67,2.125,3.375,-1,0
103,67,2.175,3.375,-1,0
104,67,2.225,3.375,-1,0
105,67,2.275,3.375,-1,0
106,67,2.325,3.375,-1,0
107,67,2.375,3.375,1361,53
108,67,2.425,3.375,13,56
109,67,2.475,3.375,7605,13
110,67,2.525,3.375,-1,0
111,67,2.575,3.375,-1,0
112,67,2.625,3.375,-1,0
113,67,2.675,3.375,-1,0
114,67,2.725,3.375,-1,0
115,67,2.775,3.375,-1,0
116,67,2.825,3.375,-1,0
117,67,2.875,3.375,-1,0
118,67,2.925,3.375,-1,0
119,67,2.975,3.375,-1,0
0,68,-2.975,3.425,-1,0
1,68,-2.925,3.425,-1,0
2,68,-2.875,3.425,-1,0
3,68,-2.825,3.425,-1,0
4,68,-2.775,3.425,-1,0
5,68,-2.725,3.425,-1,0
6,68,-2.675,3.425,-1,0
7,68,-2.625,3.425,-1,0
8,68,-2.575,3.425,-1,0
9,68,-2.525,3.425,-1,0
10,68,-2.475,3.425,-1,0
11,68,-2.425,3.425,-1,0
12,68,-2.375,3.425,-1,0
13,68,-2.325,3.425,-1,0
14,68,-2.275,3.425,-1,0
15,68,-2.225,3.425,-1,0
16,68,-2.175,3.425,-1,0
17,68,-2.125,3.425,-1,0
18,68,-2.075,3.425,6158,2
19,68,-2.025,3.425,553,14
20,68,-1.975,3.425,23576,4
21,68,-1.925,3.425,8847,6
22,68,-1.875,3.425,15269,7
23,68,-1.825,3.425,30179,5
24,68,-1.775,3.425,13540,9
25,68,-1.725,3.425,6624,9
26,68,-1.675,3.425,10083,3
27,68,-1.625,3.425,1452,5
28,68,-1.575,3.425,14009,12
29,68,-1.525,3.425,23979,8
30,68,-1.475,3.425,7126,15
31,68,-1.425,3.425,11978,6
32,68,-1.375,3.425,25746,3
33,68,-1.325,3.425,2848,20
34,68,-1.275,3.425,11804,7
35,68,-1.225,3.425,767,27
36,68,-1.175,3.425,35902,3
37,68,-1.125,3.425,-1,0
38,68,-1.075,3.425,-1,0
39,68,-1.025,3.425,-1,0
40,68,-0.975,3.425,2817,3
41,68,-0.925,3.425,1918,4
42,68,-0.875,3.425,1117,10
43,68,-0.825,3.425,8494,7
44,68,-0.775,3.425,20235,7
45,68,-0.725,3.425,3041,2
46,68,-0.675,3.425,4037,7
47,68,-0.625,3.425,2348,1
48,68,-0.575,3.425,15844,2
49,68,-0.525,3.425,35381,4
50,68,-0.475,3.425,14779,1
51,68,-0.425,3.425,25656,5
52,68,-0.375,3.425,-1,0
53,68,-0.325,3.425,72679,1
54,68,-0.275,3.425,-1,0
55,68,-0.225,3.425,5485,5
56,68,-0.175,3.425,-1,0
57,68,-0.125,3.425,3757,3
58,68,-0.075,3.425,-1,0
59,68,-0.025,3.425,31238,3
60,68,0.025,3.425,28920,3
61,68,0.075,3.425,52711,1
62,68,0.125,3.425,2469,37
63,68,0.175,3.425,-1,0
64,68,0.225,3.425,72188,1
65,68,0.275,3.425,1765,7
66,68,0.325,3.425,13660,6
67,68,0.375,3.425,-1,0
68,68,0.425,3.425,-1,0
69,68,0.475,3.425,-1,0
70,68,0.525,3.425,-1,0
71,68,0.575,3.425,28287,1
72,68,0.625,3.425,20263,3
73,68,0.675,3.425,72370,1
74,68,0.725,3.425,48743,5
75,68,0.775,3.425,15874,4
76,68,0.825,3.425,40365,2
77,68,0.875,3.425,30013,4
78,68,0.925,3.425,8628,6
79,68,0.975,3.425,30088,4
80,68,1.025,3.425,12605,14
81,68,1.075,3.425,11722,20
82,68,1.125,3.425,28387,5
83,68,1.175,3.425,1682,10
84,68,1.225,3.425,15637,13
85,68,1.275,3.425,28015,5
86,68,1.325,3.425,21691,4
87,68,1.375,3.425,1371,9
88,68,1.425,3.425,3969,8
89,68,1.475,3.425,18495,3
90,68,1.525,3.425,58084,1
91,68,1.575,3.425,39765,2
92,68,1.625,3.425,11248,5
93,68,1.675,3.425,28848,3
94,68,1.725,3.425,56715,1
95,68,1.775,3.425,16462,3
96,68,1.825,3.425,6591,8
97,68,1.875,3.425,1252,12
98,68,1.925,3.425,47263,2
99,68,1.975,3.425,-1,0
100,68,2.025,3.425,-1,0
101,68,2.075,3.425,-1,0
102,68,2.125,3.425,-1,0
103,68,2.175,3.425,-1,0
104,68,2.225,3.425,-1,0
105,68,2.275,3.425,-1,0
106,68,2.325,3.425,-1,0
107,68,2.375,3.425,5574,29
108,68,2.425,3.425,857,74
109,68,2.475,3.425,-1,0
110,68,2.525,3.425,-1,0
111,68,2.575,3.425,-1,0
112,68,2.625,3.425,-1,0
113,68,2.675,3.425,-1,0
114,68,2.725,3.425,-1,0
115,68,2.775,3.425,-1,0
116,68,2.825,3.425,-1,0
117,68,2.875,3.425,-1,0
118,68,2.925,3.425,-1,0
119,68,2.975,3.425,-1,0
0,69,-2.975,3.475,-1,0
1,69,-2.925,3.475,-1,0
2,69,-2.875,3.475,-1,0
3,69,-2.825,3.475,-1,0
4,69,-2.775,3.475,-1,0
5,69,-2.725,3.475,-1,0
6,69,-2.675,3.475,-1,0
7,69,-2.625,3.475,-1,0
8,69,-2.575,3.475,-1,0
9,69,-2.525,3.475,-1,0
10,69,-2.475,3.475,-1,0
11,69,-2.425,3.475,-1,0
12,69,-2.375,3.475,-1,0
13,69,-2.325,3.475,-1,0
14,69,-2.275,3.475,-1,0
15,69,-2.225,3.475,-1,0
16,69,-2.175,3.475,-1,0
17,69,-2.125,3.475,23933,2
18,69,-2.075,3.475,2246,12
19,69,-2.025,3.475,3431,9
20,69,-1.975,3.475,203,15
21,69,-1.925,3.475,325,7
22,69,-1.875,3.475,5745,4
23,69,-1.825,3.475,1502,6
24,69,-1.775,3.475,6065,12
25,69,-1.725,3.475,17055,3
26,69,-1.675,3.475,22244,5
27,69,-1.625,3.475,7914,7
28,69,-1.575,3.475,27326,5
29,69,-1.525,3.475,16170,8
30,69,-1.475,3.475,6854,14
31,69,-1.425,3.475,14495,8
32,69,-1.375,3.475,47447,1
33,69,-1.325,3.475,18,27
34,69,-1.275,3.475,-1,0
35,69,-1.225,3.475,-1,0
36,69,-1.175,3.475,-1,0
37,69,-1.125,3.475,-1,0
38,69,-1.075,3.475,60129,4
39,69,-1.025,3.475,31312,9
40,69,-0.975,3.475,44837,2
41,69,-0.925,3.475,13501,4
42,69,-0.875,3.475,22100,3
43,69,-0.825,3.475,41239,5
44,69,-0.775,3.475,46478,1
45,69,-0.725,3.475,13936,2
46,69,-0.675,3.475,-1,0
47,69,-0.625,3.475,25291,2
48,69,-0.575,3.475,7337,5
49,69,-0.525,3.475,-1,0
50,69,-0.475,3.475,1465,10
51,69,-0.425,3.475,14534,2
52,69,-0.375,3.475,57478,2
53,69,-0.325,3.475,9675,4
54,69,-0.275,3.475,-1,0
55,69,-0.225,3.475,59303,1
56,69,-0.175,3.475,6416,5
57,69,-0.125,3.475,16266,2
58,69,-0.075,3.475,23070,3
59,69,-0.025,3.475,-1,0
60,69,0.025,3.475,28274,3
61,69,0.075,3.475,33848,2
62,69,0.125,3.475,1624,37
63,69,0.175,3.475,-1,0
64,69,0.225,3.475,34246,1
65,69,0.275,3.475,1687,4
66,69,0.325,3.475,1752,4
67,69,0.375,3.475,1429,11
68,69,0.425,3.475,66028,2
69,69,0.475,3.475,-1,0
70,69,0.525,3.475,-1,0
71,69,0.575,3.475,62972,1
72,69,0.625,3.475,6299,1
73,69,0.675,3.475,4815,6
74,69,0.725,3.475,2462,4
75,69,0.775,3.475,10494,4
76,69,0.825,3.475,9032,2
77,69,0.875,3.475,4655,4
78,69,0.925,3.475,13020,5
79,69,0.975,3.475,21673,3
80,69,1.025,3.475,16225,8
81,69,1.075,3.475,2779,19
82,69,1.125,3.475,25272,12
83,69,1.175,3.475,5003,12
84,69,1.225,3.475,5829,9
85,69,1.275,3.475,54802,1
86,69,1.325,3.475,12508,10
87,69,1.375,3.475,12231,8
88,69,1.425,3.475,7530,11
89,69,1.475,3.475,50461,3
90,69,1.525,3.475,12260,8
91,69,1.575,3.475,2301,4
92,69,1.625,3.475,20708,7
93,69,1.675,3.475,1010,7
94,69,1.725,3.475,45745,7
95,69,1.775,3.475,29709,4
96,69,1.825,3.475,3248,11
97,69,1.875,3.475,16177,10
98,69,1.925,3.475,8958,16
99,69,1.975,3.475,5727,12
100,69,2.025,3.475,-1,0
101,69,2.075,3.475,-1,0
102,69,2.125,3.475,-1,0
103,69,2.175,3.475,-1,0
104,69,2.225,3.475,-1,0
105,69,2.275,3.475,-1,0
106,69,2.325,3.475,-1,0
107,69,2.375,3.475,1111,27
108,69,2.425,3.475,109,79
109,69,2.475,3.475,-1,0
110,69,2.525,3.475,-1,0
111,69,2.575,3.475,-1,0
112,69,2.625,3.475,-1,0
113,69,2.675,3.475,-1,0
114,69,2.725,3.475,-1,0
115,69,2.775,3.475,-1,0
116,69,2.825,3.475,-1,0
117,69,2.875,3.475,-1,0
118,69,2.925,3.475,-1,0
119,69,2.975,3.475,-1,0
0,70,-2.975,3.525,-1,0
1,70,-2.925,3.525,-1,0
2,70,-2.875,3.525,-1,0
3,70,-2.825,3.525,-1,0
4,70,-2.775,3.525,-1,0
5,70,-2.725,3.525,-1,0
6,70,-2.675,3.525,-1,0
7,70,-2.625,3.525,-1,0
8,70,-2.575,3.525,-1,0
9,70,-2.525,3.525,-1,0
10,70,-2.475,3.525,-1,0
11,70,-2.425,3.525,-1,0
12,70,-2.375,3.525,-1,0
13,70,-2.325,3.525,-1,0
14,70,-2.275,3.525,-1,0
15,70,-2.225,3.525,-1,0
16,70,-2.175,3.525,-1,0
17,70,-2.125,3.525,1913,23
18,70,-2.075,3.525,6143,6
19,70,-2.025,3.525,835,8
20,70,-1.975,3.525,3111,13
21,70,-1.925,3.525,12324,7
22,70,-1.875,3.525,24877,4
23,70,-1.825,3.525,11967,5
24,70,-1.775,3.525,7352,5
25,70,-1.725,3.525,32754,7
26,70,-1.675,3.525,9652,5
27,70,-1.625,3.525,4022,14
28,70,-1.575,3.525,13222,9
29,70,-1.525,3.525,47608,4
30,70,-1.475,3.525,9400,10
31,70,-1.425,3.525,16314,8
32,70,-1.375,3.525,81379,1
33,70,-1.325,3.525,-1,0
34,70,-1.275,3.525,-1,0
35,70,-1.225,3.525,-1,0
36,70,-1.175,3.525,32772,6
37,70,-1.125,3.525,3104,4
38,70,-1.075,3.525,23496,8
39,70,-1.025,3.525,10234,7
40,70,-0.975,3.525,6073,5
41,70,-0.925,3.525,86706,1
42,70,-0.875,3.525,46022,1
43,70,-0.825,3.525,49532,3
44,70,-0.775,3.525,35383,3
45,70,-0.725,3.525,8711,3
46,70,-0.675,3.525,-1,0
47,70,-0.625,3.525,-1,0
48,70,-0.575,3.525,-1,0
49,70,-0.525,3.525,8913,13
50,70,-0.475,3.525,28424,2
51,70,-0.425,3.525,75299,1
52,70,-0.375,3.525,-1,0
53,70,-0.325,3.525,65034,2
54,70,-0.275,3.525,-1,0
55,70,-0.225,3.525,8991,4
56,70,-0.175,3.525,27124,1
57,70,-0.125,3.525,165,6
58,70,-0.075,3.525,4297,8
59,70,-0.025,3.525,5243,3
60,70,0.025,3.525,-1,0
61,70,0.075,3.525,358,2
62,70,0.125,3.525,4891,34
63,70,0.175,3.525,7744,2
64,70,0.225,3.525,69977,1
65,70,0.275,3.525,63927,1
66,70,0.325,3.525,36281,2
67,70,0.375,3.525,55225,2
68,70,0.425,3.525,1544,3
69,70,0.475,3.525,72486,2
70,70,0.525,3.525,10701,3
71,70,0.575,3.525,8022,1
72,70,0.625,3.525,-1,0
73,70,0.675,3.525,9437,2
74,70,0.725,3.525,49242,3
75,70,0.775,3.525,8735,2
76,70,0.825,3.525,49676,4
77,70,0.875,3.525,3724,5
78,70,0.925,3.525,55313,3
79,70,0.975,3.525,44686,4
80,70,1.025,3.525,4025,11
81,70,1.075,3.525,17162,6
82,70,1.125,3.525,4714,8
83,70,1.175,3.525,2335,7
84,70,1.225,3.525,4571,42
85,70,1.275,3.525,12252,9
86,70,1.325,3.525,5318,9
87,70,1.375,3.525,8509,12
88,70,1.425,3.525,5111,3
89,70,1.475,3.525,2479,7
90,70,1.525,3.525,78,8
91,70,1.575,3.525,1086,9
92,70,1.625,3.525,25547,5
93,70,1.675,3.525,5865,9
94,70,1.725,3.525,21738,2
95,70,1.775,3.525,12303,5
96,70,1.825,3.525,23241,4
97,70,1.875,3.525,12727,9
98,70,1.925,3.525,7732,3
99,70,1.975,3.525,69,10
100,70,2.025,3.525,52458,4
101,70,2.075,3.525,-1,0
102,70,2.125,3.525,-1,0
103,70,2.175,3.525,-1,0
104,70,2.225,3.525,-1,0
105,70,2.275,3.525,-1,0
106,70,2.325,3.525,-1,0
107,70,2.375,3.525,515,37
108,70,2.425,3.525,3402,20
109,70,2.475,3.525,-1,0
110,70,2.525,3.525,-1,0
111,70,2.575,3.525,-1,0
112,70,2.625,3.525,-1,0
113,70,2.675,3.525,-1,0
114,70,2.725,3.525,-1,0
115,70,2.775,3.525,-1,0
116,70,2.825,3.525,-1,0
117,70,2.875,3.525,-1,0
118,70,2.925,3.525,-1,0
119,70,2.975,3.525,-1,0
0,71,-2.975,3.575,-1,0
1,71,-2.925,3.575,-1,0
2,71,-2.875,3.575,-1,0
3,71,-2.825,3.575,-1,0
4,71,-2.775,3.575,-1,0
5,71,-2.725,3.575,-1,0
6,71,-2.675,3.575,-1,0
7,71,-2.625,3.575,-1,0
8,71,-2.575,3.575,-1,0
9,71,-2.525,3.575,-1,0
10,71,-2.475,3.575,-1,0
11,71,-2.425,3.575,-1,0
12,71,-2.375,3.575,-1,0
13,71,-2.325,3.575,-1,0
14,71,-2.275,3.575,-1,0
15,71,-2.225,3.575,-1,0
16,71,-2.175,3.575,-1,0
17,71,-2.125,3.575,30810,1
18,71,-2.075,3.575,6151,10
19,71,-2.025,3.575,3064,12
20,71,-1.975,3.575,14790,9
21,71,-1.925,3.575,20647,4
22,71,-1.875,3.575,15255,11
23,71,-1.825,3.575,1759,15
24,71,-1.775,3.575,24704,4
25,71,-1.725,3.575,9575,8
26,71,-1.675,3.575,4000,6
27,71,-1.625,3.575,2507,8
28,71,-1.575,3.575,33097,4
29,71,-1.525,3.575,37306,4
30,71,-1.475,3.575,533,20
31,71,-1.425,3.575,-1,0
32,71,-1.375,3.575,-1,0
33,71,-1.325,3.575,-1,0
34,71,-1.275,3.575,-1,0
35,71,-1.225,3.575,1916,5
36,71,-1.175,3.575,1666,10
37,71,-1.125,3.575,8235,8
38,71,-1.075,3.575,63819,1
39,71,-1.025,3.575,9615,5
40,71,-0.975,3.575,6193,4
41,71,-0.925,3.575,-1,0
42,71,-0.875,3.575,630,4
43,71,-0.825,3.575,42128,2
44,71,-0.775,3.575,86421,1
45,71,-0.725,3.575,25658,1
46,71,-0.675,3.575,1414,4
47,71,-0.625,3.575,22973,4
48,71,-0.575,3.575,38789,2
49,71,-0.525,3.575,27482,2
50,71,-0.475,3.575,28036,3
51,71,-0.425,3.575,9137,3
52,71,-0.375,3.575,-1,0
53,71,-0.325,3.575,17203,4
54,71,-0.275,3.575,1893,3
55,71,-0.225,3.575,4722,4
56,71,-0.175,3.575,9860,7
57,71,-0.125,3.575,16448,2
58,71,-0.075,3.575,16280,2
59,71,-0.025,3.575,54325,1
60,71,0.025,3.575,6332,4
61,71,0.075,3.575,24882,2
62,71,0.125,3.575,5697,20
63,71,0.175,3.575,10182,4
64,71,0.225,3.575,36987,3
65,71,0.275,3.575,30668,2
66,71,0.325,3.575,2354,3
67,71,0.375,3.575,20702,3
68,71,0.425,3.575,63539,1
69,71,0.475,3.575,-1,0
70,71,0.525,3.575,30221,6
71,71,0.575,3.575,9521,4
72,71,0.625,3.575,30764,3
73,71,0.675,3.575,9810,4
74,71,0.725,3.575,35665,2
75,71,0.775,3.575,15625,3
76,71,0.825,3.575,3964,5
77,71,0.875,3.575,29328,6
78,71,0.925,3.575,2655,11
79,71,0.975,3.575,13638,5
80,71,1.025,3.575,33275,6
81,71,1.075,3.575,-1,0
82,71,1.125,3.575,-1,0
83,71,1.175,3.575,-1,0
84,71,1.225,3.575,-1,0
85,71,1.275,3.575,1366,14
86,71,1.325,3.575,9068,4
87,71,1.375,3.575,4434,11
88,71,1.425,3.575,2267,9
89,71,1.475,3.575,4016,8
90,71,1.525,3.575,23215,17
91,71,1.575,3.575,4869,6
92,71,1.625,3.575,35122,2
93,71,1.675,3.575,19939,4
94,71,1.725,3.575,12714,7
95,71,1.775,3.575,16273,4
96,71,1.825,3.575,11517,3
97,71,1.875,3.575,1444,7
98,71,1.925,3.575,1394,15
99,71,1.975,3.575,7016,10
100,71,2.025,3.575,-1,0
101,71,2.075,3.575,-1,0
102,71,2.125,3.575,-1,0
103,71,2.175,3.575,-1,0
104,71,2.225,3.575,-1,0
105,71,2.275,3.575,-1,0
106,71,2.325,3.575,-1,0
107,71,2.375,3.575,-1,0
108,71,2.425,3.575,-1,0
109,71,2.475,3.575,-1,0
110,71,2.525,3.575,-1,0
111,71,2.575,3.575,-1,0
112,71,2.625,3.575,-1,0
113,71,2.675,3.575,-1,0
114,71,2.725,3.575,-1,0
115,71,2.775,3.575,-1,0
116,71,2.825,3.575,-1,0
117,71,2.875,3.575,-1,0
118,71,2.925,3.575,-1,0
119,71,2.975,3.575,-1,0
0,72,-2.975,3.625,-1,0
1,72,-2.925,3.625,-1,0
2,72,-2.875,3.625,-1,0
3,72,-2.825,3.625,-1,0
4,72,-2.775,3.625,-1,0
5,72,-2.725,3.625,-1,0
6,72,-2.675,3.625,-1,0
7,72,-2.625,3.625,-1,0
8,72,-2.575,3.625,-1,0
9,72,-2.525,3.625,-1,0
10,72,-2.475,3.625,-1,0
11,72,-2.425,3.625,-1,0
12,72,-2.375,3.625,-1,0
13,72,-2.325,3.625,-1,0
14,72,-2.275,3.625,-1,0
15,72,-2.225,3.625,-1,0
16,72,-2.175,3.625,-1,0
17,72,-2.125,3.625,2720,19
18,72,-2.075,3.625,2239,17
19,72,-2.025,3.625,4143,19
20,72,-1.975,3.625,5081,7
21,72,-1.925,3.625,58583,3
22,72,-1.875,3.625,22700,7
23,72,-1.825,3.625,2312,6
24,72,-1.775,3.625,11612,3
25,72,-1.725,3.625,4420,13
26,72,-1.675,3.625,301,12
27,72,-1.625,3.625,215,4
28,72,-1.575,3.625,1982,22
29,72,-1.525,3.625,9929,1
30,72,-1.475,3.625,824,10
31,72,-1.425,3.625,-1,0
32,72,-1.375,3.625,-1,0
33,72,-1.325,3.625,85730,1
34,72,-1.275,3.625,3621,8
35,72,-1.225,3.625,2794,8
36,72,-1.175,3.625,22170,3
37,72,-1.125,3.625,13058,4
38,72,-1.075,3.625,43182,5
39,72,-1.025,3.625,28769,3
40,72,-0.975,3.625,8105,1
41,72,-0.925,3.625,38555,5
42,72,-0.875,3.625,5595,1
43,72,-0.825,3.625,17379,3
44,72,-0.775,3.625,17205,6
45,72,-0.725,3.625,2379,5
46,72,-0.675,3.625,3759,3
47,72,-0.625,3.625,1744,8
48,72,-0.575,3.625,-1,0
49,72,-0.525,3.625,67718,1
50,72,-0.475,3.625,22963,6
51,72,-0.425,3.625,-1,0
52,72,-0.375,3.625,51989,1
53,72,-0.325,3.625,56344,2
54,72,-0.275,3.625,31212,3
55,72,-0.225,3.625,27838,3
56,72,-0.175,3.625,11224,10
57,72,-0.125,3.625,5834,3
58,72,-0.075,3.625,24447,5
59,72,-0.025,3.625,13360,4
60,72,0.025,3.625,1310,4
61,72,0.075,3.625,21074,5
62,72,0.125,3.625,2458,33
63,72,0.175,3.625,3635,5
64,72,0.225,3.625,46136,2
65,72,0.275,3.625,24652,2
66,72,0.325,3.625,6508,4
67,72,0.375,3.625,16241,3
68,72,0.425,3.625,261,3
69,72,0.475,3.625,-1,0
70,72,0.525,3.625,75157,1
71,72,0.575,3.625,1343,9
72,72,0.625,3.625,20831,5
73,72,0.675,3.625,43005,2
74,72,0.725,3.625,9228,5
75,72,0.775,3.625,9383,6
76,72,0.825,3.625,6668,10
77,72,0.875,3.625,32581,3
78,72,0.925,3.625,2162,8
79,72,0.975,3.625,38550,3
80,72,1.025,3.625,1777,6
81,72,1.075,3.625,13065,2
82,72,1.125,3.625,9937,5
83,72,1.175,3.625,10771,5
84,72,1.225,3.625,-1,0
85,72,1.275,3.625,-1,0
86,72,1.325,3.625,-1,0
87,72,1.375,3.625,14623,4
88,72,1.425,3.625,5881,9
89,72,1.475,3.625,8964,6
90,72,1.525,3.625,16872,13
91,72,1.575,3.625,14105,8
92,72,1.625,3.625,18523,8
93,72,1.675,3.625,14160,6
94,72,1.725,3.625,30757,1
95,72,1.775,3.625,365,12
96,72,1.825,3.625,8569,8
97,72,1.875,3.625,14364,8
98,72,1.925,3.625,9272,17
99,72,1.975,3.625,33936,11
100,72,2.025,3.625,3746,19
101,72,2.075,3.625,-1,0
102,72,2.125,3.625,-1,0
103,72,2.175,3.625,-1,0
104,72,2.225,3.625,-1,0
105,72,2.275,3.625,-1,0
106,72,2.325,3.625,-1,0
107,72,2.375,3.625,-1,0
108,72,2.425,3.625,-1,0
109,72,2.475,3.625,-1,0
110,72,2.525,3.625,-1,0
111,72,2.575,3.625,-1,0
112,72,2.625,3.625,-1,0
113,72,2.675,3.625,-1,0
114,72,2.725,3.625,-1,0
115,72,2.775,3.625,-1,0
116,72,2.825,3.625,-1,0
117,72,2.875,3.625,-1,0
118,72,2.925,3.625,-1,0
119,72,2.975,3.625,-1,0
0,73,-2.975,3.675,-1,0
1,73,-2.925,3.675,-1,0
2,73,-2.875,3.675,-1,0
3,73,-2.825,3.675,-1,0
4,73,-2.775,3.675,-1,0
5,73,-2.725,3.675,-1,0
6,73,-2.675,3.675,-1,0
7,73,-2.625,3.675,-1,0
8,73,-2.575,3.675,-1,0
9,73,-2.525,3.675,-1,0
10,73,-2.475,3.675,-1,0
11,73,-2.425,3.675,-1,0
12,73,-2.375,3.675,-1,0
13,73,-2.325,3.675,-1,0
14,73,-2.275,3.675,-1,0
15,73,-2.225,3.675,-1,0
16,73,-2.175,3.675,-1,0
17,73,-2.125,3.675,11396,13
18,73,-2.075,3.675,35761,8
19,73,-2.025,3.675,12377,6
20,73,-1.975,3.675,25299,4
21,73,-1.925,3.675,1632,8
22,73,-1.875,3.675,15081,6
23,73,-1.825,3.675,3096,18
24,73,-1.775,3.675,4860,5
25,73,-1.725,3.675,8153,14
26,73,-1.675,3.675,2563,10
27,73,-1.625,3.675,12698,6
28,73,-1.575,3.675,15692,10
29,73,-1.525,3.675,-1,0
30,73,-1.475,3.675,-1,0
31,73,-1.425,3.675,-1,0
32,73,-1.375,3.675,-1,0
33,73,-1.325,3.675,11155,24
34,73,-1.275,3.675,12479,12
35,73,-1.225,3.675,13499,10
36,73,-1.175,3.675,1985,11
37,73,-1.125,3.675,6857,9
38,73,-1.075,3.675,7416,4
39,73,-1.025,3.675,8852,10
40,73,-0.975,3.675,3846,5
41,73,-0.925,3.675,19890,3
42,73,-0.875,3.675,11521,5
43,73,-0.825,3.675,-1,0
44,73,-0.775,3.675,13980,6
45,73,-0.725,3.675,67888,2
46,73,-0.675,3.675,10724,5
47,73,-0.625,3.675,10994,3
48,73,-0.575,3.675,-1,0
49,73,-0.525,3.675,29484,4
50,73,-0.475,3.675,-1,0
51,73,-0.425,3.675,54806,3
52,73,-0.375,3.675,31881,3
53,73,-0.325,3.675,9189,4
54,73,-0.275,3.675,12411,5
55,73,-0.225,3.675,21543,3
56,73,-0.175,3.675,2377,7
57,73,-0.125,3.675,19806,6
58,73,-0.075,3.675,-1,0
59,73,-0.025,3.675,31235,2
60,73,0.025,3.675,11601,3
61,73,0.075,3.675,-1,0
62,73,0.125,3.675,115,38
63,73,0.175,3.675,6059,6
64,73,0.225,3.675,27506,1
65,73,0.275,3.675,34596,1
66,73,0.325,3.675,10056,4
67,73,0.375,3.675,2305,7
68,73,0.425,3.675,4323,4
69,73,0.475,3.675,5059,2
70,73,0.525,3.675,-1,0
71,73,0.575,3.675,35775,3
72,73,0.625,3.675,8690,6
73,73,0.675,3.675,40558,2
74,73,0.725,3.675,-1,0
75,73,0.775,3.675,-1,0
76,73,0.825,3.675,-1,0
77,73,0.875,3.675,8302,5
78,73,0.925,3.675,52960,1
79,73,0.975,3.675,13983,3
80,73,1.025,3.675,45701,3
81,73,1.075,3.675,61589,3
82,73,1.125,3.675,54311,3
83,73,1.175,3.675,11875,8
84,73,1.225,3.675,329,9
85,73,1.275,3.675,2832,7
86,73,1.325,3.675,4702,1
87,73,1.375,3.675,-1,0
88,73,1.425,3.675,7230,30
89,73,1.475,3.675,19656,2
90,73,1.525,3.675,8929,18
91,73,1.575,3.675,2501,8
92,73,1.625,3.675,612,5
93,73,1.675,3.675,10440,9
94,73,1.725,3.675,8504,5
95,73,1.775,3.675,31818,7
96,73,1.825,3.675,16654,9
97,73,1.875,3.675,30575,4
98,73,1.925,3.675,638,7
99,73,1.975,3.675,1678,6
100,73,2.025,3.675,9063,5
101,73,2.075,3.675,1944,13
102,73,2.125,3.675,-1,0
103,73,2.175,3.675,-1,0
104,73,2.225,3.675,-1,0
105,73,2.275,3.675,-1,0
106,73,2.325,3.675,-1,0
107,73,2.375,3.675,-1,0
108,73,2.425,3.675,-1,0
109,73,2.475,3.675,-1,0
110,73,2.525,3.675,-1,0
111,73,2.575,3.675,-1,0
112,73,2.625,3.675,-1,0
113,73,2.675,3.675,-1,0
114,73,2.725,3.675,-1,0
115,73,2.775,3.675,-1,0
116,73,2.825,3.675,-1,0
117,73,2.875,3.675,-1,0
118,73,2.925,3.675,-1,0
119,73,2.975,3.675,-1,0
0,74,-2.975,3.725,-1,0
1,74,-2.925,3.725,-1,0
2,74,-2.875,3.725,-1,0
3,74,-2.825,3.725,-1,0
4,74,-2.775,3.725,-1,0
5,74,-2.725,3.725,-1,0
6,74,-2.675,3.725,-1,0
7,74,-2.625,3.725,-1,0
8,74,-2.575,3.725,-1,0
9,74,-2.525,3.725,-1,0
10,74,-2.475,3.725,-1,0
11,74,-2.425,3.725,-1,0
12,74,-2.375,3.725,-1,0
13,74,-2.325,3.725,-1,0
14,74,-2.275,3.725,-1,0
15,74,-2.225,3.725,-1,0
16,74,-2.175,3.725,10847,1
17,74,-2.125,3.725,2572,17
18,74,-2.075,3.725,6039,11
19,74,-2.025,3.725,1600,13
20,74,-1.975,3.725,13485,11
21,74,-1.925,3.725,21092,9
22,74,-1.875,3.725,2791,5
23,74,-1.825,3.725,5329,11
24,74,-1.775,3.725,13956,8
25,74,-1.725,3.725,26109,5
26,74,-1.675,3.725,2448,17
27,74,-1.625,3.725,2231,5
28,74,-1.575,3.725,45538,3
29,74,-1.525,3.725,-1,0
30,74,-1.475,3.725,-1,0
31,74,-1.425,3.725,-1,0
32,74,-1.375,3.725,2815,18
33,74,-1.325,3.725,1213,6
34,74,-1.275,3.725,-1,0
35,74,-1.225,3.725,-1,0
36,74,-1.175,3.725,21474,3
37,74,-1.125,3.725,23703,7
38,74,-1.075,3.725,15097,3
39,74,-1.025,3.725,4005,7
40,74,-0.975,3.725,23504,4
41,74,-0.925,3.725,51685,1
42,74,-0.875,3.725,-1,0
43,74,-0.825,3.725,43655,2
44,74,-0.775,3.725,10228,2
45,74,-0.725,3.725,22641,6
46,74,-0.675,3.725,20893,6
47,74,-0.625,3.725,2356,2
48,74,-0.575,3.725,83285,1
49,74,-0.525,3.725,15202,1
50,74,-0.475,3.725,17608,5
51,74,-0.425,3.725,56709,2
52,74,-0.375,3.725,33869,2
53,74,-0.325,3.725,51805,3
54,74,-0.275,3.725,13514,2
55,74,-0.225,3.725,1507,8
56,74,-0.175,3.725,2990,3
57,74,-0.125,3.725,11132,5
58,74,-0.075,3.725,42140,4
59,74,-0.025,3.725,22482,8
60,74,0.025,3.725,80464,1
61,74,0.075,3.725,-1,0
62,74,0.125,3.725,1004,33
63,74,0.175,3.725,5373,2
64,74,0.225,3.725,29530,4
65,74,0.275,3.725,5467,2
66,74,0.325,3.725,-1,0
67,74,0.375,3.725,76210,2
68,74,0.425,3.725,59752,1
69,74,0.475,3.725,47047,2
70,74,0.525,3.725,7844,1
71,74,0.575,3.725,58865,1
72,74,0.625,3.725,12741,2
73,74,0.675,3.725,2749,6
74,74,0.725,3.725,18490,4
75,74,0.775,3.725,89492,1
76,74,0.825,3.725,75426,2
77,74,0.875,3.725,59355,3
78,74,0.925,3.725,50282,2
79,74,0.975,3.725,35111,4
80,74,1.025,3.725,18643,3
81,74,1.075,3.725,21268,8
82,74,1.125,3.725,12007,3
83,74,1.175,3.725,15646,6
84,74,1.225,3.725,14013,5
85,74,1.275,3.725,5591,13
86,74,1.325,3.725,3662,8
87,74,1.375,3.725,28170,4
88,74,1.425,3.725,-1,0
89,74,1.475,3.725,-1,0
90,74,1.525,3.725,19076,10
91,74,1.575,3.725,46201,2
92,74,1.625,3.725,9419,10
93,74,1.675,3.725,8164,12
94,74,1.725,3.725,6084,8
95,74,1.775,3.725,7781,6
96,74,1.825,3.725,2556,4
97,74,1.875,3.725,4220,6
98,74,1.925,3.725,2345,7
99,74,1.975,3.725,12521,7
100,74,2.025,3.725,36932,13
101,74,2.075,3.725,2581,5
102,74,2.125,3.725,-1,0
103,74,2.175,3.725,-1,0
104,74,2.225,3.725,-1,0
105,74,2.275,3.725,-1,0
106,74,2.325,3.725,-1,0
107,74,2.375,3.725,-1,0
108,74,2.425,3.725,-1,0
109,74,2.475,3.725,-1,0
110,74,2.525,3.725,-1,0
111,74,2.575,3.725,-1,0
112,74,2.625,3.725,-1,0
113,74,2.675,3.725,-1,0
114,74,2.725,3.725,-1,0
115,74,2.775,3.725,-1,0
116,74,2.825,3.725,-1,0
117,74,2.875,3.725,-1,0
118,74,2.925,3.725,-1,0
119,74,2.975,3.725,-1,0
0,75,-2.975,3.775,-1,0
1,75,-2.925,3.775,-1,0
2,75,-2.875,3.775,-1,0
3,75,-2.825,3.775,-1,0
4,75,-2.775,3.775,-1,0
5,75,-2.725,3.775,-1,0
6,75,-2.675,3.775,-1,0
7,75,-2.625,3.775,-1,0
8,75,-2.575,3.775,-1,0
9,75,-2.525,3.775,-1,0
10,75,-2.475,3.775,-1,0
11,75,-2.425,3.775,-1,0
12,75,-2.375,3.775,-1,0
13,75,-2.325,3.775,-1,0
14,75,-2.275,3.775,-1,0
15,75,-2.225,3.775,-1,0
16,75,-2.175,3.775,3827,18
17,75,-2.125,3.775,141,7
18,75,-2.075,3.775,21598,8
19,75,-2.025,3.775,15853,5
20,75,-1.975,3.775,29369,3
21,75,-1.925,3.775,11031,8
22,75,-1.875,3.775,13158,8
23,75,-1.825,3.775,39495,8
24,75,-1.775,3.775,86,17
25,75,-1.725,3.775,2862,7
26,75,-1.675,3.775,5921,25
27,75,-1.625,3.775,-1,0
28,75,-1.575,3.775,-1,0
29,75,-1.525,3.775,-1,0
30,75,-1.475,3.775,-1,0
31,75,-1.425,3.775,-1,0
32,75,-1.375,3.775,-1,0
33,75,-1.325,3.775,-1,0
34,75,-1.275,3.775,84913,1
35,75,-1.225,3.775,696,5
36,75,-1.175,3.775,15720,4
37,75,-1.125,3.775,1774,9
38,75,-1.075,3.775,23507,4
39,75,-1.025,3.775,39683,2
40,75,-0.975,3.775,38154,2
41,75,-0.925,3.775,1437,2
42,75,-0.875,3.775,14000,1
43,75,-0.825,3.775,-1,0
44,75,-0.775,3.775,183,5
45,75,-0.725,3.775,15263,4
46,75,-0.675,3.775,21681,1
47,75,-0.625,3.775,263,3
48,75,-0.575,3.775,9812,1
49,75,-0.525,3.775,20640,4
50,75,-0.475,3.775,1257,11
51,75,-0.425,3.775,22708,7
52,75,-0.375,3.775,2961,1
53,75,-0.325,3.775,18043,3
54,75,-0.275,3.775,32783,2
55,75,-0.225,3.775,51966,3
56,75,-0.175,3.775,18238,8
57,75,-0.125,3.775,16940,2
58,75,-0.075,3.775,7951,1
59,75,-0.025,3.775,18222,6
60,75,0.025,3.775,-1,0
61,75,0.075,3.775,-1,0
62,75,0.125,3.775,6423,35
63,75,0.175,3.775,-1,0
64,75,0.225,3.775,18692,4
65,75,0.275,3.775,701,3
66,75,0.325,3.775,16453,1
67,75,0.375,3.775,24612,2
68,75,0.425,3.775,18387,3
69,75,0.475,3.775,48457,2
70,75,0.525,3.775,4887,3
71,75,0.575,3.775,13120,4
72,75,0.625,3.775,6599,3
73,75,0.675,3.775,58340,1
74,75,0.725,3.775,-1,0
75,75,0.775,3.775,1866,7
76,75,0.825,3.775,62653,1
77,75,0.875,3.775,8994,3
78,75,0.925,3.775,31215,2
79,75,0.975,3.775,65865,1
80,75,1.025,3.775,11677,2
81,75,1.075,3.775,2273,4
82,75,1.125,3.775,660,7
83,75,1.175,3.775,10638,9
84,75,1.225,3.775,15515,9
85,75,1.275,3.775,8157,9
86,75,1.325,3.775,14236,11
87,75,1.375,3.775,7525,20
88,75,1.425,3.775,32694,12
89,75,1.475,3.775,-1,0
90,75,1.525,3.775,6214,1
91,75,1.575,3.775,2412,14
92,75,1.625,3.775,20994,12
93,75,1.675,3.775,14841,17
94,75,1.725,3.775,20860,8
95,75,1.775,3.775,13028,13
96,75,1.825,3.775,4823,7
97,75,1.875,3.775,1144,9
98,75,1.925,3.775,3944,6
99,75,1.975,3.775,736,16
100,75,2.025,3.775,3959,15
101,75,2.075,3.775,4935,27
102,75,2.125,3.775,394,7
103,75,2.175,3.775,-1,0
104,75,2.225,3.775,-1,0
105,75,2.275,3.775,-1,0
106,75,2.325,3.775,-1,0
107,75,2.375,3.775,-1,0
108,75,2.425,3.775,-1,0
109,75,2.475,3.775,-1,0
110,75,2.525,3.775,-1,0
111,75,2.575,3.775,-1,0
112,75,2.625,3.775,-1,0
113,75,2.675,3.775,-1,0
114,75,2.725,3.775,-1,0
115,75,2.775,3.775,-1,0
116,75,2.825,3.775,-1,0
117,75,2.875,3.775,-1,0
118,75,2.925,3.775,-1,0
119,75,2.975,3.775,-1,0
0,76,-2.975,3.825,-1,0
1,76,-2.925,3.825,-1,0
2,76,-2.875,3.825,-1,0
3,76,-2.825,3.825,-1,0
4,76,-2.775,3.825,-1,0
5,76,-2.725,3.825,-1,0
6,76,-2.675,3.825,-1,0
7,76,-2.625,3.825,-1,0
8,76,-2.575,3.825,-1,0
9,76,-2.525,3.825,-1,0
10,76,-2.475,3.825,-1,0
11,76,-2.425,3.825,-1,0
12,76,-2.375,3.825,-1,0
13,76,-2.325,3.825,-1,0
14,76,-2.275,3.825,-1,0
15,76,-2.225,3.825,-1,0
16,76,-2.175,3.825,47628,2
17,76,-2.125,3.825,4346,20
18,76,-2.075,3.825,1158,20
19,76,-2.025,3.825,5305,8
20,76,-1.975,3.825,2999,14
21,76,-1.925,3.825,287,5
22,76,-1.875,3.825,12442,11
23,76,-1.825,3.825,795,11
24,76,-1.775,3.825,4162,19
25,76,-1.725,3.825,34169,5
26,76,-1.675,3.825,-1,0
27,76,-1.625,3.825,-1,0
28,76,-1.575,3.825,-1,0
29,76,-1.525,3.825,-1,0
30,76,-1.475,3.825,-1,0
31,76,-1.425,3.825,-1,0
32,76,-1.375,3.825,77508,1
33,76,-1.325,3.825,31666,7
34,76,-1.275,3.825,1305,6
35,76,-1.225,3.825,33877,4
36,76,-1.175,3.825,1694,9
37,76,-1.125,3.825,34587,3
38,76,-1.075,3.825,186,6
39,76,-1.025,3.825,-1,0
40,76,-0.975,3.825,22983,2
41,76,-0.925,3.825,68150,1
42,76,-0.875,3.825,5671,3
43,76,-0.825,3.825,2057,2
44,76,-0.775,3.825,10378,2
45,76,-0.725,3.825,35108,1
46,76,-0.675,3.825,27214,3
47,76,-0.625,3.825,22092,2
48,76,-0.575,3.825,11852,3
49,76,-0.525,3.825,35983,3
50,76,-0.475,3.825,21529,5
51,76,-0.425,3.825,54476,2
52,76,-0.375,3.825,15614,6
53,76,-0.325,3.825,8615,7
54,76,-0.275,3.825,16556,6
55,76,-0.225,3.825,42226,1
56,76,-0.175,3.825,19793,10
57,76,-0.125,3.825,5239,5
58,76,-0.075,3.825,22134,4
59,76,-0.025,3.825,1640,8
60,76,0.025,3.825,-1,0
61,76,0.075,3.825,-1,0
62,76,0.125,3.825,246,30
63,76,0.175,3.825,-1,0
64,76,0.225,3.825,7446,4
65,76,0.275,3.825,23651,8
66,76,0.325,3.825,27530,3
67,76,0.375,3.825,73694,1
68,76,0.425,3.825,15959,3
69,76,0.475,3.825,22493,10
70,76,0.525,3.825,10177,5
71,76,0.575,3.825,-1,0
72,76,0.625,3.825,13944,4
73,76,0.675,3.825,43734,3
74,76,0.725,3.825,57432,2
75,76,0.775,3.825,-1,0
76,76,0.825,3.825,3541,12
77,76,0.875,3.825,22589,3
78,76,0.925,3.825,57012,4
79,76,0.975,3.825,13883,1
80,76,1.025,3.825,5216,11
81,76,1.075,3.825,14758,7
82,76,1.125,3.825,7048,8
83,76,1.175,3.825,8239,4
84,76,1.225,3.825,20534,1
85,76,1.275,3.825,16576,5
86,76,1.325,3.825,-1,0
87,76,1.375,3.825,-1,0
88,76,1.425,3.825,20130,2
89,76,1.475,3.825,-1,0
90,76,1.525,3.825,-1,0
91,76,1.575,3.825,-1,0
92,76,1.625,3.825,10252,4
93,76,1.675,3.825,5106,27
94,76,1.725,3.825,6886,11
95,76,1.775,3.825,11347,12
96,76,1.825,3.825,15294,12
97,76,1.875,3.825,26902,4
98,76,1.925,3.825,14966,9
99,76,1.975,3.825,20902,3
100,76,2.025,3.825,10903,12
101,76,2.075,3.825,5453,15
102,76,2.125,3.825,10012,4
103,76,2.175,3.825,-1,0
104,76,2.225,3.825,-1,0
105,76,2.275,3.825,-1,0
106,76,2.325,3.825,-1,0
107,76,2.375,3.825,-1,0
108,76,2.425,3.825,-1,0
109,76,2.475,3.825,-1,0
110,76,2.525,3.825,-1,0
111,76,2.575,3.825,-1,0
112,76,2.625,3.825,-1,0
113,76,2.675,3.825,-1,0
114,76,2.725,3.825,-1,0
115,76,2.775,3.825,-1,0
116,76,2.825,3.825,-1,0
117,76,2.875,3.825,-1,0
118,76,2.925,3.825,-1,0
119,76,2.975,3.825,-1,0
0,77,-2.975,3.875,-1,0
1,77,-2.925,3.875,-1,0
2,77,-2.875,3.875,-1,0
3,77,-2.825,3.875,-1,0
4,77,-2.775,3.875,-1,0
5,77,-2.725,3.875,-1,0
6,77,-2.675,3.875,-1,0
7,77,-2.625,3.875,-1,0
8,77,-2.575,3.875,-1,0
9,77,-2.525,3.875,-1,0
10,77,-2.475,3.875,-1,0
11,77,-2.425,3.875,-1,0
12,77,-2.375,3.875,-1,0
13,77,-2.325,3.875,-1,0
14,77,-2.275,3.875,-1,0
15,77,-2.225,3.875,-1,0
16,77,-2.175,3.875,8346,16
17,77,-2.125,3.875,20569,9
18,77,-2.075,3.875,5605,12
19,77,-2.025,3.875,9870,5
20,77,-1.975,3.875,3128,11
21,77,-1.925,3.875,15047,15
22,77,-1.875,3.875,3671,16
23,77,-1.825,3.875,11890,10
24,77,-1.775,3.875,7614,20
25,77,-1.725,3.875,-1,0
26,77,-1.675,3.875,-1,0
27,77,-1.625,3.875,-1,0
28,77,-1.575,3.875,-1,0
29,77,-1.525,3.875,-1,0
30,77,-1.475,3.875,-1,0
31,77,-1.425,3.875,20294,1
32,77,-1.375,3.875,17889,8
33,77,-1.325,3.875,23469,8
34,77,-1.275,3.875,25106,10
35,77,-1.225,3.875,3714,8
36,77,-1.175,3.875,11275,4
37,77,-1.125,3.875,13904,5
38,77,-1.075,3.875,3647,7
39,77,-1.025,3.875,36892,4
40,77,-0.975,3.875,13517,1
41,77,-0.925,3.875,31151,3
42,77,-0.875,3.875,31290,3
43,77,-0.825,3.875,16707,8
44,77,-0.775,3.875,-1,0
45,77,-0.725,3.875,20773,7
46,77,-0.675,3.875,63812,2
47,77,-0.625,3.875,3644,4
48,77,-0.575,3.875,26601,3
49,77,-0.525,3.875,62633,1
50,77,-0.475,3.875,2337,8
51,77,-0.425,3.875,17377,6
52,77,-0.375,3.875,43786,2
53,77,-0.325,3.875,8122,4
54,77,-0.275,3.875,48739,3
55,77,-0.225,3.875,-1,0
56,77,-0.175,3.875,669,9
57,77,-0.125,3.875,1496,6
58,77,-0.075,3.875,11999,6
59,77,-0.025,3.875,-1,0
60,77,0.025,3.875,-1,0
61,77,0.075,3.875,-1,0
62,77,0.125,3.875,6873,15
63,77,0.175,3.875,22717,15
64,77,0.225,3.875,-1,0
65,77,0.275,3.875,15261,4
66,77,0.325,3.875,4551,5
67,77,0.375,3.875,43274,3
68,77,0.425,3.875,19432,6
69,77,0.475,3.875,6120,4
70,77,0.525,3.875,19895,5
71,77,0.575,3.875,2972,2
72,77,0.625,3.875,22568,3
73,77,0.675,3.875,2484,5
74,77,0.725,3.875,3359,6
75,77,0.775,3.875,-1,0
76,77,0.825,3.875,39314,2
77,77,0.875,3.875,10185,10
78,77,0.925,3.875,53301,2
79,77,0.975,3.875,18868,5
80,77,1.025,3.875,63580,2
81,77,1.075,3.875,53063,1
82,77,1.125,3.875,5965,3
83,77,1.175,3.875,6077,3
84,77,1.225,3.875,14004,5
85,77,1.275,3.875,3718,3
86,77,1.325,3.875,15894,9
87,77,1.375,3.875,15758,5
88,77,1.425,3.875,8461,2
89,77,1.475,3.875,-1,0
90,77,1.525,3.875,-1,0
91,77,1.575,3.875,-1,0
92,77,1.625,3.875,-1,0
93,77,1.675,3.875,5522,16
94,77,1.725,3.875,14974,6
95,77,1.775,3.875,9098,12
96,77,1.825,3.875,14117,13
97,77,1.875,3.875,3987,17
98,77,1.925,3.875,15216,11
99,77,1.975,3.875,7393,12
100,77,2.025,3.875,1588,12
101,77,2.075,3.875,7426,16
102,77,2.125,3.875,7868,23
103,77,2.175,3.875,-1,0
104,77,2.225,3.875,-1,0
105,77,2.275,3.875,-1,0
106,77,2.325,3.875,-1,0
107,77,2.375,3.875,-1,0
108,77,2.425,3.875,-1,0
109,77,2.475,3.875,-1,0
110,77,2.525,3.875,-1,0
111,77,2.575,3.875,-1,0
112,77,2.625,3.875,-1,0
113,77,2.675,3.875,-1,0
114,77,2.725,3.875,-1,0
115,77,2.775,3.875,-1,0
116,77,2.825,3.875,-1,0
117,77,2.875,3.875,-1,0
118,77,2.925,3.875,-1,0
119,77,2.975,3.875,-1,0
0,78,-2.975,3.925,-1,0
1,78,-2.925,3.925,-1,0
2,78,-2.875,3.925,-1,0
3,78,-2.825,3.925,-1,0
4,78,-2.775,3.925,-1,0
5,78,-2.725,3.925,-1,0
6,78,-2.675,3.925,-1,0
7,78,-2.625,3.925,-1,0
8,78,-2.575,3.925,-1,0
9,78,-2.525,3.925,-1,0
10,78,-2.475,3.925,-1,0
11,78,-2.425,3.925,-1,0
12,78,-2.375,3.925,-1,0
13,78,-2.325,3.925,-1,0
14,78,-2.275,3.925,-1,0
15,78,-2.225,3.925,-1,0
16,78,-2.175,3.925,5438,12
17,78,-2.125,3.925,10620,15
18,78,-2.075,3.925,18200,9
19,78,-2.025,3.925,10762,6
20,78,-1.975,3.925,15422,11
21,78,-1.925,3.925,5226,16
22,78,-1.875,3.925,1657,12
23,78,-1.825,3.925,867,21
24,78,-1.775,3.925,-1,0
25,78,-1.725,3.925,-1,0
26,78,-1.675,3.925,-1,0
27,78,-1.625,3.925,-1,0
28,78,-1.575,3.925,-1,0
29,78,-1.525,3.925,-1,0
30,78,-1.475,3.925,42396,1
31,78,-1.425,3.925,16572,19
32,78,-1.375,3.925,23750,7
33,78,-1.325,3.925,7725,8
34,78,-1.275,3.925,828,10
35,78,-1.225,3.925,14499,7
36,78,-1.175,3.925,6071,6
37,78,-1.125,3.925,4378,13
38,78,-1.075,3.925,68756,3
39,78,-1.025,3.925,2926,4
40,78,-0.975,3.925,5896,4
41,78,-0.925,3.925,45698,1
42,78,-0.875,3.925,4355,12
43,78,-0.825,3.925,1768,3
44,78,-0.775,3.925,-1,0
45,78,-0.725,3.925,28494,1
46,78,-0.675,3.925,17144,4
47,78,-0.625,3.925,33565,3
48,78,-0.575,3.925,40095,3
49,78,-0.525,3.925,10640,3
50,78,-0.475,3.925,5593,6
51,78,-0.425,3.925,34405,5
52,78,-0.375,3.925,13355,2
53,78,-0.325,3.925,541,8
54,78,-0.275,3.925,32365,3
55,78,-0.225,3.925,-1,0
56,78,-0.175,3.925,5463,12
57,78,-0.125,3.925,782,7
58,78,-0.075,3.925,17442,3
59,78,-0.025,3.925,-1,0
60,78,0.025,3.925,-1,0
61,78,0.075,3.925,-1,0
62,78,0.125,3.925,-1,0
63,78,0.175,3.925,1320,39
64,78,0.225,3.925,-1,0
65,78,0.275,3.925,24843,2
66,78,0.325,3.925,3795,4
67,78,0.375,3.925,18174,2
68,78,0.425,3.925,278,4
69,78,0.475,3.925,28549,4
70,78,0.525,3.925,2318,4
71,78,0.575,3.925,6318,5
72,78,0.625,3.925,48341,1
73,78,0.675,3.925,9624,3
74,78,0.725,3.925,24110,4
75,78,0.775,3.925,6948,2
76,78,0.825,3.925,33918,1
77,78,0.875,3.925,70025,1
78,78,0.925,3.925,2616,12
79,78,0.975,3.925,4958,5
80,78,1.025,3.925,3551,3
81,78,1.075,3.925,236,3
82,78,1.125,3.925,24340,2
83,78,1.175,3.925,267,9
84,78,1.225,3.925,36618,3
85,78,1.275,3.925,10399,5
86,78,1.325,3.925,18375,6
87,78,1.375,3.925,49705,3
88,78,1.425,3.925,5086,5
89,78,1.475,3.925,15706,6
90,78,1.525,3.925,-1,0
91,78,1.575,3.925,-1,0
92,78,1.625,3.925,-1,0
93,78,1.675,3.925,-1,0
94,78,1.725,3.925,23428,3
95,78,1.775,3.925,6849,18
96,78,1.825,3.925,9281,22
97,78,1.875,3.925,2282,14
98,78,1.925,3.925,32283,6
99,78,1.975,3.925,1554,10
100,78,2.025,3.925,3841,7
101,78,2.075,3.925,18586,9
102,78,2.125,3.925,6261,10
103,78,2.175,3.925,-1,0
104,78,2.225,3.925,-1,0
105,78,2.275,3.925,-1,0
106,78,2.325,3.925,-1,0
107,78,2.375,3.925,-1,0
108,78,2.425,3.925,-1,0
109,78,2.475,3.925,-1,0
110,78,2.525,3.925,-1,0
111,78,2.575,3.925,-1,0
112,78,2.625,3.925,-1,0
113,78,2.675,3.925,-1,0
114,78,2.725,3.925,-1,0
115,78,2.775,3.925,-1,0
116,78,2.825,3.925,-1,0
117,78,2.875,3.925,-1,0
118,78,2.925,3.925,-1,0
119,78,2.975,3.925,-1,0
0,79,-2.975,3.975,-1,0
1,79,-2.925,3.975,-1,0
2,79,-2.875,3.975,-1,0
3,79,-2.825,3.975,-1,0
4,79,-2.775,3.975,-1,0
5,79,-2.725,3.975,-1,0
6,79,-2.675,3.975,-1,0
7,79,-2.625,3.975,-1,0
8,79,-2.575,3.975,-1,0
9,79,-2.525,3.975,-1,0
10,79,-2.475,3.975,-1,0
11,79,-2.425,3.975,-1,0
12,79,-2.375,3.975,-1,0
13,79,-2.325,3.975,-1,0
14,79,-2.275,3.975,-1,0
15,79,-2.225,3.975,-1,0
16,79,-2.175,3.975,5000,10
17,79,-2.125,3.975,3658,7
18,79,-2.075,3.975,3921,12
19,79,-2.025,3.975,10989,12
20,79,-1.975,3.975,8769,13
21,79,-1.925,3.975,2737,11
22,79,-1.875,3.975,404,29
23,79,-1.825,3.975,-1,0
24,79,-1.775,3.975,-1,0
25,79,-1.725,3.975,-1,0
26,79,-1.675,3.975,-1,0
27,79,-1.625,3.975,-1,0
28,79,-1.575,3.975,-1,0
29,79,-1.525,3.975,-1,0
30,79,-1.475,3.975,5279,16
31,79,-1.425,3.975,16776,6
32,79,-1.375,3.975,-1,0
33,79,-1.325,3.975,16780,2
34,79,-1.275,3.975,19841,9
35,79,-1.225,3.975,1670,3
36,79,-1.175,3.975,2821,5
37,79,-1.125,3.975,6865,6
38,79,-1.075,3.975,1220,1
39,79,-1.025,3.975,83588,1
40,79,-0.975,3.975,-1,0
41,79,-0.925,3.975,249,12
42,79,-0.875,3.975,16456,3
43,79,-0.825,3.975,16244,4
44,79,-0.775,3.975,-1,0
45,79,-0.725,3.975,24777,6
46,79,-0.675,3.975,47085,1
47,79,-0.625,3.975,28917,2
48,79,-0.575,3.975,2967,4
49,79,-0.525,3.975,53967,2
50,79,-0.475,3.975,21412,1
51,79,-0.425,3.975,16874,11
52,79,-0.375,3.975,23822,6
53,79,-0.325,3.975,46360,4
54,79,-0.275,3.975,5296,1
55,79,-0.225,3.975,9494,3
56,79,-0.175,3.975,5893,14
57,79,-0.125,3.975,2074,12
58,79,-0.075,3.975,-1,0
59,79,-0.025,3.975,-1,0
60,79,0.025,3.975,-1,0
61,79,0.075,3.975,-1,0
62,79,0.125,3.975,-1,0
63,79,0.175,3.975,1268,32
64,79,0.225,3.975,-1,0
65,79,0.275,3.975,-1,0
66,79,0.325,3.975,7372,4
67,79,0.375,3.975,11282,4
68,79,0.425,3.975,12270,4
69,79,0.475,3.975,1828,9
70,79,0.525,3.975,4168,3
71,79,0.575,3.975,8781,4
72,79,0.625,3.975,65777,2
73,79,0.675,3.975,20657,6
74,79,0.725,3.975,51285,5
75,79,0.775,3.975,3642,3
76,79,0.825,3.975,23896,6
77,79,0.875,3.975,33563,2
78,79,0.925,3.975,31339,6
79,79,0.975,3.975,-1,0
80,79,1.025,3.975,7094,5
81,79,1.075,3.975,5489,5
82,79,1.125,3.975,56348,1
83,79,1.175,3.975,2965,8
84,79,1.225,3.975,7116,5
85,79,1.275,3.975,16444,3
86,79,1.325,3.975,1844,2
87,79,1.375,3.975,1457,12
88,79,1.425,3.975,2879,16
89,79,1.475,3.975,3004,16
90,79,1.525,3.975,7885,19
91,79,1.575,3.975,4247,3
92,79,1.625,3.975,-1,0
93,79,1.675,3.975,-1,0
94,79,1.725,3.975,-1,0
95,79,1.775,3.975,27742,1
96,79,1.825,3.975,2155,14
97,79,1.875,3.975,2262,9
98,79,1.925,3.975,6309,22
99,79,1.975,3.975,1330,12
100,79,2.025,3.975,6734,10
101,79,2.075,3.975,1858,24
102,79,2.125,3.975,1169,19
103,79,2.175,3.975,5947,8
104,79,2.225,3.975,-1,0
105,79,2.275,3.975,-1,0
106,79,2.325,3.975,-1,0
107,79,2.375,3.975,-1,0
108,79,2.425,3.975,-1,0
109,79,2.475,3.975,-1,0
110,79,2.525,3.975,-1,0
111,79,2.575,3.975,-1,0
112,79,2.625,3.975,-1,0
113,79,2.675,3.975,-1,0
114,79,2.725,3.975,-1,0
115,79,2.775,3.975,-1,0
116,79,2.825,3.975,-1,0
117,79,2.875,3.975,-1,0
118,79,2.925,3.975,-1,0
119,79,2.975,3.975,-1,0
0,80,-2.975,4.025,-1,0
1,80,-2.925,4.025,-1,0
2,80,-2.875,4.025,-1,0
3,80,-2.825,4.025,-1,0
4,80,-2.775,4.025,-1,0
5,80,-2.725,4.025,-1,0
6,80,-2.675,4.025,-1,0
7,80,-2.625,4.025,-1,0
8,80,-2.575,4.025,-1,0
9,80,-2.525,4.025,-1,0
10,80,-2.475,4.025,-1,0
11,80,-2.425,4.025,-1,0
12,80,-2.375,4.025,-1,0
13,80,-2.325,4.025,-1,0
14,80,-2.275,4.025,-1,0
15,80,-2.225,4.025,-1,0
16,80,-2.175,4.025,11838,17
17,80,-2.125,4.025,24057,22
18,80,-2.075,4.025,688,18
19,80,-2.025,4.025,38273,13
20,80,-1.975,4.025,6136,16
21,80,-1.925,4.025,8274,26
22,80,-1.875,4.025,27446,5
23,80,-1.825,4.025,-1,0
24,80,-1.775,4.025,-1,0
25,80,-1.725,4.025,-1,0
26,80,-1.675,4.025,-1,0
27,80,-1.625,4.025,-1,0
28,80,-1.575,4.025,-1,0
29,80,-1.525,4.025,-1,0
30,80,-1.475,4.025,-1,0
31,80,-1.425,4.025,-1,0
32,80,-1.375,4.025,4545,4
33,80,-1.325,4.025,3563,9
34,80,-1.275,4.025,30354,8
35,80,-1.225,4.025,26501,2
36,80,-1.175,4.025,10232,5
37,80,-1.125,4.025,38121,2
38,80,-1.075,4.025,14783,5
39,80,-1.025,4.025,87367,1
40,80,-0.975,4.025,2021,7
41,80,-0.925,4.025,-1,0
42,80,-0.875,4.025,74041,1
43,80,-0.825,4.025,28574,6
44,80,-0.775,4.025,6671,3
45,80,-0.725,4.025,11674,2
46,80,-0.675,4.025,17273,7
47,80,-0.625,4.025,21947,4
48,80,-0.575,4.025,676,5
49,80,-0.525,4.025,15727,6
50,80,-0.475,4.025,5213,3
51,80,-0.425,4.025,13892,11
52,80,-0.375,4.025,11519,7
53,80,-0.325,4.025,8562,7
54,80,-0.275,4.025,-1,0
55,80,-0.225,4.025,48,5
56,80,-0.175,4.025,4736,17
57,80,-0.125,4.025,39182,1
58,80,-0.075,4.025,-1,0
59,80,-0.025,4.025,-1,0
60,80,0.025,4.025,-1,0
61,80,0.075,4.025,-1,0
62,80,0.125,4.025,-1,0
63,80,0.175,4.025,626,29
64,80,0.225,4.025,-1,0
65,80,0.275,4.025,-1,0
66,80,0.325,4.025,-1,0
67,80,0.375,4.025,3706,4
68,80,0.425,4.025,7346,6
69,80,0.475,4.025,43033,8
70,80,0.525,4.025,55126,2
71,80,0.575,4.025,7037,9
72,80,0.625,4.025,17135,3
73,80,0.675,4.025,39748,4
74,80,0.725,4.025,27558,10
75,80,0.775,4.025,16228,4
76,80,0.825,4.025,74001,1
77,80,0.875,4.025,33921,2
78,80,0.925,4.025,67827,2
79,80,0.975,4.025,-1,0
80,80,1.025,4.025,4853,7
81,80,1.075,4.025,12400,6
82,80,1.125,4.025,31284,8
83,80,1.175,4.025,22881,4
84,80,1.225,4.025,48928,4
85,80,1.275,4.025,3994,8
86,80,1.325,4.025,14099,6
87,80,1.375,4.025,3877,5
88,80,1.425,4.025,17712,2
89,80,1.475,4.025,-1,0
90,80,1.525,4.025,15556,5
91,80,1.575,4.025,78610,4
92,80,1.625,4.025,-1,0
93,80,1.675,4.025,-1,0
94,80,1.725,4.025,-1,0
95,80,1.775,4.025,-1,0
96,80,1.825,4.025,6923,7
97,80,1.875,4.025,10913,9
98,80,1.925,4.025,5825,16
99,80,1.975,4.025,4631,16
100,80,2.025,4.025,5554,12
101,80,2.075,4.025,16748,9
102,80,2.125,4.025,1231,15
103,80,2.175,4.025,6664,11
104,80,2.225,4.025,-1,0
105,80,2.275,4.025,-1,0
106,80,2.325,4.025,-1,0
107,80,2.375,4.025,-1,0
108,80,2.425,4.025,-1,0
109,80,2.475,4.025,-1,0
110,80,2.525,4.025,-1,0
111,80,2.575,4.025,-1,0
112,80,2.625,4.025,-1,0
113,80,2.675,4.025,-1,0
114,80,2.725,4.025,-1,0
115,80,2.775,4.025,-1,0
116,80,2.825,4.025,-1,0
117,80,2.875,4.025,-1,0
118,80,2.925,4.025,-1,0
119,80,2.975,4.025,-1,0
0,81,-2.975,4.075,-1,0
1,81,-2.925,4.075,-1,0
2,81,-2.875,4.075,-1,0
3,81,-2.825,4.075,-1,0
4,81,-2.775,4.075,-1,0
5,81,-2.725,4.075,-1,0
6,81,-2.675,4.075,-1,0
7,81,-2.625,4.075,-1,0
8,81,-2.575,4.075,-1,0
9,81,-2.525,4.075,-1,0
10,81,-2.475,4.075,-1,0
11,81,-2.425,4.075,-1,0
12,81,-2.375,4.075,-1,0
13,81,-2.325,4.075,-1,0
14,81,-2.275,4.075,-1,0
15,81,-2.225,4.075,-1,0
16,81,-2.175,4.075,11790,14
17,81,-2.125,4.075,592,29
18,81,-2.075,4.075,1906,18
19,81,-2.025,4.075,132,17
20,81,-1.975,4.075,2593,31
21,81,-1.925,4.075,2712,10
22,81,-1.875,4.075,-1,0
23,81,-1.825,4.075,-1,0
24,81,-1.775,4.075,-1,0
25,81,-1.725,4.075,-1,0
26,81,-1.675,4.075,-1,0
27,81,-1.625,4.075,-1,0
28,81,-1.575,4.075,-1,0
29,81,-1.525,4.075,-1,0
30,81,-1.475,4.075,61215,1
31,81,-1.425,4.075,9595,11
32,81,-1.375,4.075,21589,5
33,81,-1.325,4.075,9688,3
34,81,-1.275,4.075,29552,4
35,81,-1.225,4.075,6675,3
36,81,-1.175,4.075,22096,3
37,81,-1.125,4.075,9141,5
38,81,-1.075,4.075,7323,3
39,81,-1.025,4.075,1240,15
40,81,-0.975,4.075,32432,2
41,81,-0.925,4.075,74984,1
42,81,-0.875,4.075,11165,4
43,81,-0.825,4.075,22571,2
44,81,-0.775,4.075,71779,1
45,81,-0.725,4.075,27682,3
46,81,-0.675,4.075,14928,11
47,81,-0.625,4.075,1374,5
48,81,-0.575,4.075,7112,9
49,81,-0.525,4.075,10855,5
50,81,-0.475,4.075,39452,1
51,81,-0.425,4.075,18366,6
52,81,-0.375,4.075,39380,3
53,81,-0.325,4.075,2923,3
54,81,-0.275,4.075,-1,0
55,81,-0.225,4.075,12056,31
56,81,-0.175,4.075,27622,6
57,81,-0.125,4.075,-1,0
58,81,-0.075,4.075,-1,0
59,81,-0.025,4.075,-1,0
60,81,0.025,4.075,-1,0
61,81,0.075,4.075,-1,0
62,81,0.125,4.075,-1,0
63,81,0.175,4.075,181,52
64,81,0.225,4.075,-1,0
65,81,0.275,4.075,-1,0
66,81,0.325,4.075,-1,0
67,81,0.375,4.075,50134,1
68,81,0.425,4.075,18285,8
69,81,0.475,4.075,8080,6
70,81,0.525,4.075,18089,7
71,81,0.575,4.075,47837,1
72,81,0.625,4.075,33865,5
73,81,0.675,4.075,19801,3
74,81,0.725,4.075,6102,6
75,81,0.775,4.075,4574,6
76,81,0.825,4.075,13898,7
77,81,0.875,4.075,73689,1
78,81,0.925,4.075,42846,6
79,81,0.975,4.075,4621,3
80,81,1.025,4.075,66032,1
81,81,1.075,4.075,17681,2
82,81,1.125,4.075,10197,7
83,81,1.175,4.075,51180,2
84,81,1.225,4.075,38436,1
85,81,1.275,4.075,58024,3
86,81,1.325,4.075,3628,5
87,81,1.375,4.075,7134,4
88,81,1.425,4.075,15725,9
89,81,1.475,4.075,20752,12
90,81,1.525,4.075,16418,6
91,81,1.575,4.075,-1,0
92,81,1.625,4.075,-1,0
93,81,1.675,4.075,-1,0
94,81,1.725,4.075,-1,0
95,81,1.775,4.075,-1,0
96,81,1.825,4.075,-1,0
97,81,1.875,4.075,576,2
98,81,1.925,4.075,12496,18
99,81,1.975,4.075,3160,13
100,81,2.025,4.075,9083,9
101,81,2.075,4.075,5914,17
102,81,2.125,4.075,5353,16
103,81,2.175,4.075,2047,21
104,81,2.225,4.075,-1,0
105,81,2.275,4.075,-1,0
106,81,2.325,4.075,-1,0
107,81,2.375,4.075,-1,0
108,81,2.425,4.075,-1,0
109,81,2.475,4.075,-1,0
110,81,2.525,4.075,-1,0
111,81,2.575,4.075,-1,0
112,81,2.625,4.075,-1,0
113,81,2.675,4.075,-1,0
114,81,2.725,4.075,-1,0
115,81,2.775,4.075,-1,0
116,81,2.825,4.075,-1,0
117,81,2.875,4.075,-1,0
118,81,2.925,4.075,-1,0
119,81,2.975,4.075,-1,0
0,82,-2.975,4.125,-1,0
1,82,-2.925,4.125,-1,0
2,82,-2.875,4.125,-1,0
3,82,-2.825,4.125,-1,0
4,82,-2.775,4.125,-1,0
5,82,-2.725,4.125,-1,0
6,82,-2.675,4.125,-1,0
7,82,-2.625,4.125,-1,0
8,82,-2.575,4.125,-1,0
9,82,-2.525,4.125,-1,0
10,82,-2.475,4.125,-1,0
11,82,-2.425,4.125,-1,0
12,82,-2.375,4.125,-1,0
13,82,-2.325,4.125,-1,0
14,82,-2.275,4.125,-1,0
15,82,-2.225,4.125,-1,0
16,82,-2.175,4.125,7835,17
17,82,-2.125,4.125,2035,25
18,82,-2.075,4.125,1296,13
19,82,-2.025,4.125,6115,20
20,82,-1.975,4.125,1210,17
21,82,-1.925,4.125,-1,0
22,82,-1.875,4.125,-1,0
23,82,-1.825,4.125,-1,0
24,82,-1.775,4.125,-1,0
25,82,-1.725,4.125,-1,0
26,82,-1.675,4.125,-1,0
27,82,-1.625,4.125,-1,0
28,82,-1.575,4.125,-1,0
29,82,-1.525,4.125,24045,2
30,82,-1.475,4.125,21603,9
31,82,-1.425,4.125,9887,8
32,82,-1.375,4.125,8009,8
33,82,-1.325,4.125,11983,10
34,82,-1.275,4.125,3559,10
35,82,-1.225,4.125,15713,5
36,82,-1.175,4.125,26303,4
37,82,-1.125,4.125,22753,5
38,82,-1.075,4.125,18537,4
39,82,-1.025,4.125,1691,12
40,82,-0.975,4.125,13664,2
41,82,-0.925,4.125,29739,2
42,82,-0.875,4.125,23275,2
43,82,-0.825,4.125,7303,5
44,82,-0.775,4.125,239,4
45,82,-0.725,4.125,28938,8
46,82,-0.675,4.125,2270,5
47,82,-0.625,4.125,37812,4
48,82,-0.575,4.125,12566,5
49,82,-0.525,4.125,50322,2
50,82,-0.475,4.125,79989,4
51,82,-0.425,4.125,12498,14
52,82,-0.375,4.125,29782,3
53,82,-0.325,4.125,-1,0
54,82,-0.275,4.125,66533,1
55,82,-0.225,4.125,442,2
56,82,-0.175,4.125,-1,0
57,82,-0.125,4.125,-1,0
58,82,-0.075,4.125,-1,0
59,82,-0.025,4.125,-1,0
60,82,0.025,4.125,-1,0
61,82,0.075,4.125,-1,0
62,82,0.125,4.125,-1,0
63,82,0.175,4.125,6188,19
64,82,0.225,4.125,-1,0
65,82,0.275,4.125,-1,0
66,82,0.325,4.125,-1,0
67,82,0.375,4.125,-1,0
68,82,0.425,4.125,14718,3
69,82,0.475,4.125,15738,9
70,82,0.525,4.125,1487,10
71,82,0.575,4.125,38262,1
72,82,0.625,4.125,3089,5
73,82,0.675,4.125,11954,4
74,82,0.725,4.125,3337,8
75,82,0.775,4.125,15412,8
76,82,0.825,4.125,46974,4
77,82,0.875,4.125,20597,2
78,82,0.925,4.125,17142,5
79,82,0.975,4.125,7300,8
80,82,1.025,4.125,2466,5
81,82,1.075,4.125,18517,3
82,82,1.125,4.125,20594,5
83,82,1.175,4.125,15814,3
84,82,1.225,4.125,36037,4
85,82,1.275,4.125,25694,2
86,82,1.325,4.125,29489,2
87,82,1.375,4.125,59530,1
88,82,1.425,4.125,40274,4
89,82,1.475,4.125,30774,5
90,82,1.525,4.125,2495,7
91,82,1.575,4.125,209,8
92,82,1.625,4.125,10853,11
93,82,1.675,4.125,-1,0
94,82,1.725,4.125,-1,0
95,82,1.775,4.125,-1,0
96,82,1.825,4.125,-1,0
97,82,1.875,4.125,-1,0
98,82,1.925,4.125,-1,0
99,82,1.975,4.125,1956,31
100,82,2.025,4.125,2844,20
101,82,2.075,4.125,2984,20
102,82,2.125,4.125,1821,16
103,82,2.175,4.125,566,22
104,82,2.225,4.125,1730,5
105,82,2.275,4.125,-1,0
106,82,2.325,4.125,-1,0
107,82,2.375,4.125,-1,0
108,82,2.425,4.125,-1,0
109,82,2.475,4.125,-1,0
110,82,2.525,4.125,-1,0
111,82,2.575,4.125,-1,0
112,82,2.625,4.125,-1,0
113,82,2.675,4.125,-1,0
114,82,2.725,4.125,-1,0
115,82,2.775,4.125,-1,0
116,82,2.825,4.125,-1,0
117,82,2.875,4.125,-1,0
118,82,2.925,4.125,-1,0
119,82,2.975,4.125,-1,0
0,83,-2.975,4.175,-1,0
1,83,-2.925,4.175,-1,0
2,83,-2.875,4.175,-1,0
3,83,-2.825,4.175,-1,0
4,83,-2.775,4.175,-1,0
5,83,-2.725,4.175,-1,0
6,83,-2.675,4.175,-1,0
7,83,-2.625,4.175,-1,0
8,83,-2.575,4.175,-1,0
9,83,-2.525,4.175,-1,0
10,83,-2.475,4.175,-1,0
11,83,-2.425,4.175,-1,0
12,83,-2.375,4.175,-1,0
13,83,-2.325,4.175,-1,0
14,83,-2.275,4.175,-1,0
15,83,-2.225,4.175,-1,0
16,83,-2.175,4.175,12339,15
17,83,-2.125,4.175,2643,35
18,83,-2.075,4.175,62,31
19,83,-2.025,4.175,3035,30
20,83,-1.975,4.175,63762,1
21,83,-1.925,4.175,-1,0
22,83,-1.875,4.175,-1,0
23,83,-1.825,4.175,-1,0
24,83,-1.775,4.175,-1,0
25,83,-1.725,4.175,-1,0
26,83,-1.675,4.175,-1,0
27,83,-1.625,4.175,-1,0
28,83,-1.575,4.175,-1,0
29,83,-1.525,4.175,693,27
30,83,-1.475,4.175,8553,7
31,83,-1.425,4.175,27676,4
32,83,-1.375,4.175,51655,4
33,83,-1.325,4.175,772,4
34,83,-1.275,4.175,27349,4
35,83,-1.225,4.175,978,11
36,83,-1.175,4.175,26623,3
37,83,-1.125,4.175,9613,4
38,83,-1.075,4.175,1272,14
39,83,-1.025,4.175,18576,3
40,83,-0.975,4.175,39126,3
41,83,-0.925,4.175,24184,2
42,83,-0.875,4.175,8103,6
43,83,-0.825,4.175,32931,1
44,83,-0.775,4.175,8841,4
45,83,-0.725,4.175,15709,7
46,83,-0.675,4.175,2415,2
47,83,-0.625,4.175,368,9
48,83,-0.575,4.175,18038,6
49,83,-0.525,4.175,18771,2
50,83,-0.475,4.175,14292,8
51,83,-0.425,4.175,3936,11
52,83,-0.375,4.175,-1,0
53,83,-0.325,4.175,-1,0
54,83,-0.275,4.175,-1,0
55,83,-0.225,4.175,-1,0
56,83,-0.175,4.175,-1,0
57,83,-0.125,4.175,-1,0
58,83,-0.075,4.175,-1,0
59,83,-0.025,4.175,-1,0
60,83,0.025,4.175,-1,0
61,83,0.075,4.175,12063,2
62,83,0.125,4.175,45492,4
63,83,0.175,4.175,9680,6
64,83,0.225,4.175,-1,0
65,83,0.275,4.175,-1,0
66,83,0.325,4.175,-1,0
67,83,0.375,4.175,-1,0
68,83,0.425,4.175,-1,0
69,83,0.475,4.175,16060,4
70,83,0.525,4.175,6985,8
71,83,0.575,4.175,2296,4
72,83,0.625,4.175,7940,3
73,83,0.675,4.175,7735,7
74,83,0.725,4.175,1447,6
75,83,0.775,4.175,7714,8
76,83,0.825,4.175,6746,9
77,83,0.875,4.175,43175,6
78,83,0.925,4.175,2663,6
79,83,0.975,4.175,25225,9
80,83,1.025,4.175,11268,6
81,83,1.075,4.175,-1,0
82,83,1.125,4.175,8084,7
83,83,1.175,4.175,-1,0
84,83,1.225,4.175,2474,15
85,83,1.275,4.175,4302,5
86,83,1.325,4.175,21279,7
87,83,1.375,4.175,10860,7
88,83,1.425,4.175,1177,10
89,83,1.475,4.175,295,17
90,83,1.525,4.175,10264,11
91,83,1.575,4.175,2868,6
92,83,1.625,4.175,897,18
93,83,1.675,4.175,3290,11
94,83,1.725,4.175,-1,0
95,83,1.775,4.175,-1,0
96,83,1.825,4.175,-1,0
97,83,1.875,4.175,-1,0
98,83,1.925,4.175,-1,0
99,83,1.975,4.175,17604,2
100,83,2.025,4.175,528,31
101,83,2.075,4.175,5099,17
102,83,2.125,4.175,21960,10
103,83,2.175,4.175,991,20
104,83,2.225,4.175,62876,2
105,83,2.275,4.175,-1,0
106,83,2.325,4.175,-1,0
107,83,2.375,4.175,-1,0
108,83,2.425,4.175,-1,0
109,83,2.475,4.175,-1,0
110,83,2.525,4.175,-1,0
111,83,2.575,4.175,-1,0
112,83,2.625,4.175,-1,0
113,83,2.675,4.175,-1,0
114,83,2.725,4.175,-1,0
115,83,2.775,4.175,-1,0
116,83,2.825,4.175,-1,0
117,83,2.875,4.175,-1,0
118,83,2.925,4.175,-1,0
119,83,2.975,4.175,-1,0
0,84,-2.975,4.225,-1,0
1,84,-2.925,4.225,-1,0
2,84,-2.875,4.225,-1,0
3,84,-2.825,4.225,-1,0
4,84,-2.775,4.225,-1,0
5,84,-2.725,4.225,-1,0
6,84,-2.675,4.225,-1,0
7,84,-2.625,4.225,-1,0
8,84,-2.575,4.225,-1,0
9,84,-2.525,4.225,-1,0
10,84,-2.475,4.225,-1,0
11,84,-2.425,4.225,-1,0
12,84,-2.375,4.225,-1,0
13,84,-2.325,4.225,-1,0
14,84,-2.275,4.225,-1,0
15,84,-2.225,4.225,-1,0
16,84,-2.175,4.225,1046,11
17,84,-2.125,4.225,1717,35
18,84,-2.075,4.225,2179,46
19,84,-2.025,4.225,4535,30
20,84,-1.975,4.225,-1,0
21,84,-1.925,4.225,-1,0
22,84,-1.875,4.225,-1,0
23,84,-1.825,4.225,-1,0
24,84,-1.775,4.225,-1,0
25,84,-1.725,4.225,-1,0
26,84,-1.675,4.225,-1,0
27,84,-1.625,4.225,-1,0
28,84,-1.575,4.225,-1,0
29,84,-1.525,4.225,62336,4
30,84,-1.475,4.225,71610,3
31,84,-1.425,4.225,14773,8
32,84,-1.375,4.225,20747,7
33,84,-1.325,4.225,28006,3
34,84,-1.275,4.225,40184,2
35,84,-1.225,4.225,32636,4
36,84,-1.175,4.225,67219,1
37,84,-1.125,4.225,9684,6
38,84,-1.075,4.225,6025,7
39,84,-1.025,4.225,4270,1
40,84,-0.975,4.225,3363,2
41,84,-0.925,4.225,6585,8
42,84,-0.875,4.225,17660,11
43,84,-0.825,4.225,879,8
44,84,-0.775,4.225,450,4
45,84,-0.725,4.225,14606,7
46,84,-0.675,4.225,14357,9
47,84,-0.625,4.225,2628,11
48,84,-0.575,4.225,7019,6
49,84,-0.525,4.225,-1,0
50,84,-0.475,4.225,16382,15
51,84,-0.425,4.225,44544,5
52,84,-0.375,4.225,25578,1
53,84,-0.325,4.225,-1,0
54,84,-0.275,4.225,-1,0
55,84,-0.225,4.225,-1,0
56,84,-0.175,4.225,-1,0
57,84,-0.125,4.225,-1,0
58,84,-0.075,4.225,-1,0
59,84,-0.025,4.225,-1,0
60,84,0.025,4.225,3119,1
61,84,0.075,4.225,2055,15
62,84,0.125,4.225,-1,0
63,84,0.175,4.225,22260,4
64,84,0.225,4.225,-1,0
65,84,0.275,4.225,-1,0
66,84,0.325,4.225,-1,0
67,84,0.375,4.225,-1,0
68,84,0.425,4.225,-1,0
69,84,0.475,4.225,-1,0
70,84,0.525,4.225,13598,6
71,84,0.575,4.225,14440,5
72,84,0.625,4.225,6386,2
73,84,0.675,4.225,52461,1
74,84,0.725,4.225,14551,9
75,84,0.775,4.225,7694,4
76,84,0.825,4.225,65363,1
77,84,0.875,4.225,1180,9
78,84,0.925,4.225,63206,3
79,84,0.975,4.225,5322,9
80,84,1.025,4.225,11681,4
81,84,1.075,4.225,20615,4
82,84,1.125,4.225,15038,6
83,84,1.175,4.225,31534,4
84,84,1.225,4.225,16263,3
85,84,1.275,4.225,120,14
86,84,1.325,4.225,674,2
87,84,1.375,4.225,447,3
88,84,1.425,4.225,3140,8
89,84,1.475,4.225,25852,6
90,84,1.525,4.225,4011,10
91,84,1.575,4.225,20300,2
92,84,1.625,4.225,76920,1
93,84,1.675,4.225,7806,7
94,84,1.725,4.225,-1,0
95,84,1.775,4.225,-1,0
96,84,1.825,4.225,-1,0
97,84,1.875,4.225,-1,0
98,84,1.925,4.225,-1,0
99,84,1.975,4.225,-1,0
100,84,2.025,4.225,5154,9
101,84,2.075,4.225,6526,25
102,84,2.125,4.225,4770,28
103,84,2.175,4.225,316,29
104,84,2.225,4.225,12602,12
105,84,2.275,4.225,-1,0
106,84,2.325,4.225,-1,0
107,84,2.375,4.225,-1,0
108,84,2.425,4.225,-1,0
109,84,2.475,4.225,-1,0
110,84,2.525,4.225,-1,0
111,84,2.575,4.225,-1,0
112,84,2.625,4.225,-1,0
113,84,2.675,4.225,-1,0
114,84,2.725,4.225,-1,0
115,84,2.775,4.225,-1,0
116,84,2.825,4.225,-1,0
117,84,2.875,4.225,-1,0
118,84,2.925,4.225,-1,0
119,84,2.975,4.225,-1,0
0,85,-2.975,4.275,-1,0
1,85,-2.925,4.275,-1,0
2,85,-2.875,4.275,-1,0
3,85,-2.825,4.275,-1,0
4,85,-2.775,4.275,-1,0
5,85,-2.725,4.275,-1,0
6,85,-2.675,4.275,-1,0
7,85,-2.625,4.275,-1,0
8,85,-2.575,4.275,-1,0
9,85,-2.525,4.275,-1,0
10,85,-2.475,4.275,-1,0
11,85,-2.425,4.275,-1,0
12,85,-2.375,4.275,-1,0
13,85,-2.325,4.275,-1,0
14,85,-2.275,4.275,-1,0
15,85,-2.225,4.275,-1,0
16,85,-2.175,4.275,63849,3
17,85,-2.125,4.275,385,61
18,85,-2.075,4.275,1571,68
19,85,-2.025,4.275,10029,5
20,85,-1.975,4.275,-1,0
21,85,-1.925,4.275,-1,0
22,85,-1.875,4.275,-1,0
23,85,-1.825,4.275,-1,0
24,85,-1.775,4.275,-1,0
25,85,-1.725,4.275,-1,0
26,85,-1.675,4.275,-1,0
27,85,-1.625,4.275,-1,0
28,85,-1.575,4.275,-1,0
29,85,-1.525,4.275,37320,4
30,85,-1.475,4.275,27402,5
31,85,-1.425,4.275,11872,4
32,85,-1.375,4.275,33583,6
33,85,-1.325,4.275,23570,5
34,85,-1.275,4.275,21534,7
35,85,-1.225,4.275,10797,6
36,85,-1.175,4.275,5248,1
37,85,-1.125,4.275,3057,5
38,85,-1.075,4.275,40767,2
39,85,-1.025,4.275,7944,6
40,85,-0.975,4.275,3555,2
41,85,-0.925,4.275,23178,3
42,85,-0.875,4.275,14627,8
43,85,-0.825,4.275,20335,5
44,85,-0.775,4.275,28,5
45,85,-0.725,4.275,34089,3
46,85,-0.675,4.275,16021,9
47,85,-0.625,4.275,1172,12
48,85,-0.575,4.275,6448,1
49,85,-0.525,4.275,974,4
50,85,-0.475,4.275,19880,11
51,85,-0.425,4.275,-1,0
52,85,-0.375,4.275,1217,4
53,85,-0.325,4.275,3803,2
54,85,-0.275,4.275,13998,2
55,85,-0.225,4.275,-1,0
56,85,-0.175,4.275,-1,0
57,85,-0.125,4.275,-1,0
58,85,-0.075,4.275,-1,0
59,85,-0.025,4.275,3548,2
60,85,0.025,4.275,16493,9
61,85,0.075,4.275,-1,0
62,85,0.125,4.275,-1,0
63,85,0.175,4.275,4100,8
64,85,0.225,4.275,-1,0
65,85,0.275,4.275,-1,0
66,85,0.325,4.275,-1,0
67,85,0.375,4.275,-1,0
68,85,0.425,4.275,-1,0
69,85,0.475,4.275,-1,0
70,85,0.525,4.275,-1,0
71,85,0.575,4.275,7280,6
72,85,0.625,4.275,4756,28
73,85,0.675,4.275,-1,0
74,85,0.725,4.275,23608,7
75,85,0.775,4.275,4403,11
76,85,0.825,4.275,49035,3
77,85,0.875,4.275,3293,5
78,85,0.925,4.275,16842,4
79,85,0.975,4.275,13038,9
80,85,1.025,4.275,22036,2
81,85,1.075,4.275,24642,4
82,85,1.125,4.275,11685,6
83,85,1.175,4.275,606,11
84,85,1.225,4.275,8695,3
85,85,1.275,4.275,706,7
86,85,1.325,4.275,24848,8
87,85,1.375,4.275,15122,3
88,85,1.425,4.275,2946,4
89,85,1.475,4.275,7110,7
90,85,1.525,4.275,192,7
91,85,1.575,4.275,9694,4
92,85,1.625,4.275,3314,7
93,85,1.675,4.275,2253,4
94,85,1.725,4.275,-1,0
95,85,1.775,4.275,-1,0
96,85,1.825,4.275,-1,0
97,85,1.875,4.275,-1,0
98,85,1.925,4.275,-1,0
99,85,1.975,4.275,-1,0
100,85,2.025,4.275,-1,0
101,85,2.075,4.275,653,22
102,85,2.125,4.275,721,40
103,85,2.175,4.275,4519,34
104,85,2.225,4.275,12152,18
105,85,2.275,4.275,-1,0
106,85,2.325,4.275,-1,0
107,85,2.375,4.275,-1,0
108,85,2.425,4.275,-1,0
109,85,2.475,4.275,-1,0
110,85,2.525,4.275,-1,0
111,85,2.575,4.275,-1,0
112,85,2.625,4.275,-1,0
113,85,2.675,4.275,-1,0
114,85,2.725,4.275,-1,0
115,85,2.775,4.275,-1,0
116,85,2.825,4.275,-1,0
117,85,2.875,4.275,-1,0
118,85,2.925,4.275,-1,0
119,85,2.975,4.275,-1,0
0,86,-2.975,4.325,-1,0
1,86,-2.925,4.325,-1,0
2,86,-2.875,4.325,-1,0
3,86,-2.825,4.325,-1,0
4,86,-2.775,4.325,-1,0
5,86,-2.725,4.325,-1,0
6,86,-2.675,4.325,-1,0
7,86,-2.625,4.325,-1,0
8,86,-2.575,4.325,-1,0
9,86,-2.525,4.325,-1,0
10,86,-2.475,4.325,-1,0
11,86,-2.425,4.325,-1,0
12,86,-2.375,4.325,-1,0
13,86,-2.325,4.325,-1,0
14,86,-2.275,4.325,-1,0
15,86,-2.225,4.325,-1,0
16,86,-2.175,4.325,-1,0
17,86,-2.125,4.325,1621,44
18,86,-2.075,4.325,1030,61
19,86,-2.025,4.325,-1,0
20,86,-1.975,4.325,-1,0
21,86,-1.925,4.325,-1,0
22,86,-1.875,4.325,-1,0
23,86,-1.825,4.325,-1,0
24,86,-1.775,4.325,-1,0
25,86,-1.725,4.325,-1,0
26,86,-1.675,4.325,-1,0
27,86,-1.625,4.325,-1,0
28,86,-1.575,4.325,5444,6
29,86,-1.525,4.325,3102,16
30,86,-1.475,4.325,10674,12
31,86,-1.425,4.325,16320,11
32,86,-1.375,4.325,4337,13
33,86,-1.325,4.325,3308,8
34,86,-1.275,4.325,17812,7
35,86,-1.225,4.325,11137,6
36,86,-1.175,4.325,32113,10
37,86,-1.125,4.325,10706,2
38,86,-1.075,4.325,28292,3
39,86,-1.025,4.325,998,6
40,86,-0.975,4.325,11272,5
41,86,-0.925,4.325,1848,7
42,86,-0.875,4.325,32698,6
43,86,-0.825,4.325,6088,7
44,86,-0.775,4.325,5731,4
45,86,-0.725,4.325,-1,0
46,86,-0.675,4.325,5074,10
47,86,-0.625,4.325,2186,9
48,86,-0.575,4.325,38964,8
49,86,-0.525,4.325,3303,6
50,86,-0.475,4.325,5739,7
51,86,-0.425,4.325,10108,1
52,86,-0.375,4.325,40116,3
53,86,-0.325,4.325,1435,3
54,86,-0.275,4.325,43974,3
55,86,-0.225,4.325,-1,0
56,86,-0.175,4.325,-1,0
57,86,-0.125,4.325,-1,0
58,86,-0.075,4.325,19974,1
59,86,-0.025,4.325,6807,10
60,86,0.025,4.325,89070,1
61,86,0.075,4.325,414,2
62,86,0.125,4.325,-1,0
63,86,0.175,4.325,22345,4
64,86,0.225,4.325,458,15
65,86,0.275,4.325,-1,0
66,86,0.325,4.325,-1,0
67,86,0.375,4.325,-1,0
68,86,0.425,4.325,-1,0
69,86,0.475,4.325,-1,0
70,86,0.525,4.325,-1,0
71,86,0.575,4.325,-1,0
72,86,0.625,4.325,-1,0
73,86,0.675,4.325,-1,0
74,86,0.725,4.325,-1,0
75,86,0.775,4.325,8731,6
76,86,0.825,4.325,994,19
77,86,0.875,4.325,-1,0
78,86,0.925,4.325,73,6
79,86,0.975,4.325,15239,7
80,86,1.025,4.325,15560,4
81,86,1.075,4.325,25856,6
82,86,1.125,4.325,11731,6
83,86,1.175,4.325,9566,14
84,86,1.225,4.325,2660,9
85,86,1.275,4.325,13949,1
86,86,1.325,4.325,15363,5
87,86,1.375,4.325,876,3
88,86,1.425,4.325,10923,7
89,86,1.475,4.325,1513,5
90,86,1.525,4.325,30291,8
91,86,1.575,4.325,34,8
92,86,1.625,4.325,2855,8
93,86,1.675,4.325,5336,10
94,86,1.725,4.325,14894,18
95,86,1.775,4.325,44378,2
96,86,1.825,4.325,-1,0
97,86,1.875,4.325,-1,0
98,86,1.925,4.325,-1,0
99,86,1.975,4.325,-1,0
100,86,2.025,4.325,-1,0
101,86,2.075,4.325,-1,0
102,86,2.125,4.325,3021,41
103,86,2.175,4.325,1197,39
104,86,2.225,4.325,159,26
105,86,2.275,4.325,-1,0
106,86,2.325,4.325,-1,0
107,86,2.375,4.325,-1,0
108,86,2.425,4.325,-1,0
109,86,2.475,4.325,-1,0
110,86,2.525,4.325,-1,0
111,86,2.575,4.325,-1,0
112,86,2.625,4.325,-1,0
113,86,2.675,4.325,-1,0
114,86,2.725,4.325,-1,0
115,86,2.775,4.325,-1,0
116,86,2.825,4.325,-1,0
117,86,2.875,4.325,-1,0
118,86,2.925,4.325,-1,0
119,86,2.975,4.325,-1,0
0,87,-2.975,4.375,-1,0
1,87,-2.925,4.375,-1,0
2,87,-2.875,4.375,-1,0
3,87,-2.825,4.375,-1,0
4,87,-2.775,4.375,-1,0
5,87,-2.725,4.375,-1,0
6,87,-2.675,4.375,-1,0
7,87,-2.625,4.375,-1,0
8,87,-2.575,4.375,-1,0
9,87,-2.525,4.375,-1,0
10,87,-2.475,4.375,-1,0
11,87,-2.425,4.375,-1,0
12,87,-2.375,4.375,-1,0
13,87,-2.325,4.375,-1,0
14,87,-2.275,4.375,-1,0
15,87,-2.225,4.375,-1,0
16,87,-2.175,4.375,-1,0
17,87,-2.125,4.375,3229,14
18,87,-2.075,4.375,354,127
19,87,-2.025,4.375,-1,0
20,87,-1.975,4.375,-1,0
21,87,-1.925,4.375,-1,0
22,87,-1.875,4.375,-1,0
23,87,-1.825,4.375,-1,0
24,87,-1.775,4.375,-1,0
25,87,-1.725,4.375,-1,0
26,87,-1.675,4.375,-1,0
27,87,-1.625,4.375,-1,0
28,87,-1.575,4.375,1302,34
29,87,-1.525,4.375,85413,1
30,87,-1.475,4.375,35753,5
31,87,-1.425,4.375,15278,7
32,87,-1.375,4.375,8717,5
33,87,-1.325,4.375,39537,3
34,87,-1.275,4.375,56028,1
35,87,-1.225,4.375,23090,9
36,87,-1.175,4.375,3711,4
37,87,-1.125,4.375,6604,7
38,87,-1.075,4.375,46120,4
39,87,-1.025,4.375,1338,10
40,87,-0.975,4.375,4332,6
41,87,-0.925,4.375,17017,6
42,87,-0.875,4.375,33425,4
43,87,-0.825,4.375,1840,8
44,87,-0.775,4.375,32444,6
45,87,-0.725,4.375,2133,7
46,87,-0.675,4.375,319,33
47,87,-0.625,4.375,37026,3
48,87,-0.575,4.375,23828,4
49,87,-0.525,4.375,21770,4
50,87,-0.475,4.375,10645,3
51,87,-0.425,4.375,40099,2
52,87,-0.375,4.375,8636,4
53,87,-0.325,4.375,85888,1
54,87,-0.275,4.375,39370,2
55,87,-0.225,4.375,60006,2
56,87,-0.175,4.375,-1,0
57,87,-0.125,4.375,13857,2
58,87,-0.075,4.375,233,13
59,87,-0.025,4.375,71685,1
60,87,0.025,4.375,49908,3
61,87,0.075,4.375,8039,1
62,87,0.125,4.375,17089,4
63,87,0.175,4.375,39040,2
64,87,0.225,4.375,4481,34
65,87,0.275,4.375,-1,0
66,87,0.325,4.375,-1,0
67,87,0.375,4.375,-1,0
68,87,0.425,4.375,-1,0
69,87,0.475,4.375,-1,0
70,87,0.525,4.375,-1,0
71,87,0.575,4.375,-1,0
72,87,0.625,4.375,-1,0
73,87,0.675,4.375,15609,6
74,87,0.725,4.375,4618,6
75,87,0.775,4.375,6287,2
76,87,0.825,4.375,162,14
77,87,0.875,4.375,1081,19
78,87,0.925,4.375,3750,2
79,87,0.975,4.375,1334,13
80,87,1.025,4.375,4260,5
81,87,1.075,4.375,7810,6
82,87,1.125,4.375,1517,5
83,87,1.175,4.375,28805,4
84,87,1.225,4.375,272,5
85,87,1.275,4.375,46979,3
86,87,1.325,4.375,3342,5
87,87,1.375,4.375,27771,2
88,87,1.425,4.375,6879,8
89,87,1.475,4.375,14735,5
90,87,1.525,4.375,12504,5
91,87,1.575,4.375,24105,10
92,87,1.625,4.375,25,4
93,87,1.675,4.375,7621,3
94,87,1.725,4.375,1887,8
95,87,1.775,4.375,7164,13
96,87,1.825,4.375,-1,0
97,87,1.875,4.375,-1,0
98,87,1.925,4.375,-1,0
99,87,1.975,4.375,-1,0
100,87,2.025,4.375,-1,0
101,87,2.075,4.375,-1,0
102,87,2.125,4.375,26965,13
103,87,2.175,4.375,14,69
104,87,2.225,4.375,7606,35
105,87,2.275,4.375,-1,0
106,87,2.325,4.375,-1,0
107,87,2.375,4.375,-1,0
108,87,2.425,4.375,-1,0
109,87,2.475,4.375,-1,0
110,87,2.525,4.375,-1,0
111,87,2.575,4.375,-1,0
112,87,2.625,4.375,-1,0
113,87,2.675,4.375,-1,0
114,87,2.725,4.375,-1,0
115,87,2.775,4.375,-1,0
116,87,2.825,4.375,-1,0
117,87,2.875,4.375,-1,0
118,87,2.925,4.375,-1,0
119,87,2.975,4.375,-1,0
0,88,-2.975,4.425,-1,0
1,88,-2.925,4.425,-1,0
2,88,-2.875,4.425,-1,0
3,88,-2.825,4.425,-1,0
4,88,-2.775,4.425,-1,0
5,88,-2.725,4.425,-1,0
6,88,-2.675,4.425,-1,0
7,88,-2.625,4.425,-1,0
8,88,-2.575,4.425,-1,0
9,88,-2.525,4.425,-1,0
10,88,-2.475,4.425,-1,0
11,88,-2.425,4.425,-1,0
12,88,-2.375,4.425,-1,0
13,88,-2.325,4.425,-1,0
14,88,-2.275,4.425,-1,0
15,88,-2.225,4.425,-1,0
16,88,-2.175,4.425,-1,0
17,88,-2.125,4.425,-1,0
18,88,-2.075,4.425,10003,13
19,88,-2.025,4.425,-1,0
20,88,-1.975,4.425,-1,0
21,88,-1.925,4.425,-1,0
22,88,-1.875,4.425,-1,0
23,88,-1.825,4.425,-1,0
24,88,-1.775,4.425,-1,0
25,88,-1.725,4.425,-1,0
26,88,-1.675,4.425,-1,0
27,88,-1.625,4.425,-1,0
28,88,-1.575,4.425,29412,1
29,88,-1.525,4.425,4189,10
30,88,-1.475,4.425,1246,8
31,88,-1.425,4.425,2063,6
32,88,-1.375,4.425,8233,7
33,88,-1.325,4.425,37547,3
34,88,-1.275,4.425,17329,7
35,88,-1.225,4.425,4105,4
36,88,-1.175,4.425,45403,4
37,88,-1.125,4.425,16233,6
38,88,-1.075,4.425,8244,7
39,88,-1.025,4.425,5116,12
40,88,-0.975,4.425,57854,1
41,88,-0.925,4.425,12113,4
42,88,-0.875,4.425,580,2
43,88,-0.825,4.425,1592,16
44,88,-0.775,4.425,838,16
45,88,-0.725,4.425,8850,8
46,88,-0.675,4.425,20825,4
47,88,-0.625,4.425,5841,4
48,88,-0.575,4.425,40397,2
49,88,-0.525,4.425,8834,5
50,88,-0.475,4.425,50028,1
51,88,-0.425,4.425,22556,2
52,88,-0.375,4.425,4895,2
53,88,-0.325,4.425,53060,1
54,88,-0.275,4.425,-1,0
55,88,-0.225,4.425,43834,1
56,88,-0.175,4.425,23348,2
57,88,-0.125,4.425,9839,8
58,88,-0.075,4.425,-1,0
59,88,-0.025,4.425,10092,1
60,88,0.025,4.425,7171,2
61,88,0.075,4.425,36033,5
62,88,0.125,4.425,4504,3
63,88,0.175,4.425,57628,2
64,88,0.225,4.425,2516,29
65,88,0.275,4.425,8174,9
66,88,0.325,4.425,6646,2
67,88,0.375,4.425,-1,0
68,88,0.425,4.425,-1,0
69,88,0.475,4.425,-1,0
70,88,0.525,4.425,-1,0
71,88,0.575,4.425,-1,0
72,88,0.625,4.425,38654,1
73,88,0.675,4.425,24181,5
74,88,0.725,4.425,9027,3
75,88,0.775,4.425,22731,5
76,88,0.825,4.425,13462,5
77,88,0.875,4.425,11126,10
78,88,0.925,4.425,21512,4
79,88,0.975,4.425,602,18
80,88,1.025,4.425,5158,14
81,88,1.075,4.425,39020,4
82,88,1.125,4.425,23246,7
83,88,1.175,4.425,6219,9
84,88,1.225,4.425,26592,14
85,88,1.275,4.425,15819,10
86,88,1.325,4.425,4661,7
87,88,1.375,4.425,18496,3
88,88,1.425,4.425,33966,3
89,88,1.475,4.425,42539,5
90,88,1.525,4.425,80628,1
91,88,1.575,4.425,28849,2
92,88,1.625,4.425,16463,4
93,88,1.675,4.425,21389,6
94,88,1.725,4.425,1253,9
95,88,1.775,4.425,47264,1
96,88,1.825,4.425,-1,0
97,88,1.875,4.425,-1,0
98,88,1.925,4.425,-1,0
99,88,1.975,4.425,-1,0
100,88,2.025,4.425,-1,0
101,88,2.075,4.425,-1,0
102,88,2.125,4.425,-1,0
103,88,2.175,4.425,858,69
104,88,2.225,4.425,2406,27
105,88,2.275,4.425,-1,0
106,88,2.325,4.425,-1,0
107,88,2.375,4.425,-1,0
108,88,2.425,4.425,-1,0
109,88,2.475,4.425,-1,0
110,88,2.525,4.425,-1,0
111,88,2.575,4.425,-1,0
112,88,2.625,4.425,-1,0
113,88,2.675,4.425,-1,0
114,88,2.725,4.425,-1,0
115,88,2.775,4.425,-1,0
116,88,2.825,4.425,-1,0
117,88,2.875,4.425,-1,0
118,88,2.925,4.425,-1,0
119,88,2.975,4.425,-1,0
0,89,-2.975,4.475,-1,0
1,89,-2.925,4.475,-1,0
2,89,-2.875,4.475,-1,0
3,89,-2.825,4.475,-1,0
4,89,-2.775,4.475,-1,0
5,89,-2.725,4.475,-1,0
6,89,-2.675,4.475,-1,0
7,89,-2.625,4.475,-1,0
8,89,-2.575,4.475,-1,0
9,89,-2.525,4.475,-1,0
10,89,-2.475,4.475,-1,0
11,89,-2.425,4.475,-1,0
12,89,-2.375,4.475,-1,0
13,89,-2.325,4.475,-1,0
14,89,-2.275,4.475,-1,0
15,89,-2.225,4.475,-1,0
16,89,-2.175,4.475,-1,0
17,89,-2.125,4.475,-1,0
18,89,-2.075,4.475,-1,0
19,89,-2.025,4.475,-1,0
20,89,-1.975,4.475,-1,0
21,89,-1.925,4.475,-1,0
22,89,-1.875,4.475,-1,0
23,89,-1.825,4.475,-1,0
24,89,-1.775,4.475,-1,0
25,89,-1.725,4.475,-1,0
26,89,-1.675,4.475,-1,0
27,89,-1.625,4.475,32500,3
28,89,-1.575,4.475,8209,16
29,89,-1.525,4.475,1789,10
30,89,-1.475,4.475,3369,13
31,89,-1.425,4.475,3454,9
32,89,-1.375,4.475,547,5
33,89,-1.325,4.475,3698,4
34,89,-1.275,4.475,21080,6
35,89,-1.225,4.475,20633,2
36,89,-1.175,4.475,3298,9
37,89,-1.125,4.475,11690,6
38,89,-1.075,4.475,12876,11
39,89,-1.025,4.475,16930,4
40,89,-0.975,4.475,20193,7
41,89,-0.925,4.475,1399,12
42,89,-0.875,4.475,657,14
43,89,-0.825,4.475,290,25
44,89,-0.775,4.475,15084,6
45,89,-0.725,4.475,4003,7
46,89,-0.675,4.475,7045,5
47,89,-0.625,4.475,67070,2
48,89,-0.575,4.475,4964,4
49,89,-0.525,4.475,25767,2
50,89,-0.475,4.475,2204,6
51,89,-0.425,4.475,23171,4
52,89,-0.375,4.475,6776,5
53,89,-0.325,4.475,35605,2
54,89,-0.275,4.475,39532,3
55,89,-0.225,4.475,87522,1
56,89,-0.175,4.475,3832,13
57,89,-0.125,4.475,-1,0
58,89,-0.075,4.475,-1,0
59,89,-0.025,4.475,45631,2
60,89,0.025,4.475,27375,1
61,89,0.075,4.475,1237,2
62,89,0.125,4.475,26332,2
63,89,0.175,4.475,26197,3
64,89,0.225,4.475,871,30
65,89,0.275,4.475,43888,3
66,89,0.325,4.475,56195,4
67,89,0.375,4.475,1766,8
68,89,0.425,4.475,-1,0
69,89,0.475,4.475,-1,0
70,89,0.525,4.475,-1,0
71,89,0.575,4.475,-1,0
72,89,0.625,4.475,28288,1
73,89,0.675,4.475,20264,3
74,89,0.725,4.475,48744,3
75,89,0.775,4.475,22428,3
76,89,0.825,4.475,15875,4
77,89,0.875,4.475,6095,5
78,89,0.925,4.475,8644,4
79,89,0.975,4.475,41249,4
80,89,1.025,4.475,11723,19
81,89,1.075,4.475,25222,21
82,89,1.125,4.475,5004,11
83,89,1.175,4.475,5830,14
84,89,1.225,4.475,36182,2
85,89,1.275,4.475,12509,6
86,89,1.325,4.475,1372,15
87,89,1.375,4.475,31299,6
88,89,1.425,4.475,31634,5
89,89,1.475,4.475,39766,6
90,89,1.525,4.475,8879,8
91,89,1.575,4.475,22141,4
92,89,1.625,4.475,57844,2
93,89,1.675,4.475,6592,12
94,89,1.725,4.475,3249,13
95,89,1.775,4.475,8959,16
96,89,1.825,4.475,70,16
97,89,1.875,4.475,-1,0
98,89,1.925,4.475,-1,0
99,89,1.975,4.475,-1,0
100,89,2.025,4.475,-1,0
101,89,2.075,4.475,-1,0
102,89,2.125,4.475,-1,0
103,89,2.175,4.475,516,111
104,89,2.225,4.475,110,5
105,89,2.275,4.475,-1,0
106,89,2.325,4.475,-1,0
107,89,2.375,4.475,-1,0
108,89,2.425,4.475,-1,0
109,89,2.475,4.475,-1,0
110,89,2.525,4.475,-1,0
111,89,2.575,4.475,-1,0
112,89,2.625,4.475,-1,0
113,89,2.675,4.475,-1,0
114,89,2.725,4.475,-1,0
115,89,2.775,4.475,-1,0
116,89,2.825,4.475,-1,0
117,89,2.875,4.475,-1,0
118,89,2.925,4.475,-1,0
119,89,2.975,4.475,-1,0
0,90,-2.975,4.525,-1,0
1,90,-2.925,4.525,-1,0
2,90,-2.875,4.525,-1,0
3,90,-2.825,4.525,-1,0
4,90,-2.775,4.525,-1,0
5,90,-2.725,4.525,-1,0
6,90,-2.675,4.525,-1,0
7,90,-2.625,4.525,-1,0
8,90,-2.575,4.525,-1,0
9,90,-2.525,4.525,-1,0
10,90,-2.475,4.525,-1,0
11,90,-2.425,4.525,-1,0
12,90,-2.375,4.525,-1,0
13,90,-2.325,4.525,-1,0
14,90,-2.275,4.525,-1,0
15,90,-2.225,4.525,-1,0
16,90,-2.175,4.525,-1,0
17,90,-2.125,4.525,-1,0
18,90,-2.075,4.525,-1,0
19,90,-2.025,4.525,-1,0
20,90,-1.975,4.525,-1,0
21,90,-1.925,4.525,-1,0
22,90,-1.875,4.525,-1,0
23,90,-1.825,4.525,-1,0
24,90,-1.775,4.525,-1,0
25,90,-1.725,4.525,-1,0
26,90,-1.675,4.525,-1,0
27,90,-1.625,4.525,5693,29
28,90,-1.575,4.525,1664,8
29,90,-1.525,4.525,1701,10
30,90,-1.475,4.525,22177,5
31,90,-1.425,4.525,1421,6
32,90,-1.375,4.525,21585,1
33,90,-1.325,4.525,12958,7
34,90,-1.275,4.525,24618,2
35,90,-1.225,4.525,2490,4
36,90,-1.175,4.525,1783,8
37,90,-1.125,4.525,13648,9
38,90,-1.075,4.525,197,5
39,90,-1.025,4.525,23023,2
40,90,-0.975,4.525,1149,17
41,90,-0.925,4.525,3242,6
42,90,-0.875,4.525,5579,30
43,90,-0.825,4.525,6899,17
44,90,-0.775,4.525,12366,12
45,90,-0.725,4.525,26775,2
46,90,-0.675,4.525,18594,2
47,90,-0.625,4.525,728,7
48,90,-0.575,4.525,1118,13
49,90,-0.525,4.525,7626,10
50,90,-0.475,4.525,9424,9
51,90,-0.425,4.525,4038,3
52,90,-0.375,4.525,17982,2
53,90,-0.325,4.525,15845,3
54,90,-0.275,4.525,14780,2
55,90,-0.225,4.525,12017,7
56,90,-0.175,4.525,21579,4
57,90,-0.125,4.525,-1,0
58,90,-0.075,4.525,5486,5
59,90,-0.025,4.525,-1,0
60,90,0.025,4.525,27246,4
61,90,0.075,4.525,39112,1
62,90,0.125,4.525,31239,3
63,90,0.175,4.525,28921,6
64,90,0.225,4.525,1625,44
65,90,0.275,4.525,10979,3
66,90,0.325,4.525,34247,1
67,90,0.375,4.525,27766,5
68,90,0.425,4.525,1430,8
69,90,0.475,4.525,14134,8
70,90,0.525,4.525,-1,0
71,90,0.575,4.525,-1,0
72,90,0.625,4.525,62973,1
73,90,0.675,4.525,6300,3
74,90,0.725,4.525,2463,7
75,90,0.775,4.525,39101,4
76,90,0.825,4.525,8736,3
77,90,0.875,4.525,4656,5
78,90,0.925,4.525,13021,7
79,90,0.975,4.525,21674,3
80,90,1.025,4.525,4026,13
81,90,1.075,4.525,4715,13
82,90,1.125,4.525,8278,17
83,90,1.175,4.525,5789,27
84,90,1.225,4.525,27966,7
85,90,1.275,4.525,13278,8
86,90,1.325,4.525,5112,13
87,90,1.375,4.525,7122,6
88,90,1.425,4.525,28105,4
89,90,1.475,4.525,79,9
90,90,1.525,4.525,19439,7
91,90,1.575,4.525,1011,10
92,90,1.625,4.525,33955,2
93,90,1.675,4.525,12304,7
94,90,1.725,4.525,26511,8
95,90,1.775,4.525,16788,3
96,90,1.825,4.525,9964,7
97,90,1.875,4.525,-1,0
98,90,1.925,4.525,-1,0
99,90,1.975,4.525,-1,0
100,90,2.025,4.525,-1,0
101,90,2.075,4.525,-1,0
102,90,2.125,4.525,-1,0
103,90,2.175,4.525,-1,0
104,90,2.225,4.525,-1,0
105,90,2.275,4.525,-1,0
106,90,2.325,4.525,-1,0
107,90,2.375,4.525,-1,0
108,90,2.425,4.525,-1,0
109,90,2.475,4.525,-1,0
110,90,2.525,4.525,-1,0
111,90,2.575,4.525,-1,0
112,90,2.625,4.525,-1,0
113,90,2.675,4.525,-1,0
114,90,2.725,4.525,-1,0
115,90,2.775,4.525,-1,0
116,90,2.825,4.525,-1,0
117,90,2.875,4.525,-1,0
118,90,2.925,4.525,-1,0
119,90,2.975,4.525,-1,0
0,91,-2.975,4.575,-1,0
1,91,-2.925,4.575,-1,0
2,91,-2.875,4.575,-1,0
3,91,-2.825,4.575,-1,0
4,91,-2.775,4.575,-1,0
5,91,-2.725,4.575,-1,0
6,91,-2.675,4.575,-1,0
7,91,-2.625,4.575,-1,0
8,91,-2.575,4.575,-1,0
9,91,-2.525,4.575,-1,0
10,91,-2.475,4.575,-1,0
11,91,-2.425,4.575,-1,0
12,91,-2.375,4.575,-1,0
13,91,-2.325,4.575,-1,0
14,91,-2.275,4.575,-1,0
15,91,-2.225,4.575,-1,0
16,91,-2.175,4.575,-1,0
17,91,-2.125,4.575,-1,0
18,91,-2.075,4.575,-1,0
19,91,-2.025,4.575,-1,0
20,91,-1.975,4.575,-1,0
21,91,-1.925,4.575,-1,0
22,91,-1.875,4.575,-1,0
23,91,-1.825,4.575,-1,0
24,91,-1.775,4.575,-1,0
25,91,-1.725,4.575,-1,0
26,91,-1.675,4.575,-1,0
27,91,-1.625,4.575,31706,3
28,91,-1.575,4.575,4196,12
29,91,-1.525,4.575,8807,4
30,91,-1.475,4.575,15270,6
31,91,-1.425,4.575,1472,9
32,91,-1.375,4.575,13541,9
33,91,-1.325,4.575,6625,8
34,91,-1.275,4.575,1453,4
35,91,-1.225,4.575,7915,12
36,91,-1.175,4.575,14010,13
37,91,-1.125,4.575,7127,16
38,91,-1.075,4.575,11979,10
39,91,-1.025,4.575,-1,0
40,91,-0.975,4.575,2849,25
41,91,-0.925,4.575,768,15
42,91,-0.875,4.575,19208,1
43,91,-0.825,4.575,-1,0
44,91,-0.775,4.575,-1,0
45,91,-0.725,4.575,37273,7
46,91,-0.675,4.575,2818,8
47,91,-0.625,4.575,1919,7
48,91,-0.575,4.575,22101,2
49,91,-0.525,4.575,41240,4
50,91,-0.475,4.575,3042,3
51,91,-0.425,4.575,-1,0
52,91,-0.375,4.575,7338,5
53,91,-0.325,4.575,39579,2
54,91,-0.275,4.575,1466,9
55,91,-0.225,4.575,14535,4
56,91,-0.175,4.575,46244,3
57,91,-0.125,4.575,62250,1
58,91,-0.075,4.575,-1,0
59,91,-0.025,4.575,6417,3
60,91,0.025,4.575,16267,4
61,91,0.075,4.575,166,7
62,91,0.125,4.575,-1,0
63,91,0.175,4.575,28275,1
64,91,0.225,4.575,3729,35
65,91,0.275,4.575,7745,2
66,91,0.325,4.575,-1,0
67,91,0.375,4.575,1688,2
68,91,0.425,4.575,36282,4
69,91,0.475,4.575,56176,4
70,91,0.525,4.575,1545,3
71,91,0.575,4.575,10702,2
72,91,0.625,4.575,8023,2
73,91,0.675,4.575,9522,1
74,91,0.725,4.575,9438,2
75,91,0.775,4.575,49243,2
76,91,0.825,4.575,54037,4
77,91,0.875,4.575,3725,7
78,91,0.925,4.575,2656,11
79,91,0.975,4.575,11672,7
80,91,1.025,4.575,61008,3
81,91,1.075,4.575,73930,1
82,91,1.125,4.575,-1,0
83,91,1.175,4.575,10434,12
84,91,1.225,4.575,1367,19
85,91,1.275,4.575,4435,10
86,91,1.325,4.575,2268,17
87,91,1.375,4.575,4017,9
88,91,1.425,4.575,23216,11
89,91,1.475,4.575,4870,12
90,91,1.525,4.575,53735,3
91,91,1.575,4.575,14161,3
92,91,1.625,4.575,366,9
93,91,1.675,4.575,13368,3
94,91,1.725,4.575,6817,3
95,91,1.775,4.575,1395,18
96,91,1.825,4.575,7017,13
97,91,1.875,4.575,6048,4
98,91,1.925,4.575,-1,0
99,91,1.975,4.575,-1,0
100,91,2.025,4.575,-1,0
101,91,2.075,4.575,-1,0
102,91,2.125,4.575,-1,0
103,91,2.175,4.575,-1,0
104,91,2.225,4.575,-1,0
105,91,2.275,4.575,-1,0
106,91,2.325,4.575,-1,0
107,91,2.375,4.575,-1,0
108,91,2.425,4.575,-1,0
109,91,2.475,4.575,-1,0
110,91,2.525,4.575,-1,0
111,91,2.575,4.575,-1,0
112,91,2.625,4.575,-1,0
113,91,2.675,4.575,-1,0
114,91,2.725,4.575,-1,0
115,91,2.775,4.575,-1,0
116,91,2.825,4.575,-1,0
117,91,2.875,4.575,-1,0
118,91,2.925,4.575,-1,0
119,91,2.975,4.575,-1,0
0,92,-2.975,4.625,-1,0
1,92,-2.925,4.625,-1,0
2,92,-2.875,4.625,-1,0
3,92,-2.825,4.625,-1,0
4,92,-2.775,4.625,-1,0
5,92,-2.725,4.625,-1,0
6,92,-2.675,4.625,-1,0
7,92,-2.625,4.625,-1,0
8,92,-2.575,4.625,-1,0
9,92,-2.525,4.625,-1,0
10,92,-2.475,4.625,-1,0
11,92,-2.425,4.625,-1,0
12,92,-2.375,4.625,-1,0
13,92,-2.325,4.625,-1,0
14,92,-2.275,4.625,-1,0
15,92,-2.225,4.625,-1,0
16,92,-2.175,4.625,-1,0
17,92,-2.125,4.625,-1,0
18,92,-2.075,4.625,-1,0
19,92,-2.025,4.625,-1,0
20,92,-1.975,4.625,-1,0
21,92,-1.925,4.625,-1,0
22,92,-1.875,4.625,-1,0
23,92,-1.825,4.625,-1,0
24,92,-1.775,4.625,-1,0
25,92,-1.725,4.625,-1,0
26,92,-1.675,4.625,-1,0
27,92,-1.625,4.625,2247,12
28,92,-1.575,4.625,554,12
29,92,-1.525,4.625,204,12
30,92,-1.475,4.625,326,8
31,92,-1.425,4.625,1503,4
32,92,-1.375,4.625,24029,9
33,92,-1.325,4.625,17056,6
34,92,-1.275,4.625,22245,9
35,92,-1.225,4.625,5500,9
36,92,-1.175,4.625,16171,10
37,92,-1.125,4.625,6855,14
38,92,-1.075,4.625,14496,9
39,92,-1.025,4.625,3873,10
40,92,-0.975,4.625,19,7
41,92,-0.925,4.625,-1,0
42,92,-0.875,4.625,-1,0
43,92,-0.825,4.625,3105,3
44,92,-0.775,4.625,23497,7
45,92,-0.725,4.625,10235,9
46,92,-0.675,4.625,6074,6
47,92,-0.625,4.625,-1,0
48,92,-0.575,4.625,49533,3
49,92,-0.525,4.625,35384,2
50,92,-0.475,4.625,8712,3
51,92,-0.425,4.625,1415,3
52,92,-0.375,4.625,22981,2
53,92,-0.325,4.625,8914,14
54,92,-0.275,4.625,28635,1
55,92,-0.225,4.625,9138,3
56,92,-0.175,4.625,65035,1
57,92,-0.125,4.625,44222,2
58,92,-0.075,4.625,30174,1
59,92,-0.025,4.625,10793,5
60,92,0.025,4.625,16449,4
61,92,0.075,4.625,6230,5
62,92,0.125,4.625,5244,2
63,92,0.175,4.625,14342,2
64,92,0.225,4.625,359,25
65,92,0.275,4.625,13531,2
66,92,0.325,4.625,76778,1
67,92,0.375,4.625,30669,3
68,92,0.425,4.625,8829,3
69,92,0.475,4.625,20703,5
70,92,0.525,4.625,-1,0
71,92,0.575,4.625,30222,5
72,92,0.625,4.625,1344,4
73,92,0.675,4.625,30765,4
74,92,0.725,4.625,35666,4
75,92,0.775,4.625,15626,3
76,92,0.825,4.625,6669,9
77,92,0.875,4.625,3965,5
78,92,0.925,4.625,5232,6
79,92,0.975,4.625,6557,10
80,92,1.025,4.625,33276,4
81,92,1.075,4.625,20181,1
82,92,1.125,4.625,10772,5
83,92,1.175,4.625,25085,2
84,92,1.225,4.625,-1,0
85,92,1.275,4.625,-1,0
86,92,1.325,4.625,5882,11
87,92,1.375,4.625,16867,5
88,92,1.425,4.625,8965,12
89,92,1.475,4.625,7892,13
90,92,1.525,4.625,613,11
91,92,1.575,4.625,15882,7
92,92,1.625,4.625,18700,4
93,92,1.675,4.625,1648,11
94,92,1.725,4.625,8570,9
95,92,1.775,4.625,639,17
96,92,1.825,4.625,13167,10
97,92,1.875,4.625,1945,22
98,92,1.925,4.625,3238,3
99,92,1.975,4.625,-1,0
100,92,2.025,4.625,-1,0
101,92,2.075,4.625,-1,0
102,92,2.125,4.625,-1,0
103,92,2.175,4.625,-1,0
104,92,2.225,4.625,-1,0
105,92,2.275,4.625,-1,0
106,92,2.325,4.625,-1,0
107,92,2.375,4.625,-1,0
108,92,2.425,4.625,-1,0
109,92,2.475,4.625,-1,0
110,92,2.525,4.625,-1,0
111,92,2.575,4.625,-1,0
112,92,2.625,4.625,-1,0
113,92,2.675,4.625,-1,0
114,92,2.725,4.625,-1,0
115,92,2.775,4.625,-1,0
116,92,2.825,4.625,-1,0
117,92,2.875,4.625,-1,0
118,92,2.925,4.625,-1,0
119,92,2.975,4.625,-1,0
0,93,-2.975,4.675,-1,0
1,93,-2.925,4.675,-1,0
2,93,-2.875,4.675,-1,0
3,93,-2.825,4.675,-1,0
4,93,-2.775,4.675,-1,0
5,93,-2.725,4.675,-1,0
6,93,-2.675,4.675,-1,0
7,93,-2.625,4.675,-1,0
8,93,-2.575,4.675,-1,0
9,93,-2.525,4.675,-1,0
10,93,-2.475,4.675,-1,0
11,93,-2.425,4.675,-1,0
12,93,-2.375,4.675,-1,0
13,93,-2.325,4.675,-1,0
14,93,-2.275,4.675,-1,0
15,93,-2.225,4.675,-1,0
16,93,-2.175,4.675,-1,0
17,93,-2.125,4.675,-1,0
18,93,-2.075,4.675,-1,0
19,93,-2.025,4.675,-1,0
20,93,-1.975,4.675,-1,0
21,93,-1.925,4.675,-1,0
22,93,-1.875,4.675,-1,0
23,93,-1.825,4.675,-1,0
24,93,-1.775,4.675,-1,0
25,93,-1.725,4.675,-1,0
26,93,-1.675,4.675,7009,13
27,93,-1.625,4.675,1914,11
28,93,-1.575,4.675,2829,9
29,93,-1.525,4.675,3112,12
30,93,-1.475,4.675,12325,7
31,93,-1.425,4.675,11968,6
32,93,-1.375,4.675,7353,6
33,93,-1.325,4.675,24705,6
34,93,-1.275,4.675,7055,3
35,93,-1.225,4.675,2508,16
36,93,-1.175,4.675,29904,11
37,93,-1.125,4.675,534,11
38,93,-1.075,4.675,6181,8
39,93,-1.025,4.675,-1,0
40,93,-0.975,4.675,-1,0
41,93,-0.925,4.675,-1,0
42,93,-0.875,4.675,1667,9
43,93,-0.825,4.675,8236,12
44,93,-0.775,4.675,52001,3
45,93,-0.725,4.675,9616,5
46,93,-0.675,4.675,6194,4
47,93,-0.625,4.675,631,2
48,93,-0.575,4.675,57880,3
49,93,-0.525,4.675,17206,4
50,93,-0.475,4.675,25659,1
51,93,-0.425,4.675,3760,2
52,93,-0.375,4.675,28646,1
53,93,-0.325,4.675,-1,0
54,93,-0.275,4.675,25778,5
55,93,-0.225,4.675,30467,3
56,93,-0.175,4.675,51990,1
57,93,-0.125,4.675,49459,2
58,93,-0.075,4.675,1894,5
59,93,-0.025,4.675,9861,13
60,93,0.025,4.675,5835,2
61,93,0.075,4.675,24448,4
62,93,0.125,4.675,13361,9
63,93,0.175,4.675,1311,8
64,93,0.225,4.675,5698,2
65,93,0.275,4.675,4213,32
66,93,0.325,4.675,10490,4
67,93,0.375,4.675,24653,2
68,93,0.425,4.675,6509,6
69,93,0.475,4.675,16242,6
70,93,0.525,4.675,82297,1
71,93,0.575,4.675,-1,0
72,93,0.625,4.675,19777,4
73,93,0.675,4.675,5544,9
74,93,0.725,4.675,71378,1
75,93,0.775,4.675,9229,7
76,93,0.825,4.675,36975,2
77,93,0.875,4.675,32582,4
78,93,0.925,4.675,2163,6
79,93,0.975,4.675,13984,3
80,93,1.025,4.675,1778,6
81,93,1.075,4.675,13066,4
82,93,1.125,4.675,9938,10
83,93,1.175,4.675,1476,7
84,93,1.225,4.675,330,9
85,93,1.275,4.675,4703,1
86,93,1.325,4.675,-1,0
87,93,1.375,4.675,7231,25
88,93,1.425,4.675,8930,11
89,93,1.475,4.675,11502,14
90,93,1.525,4.675,2502,8
91,93,1.575,4.675,6085,13
92,93,1.625,4.675,15236,9
93,93,1.675,4.675,7782,5
94,93,1.725,4.675,2557,9
95,93,1.775,4.675,43664,5
96,93,1.825,4.675,1679,11
97,93,1.875,4.675,7999,9
98,93,1.925,4.675,-1,0
99,93,1.975,4.675,-1,0
100,93,2.025,4.675,-1,0
101,93,2.075,4.675,-1,0
102,93,2.125,4.675,-1,0
103,93,2.175,4.675,-1,0
104,93,2.225,4.675,-1,0
105,93,2.275,4.675,-1,0
106,93,2.325,4.675,-1,0
107,93,2.375,4.675,-1,0
108,93,2.425,4.675,-1,0
109,93,2.475,4.675,-1,0
110,93,2.525,4.675,-1,0
111,93,2.575,4.675,-1,0
112,93,2.625,4.675,-1,0
113,93,2.675,4.675,-1,0
114,93,2.725,4.675,-1,0
115,93,2.775,4.675,-1,0
116,93,2.825,4.675,-1,0
117,93,2.875,4.675,-1,0
118,93,2.925,4.675,-1,0
119,93,2.975,4.675,-1,0
0,94,-2.975,4.725,-1,0
1,94,-2.925,4.725,-1,0
2,94,-2.875,4.725,-1,0
3,94,-2.825,4.725,-1,0
4,94,-2.775,4.725,-1,0
5,94,-2.725,4.725,-1,0
6,94,-2.675,4.725,-1,0
7,94,-2.625,4.725,-1,0
8,94,-2.575,4.725,-1,0
9,94,-2.525,4.725,-1,0
10,94,-2.475,4.725,-1,0
11,94,-2.425,4.725,-1,0
12,94,-2.375,4.725,-1,0
13,94,-2.325,4.725,-1,0
14,94,-2.275,4.725,-1,0
15,94,-2.225,4.725,-1,0
16,94,-2.175,4.725,-1,0
17,94,-2.125,4.725,-1,0
18,94,-2.075,4.725,-1,0
19,94,-2.025,4.725,-1,0
20,94,-1.975,4.725,-1,0
21,94,-1.925,4.725,-1,0
22,94,-1.875,4.725,-1,0
23,94,-1.825,4.725,-1,0
24,94,-1.775,4.725,-1,0
25,94,-1.725,4.725,-1,0
26,94,-1.675,4.725,-1,0
27,94,-1.625,4.725,6152,12
28,94,-1.575,4.725,3065,16
29,94,-1.525,4.725,5082,9
30,94,-1.475,4.725,15256,9
31,94,-1.425,4.725,2313,16
32,94,-1.375,4.725,1760,5
33,94,-1.325,4.725,21519,13
34,94,-1.275,4.725,216,11
35,94,-1.225,4.725,10259,7
36,94,-1.175,4.725,3951,10
37,94,-1.125,4.725,825,16
38,94,-1.075,4.725,-1,0
39,94,-1.025,4.725,-1,0
40,94,-0.975,4.725,43868,2
41,94,-0.925,4.725,3683,5
42,94,-0.875,4.725,2795,10
43,94,-0.825,4.725,13059,6
44,94,-0.775,4.725,7130,6
45,94,-0.725,4.725,29075,3
46,94,-0.675,4.725,8106,3
47,94,-0.625,4.725,38556,3
48,94,-0.575,4.725,5596,3
49,94,-0.525,4.725,32038,5
50,94,-0.475,4.725,2380,4
51,94,-0.425,4.725,8610,4
52,94,-0.375,4.725,1745,8
53,94,-0.325,4.725,-1,0
54,94,-0.275,4.725,22964,5
55,94,-0.225,4.725,54807,3
56,94,-0.175,4.725,31882,3
57,94,-0.125,4.725,9190,6
58,94,-0.075,4.725,12412,5
59,94,-0.025,4.725,14950,7
60,94,0.025,4.725,13134,5
61,94,0.075,4.725,19807,3
62,94,0.125,4.725,41997,3
63,94,0.175,4.725,59587,1
64,94,0.225,4.725,-1,0
65,94,0.275,4.725,116,39
66,94,0.325,4.725,60875,3
67,94,0.375,4.725,5468,4
68,94,0.425,4.725,54220,1
69,94,0.475,4.725,2306,8
70,94,0.525,4.725,4324,2
71,94,0.575,4.725,47048,1
72,94,0.625,4.725,35776,2
73,94,0.675,4.725,12742,1
74,94,0.725,4.725,2750,7
75,94,0.775,4.725,18491,2
76,94,0.825,4.725,88493,1
77,94,0.875,4.725,59356,5
78,94,0.925,4.725,50283,2
79,94,0.975,4.725,39488,3
80,94,1.025,4.725,18644,5
81,94,1.075,4.725,12071,8
82,94,1.125,4.725,12008,4
83,94,1.175,4.725,14014,8
84,94,1.225,4.725,8158,10
85,94,1.275,4.725,3663,15
86,94,1.325,4.725,28171,10
87,94,1.375,4.725,-1,0
88,94,1.425,4.725,-1,0
89,94,1.475,4.725,2413,13
90,94,1.525,4.725,9420,9
91,94,1.575,4.725,10448,13
92,94,1.625,4.725,15568,11
93,94,1.675,4.725,4824,8
94,94,1.725,4.725,4221,13
95,94,1.775,4.725,1145,6
96,94,1.825,4.725,737,17
97,94,1.875,4.725,3960,20
98,94,1.925,4.725,395,34
99,94,1.975,4.725,-1,0
100,94,2.025,4.725,-1,0
101,94,2.075,4.725,-1,0
102,94,2.125,4.725,-1,0
103,94,2.175,4.725,-1,0
104,94,2.225,4.725,-1,0
105,94,2.275,4.725,-1,0
106,94,2.325,4.725,-1,0
107,94,2.375,4.725,-1,0
108,94,2.425,4.725,-1,0
109,94,2.475,4.725,-1,0
110,94,2.525,4.725,-1,0
111,94,2.575,4.725,-1,0
112,94,2.625,4.725,-1,0
113,94,2.675,4.725,-1,0
114,94,2.725,4.725,-1,0
115,94,2.775,4.725,-1,0
116,94,2.825,4.725,-1,0
117,94,2.875,4.725,-1,0
118,94,2.925,4.725,-1,0
119,94,2.975,4.725,-1,0
0,95,-2.975,4.775,-1,0
1,95,-2.925,4.775,-1,0
2,95,-2.875,4.775,-1,0
3,95,-2.825,4.775,-1,0
4,95,-2.775,4.775,-1,0
5,95,-2.725,4.775,-1,0
6,95,-2.675,4.775,-1,0
7,95,-2.625,4.775,-1,0
8,95,-2.575,4.775,-1,0
9,95,-2.525,4.775,-1,0
10,95,-2.475,4.775,-1,0
11,95,-2.425,4.775,-1,0
12,95,-2.375,4.775,-1,0
13,95,-2.325,4.775,-1,0
14,95,-2.275,4.775,-1,0
15,95,-2.225,4.775,-1,0
16,95,-2.175,4.775,-1,0
17,95,-2.125,4.775,-1,0
18,95,-2.075,4.775,-1,0
19,95,-2.025,4.775,-1,0
20,95,-1.975,4.775,-1,0
21,95,-1.925,4.775,-1,0
22,95,-1.875,4.775,-1,0
23,95,-1.825,4.775,-1,0
24,95,-1.775,4.775,-1,0
25,95,-1.725,4.775,-1,0
26,95,-1.675,4.775,2721,17
27,95,-1.625,4.775,2240,13
28,95,-1.575,4.775,7990,16
29,95,-1.525,4.775,25300,5
30,95,-1.475,4.775,19982,3
31,95,-1.425,4.775,3097,10
32,95,-1.375,4.775,9341,9
33,95,-1.325,4.775,4421,17
34,95,-1.275,4.775,3256,15
35,95,-1.225,4.775,12699,9
36,95,-1.175,4.775,1983,7
37,95,-1.125,4.775,-1,0
38,95,-1.075,4.775,-1,0
39,95,-1.025,4.775,-1,0
40,95,-0.975,4.775,11156,23
41,95,-0.925,4.775,12480,10
42,95,-0.875,4.775,18003,8
43,95,-0.825,4.775,1986,9
44,95,-0.775,4.775,7417,4
45,95,-0.725,4.775,4006,12
46,95,-0.675,4.775,3847,4
47,95,-0.625,4.775,51686,3
48,95,-0.575,4.775,11522,5
49,95,-0.525,4.775,41849,4
50,95,-0.475,4.775,10229,2
51,95,-0.425,4.775,10725,8
52,95,-0.375,4.775,2357,1
53,95,-0.325,4.775,-1,0
54,95,-0.275,4.775,44648,2
55,95,-0.225,4.775,19753,2
56,95,-0.175,4.775,33870,2
57,95,-0.125,4.775,51806,3
58,95,-0.075,4.775,1508,4
59,95,-0.025,4.775,2991,7
60,95,0.025,4.775,11133,5
61,95,0.075,4.775,61692,1
62,95,0.125,4.775,22483,6
63,95,0.175,4.775,-1,0
64,95,0.225,4.775,-1,0
65,95,0.275,4.775,1005,38
66,95,0.325,4.775,18693,4
67,95,0.375,4.775,44312,3
68,95,0.425,4.775,16454,2
69,95,0.475,4.775,-1,0
70,95,0.525,4.775,18514,3
71,95,0.575,4.775,4888,4
72,95,0.625,4.775,9334,5
73,95,0.675,4.775,6600,3
74,95,0.725,4.775,-1,0
75,95,0.775,4.775,36763,2
76,95,0.825,4.775,1867,5
77,95,0.875,4.775,13014,3
78,95,0.925,4.775,8995,2
79,95,0.975,4.775,65866,1
80,95,1.025,4.775,2274,7
81,95,1.075,4.775,7081,8
82,95,1.125,4.775,661,11
83,95,1.175,4.775,15516,5
84,95,1.225,4.775,20535,9
85,95,1.275,4.775,14278,6
86,95,1.325,4.775,7526,17
87,95,1.375,4.775,20131,5
88,95,1.425,4.775,-1,0
89,95,1.475,4.775,19609,1
90,95,1.525,4.775,17045,5
91,95,1.575,4.775,5107,27
92,95,1.625,4.775,6887,14
93,95,1.675,4.775,11348,15
94,95,1.725,4.775,1837,13
95,95,1.775,4.775,14967,8
96,95,1.825,4.775,18232,7
97,95,1.875,4.775,10904,14
98,95,1.925,4.775,5454,16
99,95,1.975,4.775,-1,0
100,95,2.025,4.775,-1,0
101,95,2.075,4.775,-1,0
102,95,2.125,4.775,-1,0
103,95,2.175,4.775,-1,0
104,95,2.225,4.775,-1,0
105,95,2.275,4.775,-1,0
106,95,2.325,4.775,-1,0
107,95,2.375,4.775,-1,0
108,95,2.425,4.775,-1,0
109,95,2.475,4.775,-1,0
110,95,2.525,4.775,-1,0
111,95,2.575,4.775,-1,0
112,95,2.625,4.775,-1,0
113,95,2.675,4.775,-1,0
114,95,2.725,4.775,-1,0
115,95,2.775,4.775,-1,0
116,95,2.825,4.775,-1,0
117,95,2.875,4.775,-1,0
118,95,2.925,4.775,-1,0
119,95,2.975,4.775,-1,0
0,96,-2.975,4.825,-1,0
1,96,-2.925,4.825,-1,0
2,96,-2.875,4.825,-1,0
3,96,-2.825,4.825,-1,0
4,96,-2.775,4.825,-1,0
5,96,-2.725,4.825,-1,0
6,96,-2.675,4.825,-1,0
7,96,-2.625,4.825,-1,0
8,96,-2.575,4.825,-1,0
9,96,-2.525,4.825,-1,0
10,96,-2.475,4.825,-1,0
11,96,-2.425,4.825,-1,0
12,96,-2.375,4.825,-1,0
13,96,-2.325,4.825,-1,0
14,96,-2.275,4.825,-1,0
15,96,-2.225,4.825,-1,0
16,96,-2.175,4.825,-1,0
17,96,-2.125,4.825,-1,0
18,96,-2.075,4.825,-1,0
19,96,-2.025,4.825,-1,0
20,96,-1.975,4.825,-1,0
21,96,-1.925,4.825,-1,0
22,96,-1.875,4.825,-1,0
23,96,-1.825,4.825,-1,0
24,96,-1.775,4.825,-1,0
25,96,-1.725,4.825,-1,0
26,96,-1.675,4.825,4205,6
27,96,-1.625,4.825,6040,12
28,96,-1.575,4.825,12378,11
29,96,-1.525,4.825,34233,11
30,96,-1.475,4.825,1633,16
31,96,-1.425,4.825,7722,8
32,96,-1.375,4.825,5330,9
33,96,-1.325,4.825,16551,6
34,96,-1.275,4.825,2449,18
35,96,-1.225,4.825,2232,10
36,96,-1.175,4.825,-1,0
37,96,-1.125,4.825,-1,0
38,96,-1.075,4.825,-1,0
39,96,-1.025,4.825,12630,12
40,96,-0.975,4.825,9016,5
41,96,-0.925,4.825,-1,0
42,96,-0.875,4.825,21475,2
43,96,-0.825,4.825,10719,10
44,96,-0.775,4.825,15098,5
45,96,-0.725,4.825,38074,7
46,96,-0.675,4.825,23831,5
47,96,-0.625,4.825,1438,2
48,96,-0.575,4.825,-1,0
49,96,-0.525,4.825,-1,0
50,96,-0.475,4.825,10143,5
51,96,-0.425,4.825,15264,2
52,96,-0.375,4.825,264,4
53,96,-0.325,4.825,9813,2
54,96,-0.275,4.825,4598,13
55,96,-0.225,4.825,1258,6
56,96,-0.175,4.825,2962,5
57,96,-0.125,4.825,18044,4
58,96,-0.075,4.825,32784,2
59,96,-0.025,4.825,51967,4
60,96,0.025,4.825,5240,11
61,96,0.075,4.825,73812,1
62,96,0.125,4.825,1641,9
63,96,0.175,4.825,-1,0
64,96,0.225,4.825,-1,0
65,96,0.275,4.825,247,33
66,96,0.325,4.825,7447,4
67,96,0.375,4.825,702,3
68,96,0.425,4.825,27531,2
69,96,0.475,4.825,24613,3
70,96,0.525,4.825,15960,8
71,96,0.575,4.825,16130,6
72,96,0.625,4.825,59873,1
73,96,0.675,4.825,28572,3
74,96,0.725,4.825,13945,5
75,96,0.775,4.825,57433,2
76,96,0.825,4.825,3979,5
77,96,0.875,4.825,3542,5
78,96,0.925,4.825,57013,4
79,96,0.975,4.825,13884,8
80,96,1.025,4.825,14296,7
81,96,1.075,4.825,15287,4
82,96,1.125,4.825,5966,5
83,96,1.175,4.825,8240,5
84,96,1.225,4.825,3719,6
85,96,1.275,4.825,6684,9
86,96,1.325,4.825,15759,3
87,96,1.375,4.825,8462,2
88,96,1.425,4.825,-1,0
89,96,1.475,4.825,-1,0
90,96,1.525,4.825,-1,0
91,96,1.575,4.825,5523,18
92,96,1.625,4.825,14975,11
93,96,1.675,4.825,9099,13
94,96,1.725,4.825,8287,13
95,96,1.775,4.825,2283,18
96,96,1.825,4.825,7394,11
97,96,1.875,4.825,1589,15
98,96,1.925,4.825,6262,18
99,96,1.975,4.825,7869,21
100,96,2.025,4.825,-1,0
101,96,2.075,4.825,-1,0
102,96,2.125,4.825,-1,0
103,96,2.175,4.825,-1,0
104,96,2.225,4.825,-1,0
105,96,2.275,4.825,-1,0
106,96,2.325,4.825,-1,0
107,96,2.375,4.825,-1,0
108,96,2.425,4.825,-1,0
109,96,2.475,4.825,-1,0
110,96,2.525,4.825,-1,0
111,96,2.575,4.825,-1,0
112,96,2.625,4.825,-1,0
113,96,2.675,4.825,-1,0
114,96,2.725,4.825,-1,0
115,96,2.775,4.825,-1,0
116,96,2.825,4.825,-1,0
117,96,2.875,4.825,-1,0
118,96,2.925,4.825,-1,0
119,96,2.975,4.825,-1,0
0,97,-2.975,4.875,-1,0
1,97,-2.925,4.875,-1,0
2,97,-2.875,4.875,-1,0
3,97,-2.825,4.875,-1,0
4,97,-2.775,4.875,-1,0
5,97,-2.725,4.875,-1,0
6,97,-2.675,4.875,-1,0
7,97,-2.625,4.875,-1,0
8,97,-2.575,4.875,-1,0
9,97,-2.525,4.875,-1,0
10,97,-2.475,4.875,-1,0
11,97,-2.425,4.875,-1,0
12,97,-2.375,4.875,-1,0
13,97,-2.325,4.875,-1,0
14,97,-2.275,4.875,-1,0
15,97,-2.225,4.875,-1,0
16,97,-2.175,4.875,-1,0
17,97,-2.125,4.875,-1,0
18,97,-2.075,4.875,-1,0
19,97,-2.025,4.875,-1,0
20,97,-1.975,4.875,-1,0
21,97,-1.925,4.875,-1,0
22,97,-1.875,4.875,-1,0
23,97,-1.825,4.875,-1,0
24,97,-1.775,4.875,-1,0
25,97,-1.725,4.875,-1,0
26,97,-1.675,4.875,142,17
27,97,-1.625,4.875,2573,13
28,97,-1.575,4.875,1601,13
29,97,-1.525,4.875,13439,5
30,97,-1.475,4.875,11032,9
31,97,-1.425,4.875,13159,8
32,97,-1.375,4.875,87,16
33,97,-1.325,4.875,2863,9
34,97,-1.275,4.875,5922,24
35,97,-1.225,4.875,-1,0
36,97,-1.175,4.875,-1,0
37,97,-1.125,4.875,-1,0
38,97,-1.075,4.875,-1,0
39,97,-1.025,4.875,-1,0
40,97,-0.975,4.875,31667,1
41,97,-0.925,4.875,697,6
42,97,-0.875,4.875,15721,4
43,97,-0.825,4.875,11002,6
44,97,-0.775,4.875,23508,4
45,97,-0.725,4.875,187,1
46,97,-0.675,4.875,22984,2
47,97,-0.625,4.875,5672,2
48,97,-0.575,4.875,6810,2
49,97,-0.525,4.875,184,6
50,97,-0.475,4.875,-1,0
51,97,-0.425,4.875,21682,3
52,97,-0.375,4.875,11853,3
53,97,-0.325,4.875,35984,4
54,97,-0.275,4.875,21530,3
55,97,-0.225,4.875,28688,4
56,97,-0.175,4.875,15615,7
57,97,-0.125,4.875,8616,6
58,97,-0.075,4.875,16557,5
59,97,-0.025,4.875,72061,2
60,97,0.025,4.875,670,11
61,97,0.075,4.875,22135,3
62,97,0.125,4.875,12000,8
63,97,0.175,4.875,-1,0
64,97,0.225,4.875,-1,0
65,97,0.275,4.875,6874,26
66,97,0.325,4.875,-1,0
67,97,0.375,4.875,34750,7
68,97,0.425,4.875,4552,5
69,97,0.475,4.875,43275,3
70,97,0.525,4.875,19433,5
71,97,0.575,4.875,6121,8
72,97,0.625,4.875,2973,6
73,97,0.675,4.875,22569,5
74,97,0.725,4.875,2485,4
75,97,0.775,4.875,3360,5
76,97,0.825,4.875,6949,2
77,97,0.875,4.875,10186,4
78,97,0.925,4.875,15229,12
79,97,0.975,4.875,2617,6
80,97,1.025,4.875,-1,0
81,97,1.075,4.875,23175,3
82,97,1.125,4.875,3764,3
83,97,1.175,4.875,14005,9
84,97,1.225,4.875,35806,1
85,97,1.275,4.875,10400,7
86,97,1.325,4.875,26588,4
87,97,1.375,4.875,5087,7
88,97,1.425,4.875,15707,4
89,97,1.475,4.875,-1,0
90,97,1.525,4.875,-1,0
91,97,1.575,4.875,-1,0
92,97,1.625,4.875,12467,3
93,97,1.675,4.875,6850,21
94,97,1.725,4.875,4257,30
95,97,1.775,4.875,2626,11
96,97,1.825,4.875,1555,11
97,97,1.875,4.875,1331,10
98,97,1.925,4.875,1859,19
99,97,1.975,4.875,1170,15
100,97,2.025,4.875,-1,0
101,97,2.075,4.875,-1,0
102,97,2.125,4.875,-1,0
103,97,2.175,4.875,-1,0
104,97,2.225,4.875,-1,0
105,97,2.275,4.875,-1,0
106,97,2.325,4.875,-1,0
107,97,2.375,4.875,-1,0
108,97,2.425,4.875,-1,0
109,97,2.475,4.875,-1,0
110,97,2.525,4.875,-1,0
111,97,2.575,4.875,-1,0
112,97,2.625,4.875,-1,0
113,97,2.675,4.875,-1,0
114,97,2.725,4.875,-1,0
115,97,2.775,4.875,-1,0
116,97,2.825,4.875,-1,0
117,97,2.875,4.875,-1,0
118,97,2.925,4.875,-1,0
119,97,2.975,4.875,-1,0
0,98,-2.975,4.925,-1,0
1,98,-2.925,4.925,-1,0
2,98,-2.875,4.925,-1,0
3,98,-2.825,4.925,-1,0
4,98,-2.775,4.925,-1,0
5,98,-2.725,4.925,-1,0
6,98,-2.675,4.925,-1,0
7,98,-2.625,4.925,-1,0
8,98,-2.575,4.925,-1,0
9,98,-2.525,4.925,-1,0
10,98,-2.475,4.925,-1,0
11,98,-2.425,4.925,-1,0
12,98,-2.375,4.925,-1,0
13,98,-2.325,4.925,-1,0
14,98,-2.275,4.925,-1,0
15,98,-2.225,4.925,-1,0
16,98,-2.175,4.925,-1,0
17,98,-2.125,4.925,-1,0
18,98,-2.075,4.925,-1,0
19,98,-2.025,4.925,-1,0
20,98,-1.975,4.925,-1,0
21,98,-1.925,4.925,-1,0
22,98,-1.875,4.925,-1,0
23,98,-1.825,4.925,-1,0
24,98,-1.775,4.925,-1,0
25,98,-1.725,4.925,-1,0
26,98,-1.675,4.925,4699,10
27,98,-1.625,4.925,1159,21
28,98,-1.575,4.925,5306,9
29,98,-1.525,4.925,3000,15
30,98,-1.475,4.925,4178,7
31,98,-1.425,4.925,796,11
32,98,-1.375,4.925,3323,12
33,98,-1.325,4.925,4163,13
34,98,-1.275,4.925,-1,0
35,98,-1.225,4.925,-1,0
36,98,-1.175,4.925,-1,0
37,98,-1.125,4.925,-1,0
38,98,-1.075,4.925,-1,0
39,98,-1.025,4.925,63453,1
40,98,-0.975,4.925,28121,14
41,98,-0.925,4.925,10716,10
42,98,-0.875,4.925,3715,11
43,98,-0.825,4.925,1695,5
44,98,-0.775,4.925,1772,8
45,98,-0.725,4.925,3648,2
46,98,-0.675,4.925,13518,2
47,98,-0.625,4.925,31152,2
48,98,-0.575,4.925,16708,9
49,98,-0.525,4.925,45193,3
50,98,-0.475,4.925,23566,6
51,98,-0.425,4.925,64439,1
52,98,-0.375,4.925,3645,9
53,98,-0.325,4.925,11511,2
54,98,-0.275,4.925,62634,2
55,98,-0.225,4.925,2338,7
56,98,-0.175,4.925,13356,6
57,98,-0.125,4.925,8123,5
58,98,-0.075,4.925,32366,5
59,98,-0.025,4.925,56988,1
60,98,0.025,4.925,1497,7
61,98,0.075,4.925,783,11
62,98,0.125,4.925,-1,0
63,98,0.175,4.925,-1,0
64,98,0.225,4.925,-1,0
65,98,0.275,4.925,1321,36
66,98,0.325,4.925,-1,0
67,98,0.375,4.925,24844,2
68,98,0.425,4.925,3796,4
69,98,0.475,4.925,11283,3
70,98,0.525,4.925,279,5
71,98,0.575,4.925,1829,4
72,98,0.625,4.925,2319,7
73,98,0.675,4.925,81462,1
74,98,0.725,4.925,20658,5
75,98,0.775,4.925,52150,4
76,98,0.825,4.925,23897,3
77,98,0.875,4.925,34805,1
78,98,0.925,4.925,59692,5
79,98,0.975,4.925,4959,7
80,98,1.025,4.925,3552,4
81,98,1.075,4.925,237,5
82,98,1.125,4.925,56349,3
83,98,1.175,4.925,268,9
84,98,1.225,4.925,7117,5
85,98,1.275,4.925,1845,2
86,98,1.325,4.925,1458,14
87,98,1.375,4.925,2880,15
88,98,1.425,4.925,3005,18
89,98,1.475,4.925,4248,16
90,98,1.525,4.925,-1,0
91,98,1.575,4.925,-1,0
92,98,1.625,4.925,-1,0
93,98,1.675,4.925,-1,0
94,98,1.725,4.925,2156,15
95,98,1.775,4.925,2263,20
96,98,1.825,4.925,4632,18
97,98,1.875,4.925,6735,15
98,98,1.925,4.925,8864,16
99,98,1.975,4.925,7186,15
100,98,2.025,4.925,5948,6
101,98,2.075,4.925,-1,0
102,98,2.125,4.925,-1,0
103,98,2.175,4.925,-1,0
104,98,2.225,4.925,-1,0
105,98,2.275,4.925,-1,0
106,98,2.325,4.925,-1,0
107,98,2.375,4.925,-1,0
108,98,2.425,4.925,-1,0
109,98,2.475,4.925,-1,0
110,98,2.525,4.925,-1,0
111,98,2.575,4.925,-1,0
112,98,2.625,4.925,-1,0
113,98,2.675,4.925,-1,0
114,98,2.725,4.925,-1,0
115,98,2.775,4.925,-1,0
116,98,2.825,4.925,-1,0
117,98,2.875,4.925,-1,0
118,98,2.925,4.925,-1,0
119,98,2.975,4.925,-1,0
0,99,-2.975,4.975,-1,0
1,99,-2.925,4.975,-1,0
2,99,-2.875,4.975,-1,0
3,99,-2.825,4.975,-1,0
4,99,-2.775,4.975,-1,0
5,99,-2.725,4.975,-1,0
6,99,-2.675,4.975,-1,0
7,99,-2.625,4.975,-1,0
8,99,-2.575,4.975,-1,0
9,99,-2.525,4.975,-1,0
10,99,-2.475,4.975,-1,0
11,99,-2.425,4.975,-1,0
12,99,-2.375,4.975,-1,0
13,99,-2.325,4.975,-1,0
14,99,-2.275,4.975,-1,0
15,99,-2.225,4.975,-1,0
16,99,-2.175,4.975,-1,0
17,99,-2.125,4.975,-1,0
18,99,-2.075,4.975,-1,0
19,99,-2.025,4.975,-1,0
20,99,-1.975,4.975,-1,0
21,99,-1.925,4.975,-1,0
22,99,-1.875,4.975,-1,0
23,99,-1.825,4.975,-1,0
24,99,-1.775,4.975,-1,0
25,99,-1.725,4.975,-1,0
26,99,-1.675,4.975,8347,21
27,99,-1.625,4.975,5606,12
28,99,-1.575,4.975,9871,5
29,99,-1.525,4.975,3129,12
30,99,-1.475,4.975,15048,17
31,99,-1.425,4.975,3672,21
32,99,-1.375,4.975,17864,14
33,99,-1.325,4.975,7615,5
34,99,-1.275,4.975,-1,0
35,99,-1.225,4.975,-1,0
36,99,-1.175,4.975,-1,0
37,99,-1.125,4.975,-1,0
38,99,-1.075,4.975,17526,5
39,99,-1.025,4.975,16573,10
40,99,-0.975,4.975,7726,9
41,99,-0.925,4.975,829,15
42,99,-0.875,4.975,8801,10
43,99,-0.825,4.975,4379,9
44,99,-0.775,4.975,52477,5
45,99,-0.725,4.975,2927,7
46,99,-0.675,4.975,5897,4
47,99,-0.625,4.975,4356,3
48,99,-0.575,4.975,25393,7
49,99,-0.525,4.975,1769,3
50,99,-0.475,4.975,28495,1
51,99,-0.425,4.975,35687,3
52,99,-0.375,4.975,17145,2
53,99,-0.325,4.975,54266,4
54,99,-0.275,4.975,10641,5
55,99,-0.225,4.975,16875,4
56,99,-0.175,4.975,23823,10
57,99,-0.125,4.975,542,8
58,99,-0.075,4.975,5297,2
59,99,-0.025,4.975,9495,8
60,99,0.025,4.975,5894,14
61,99,0.075,4.975,2075,3
62,99,0.125,4.975,-1,0
63,99,0.175,4.975,-1,0
64,99,0.225,4.975,-1,0
65,99,0.275,4.975,1269,35
66,99,0.325,4.975,-1,0
67,99,0.375,4.975,-1,0
68,99,0.425,4.975,7373,3
69,99,0.475,4.975,55556,3
70,99,0.525,4.975,22328,3
71,99,0.575,4.975,22915,6
72,99,0.625,4.975,8782,4
73,99,0.675,4.975,11163,7
74,99,0.725,4.975,17136,5
75,99,0.775,4.975,27559,10
76,99,0.825,4.975,16229,5
77,99,0.875,4.975,32014,2
78,99,0.925,4.975,-1,0
79,99,0.975,4.975,52489,2
80,99,1.025,4.975,4854,10
81,99,1.075,4.975,35705,8
82,99,1.125,4.975,22882,5
83,99,1.175,4.975,33840,6
84,99,1.225,4.975,3995,6
85,99,1.275,4.975,3629,12
86,99,1.325,4.975,7135,8
87,99,1.375,4.975,17713,5
88,99,1.425,4.975,31716,4
89,99,1.475,4.975,-1,0
90,99,1.525,4.975,-1,0
91,99,1.575,4.975,-1,0
92,99,1.625,4.975,-1,0
93,99,1.675,4.975,-1,0
94,99,1.725,4.975,-1,0
95,99,1.775,4.975,577,15
96,99,1.825,4.975,5877,23
97,99,1.875,4.975,5555,11
98,99,1.925,4.975,7964,16
99,99,1.975,4.975,5354,22
100,99,2.025,4.975,2048,15
101,99,2.075,4.975,-1,0
102,99,2.125,4.975,-1,0
103,99,2.175,4.975,-1,0
104,99,2.225,4.975,-1,0
105,99,2.275,4.975,-1,0
106,99,2.325,4.975,-1,0
107,99,2.375,4.975,-1,0
108,99,2.425,4.975,-1,0
109,99,2.475,4.975,-1,0
110,99,2.525,4.975,-1,0
111,99,2.575,4.975,-1,0
112,99,2.625,4.975,-1,0
113,99,2.675,4.975,-1,0
114,99,2.725,4.975,-1,0
115,99,2.775,4.975,-1,0
116,99,2.825,4.975,-1,0
117,99,2.875,4.975,-1,0
118,99,2.925,4.975,-1,0
119,99,2.975,4.975,-1,0
0,100,-2.975,5.025,-1,0
1,100,-2.925,5.025,-1,0
2,100,-2.875,5.025,-1,0
3,100,-2.825,5.025,-1,0
4,100,-2.775,5.025,-1,0
5,100,-2.725,5.025,-1,0
6,100,-2.675,5.025,-1,0
7,100,-2.625,5.025,-1,0
8,100,-2.575,5.025,-1,0
9,100,-2.525,5.025,-1,0
10,100,-2.475,5.025,-1,0
11,100,-2.425,5.025,-1,0
12,100,-2.375,5.025,-1,0
13,100,-2.325,5.025,-1,0
14,100,-2.275,5.025,-1,0
15,100,-2.225,5.025,-1,0
16,100,-2.175,5.025,-1,0
17,100,-2.125,5.025,-1,0
18,100,-2.075,5.025,-1,0
19,100,-2.025,5.025,-1,0
20,100,-1.975,5.025,-1,0
21,100,-1.925,5.025,-1,0
22,100,-1.875,5.025,-1,0
23,100,-1.825,5.025,-1,0
24,100,-1.775,5.025,-1,0
25,100,-1.725,5.025,-1,0
26,100,-1.675,5.025,5439,19
27,100,-1.625,5.025,3659,12
28,100,-1.575,5.025,10763,9
29,100,-1.525,5.025,15423,13
30,100,-1.475,5.025,9109,18
31,100,-1.425,5.025,405,21
32,100,-1.375,5.025,28475,3
33,100,-1.325,5.025,-1,0
34,100,-1.275,5.025,-1,0
35,100,-1.225,5.025,-1,0
36,100,-1.175,5.025,-1,0
37,100,-1.125,5.025,-1,0
38,100,-1.075,5.025,5280,25
39,100,-1.025,5.025,24439,3
40,100,-0.975,5.025,16781,1
41,100,-0.925,5.025,19842,8
42,100,-0.875,5.025,1671,3
43,100,-0.825,5.025,2822,9
44,100,-0.775,5.025,1221,4
45,100,-0.725,5.025,83589,1
46,100,-0.675,5.025,-1,0
47,100,-0.625,5.025,250,12
48,100,-0.575,5.025,16245,3
49,100,-0.525,5.025,30225,4
50,100,-0.475,5.025,24778,2
51,100,-0.425,5.025,47086,7
52,100,-0.375,5.025,21948,5
53,100,-0.325,5.025,15728,3
54,100,-0.275,5.025,25826,5
55,100,-0.225,5.025,17808,7
56,100,-0.175,5.025,19942,10
57,100,-0.125,5.025,8563,10
58,100,-0.075,5.025,-1,0
59,100,-0.025,5.025,49,7
60,100,0.025,5.025,4737,20
61,100,0.075,5.025,-1,0
62,100,0.125,5.025,-1,0
63,100,0.175,5.025,-1,0
64,100,0.225,5.025,-1,0
65,100,0.275,5.025,21203,3
66,100,0.325,5.025,2019,40
67,100,0.375,5.025,-1,0
68,100,0.425,5.025,-1,0
69,100,0.475,5.025,50135,1
70,100,0.525,5.025,3707,13
71,100,0.575,5.025,18090,6
72,100,0.625,5.025,7038,5
73,100,0.675,5.025,45321,3
74,100,0.725,5.025,51293,4
75,100,0.775,5.025,6103,7
76,100,0.825,5.025,4575,5
77,100,0.875,5.025,13899,4
78,100,0.925,5.025,33922,5
79,100,0.975,5.025,42847,5
80,100,1.025,5.025,4622,1
81,100,1.075,5.025,17682,3
82,100,1.125,5.025,10198,10
83,100,1.175,5.025,-1,0
84,100,1.225,5.025,74470,1
85,100,1.275,5.025,25695,3
86,100,1.325,5.025,29080,1
87,100,1.375,5.025,16253,5
88,100,1.425,5.025,20753,9
89,100,1.475,5.025,210,9
90,100,1.525,5.025,16438,6
91,100,1.575,5.025,-1,0
92,100,1.625,5.025,-1,0
93,100,1.675,5.025,-1,0
94,100,1.725,5.025,-1,0
95,100,1.775,5.025,-1,0
96,100,1.825,5.025,3161,16
97,100,1.875,5.025,1957,23
98,100,1.925,5.025,2985,27
99,100,1.975,5.025,1822,21
100,100,2.025,5.025,567,20
101,100,2.075,5.025,-1,0
102,100,2.125,5.025,-1,0
103,100,2.175,5.025,-1,0
104,100,2.225,5.025,-1,0
105,100,2.275,5.025,-1,0
106,100,2.325,5.025,-1,0
107,100,2.375,5.025,-1,0
108,100,2.425,5.025,-1,0
109,100,2.475,5.025,-1,0
110,100,2.525,5.025,-1,0
111,100,2.575,5.025,-1,0
112,100,2.625,5.025,-1,0
113,100,2.675,5.025,-1,0
114,100,2.725,5.025,-1,0
115,100,2.775,5.025,-1,0
116,100,2.825,5.025,-1,0
117,100,2.875,5.025,-1,0
118,100,2.925,5.025,-1,0
119,100,2.975,5.025,-1,0
0,101,-2.975,5.075,-1,0
1,101,-2.925,5.075,-1,0
2,101,-2.875,5.075,-1,0
3,101,-2.825,5.075,-1,0
4,101,-2.775,5.075,-1,0
5,101,-2.725,5.075,-1,0
6,101,-2.675,5.075,-1,0
7,101,-2.625,5.075,-1,0
8,101,-2.575,5.075,-1,0
9,101,-2.525,5.075,-1,0
10,101,-2.475,5.075,-1,0
11,101,-2.425,5.075,-1,0
12,101,-2.375,5.075,-1,0
13,101,-2.325,5.075,-1,0
14,101,-2.275,5.075,-1,0
15,101,-2.225,5.075,-1,0
16,101,-2.175,5.075,-1,0
17,101,-2.125,5.075,-1,0
18,101,-2.075,5.075,-1,0
19,101,-2.025,5.075,-1,0
20,101,-1.975,5.075,-1,0
21,101,-1.925,5.075,-1,0
22,101,-1.875,5.075,-1,0
23,101,-1.825,5.075,-1,0
24,101,-1.775,5.075,-1,0
25,101,-1.725,5.075,-1,0
26,101,-1.675,5.075,5651,14
27,101,-1.625,5.075,3922,20
28,101,-1.575,5.075,27258,10
29,101,-1.525,5.075,8770,17
30,101,-1.475,5.075,2738,18
31,101,-1.425,5.075,9056,16
32,101,-1.375,5.075,-1,0
33,101,-1.325,5.075,-1,0
34,101,-1.275,5.075,-1,0
35,101,-1.225,5.075,-1,0
36,101,-1.175,5.075,-1,0
37,101,-1.125,5.075,-1,0
38,101,-1.075,5.075,-1,0
39,101,-1.025,5.075,4546,2
40,101,-0.975,5.075,3564,10
41,101,-0.925,5.075,6680,10
42,101,-0.875,5.075,76841,2
43,101,-0.825,5.075,10999,3
44,101,-0.775,5.075,9142,7
45,101,-0.725,5.075,7175,5
46,101,-0.675,5.075,64696,2
47,101,-0.625,5.075,2022,1
48,101,-0.575,5.075,22572,4
49,101,-0.525,5.075,28575,5
50,101,-0.475,5.075,6672,3
51,101,-0.425,5.075,14929,9
52,101,-0.375,5.075,5012,4
53,101,-0.325,5.075,677,13
54,101,-0.275,5.075,10856,5
55,101,-0.225,5.075,39453,4
56,101,-0.175,5.075,18367,3
57,101,-0.125,5.075,2924,4
58,101,-0.075,5.075,-1,0
59,101,-0.025,5.075,443,32
60,101,0.025,5.075,65852,4
61,101,0.075,5.075,-1,0
62,101,0.125,5.075,-1,0
63,101,0.175,5.075,-1,0
64,101,0.225,5.075,-1,0
65,101,0.275,5.075,-1,0
66,101,0.325,5.075,1137,37
67,101,0.375,5.075,-1,0
68,101,0.425,5.075,-1,0
69,101,0.475,5.075,-1,0
70,101,0.525,5.075,14719,8
71,101,0.575,5.075,8081,8
72,101,0.625,5.075,2957,5
73,101,0.675,5.075,3090,3
74,101,0.725,5.075,18883,6
75,101,0.775,5.075,3338,10
76,101,0.825,5.075,15413,10
77,101,0.875,5.075,46975,5
78,101,0.925,5.075,20598,2
79,101,0.975,5.075,7301,8
80,101,1.025,5.075,9526,6
81,101,1.075,5.075,18518,4
82,101,1.125,5.075,8085,4
83,101,1.175,5.075,22870,6
84,101,1.225,5.075,4303,9
85,101,1.275,5.075,21549,3
86,101,1.325,5.075,33286,4
87,101,1.375,5.075,5017,7
88,101,1.425,5.075,6933,8
89,101,1.475,5.075,2496,11
90,101,1.525,5.075,2869,18
91,101,1.575,5.075,898,21
92,101,1.625,5.075,-1,0
93,101,1.675,5.075,-1,0
94,101,1.725,5.075,-1,0
95,101,1.775,5.075,-1,0
96,101,1.825,5.075,-1,0
97,101,1.875,5.075,529,22
98,101,1.925,5.075,4792,28
99,101,1.975,5.075,2147,19
100,101,2.025,5.075,3446,25
101,101,2.075,5.075,-1,0
102,101,2.125,5.075,-1,0
103,101,2.175,5.075,-1,0
104,101,2.225,5.075,-1,0
105,101,2.275,5.075,-1,0
106,101,2.325,5.075,-1,0
107,101,2.375,5.075,-1,0
108,101,2.425,5.075,-1,0
109,101,2.475,5.075,-1,0
110,101,2.525,5.075,-1,0
111,101,2.575,5.075,-1,0
112,101,2.625,5.075,-1,0
113,101,2.675,5.075,-1,0
114,101,2.725,5.075,-1,0
115,101,2.775,5.075,-1,0
116,101,2.825,5.075,-1,0
117,101,2.875,5.075,-1,0
118,101,2.925,5.075,-1,0
119,101,2.975,5.075,-1,0
0,102,-2.975,5.125,-1,0
1,102,-2.925,5.125,-1,0
2,102,-2.875,5.125,-1,0
3,102,-2.825,5.125,-1,0
4,102,-2.775,5.125,-1,0
5,102,-2.725,5.125,-1,0
6,102,-2.675,5.125,-1,0
7,102,-2.625,5.125,-1,0
8,102,-2.575,5.125,-1,0
9,102,-2.525,5.125,-1,0
10,102,-2.475,5.125,-1,0
11,102,-2.425,5.125,-1,0
12,102,-2.375,5.125,-1,0
13,102,-2.325,5.125,-1,0
14,102,-2.275,5.125,-1,0
15,102,-2.225,5.125,-1,0
16,102,-2.175,5.125,-1,0
17,102,-2.125,5.125,-1,0
18,102,-2.075,5.125,-1,0
19,102,-2.025,5.125,-1,0
20,102,-1.975,5.125,-1,0
21,102,-1.925,5.125,-1,0
22,102,-1.875,5.125,-1,0
23,102,-1.825,5.125,-1,0
24,102,-1.775,5.125,-1,0
25,102,-1.725,5.125,-1,0
26,102,-1.675,5.125,7366,27
27,102,-1.625,5.125,593,26
28,102,-1.575,5.125,5710,18
29,102,-1.525,5.125,6137,22
30,102,-1.475,5.125,2594,26
31,102,-1.425,5.125,-1,0
32,102,-1.375,5.125,-1,0
33,102,-1.325,5.125,-1,0
34,102,-1.275,5.125,-1,0
35,102,-1.225,5.125,-1,0
36,102,-1.175,5.125,-1,0
37,102,-1.125,5.125,-1,0
38,102,-1.075,5.125,15491,6
39,102,-1.025,5.125,9596,11
40,102,-0.975,5.125,63397,1
41,102,-0.925,5.125,3560,8
42,102,-0.875,5.125,6676,4
43,102,-0.825,5.125,26304,3
44,102,-0.775,5.125,22754,4
45,102,-0.725,5.125,1241,8
46,102,-0.675,5.125,10895,9
47,102,-0.625,5.125,29740,3
48,102,-0.575,5.125,13902,4
49,102,-0.525,5.125,240,3
50,102,-0.475,5.125,27683,4
51,102,-0.425,5.125,4438,7
52,102,-0.375,5.125,1375,8
53,102,-0.325,5.125,12567,4
54,102,-0.275,5.125,50323,2
55,102,-0.225,5.125,12499,10
56,102,-0.175,5.125,55435,4
57,102,-0.125,5.125,-1,0
58,102,-0.075,5.125,-1,0
59,102,-0.025,5.125,-1,0
60,102,0.025,5.125,-1,0
61,102,0.075,5.125,-1,0
62,102,0.125,5.125,-1,0
63,102,0.175,5.125,-1,0
64,102,0.225,5.125,-1,0
65,102,0.275,5.125,75521,2
66,102,0.325,5.125,6189,5
67,102,0.375,5.125,-1,0
68,102,0.425,5.125,-1,0
69,102,0.475,5.125,-1,0
70,102,0.525,5.125,-1,0
71,102,0.575,5.125,16061,4
72,102,0.625,5.125,1488,11
73,102,0.675,5.125,2297,2
74,102,0.725,5.125,7941,7
75,102,0.775,5.125,1448,9
76,102,0.825,5.125,7715,7
77,102,0.875,5.125,6747,9
78,102,0.925,5.125,1181,8
79,102,0.975,5.125,2664,11
80,102,1.025,5.125,11682,8
81,102,1.075,5.125,20616,2
82,102,1.125,5.125,15039,8
83,102,1.175,5.125,31535,2
84,102,1.225,5.125,2475,11
85,102,1.275,5.125,121,10
86,102,1.325,5.125,448,5
87,102,1.375,5.125,3141,10
88,102,1.425,5.125,296,15
89,102,1.475,5.125,12636,5
90,102,1.525,5.125,20301,3
91,102,1.575,5.125,7807,7
92,102,1.625,5.125,-1,0
93,102,1.675,5.125,-1,0
94,102,1.725,5.125,-1,0
95,102,1.775,5.125,-1,0
96,102,1.825,5.125,-1,0
97,102,1.875,5.125,75054,1
98,102,1.925,5.125,654,21
99,102,1.975,5.125,2679,34
100,102,2.025,5.125,317,39
101,102,2.075,5.125,12153,3
102,102,2.125,5.125,-1,0
103,102,2.175,5.125,-1,0
104,102,2.225,5.125,-1,0
105,102,2.275,5.125,-1,0
106,102,2.325,5.125,-1,0
107,102,2.375,5.125,-1,0
108,102,2.425,5.125,-1,0
109,102,2.475,5.125,-1,0
110,102,2.525,5.125,-1,0
111,102,2.575,5.125,-1,0
112,102,2.625,5.125,-1,0
113,102,2.675,5.125,-1,0
114,102,2.725,5.125,-1,0
115,102,2.775,5.125,-1,0
116,102,2.825,5.125,-1,0
117,102,2.875,5.125,-1,0
118,102,2.925,5.125,-1,0
119,102,2.975,5.125,-1,0
0,103,-2.975,5.175,-1,0
1,103,-2.925,5.175,-1,0
2,103,-2.875,5.175,-1,0
3,103,-2.825,5.175,-1,0
4,103,-2.775,5.175,-1,0
5,103,-2.725,5.175,-1,0
6,103,-2.675,5.175,-1,0
7,103,-2.625,5.175,-1,0
8,103,-2.575,5.175,-1,0
9,103,-2.525,5.175,-1,0
10,103,-2.475,5.175,-1,0
11,103,-2.425,5.175,-1,0
12,103,-2.375,5.175,-1,0
13,103,-2.325,5.175,-1,0
14,103,-2.275,5.175,-1,0
15,103,-2.225,5.175,-1,0
16,103,-2.175,5.175,-1,0
17,103,-2.125,5.175,-1,0
18,103,-2.075,5.175,-1,0
19,103,-2.025,5.175,-1,0
20,103,-1.975,5.175,-1,0
21,103,-1.925,5.175,-1,0
22,103,-1.875,5.175,-1,0
23,103,-1.825,5.175,-1,0
24,103,-1.775,5.175,-1,0
25,103,-1.725,5.175,-1,0
26,103,-1.675,5.175,11327,24
27,103,-1.625,5.175,1907,23
28,103,-1.575,5.175,1297,29
29,103,-1.525,5.175,133,24
30,103,-1.475,5.175,53412,1
31,103,-1.425,5.175,-1,0
32,103,-1.375,5.175,-1,0
33,103,-1.325,5.175,-1,0
34,103,-1.275,5.175,-1,0
35,103,-1.225,5.175,-1,0
36,103,-1.175,5.175,-1,0
37,103,-1.125,5.175,694,10
38,103,-1.075,5.175,9888,9
39,103,-1.025,5.175,8010,9
40,103,-0.975,5.175,773,13
41,103,-0.925,5.175,27350,8
42,103,-0.875,5.175,979,10
43,103,-0.825,5.175,10396,6
44,103,-0.775,5.175,1388,8
45,103,-0.725,5.175,21650,8
46,103,-0.675,5.175,1692,7
47,103,-0.625,5.175,24185,2
48,103,-0.575,5.175,21821,5
49,103,-0.525,5.175,7304,5
50,103,-0.475,5.175,8842,6
51,103,-0.425,5.175,2416,5
52,103,-0.375,5.175,369,4
53,103,-0.325,5.175,8573,9
54,103,-0.275,5.175,29704,1
55,103,-0.225,5.175,27155,16
56,103,-0.175,5.175,3937,4
57,103,-0.125,5.175,-1,0
58,103,-0.075,5.175,-1,0
59,103,-0.025,5.175,-1,0
60,103,0.025,5.175,-1,0
61,103,0.075,5.175,-1,0
62,103,0.125,5.175,-1,0
63,103,0.175,5.175,-1,0
64,103,0.225,5.175,12064,12
65,103,0.275,5.175,45493,4
66,103,0.325,5.175,22261,4
67,103,0.375,5.175,-1,0
68,103,0.425,5.175,-1,0
69,103,0.475,5.175,-1,0
70,103,0.525,5.175,-1,0
71,103,0.575,5.175,-1,0
72,103,0.625,5.175,13599,6
73,103,0.675,5.175,6387,12
74,103,0.725,5.175,52462,1
75,103,0.775,5.175,14552,10
76,103,0.825,5.175,4404,6
77,103,0.875,5.175,3294,3
78,103,0.925,5.175,7910,6
79,103,0.975,5.175,5323,6
80,103,1.025,5.175,13039,7
81,103,1.075,5.175,24578,5
82,103,1.125,5.175,11686,6
83,103,1.175,5.175,8760,8
84,103,1.225,5.175,4329,5
85,103,1.275,5.175,707,11
86,103,1.325,5.175,15123,6
87,103,1.375,5.175,2947,4
88,103,1.425,5.175,15180,6
89,103,1.475,5.175,193,5
90,103,1.525,5.175,3315,6
91,103,1.575,5.175,2254,8
92,103,1.625,5.175,2728,5
93,103,1.675,5.175,-1,0
94,103,1.725,5.175,-1,0
95,103,1.775,5.175,-1,0
96,103,1.825,5.175,-1,0
97,103,1.875,5.175,-1,0
98,103,1.925,5.175,11664,3
99,103,1.975,5.175,722,49
100,103,2.025,5.175,1806,47
101,103,2.075,5.175,7260,19
102,103,2.125,5.175,-1,0
103,103,2.175,5.175,-1,0
104,103,2.225,5.175,-1,0
105,103,2.275,5.175,-1,0
106,103,2.325,5.175,-1,0
107,103,2.375,5.175,-1,0
108,103,2.425,5.175,-1,0
109,103,2.475,5.175,-1,0
110,103,2.525,5.175,-1,0
111,103,2.575,5.175,-1,0
112,103,2.625,5.175,-1,0
113,103,2.675,5.175,-1,0
114,103,2.725,5.175,-1,0
115,103,2.775,5.175,-1,0
116,103,2.825,5.175,-1,0
117,103,2.875,5.175,-1,0
118,103,2.925,5.175,-1,0
119,103,2.975,5.175,-1,0
0,104,-2.975,5.225,-1,0
1,104,-2.925,5.225,-1,0
2,104,-2.875,5.225,-1,0
3,104,-2.825,5.225,-1,0
4,104,-2.775,5.225,-1,0
5,104,-2.725,5.225,-1,0
6,104,-2.675,5.225,-1,0
7,104,-2.625,5.225,-1,0
8,104,-2.575,5.225,-1,0
9,104,-2.525,5.225,-1,0
10,104,-2.475,5.225,-1,0
11,104,-2.425,5.225,-1,0
12,104,-2.375,5.225,-1,0
13,104,-2.325,5.225,-1,0
14,104,-2.275,5.225,-1,0
15,104,-2.225,5.225,-1,0
16,104,-2.175,5.225,-1,0
17,104,-2.125,5.225,-1,0
18,104,-2.075,5.225,-1,0
19,104,-2.025,5.225,-1,0
20,104,-1.975,5.225,-1,0
21,104,-1.925,5.225,-1,0
22,104,-1.875,5.225,-1,0
23,104,-1.825,5.225,-1,0
24,104,-1.775,5.225,-1,0
25,104,-1.725,5.225,-1,0
26,104,-1.675,5.225,5937,32
27,104,-1.625,5.225,63,33
28,104,-1.575,5.225,1881,30
29,104,-1.525,5.225,1211,20
30,104,-1.475,5.225,-1,0
31,104,-1.425,5.225,-1,0
32,104,-1.375,5.225,-1,0
33,104,-1.325,5.225,-1,0
34,104,-1.275,5.225,-1,0
35,104,-1.225,5.225,-1,0
36,104,-1.175,5.225,-1,0
37,104,-1.125,5.225,6252,24
38,104,-1.075,5.225,12169,2
39,104,-1.025,5.225,19313,10
40,104,-0.975,5.225,28007,2
41,104,-0.925,5.225,86427,1
42,104,-0.875,5.225,40185,7
43,104,-0.825,5.225,67220,1
44,104,-0.775,5.225,1273,12
45,104,-0.725,5.225,4271,5
46,104,-0.675,5.225,3364,2
47,104,-0.625,5.225,6586,8
48,104,-0.575,5.225,17661,12
49,104,-0.525,5.225,880,9
50,104,-0.475,5.225,451,10
51,104,-0.425,5.225,26432,5
52,104,-0.375,5.225,2629,20
53,104,-0.325,5.225,6449,7
54,104,-0.275,5.225,975,2
55,104,-0.225,5.225,16383,16
56,104,-0.175,5.225,22529,3
57,104,-0.125,5.225,27864,2
58,104,-0.075,5.225,17583,1
59,104,-0.025,5.225,-1,0
60,104,0.025,5.225,-1,0
61,104,0.075,5.225,-1,0
62,104,0.125,5.225,-1,0
63,104,0.175,5.225,16648,6
64,104,0.225,5.225,3120,3
65,104,0.275,5.225,16027,1
66,104,0.325,5.225,4101,10
67,104,0.375,5.225,-1,0
68,104,0.425,5.225,-1,0
69,104,0.475,5.225,-1,0
70,104,0.525,5.225,-1,0
71,104,0.575,5.225,-1,0
72,104,0.625,5.225,-1,0
73,104,0.675,5.225,4757,11
74,104,0.725,5.225,7486,13
75,104,0.775,5.225,57302,1
76,104,0.825,5.225,19221,11
77,104,0.875,5.225,21942,11
78,104,0.925,5.225,74,5
79,104,0.975,5.225,14110,9
80,104,1.025,5.225,16122,8
81,104,1.075,5.225,15561,5
82,104,1.125,5.225,11732,6
83,104,1.175,5.225,607,17
84,104,1.225,5.225,13950,8
85,104,1.275,5.225,3343,7
86,104,1.325,5.225,-1,0
87,104,1.375,5.225,877,10
88,104,1.425,5.225,1514,5
89,104,1.475,5.225,12505,11
90,104,1.525,5.225,35,12
91,104,1.575,5.225,26,10
92,104,1.625,5.225,5337,15
93,104,1.675,5.225,1888,20
94,104,1.725,5.225,-1,0
95,104,1.775,5.225,-1,0
96,104,1.825,5.225,-1,0
97,104,1.875,5.225,-1,0
98,104,1.925,5.225,-1,0
99,104,1.975,5.225,14663,13
100,104,2.025,5.225,15,77
101,104,2.075,5.225,7607,25
102,104,2.125,5.225,-1,0
103,104,2.175,5.225,-1,0
104,104,2.225,5.225,-1,0
105,104,2.275,5.225,-1,0
106,104,2.325,5.225,-1,0
107,104,2.375,5.225,-1,0
108,104,2.425,5.225,-1,0
109,104,2.475,5.225,-1,0
110,104,2.525,5.225,-1,0
111,104,2.575,5.225,-1,0
112,104,2.625,5.225,-1,0
113,104,2.675,5.225,-1,0
114,104,2.725,5.225,-1,0
115,104,2.775,5.225,-1,0
116,104,2.825,5.225,-1,0
117,104,2.875,5.225,-1,0
118,104,2.925,5.225,-1,0
119,104,2.975,5.225,-1,0
0,105,-2.975,5.275,-1,0
1,105,-2.925,5.275,-1,0
2,105,-2.875,5.275,-1,0
3,105,-2.825,5.275,-1,0
4,105,-2.775,5.275,-1,0
5,105,-2.725,5.275,-1,0
6,105,-2.675,5.275,-1,0
7,105,-2.625,5.275,-1,0
8,105,-2.575,5.275,-1,0
9,105,-2.525,5.275,-1,0
10,105,-2.475,5.275,-1,0
11,105,-2.425,5.275,-1,0
12,105,-2.375,5.275,-1,0
13,105,-2.325,5.275,-1,0
14,105,-2.275,5.275,-1,0
15,105,-2.225,5.275,-1,0
16,105,-2.175,5.275,-1,0
17,105,-2.125,5.275,-1,0
18,105,-2.075,5.275,-1,0
19,105,-2.025,5.275,-1,0
20,105,-1.975,5.275,-1,0
21,105,-1.925,5.275,-1,0
22,105,-1.875,5.275,-1,0
23,105,-1.825,5.275,-1,0
24,105,-1.775,5.275,-1,0
25,105,-1.725,5.275,-1,0
26,105,-1.675,5.275,1047,22
27,105,-1.625,5.275,2644,40
28,105,-1.575,5.275,1572,61
29,105,-1.525,5.275,-1,0
30,105,-1.475,5.275,-1,0
31,105,-1.425,5.275,-1,0
32,105,-1.375,5.275,-1,0
33,105,-1.325,5.275,-1,0
34,105,-1.275,5.275,-1,0
35,105,-1.225,5.275,-1,0
36,105,-1.175,5.275,-1,0
37,105,-1.125,5.275,71606,2
38,105,-1.075,5.275,46393,5
39,105,-1.025,5.275,14774,5
40,105,-0.975,5.275,25398,5
41,105,-0.925,5.275,21535,7
42,105,-0.875,5.275,10798,10
43,105,-0.825,5.275,3058,4
44,105,-0.775,5.275,46968,2
45,105,-0.725,5.275,7945,5
46,105,-0.675,5.275,45416,3
47,105,-0.625,5.275,3556,7
48,105,-0.575,5.275,14628,9
49,105,-0.525,5.275,20336,4
50,105,-0.475,5.275,29,6
51,105,-0.425,5.275,31108,2
52,105,-0.375,5.275,1173,12
53,105,-0.325,5.275,15671,7
54,105,-0.275,5.275,3601,4
55,105,-0.225,5.275,28090,6
56,105,-0.175,5.275,1218,2
57,105,-0.125,5.275,3804,5
58,105,-0.075,5.275,84416,1
59,105,-0.025,5.275,72902,1
60,105,0.025,5.275,-1,0
61,105,0.075,5.275,-1,0
62,105,0.125,5.275,19975,6
63,105,0.175,5.275,29678,5
64,105,0.225,5.275,415,4
65,105,0.275,5.275,-1,0
66,105,0.325,5.275,459,17
67,105,0.375,5.275,10154,5
68,105,0.425,5.275,-1,0
69,105,0.475,5.275,-1,0
70,105,0.525,5.275,-1,0
71,105,0.575,5.275,-1,0
72,105,0.625,5.275,-1,0
73,105,0.675,5.275,-1,0
74,105,0.725,5.275,15610,3
75,105,0.775,5.275,16620,4
76,105,0.825,5.275,-1,0
77,105,0.875,5.275,995,19
78,105,0.925,5.275,48879,4
79,105,0.975,5.275,3751,8
80,105,1.025,5.275,1335,11
81,105,1.075,5.275,7811,5
82,105,1.125,5.275,1518,10
83,105,1.175,5.275,20136,5
84,105,1.225,5.275,273,6
85,105,1.275,5.275,22042,3
86,105,1.325,5.275,63984,4
87,105,1.375,5.275,20314,4
88,105,1.425,5.275,6880,11
89,105,1.475,5.275,28096,1
90,105,1.525,5.275,60139,2
91,105,1.575,5.275,12487,6
92,105,1.625,5.275,49267,5
93,105,1.675,5.275,76702,2
94,105,1.725,5.275,-1,0
95,105,1.775,5.275,-1,0
96,105,1.825,5.275,-1,0
97,105,1.875,5.275,-1,0
98,105,1.925,5.275,-1,0
99,105,1.975,5.275,-1,0
100,105,2.025,5.275,859,81
101,105,2.075,5.275,111,21
102,105,2.125,5.275,-1,0
103,105,2.175,5.275,-1,0
104,105,2.225,5.275,-1,0
105,105,2.275,5.275,-1,0
106,105,2.325,5.275,-1,0
107,105,2.375,5.275,-1,0
108,105,2.425,5.275,-1,0
109,105,2.475,5.275,-1,0
110,105,2.525,5.275,-1,0
111,105,2.575,5.275,-1,0
112,105,2.625,5.275,-1,0
113,105,2.675,5.275,-1,0
114,105,2.725,5.275,-1,0
115,105,2.775,5.275,-1,0
116,105,2.825,5.275,-1,0
117,105,2.875,5.275,-1,0
118,105,2.925,5.275,-1,0
119,105,2.975,5.275,-1,0
0,106,-2.975,5.325,-1,0
1,106,-2.925,5.325,-1,0
2,106,-2.875,5.325,-1,0
3,106,-2.825,5.325,-1,0
4,106,-2.775,5.325,-1,0
5,106,-2.725,5.325,-1,0
6,106,-2.675,5.325,-1,0
7,106,-2.625,5.325,-1,0
8,106,-2.575,5.325,-1,0
9,106,-2.525,5.325,-1,0
10,106,-2.475,5.325,-1,0
11,106,-2.425,5.325,-1,0
12,106,-2.375,5.325,-1,0
13,106,-2.325,5.325,-1,0
14,106,-2.275,5.325,-1,0
15,106,-2.225,5.325,-1,0
16,106,-2.175,5.325,-1,0
17,106,-2.125,5.325,-1,0
18,106,-2.075,5.325,-1,0
19,106,-2.025,5.325,-1,0
20,106,-1.975,5.325,-1,0
21,106,-1.925,5.325,-1,0
22,106,-1.875,5.325,-1,0
23,106,-1.825,5.325,-1,0
24,106,-1.775,5.325,-1,0
25,106,-1.725,5.325,-1,0
26,106,-1.675,5.325,12789,7
27,106,-1.625,5.325,386,68
28,106,-1.575,5.325,1031,55
29,106,-1.525,5.325,-1,0
30,106,-1.475,5.325,-1,0
31,106,-1.425,5.325,-1,0
32,106,-1.375,5.325,-1,0
33,106,-1.325,5.325,-1,0
34,106,-1.275,5.325,-1,0
35,106,-1.225,5.325,-1,0
36,106,-1.175,5.325,5445,2
37,106,-1.125,5.325,4184,13
38,106,-1.075,5.325,10675,10
39,106,-1.025,5.325,4338,15
40,106,-0.975,5.325,3309,10
41,106,-0.925,5.325,17813,9
42,106,-0.875,5.325,11138,5
43,106,-0.825,5.325,32114,11
44,106,-0.775,5.325,10707,5
45,106,-0.725,5.325,999,5
46,106,-0.675,5.325,11273,7
47,106,-0.625,5.325,1849,5
48,106,-0.575,5.325,8981,9
49,106,-0.525,5.325,1841,13
50,106,-0.475,5.325,5732,4
51,106,-0.425,5.325,1580,10
52,106,-0.375,5.325,320,18
53,106,-0.325,5.325,32518,5
54,106,-0.275,5.325,3304,5
55,106,-0.225,5.325,5740,5
56,106,-0.175,5.325,10109,4
57,106,-0.125,5.325,8637,3
58,106,-0.075,5.325,39371,3
59,106,-0.025,5.325,60007,2
60,106,0.025,5.325,-1,0
61,106,0.075,5.325,6725,9
62,106,0.125,5.325,2942,3
63,106,0.175,5.325,33007,2
64,106,0.225,5.325,58780,2
65,106,0.275,5.325,4505,7
66,106,0.325,5.325,39041,3
67,106,0.375,5.325,2517,32
68,106,0.425,5.325,30725,2
69,106,0.475,5.325,-1,0
70,106,0.525,5.325,-1,0
71,106,0.575,5.325,-1,0
72,106,0.625,5.325,-1,0
73,106,0.675,5.325,-1,0
74,106,0.725,5.325,21328,6
75,106,0.775,5.325,24182,5
76,106,0.825,5.325,6288,6
77,106,0.875,5.325,13463,6
78,106,0.925,5.325,1082,18
79,106,0.975,5.325,44492,6
80,106,1.025,5.325,603,17
81,106,1.075,5.325,5159,9
82,106,1.125,5.325,13172,8
83,106,1.175,5.325,6220,16
84,106,1.225,5.325,28017,10
85,106,1.275,5.325,13218,13
86,106,1.325,5.325,4662,6
87,106,1.375,5.325,18497,10
88,106,1.425,5.325,39767,2
89,106,1.475,5.325,11250,7
90,106,1.525,5.325,28850,3
91,106,1.575,5.325,16464,6
92,106,1.625,5.325,3250,10
93,106,1.675,5.325,8960,17
94,106,1.725,5.325,5729,13
95,106,1.775,5.325,-1,0
96,106,1.825,5.325,-1,0
97,106,1.875,5.325,-1,0
98,106,1.925,5.325,-1,0
99,106,1.975,5.325,-1,0
100,106,2.025,5.325,517,82
101,106,2.075,5.325,-1,0
102,106,2.125,5.325,-1,0
103,106,2.175,5.325,-1,0
104,106,2.225,5.325,-1,0
105,106,2.275,5.325,-1,0
106,106,2.325,5.325,-1,0
107,106,2.375,5.325,-1,0
108,106,2.425,5.325,-1,0
109,106,2.475,5.325,-1,0
110,106,2.525,5.325,-1,0
111,106,2.575,5.325,-1,0
112,106,2.625,5.325,-1,0
113,106,2.675,5.325,-1,0
114,106,2.725,5.325,-1,0
115,106,2.775,5.325,-1,0
116,106,2.825,5.325,-1,0
117,106,2.875,5.325,-1,0
118,106,2.925,5.325,-1,0
119,106,2.975,5.325,-1,0
0,107,-2.975,5.375,-1,0
1,107,-2.925,5.375,-1,0
2,107,-2.875,5.375,-1,0
3,107,-2.825,5.375,-1,0
4,107,-2.775,5.375,-1,0
5,107,-2.725,5.375,-1,0
6,107,-2.675,5.375,-1,0
7,107,-2.625,5.375,-1,0
8,107,-2.575,5.375,-1,0
9,107,-2.525,5.375,-1,0
10,107,-2.475,5.375,-1,0
11,107,-2.425,5.375,-1,0
12,107,-2.375,5.375,-1,0
13,107,-2.325,5.375,-1,0
14,107,-2.275,5.375,-1,0
15,107,-2.225,5.375,-1,0
16,107,-2.175,5.375,-1,0
17,107,-2.125,5.375,-1,0
18,107,-2.075,5.375,-1,0
19,107,-2.025,5.375,-1,0
20,107,-1.975,5.375,-1,0
21,107,-1.925,5.375,-1,0
22,107,-1.875,5.375,-1,0
23,107,-1.825,5.375,-1,0
24,107,-1.775,5.375,-1,0
25,107,-1.725,5.375,-1,0
26,107,-1.675,5.375,-1,0
27,107,-1.625,5.375,3230,61
28,107,-1.575,5.375,355,54
29,107,-1.525,5.375,-1,0
30,107,-1.475,5.375,-1,0
31,107,-1.425,5.375,-1,0
32,107,-1.375,5.375,-1,0
33,107,-1.325,5.375,-1,0
34,107,-1.275,5.375,-1,0
35,107,-1.225,5.375,-1,0
36,107,-1.175,5.375,1303,30
37,107,-1.125,5.375,8776,7
38,107,-1.075,5.375,35754,7
39,107,-1.025,5.375,15279,7
40,107,-0.975,5.375,8718,5
41,107,-0.925,5.375,43840,1
42,107,-0.875,5.375,4106,9
43,107,-0.825,5.375,3712,6
44,107,-0.775,5.375,6605,7
45,107,-0.725,5.375,8649,8
46,107,-0.675,5.375,4333,9
47,107,-0.625,5.375,24933,6
48,107,-0.575,5.375,-1,0
49,107,-0.525,5.375,581,11
50,107,-0.475,5.375,839,10
51,107,-0.425,5.375,2134,17
52,107,-0.375,5.375,10563,5
53,107,-0.325,5.375,5842,5
54,107,-0.275,5.375,8835,5
55,107,-0.225,5.375,63997,1
56,107,-0.175,5.375,6777,3
57,107,-0.125,5.375,4896,3
58,107,-0.075,5.375,58021,1
59,107,-0.025,5.375,43835,1
60,107,0.025,5.375,23349,4
61,107,0.075,5.375,9840,7
62,107,0.125,5.375,10093,1
63,107,0.175,5.375,7172,2
64,107,0.225,5.375,45852,5
65,107,0.275,5.375,41166,1
66,107,0.325,5.375,26198,2
67,107,0.375,5.375,3054,33
68,107,0.425,5.375,6647,6
69,107,0.475,5.375,23940,4
70,107,0.525,5.375,-1,0
71,107,0.575,5.375,-1,0
72,107,0.625,5.375,-1,0
73,107,0.675,5.375,-1,0
74,107,0.725,5.375,20265,2
75,107,0.775,5.375,20505,3
76,107,0.825,5.375,22429,5
77,107,0.875,5.375,15876,4
78,107,0.925,5.375,4657,6
79,107,0.975,5.375,8645,7
80,107,1.025,5.375,12607,9
81,107,1.075,5.375,11724,26
82,107,1.125,5.375,5005,16
83,107,1.175,5.375,5831,15
84,107,1.225,5.375,28802,2
85,107,1.275,5.375,12510,13
86,107,1.325,5.375,10631,11
87,107,1.375,5.375,7123,6
88,107,1.425,5.375,80,11
89,107,1.475,5.375,8880,8
90,107,1.525,5.375,1012,11
91,107,1.575,5.375,12305,6
92,107,1.625,5.375,18829,11
93,107,1.675,5.375,16789,3
94,107,1.725,5.375,2602,9
95,107,1.775,5.375,-1,0
96,107,1.825,5.375,-1,0
97,107,1.875,5.375,-1,0
98,107,1.925,5.375,-1,0
99,107,1.975,5.375,-1,0
100,107,2.025,5.375,-1,0
101,107,2.075,5.375,-1,0
102,107,2.125,5.375,-1,0
103,107,2.175,5.375,-1,0
104,107,2.225,5.375,-1,0
105,107,2.275,5.375,-1,0
106,107,2.325,5.375,-1,0
107,107,2.375,5.375,-1,0
108,107,2.425,5.375,-1,0
109,107,2.475,5.375,-1,0
110,107,2.525,5.375,-1,0
111,107,2.575,5.375,-1,0
112,107,2.625,5.375,-1,0
113,107,2.675,5.375,-1,0
114,107,2.725,5.375,-1,0
115,107,2.775,5.375,-1,0
116,107,2.825,5.375,-1,0
117,107,2.875,5.375,-1,0
118,107,2.925,5.375,-1,0
119,107,2.975,5.375,-1,0
0,108,-2.975,5.425,-1,0
1,108,-2.925,5.425,-1,0
2,108,-2.875,5.425,-1,0
3,108,-2.825,5.425,-1,0
4,108,-2.775,5.425,-1,0
5,108,-2.725,5.425,-1,0
6,108,-2.675,5.425,-1,0
7,108,-2.625,5.425,-1,0
8,108,-2.575,5.425,-1,0
9,108,-2.525,5.425,-1,0
10,108,-2.475,5.425,-1,0
11,108,-2.425,5.425,-1,0
12,108,-2.375,5.425,-1,0
13,108,-2.325,5.425,-1,0
14,108,-2.275,5.425,-1,0
15,108,-2.225,5.425,-1,0
16,108,-2.175,5.425,-1,0
17,108,-2.125,5.425,-1,0
18,108,-2.075,5.425,-1,0
19,108,-2.025,5.425,-1,0
20,108,-1.975,5.425,-1,0
21,108,-1.925,5.425,-1,0
22,108,-1.875,5.425,-1,0
23,108,-1.825,5.425,-1,0
24,108,-1.775,5.425,-1,0
25,108,-1.725,5.425,-1,0
26,108,-1.675,5.425,-1,0
27,108,-1.625,5.425,18763,5
28,108,-1.575,5.425,1075,72
29,108,-1.525,5.425,-1,0
30,108,-1.475,5.425,-1,0
31,108,-1.425,5.425,-1,0
32,108,-1.375,5.425,-1,0
33,108,-1.325,5.425,-1,0
34,108,-1.275,5.425,-1,0
35,108,-1.225,5.425,-1,0
36,108,-1.175,5.425,-1,0
37,108,-1.125,5.425,4190,10
38,108,-1.075,5.425,1247,10
39,108,-1.025,5.425,2064,7
40,108,-0.975,5.425,45107,3
41,108,-0.925,5.425,16947,8
42,108,-0.875,5.425,17330,6
43,108,-0.825,5.425,3299,4
44,108,-0.775,5.425,16234,9
45,108,-0.725,5.425,8245,11
46,108,-0.675,5.425,5117,8
47,108,-0.625,5.425,1400,10
48,108,-0.575,5.425,12114,1
49,108,-0.525,5.425,3790,29
50,108,-0.475,5.425,6329,12
51,108,-0.425,5.425,6069,7
52,108,-0.375,5.425,20826,4
53,108,-0.325,5.425,4965,2
54,108,-0.275,5.425,25768,2
55,108,-0.225,5.425,2205,7
56,108,-0.175,5.425,51975,3
57,108,-0.125,5.425,17252,5
58,108,-0.075,5.425,35606,4
59,108,-0.025,5.425,58508,1
60,108,0.025,5.425,3833,15
61,108,0.075,5.425,-1,0
62,108,0.125,5.425,7321,2
63,108,0.175,5.425,61470,2
64,108,0.225,5.425,1238,2
65,108,0.275,5.425,26333,5
66,108,0.325,5.425,28922,5
67,108,0.375,5.425,872,46
68,108,0.425,5.425,72190,1
69,108,0.475,5.425,27767,2
70,108,0.525,5.425,1754,7
71,108,0.575,5.425,32646,8
72,108,0.625,5.425,-1,0
73,108,0.675,5.425,-1,0
74,108,0.725,5.425,62974,1
75,108,0.775,5.425,4817,6
76,108,0.825,5.425,11607,5
77,108,0.875,5.425,8737,5
78,108,0.925,5.425,9034,6
79,108,0.975,5.425,13022,7
80,108,1.025,5.425,4027,8
81,108,1.075,5.425,4415,13
82,108,1.125,5.425,8279,8
83,108,1.175,5.425,5790,24
84,108,1.225,5.425,1368,16
85,108,1.275,5.425,8511,11
86,108,1.325,5.425,5113,19
87,108,1.375,5.425,4018,12
88,108,1.425,5.425,4871,19
89,108,1.475,5.425,34979,4
90,108,1.525,5.425,14162,6
91,108,1.575,5.425,12716,7
92,108,1.625,5.425,6818,5
93,108,1.675,5.425,1396,15
94,108,1.725,5.425,14492,19
95,108,1.775,5.425,5315,14
96,108,1.825,5.425,-1,0
97,108,1.875,5.425,-1,0
98,108,1.925,5.425,-1,0
99,108,1.975,5.425,-1,0
100,108,2.025,5.425,-1,0
101,108,2.075,5.425,-1,0
102,108,2.125,5.425,-1,0
103,108,2.175,5.425,-1,0
104,108,2.225,5.425,-1,0
105,108,2.275,5.425,-1,0
106,108,2.325,5.425,-1,0
107,108,2.375,5.425,-1,0
108,108,2.425,5.425,-1,0
109,108,2.475,5.425,-1,0
110,108,2.525,5.425,-1,0
111,108,2.575,5.425,-1,0
112,108,2.625,5.425,-1,0
113,108,2.675,5.425,-1,0
114,108,2.725,5.425,-1,0
115,108,2.775,5.425,-1,0
116,108,2.825,5.425,-1,0
117,108,2.875,5.425,-1,0
118,108,2.925,5.425,-1,0
119,108,2.975,5.425,-1,0
0,109,-2.975,5.475,-1,0
1,109,-2.925,5.475,-1,0
2,109,-2.875,5.475,-1,0
3,109,-2.825,5.475,-1,0
4,109,-2.775,5.475,-1,0
5,109,-2.725,5.475,-1,0
6,109,-2.675,5.475,-1,0
7,109,-2.625,5.475,-1,0
8,109,-2.575,5.475,-1,0
9,109,-2.525,5.475,-1,0
10,109,-2.475,5.475,-1,0
11,109,-2.425,5.475,-1,0
12,109,-2.375,5.475,-1,0
13,109,-2.325,5.475,-1,0
14,109,-2.275,5.475,-1,0
15,109,-2.225,5.475,-1,0
16,109,-2.175,5.475,-1,0
17,109,-2.125,5.475,-1,0
18,109,-2.075,5.475,-1,0
19,109,-2.025,5.475,-1,0
20,109,-1.975,5.475,-1,0
21,109,-1.925,5.475,-1,0
22,109,-1.875,5.475,-1,0
23,109,-1.825,5.475,-1,0
24,109,-1.775,5.475,-1,0
25,109,-1.725,5.475,-1,0
26,109,-1.675,5.475,-1,0
27,109,-1.625,5.475,-1,0
28,109,-1.575,5.475,-1,0
29,109,-1.525,5.475,-1,0
30,109,-1.475,5.475,-1,0
31,109,-1.425,5.475,-1,0
32,109,-1.375,5.475,-1,0
33,109,-1.325,5.475,-1,0
34,109,-1.275,5.475,-1,0
35,109,-1.225,5.475,-1,0
36,109,-1.175,5.475,8210,14
37,109,-1.125,5.475,1790,15
38,109,-1.075,5.475,11812,7
39,109,-1.025,5.475,3455,8
40,109,-0.975,5.475,548,6
41,109,-0.925,5.475,12959,9
42,109,-0.875,5.475,2756,3
43,109,-0.825,5.475,59917,3
44,109,-0.775,5.475,11691,11
45,109,-0.725,5.475,198,6
46,109,-0.675,5.475,19042,10
47,109,-0.625,5.475,1150,13
48,109,-0.575,5.475,5580,25
49,109,-0.525,5.475,291,25
50,109,-0.475,5.475,12367,13
51,109,-0.425,5.475,76741,1
52,109,-0.375,5.475,729,6
53,109,-0.325,5.475,1119,11
54,109,-0.275,5.475,7627,10
55,109,-0.225,5.475,3043,8
56,109,-0.175,5.475,4039,3
57,109,-0.125,5.475,7339,8
58,109,-0.075,5.475,-1,0
59,109,-0.025,5.475,1467,8
60,109,0.025,5.475,46245,3
61,109,0.075,5.475,-1,0
62,109,0.125,5.475,19170,1
63,109,0.175,5.475,6418,4
64,109,0.225,5.475,167,6
65,109,0.275,5.475,24888,1
66,109,0.325,5.475,28276,3
67,109,0.375,5.475,3730,36
68,109,0.425,5.475,7746,2
69,109,0.475,5.475,34248,1
70,109,0.525,5.475,1689,5
71,109,0.575,5.475,55227,2
72,109,0.625,5.475,1546,5
73,109,0.675,5.475,10703,2
74,109,0.725,5.475,8024,4
75,109,0.775,5.475,30766,4
76,109,0.825,5.475,49244,3
77,109,0.875,5.475,28183,3
78,109,0.925,5.475,3966,8
79,109,0.975,5.475,2657,15
80,109,1.025,5.475,6558,8
81,109,1.075,5.475,20182,1
82,109,1.125,5.475,34938,2
83,109,1.175,5.475,-1,0
84,109,1.225,5.475,14218,4
85,109,1.275,5.475,24009,2
86,109,1.325,5.475,5883,13
87,109,1.375,5.475,8966,10
88,109,1.425,5.475,11503,18
89,109,1.475,5.475,614,10
90,109,1.525,5.475,8506,10
91,109,1.575,5.475,12034,10
92,109,1.625,5.475,1649,12
93,109,1.675,5.475,640,12
94,109,1.725,5.475,1680,13
95,109,1.775,5.475,1946,12
96,109,1.825,5.475,3239,3
97,109,1.875,5.475,-1,0
98,109,1.925,5.475,-1,0
99,109,1.975,5.475,-1,0
100,109,2.025,5.475,-1,0
101,109,2.075,5.475,-1,0
102,109,2.125,5.475,-1,0
103,109,2.175,5.475,-1,0
104,109,2.225,5.475,-1,0
105,109,2.275,5.475,-1,0
106,109,2.325,5.475,-1,0
107,109,2.375,5.475,-1,0
108,109,2.425,5.475,-1,0
109,109,2.475,5.475,-1,0
110,109,2.525,5.475,-1,0
111,109,2.575,5.475,-1,0
112,109,2.625,5.475,-1,0
113,109,2.675,5.475,-1,0
114,109,2.725,5.475,-1,0
115,109,2.775,5.475,-1,0
116,109,2.825,5.475,-1,0
117,109,2.875,5.475,-1,0
118,109,2.925,5.475,-1,0
119,109,2.975,5.475,-1,0
0,110,-2.975,5.525,-1,0
1,110,-2.925,5.525,-1,0
2,110,-2.875,5.525,-1,0
3,110,-2.825,5.525,-1,0
4,110,-2.775,5.525,-1,0
5,110,-2.725,5.525,-1,0
6,110,-2.675,5.525,-1,0
7,110,-2.625,5.525,-1,0
8,110,-2.575,5.525,-1,0
9,110,-2.525,5.525,-1,0
10,110,-2.475,5.525,-1,0
11,110,-2.425,5.525,-1,0
12,110,-2.375,5.525,-1,0
13,110,-2.325,5.525,-1,0
14,110,-2.275,5.525,-1,0
15,110,-2.225,5.525,-1,0
16,110,-2.175,5.525,-1,0
17,110,-2.125,5.525,-1,0
18,110,-2.075,5.525,-1,0
19,110,-2.025,5.525,-1,0
20,110,-1.975,5.525,-1,0
21,110,-1.925,5.525,-1,0
22,110,-1.875,5.525,-1,0
23,110,-1.825,5.525,-1,0
24,110,-1.775,5.525,-1,0
25,110,-1.725,5.525,-1,0
26,110,-1.675,5.525,-1,0
27,110,-1.625,5.525,-1,0
28,110,-1.575,5.525,-1,0
29,110,-1.525,5.525,-1,0
30,110,-1.475,5.525,-1,0
31,110,-1.425,5.525,-1,0
32,110,-1.375,5.525,-1,0
33,110,-1.325,5.525,-1,0
34,110,-1.275,5.525,-1,0
35,110,-1.225,5.525,5694,16
36,110,-1.175,5.525,17181,12
37,110,-1.125,5.525,8808,5
38,110,-1.075,5.525,1702,8
39,110,-1.025,5.525,1422,12
40,110,-0.975,5.525,6626,6
41,110,-0.925,5.525,10085,5
42,110,-0.875,5.525,1454,10
43,110,-0.825,5.525,1784,13
44,110,-0.775,5.525,8516,15
45,110,-0.725,5.525,11980,7
46,110,-0.675,5.525,2850,13
47,110,-0.625,5.525,6740,11
48,110,-0.575,5.525,769,18
49,110,-0.525,5.525,-1,0
50,110,-0.475,5.525,-1,0
51,110,-0.425,5.525,31314,8
52,110,-0.375,5.525,2819,10
53,110,-0.325,5.525,22102,5
54,110,-0.275,5.525,41241,5
55,110,-0.225,5.525,8713,2
56,110,-0.175,5.525,-1,0
57,110,-0.125,5.525,-1,0
58,110,-0.075,5.525,7106,8
59,110,-0.025,5.525,15175,4
60,110,0.025,5.525,57480,2
61,110,0.075,5.525,62251,3
62,110,0.125,5.525,30175,1
63,110,0.175,5.525,10794,5
64,110,0.225,5.525,16282,4
65,110,0.275,5.525,4299,6
66,110,0.325,5.525,6334,2
67,110,0.375,5.525,360,22
68,110,0.425,5.525,-1,0
69,110,0.475,5.525,30670,4
70,110,0.525,5.525,8830,3
71,110,0.575,5.525,20704,6
72,110,0.625,5.525,20629,2
73,110,0.675,5.525,39124,3
74,110,0.725,5.525,1345,7
75,110,0.775,5.525,65142,2
76,110,0.825,5.525,9230,6
77,110,0.875,5.525,9385,8
78,110,0.925,5.525,32583,7
79,110,0.975,5.525,2164,8
80,110,1.025,5.525,1779,5
81,110,1.075,5.525,13067,3
82,110,1.125,5.525,9939,7
83,110,1.175,5.525,1477,11
84,110,1.225,5.525,331,9
85,110,1.275,5.525,4704,2
86,110,1.325,5.525,7232,12
87,110,1.375,5.525,8421,11
88,110,1.425,5.525,8931,14
89,110,1.475,5.525,2503,12
90,110,1.525,5.525,6086,13
91,110,1.575,5.525,20154,7
92,110,1.625,5.525,2558,8
93,110,1.675,5.525,4222,9
94,110,1.725,5.525,738,10
95,110,1.775,5.525,4431,23
96,110,1.825,5.525,396,23
97,110,1.875,5.525,-1,0
98,110,1.925,5.525,-1,0
99,110,1.975,5.525,-1,0
100,110,2.025,5.525,-1,0
101,110,2.075,5.525,-1,0
102,110,2.125,5.525,-1,0
103,110,2.175,5.525,-1,0
104,110,2.225,5.525,-1,0
105,110,2.275,5.525,-1,0
106,110,2.325,5.525,-1,0
107,110,2.375,5.525,-1,0
108,110,2.425,5.525,-1,0
109,110,2.475,5.525,-1,0
110,110,2.525,5.525,-1,0
111,110,2.575,5.525,-1,0
112,110,2.625,5.525,-1,0
113,110,2.675,5.525,-1,0
114,110,2.725,5.525,-1,0
115,110,2.775,5.525,-1,0
116,110,2.825,5.525,-1,0
117,110,2.875,5.525,-1,0
118,110,2.925,5.525,-1,0
119,110,2.975,5.525,-1,0
0,111,-2.975,5.575,-1,0
1,111,-2.925,5.575,-1,0
2,111,-2.875,5.575,-1,0
3,111,-2.825,5.575,-1,0
4,111,-2.775,5.575,-1,0
5,111,-2.725,5.575,-1,0
6,111,-2.675,5.575,-1,0
7,111,-2.625,5.575,-1,0
8,111,-2.575,5.575,-1,0
9,111,-2.525,5.575,-1,0
10,111,-2.475,5.575,-1,0
11,111,-2.425,5.575,-1,0
12,111,-2.375,5.575,-1,0
13,111,-2.325,5.575,-1,0
14,111,-2.275,5.575,-1,0
15,111,-2.225,5.575,-1,0
16,111,-2.175,5.575,-1,0
17,111,-2.125,5.575,-1,0
18,111,-2.075,5.575,-1,0
19,111,-2.025,5.575,-1,0
20,111,-1.975,5.575,-1,0
21,111,-1.925,5.575,-1,0
22,111,-1.875,5.575,-1,0
23,111,-1.825,5.575,-1,0
24,111,-1.775,5.575,-1,0
25,111,-1.725,5.575,-1,0
26,111,-1.675,5.575,-1,0
27,111,-1.625,5.575,-1,0
28,111,-1.575,5.575,-1,0
29,111,-1.525,5.575,-1,0
30,111,-1.475,5.575,-1,0
31,111,-1.425,5.575,-1,0
32,111,-1.375,5.575,-1,0
33,111,-1.325,5.575,-1,0
34,111,-1.275,5.575,-1,0
35,111,-1.225,5.575,-1,0
36,111,-1.175,5.575,555,16
37,111,-1.125,5.575,205,11
38,111,-1.075,5.575,23766,10
39,111,-1.025,5.575,24527,5
40,111,-0.975,5.575,7752,14
41,111,-0.925,5.575,20839,2
42,111,-0.875,5.575,5501,12
43,111,-0.825,5.575,16425,12
44,111,-0.775,5.575,11363,15
45,111,-0.725,5.575,14497,10
46,111,-0.675,5.575,20,16
47,111,-0.625,5.575,-1,0
48,111,-0.575,5.575,76893,1
49,111,-0.525,5.575,3106,8
50,111,-0.475,5.575,23498,10
51,111,-0.425,5.575,10236,7
52,111,-0.375,5.575,62151,3
53,111,-0.325,5.575,632,3
54,111,-0.275,5.575,42130,5
55,111,-0.225,5.575,25660,3
56,111,-0.175,5.575,1416,4
57,111,-0.125,5.575,56301,1
58,111,-0.075,5.575,8915,8
59,111,-0.025,5.575,25779,6
60,111,0.025,5.575,9139,3
61,111,0.075,5.575,44223,2
62,111,0.125,5.575,1895,5
63,111,0.175,5.575,9862,14
64,111,0.225,5.575,5836,4
65,111,0.275,5.575,13362,7
66,111,0.325,5.575,1312,4
67,111,0.375,5.575,4214,8
68,111,0.425,5.575,117,47
69,111,0.475,5.575,27508,4
70,111,0.525,5.575,10058,5
71,111,0.575,5.575,2307,9
72,111,0.625,5.575,4325,5
73,111,0.675,5.575,-1,0
74,111,0.725,5.575,35777,3
75,111,0.775,5.575,8692,5
76,111,0.825,5.575,2751,5
77,111,0.875,5.575,-1,0
78,111,0.925,5.575,64561,5
79,111,0.975,5.575,50284,2
80,111,1.025,5.575,13985,3
81,111,1.075,5.575,18645,9
82,111,1.125,5.575,12009,6
83,111,1.175,5.575,14015,9
84,111,1.225,5.575,8159,15
85,111,1.275,5.575,3664,16
86,111,1.325,5.575,7527,24
87,111,1.375,5.575,-1,0
88,111,1.425,5.575,6216,7
89,111,1.475,5.575,16545,6
90,111,1.525,5.575,9092,26
91,111,1.575,5.575,6888,18
92,111,1.625,5.575,13030,11
93,111,1.675,5.575,1146,15
94,111,1.725,5.575,14968,8
95,111,1.775,5.575,10905,14
96,111,1.825,5.575,4937,23
97,111,1.875,5.575,-1,0
98,111,1.925,5.575,-1,0
99,111,1.975,5.575,-1,0
100,111,2.025,5.575,-1,0
101,111,2.075,5.575,-1,0
102,111,2.125,5.575,-1,0
103,111,2.175,5.575,-1,0
104,111,2.225,5.575,-1,0
105,111,2.275,5.575,-1,0
106,111,2.325,5.575,-1,0
107,111,2.375,5.575,-1,0
108,111,2.425,5.575,-1,0
109,111,2.475,5.575,-1,0
110,111,2.525,5.575,-1,0
111,111,2.575,5.575,-1,0
112,111,2.625,5.575,-1,0
113,111,2.675,5.575,-1,0
114,111,2.725,5.575,-1,0
115,111,2.775,5.575,-1,0
116,111,2.825,5.575,-1,0
117,111,2.875,5.575,-1,0
118,111,2.925,5.575,-1,0
119,111,2.975,5.575,-1,0
0,112,-2.975,5.625,-1,0
1,112,-2.925,5.625,-1,0
2,112,-2.875,5.625,-1,0
3,112,-2.825,5.625,-1,0
4,112,-2.775,5.625,-1,0
5,112,-2.725,5.625,-1,0
6,112,-2.675,5.625,-1,0
7,112,-2.625,5.625,-1,0
8,112,-2.575,5.625,-1,0
9,112,-2.525,5.625,-1,0
10,112,-2.475,5.625,-1,0
11,112,-2.425,5.625,-1,0
12,112,-2.375,5.625,-1,0
13,112,-2.325,5.625,-1,0
14,112,-2.275,5.625,-1,0
15,112,-2.225,5.625,-1,0
16,112,-2.175,5.625,-1,0
17,112,-2.125,5.625,-1,0
18,112,-2.075,5.625,-1,0
19,112,-2.025,5.625,-1,0
20,112,-1.975,5.625,-1,0
21,112,-1.925,5.625,-1,0
22,112,-1.875,5.625,-1,0
23,112,-1.825,5.625,-1,0
24,112,-1.775,5.625,-1,0
25,112,-1.725,5.625,-1,0
26,112,-1.675,5.625,-1,0
27,112,-1.625,5.625,-1,0
28,112,-1.575,5.625,-1,0
29,112,-1.525,5.625,-1,0
30,112,-1.475,5.625,-1,0
31,112,-1.425,5.625,-1,0
32,112,-1.375,5.625,-1,0
33,112,-1.325,5.625,-1,0
34,112,-1.275,5.625,-1,0
35,112,-1.225,5.625,6145,17
36,112,-1.175,5.625,3433,14
37,112,-1.125,5.625,11370,15
38,112,-1.075,5.625,5747,9
39,112,-1.025,5.625,11969,5
40,112,-0.975,5.625,7354,10
41,112,-0.925,5.625,32756,6
42,112,-0.875,5.625,7056,12
43,112,-0.825,5.625,2509,9
44,112,-0.775,5.625,535,12
45,112,-0.725,5.625,6182,7
46,112,-0.675,5.625,-1,0
47,112,-0.625,5.625,-1,0
48,112,-0.575,5.625,3684,9
49,112,-0.525,5.625,1668,12
50,112,-0.475,5.625,43184,3
51,112,-0.425,5.625,18541,6
52,112,-0.375,5.625,6195,4
53,112,-0.325,5.625,5597,2
54,112,-0.275,5.625,17381,2
55,112,-0.225,5.625,2381,6
56,112,-0.175,5.625,8611,4
57,112,-0.125,5.625,1746,8
58,112,-0.075,5.625,29486,4
59,112,-0.025,5.625,22965,3
60,112,0.025,5.625,31883,4
61,112,0.075,5.625,9191,5
62,112,0.125,5.625,12413,7
63,112,0.175,5.625,14951,6
64,112,0.225,5.625,21276,6
65,112,0.275,5.625,23382,2
66,112,0.325,5.625,58918,4
67,112,0.375,5.625,-1,0
68,112,0.425,5.625,3330,28
69,112,0.475,5.625,29532,5
70,112,0.525,5.625,5469,5
71,112,0.575,5.625,76212,2
72,112,0.625,5.625,48459,3
73,112,0.675,5.625,7846,2
74,112,0.725,5.625,13122,2
75,112,0.775,5.625,6601,3
76,112,0.825,5.625,36764,1
77,112,0.875,5.625,1868,6
78,112,0.925,5.625,62655,4
79,112,0.975,5.625,8996,3
80,112,1.025,5.625,53730,2
81,112,1.075,5.625,2275,10
82,112,1.125,5.625,662,9
83,112,1.175,5.625,8241,9
84,112,1.225,5.625,16578,3
85,112,1.275,5.625,23372,3
86,112,1.325,5.625,20132,3
87,112,1.375,5.625,-1,0
88,112,1.425,5.625,-1,0
89,112,1.475,5.625,-1,0
90,112,1.525,5.625,5108,27
91,112,1.575,5.625,9100,17
92,112,1.625,5.625,12222,14
93,112,1.675,5.625,2284,14
94,112,1.725,5.625,7395,16
95,112,1.775,5.625,1590,16
96,112,1.825,5.625,6263,17
97,112,1.875,5.625,7870,20
98,112,1.925,5.625,-1,0
99,112,1.975,5.625,-1,0
100,112,2.025,5.625,-1,0
101,112,2.075,5.625,-1,0
102,112,2.125,5.625,-1,0
103,112,2.175,5.625,-1,0
104,112,2.225,5.625,-1,0
105,112,2.275,5.625,-1,0
106,112,2.325,5.625,-1,0
107,112,2.375,5.625,-1,0
108,112,2.425,5.625,-1,0
109,112,2.475,5.625,-1,0
110,112,2.525,5.625,-1,0
111,112,2.575,5.625,-1,0
112,112,2.625,5.625,-1,0
113,112,2.675,5.625,-1,0
114,112,2.725,5.625,-1,0
115,112,2.775,5.625,-1,0
116,112,2.825,5.625,-1,0
117,112,2.875,5.625,-1,0
118,112,2.925,5.625,-1,0
119,112,2.975,5.625,-1,0
0,113,-2.975,5.675,-1,0
1,113,-2.925,5.675,-1,0
2,113,-2.875,5.675,-1,0
3,113,-2.825,5.675,-1,0
4,113,-2.775,5.675,-1,0
5,113,-2.725,5.675,-1,0
6,113,-2.675,5.675,-1,0
7,113,-2.625,5.675,-1,0
8,113,-2.575,5.675,-1,0
9,113,-2.525,5.675,-1,0
10,113,-2.475,5.675,-1,0
11,113,-2.425,5.675,-1,0
12,113,-2.375,5.675,-1,0
13,113,-2.325,5.675,-1,0
14,113,-2.275,5.675,-1,0
15,113,-2.225,5.675,-1,0
16,113,-2.175,5.675,-1,0
17,113,-2.125,5.675,-1,0
18,113,-2.075,5.675,-1,0
19,113,-2.025,5.675,-1,0
20,113,-1.975,5.675,-1,0
21,113,-1.925,5.675,-1,0
22,113,-1.875,5.675,-1,0
23,113,-1.825,5.675,-1,0
24,113,-1.775,5.675,-1,0
25,113,-1.725,5.675,-1,0
26,113,-1.675,5.675,-1,0
27,113,-1.625,5.675,-1,0
28,113,-1.575,5.675,-1,0
29,113,-1.525,5.675,-1,0
30,113,-1.475,5.675,-1,0
31,113,-1.425,5.675,-1,0
32,113,-1.375,5.675,-1,0
33,113,-1.325,5.675,-1,0
34,113,-1.275,5.675,-1,0
35,113,-1.225,5.675,6153,2
36,113,-1.175,5.675,4145,11
37,113,-1.125,5.675,3066,16
38,113,-1.075,5.675,15257,8
39,113,-1.025,5.675,6654,14
40,113,-0.975,5.675,1761,11
41,113,-0.925,5.675,4422,12
42,113,-0.875,5.675,217,12
43,113,-0.825,5.675,3952,20
44,113,-0.775,5.675,826,9
45,113,-0.725,5.675,-1,0
46,113,-0.675,5.675,65666,1
47,113,-0.625,5.675,15137,11
48,113,-0.575,5.675,2796,11
49,113,-0.525,5.675,1987,14
50,113,-0.475,5.675,7131,7
51,113,-0.425,5.675,8854,12
52,113,-0.375,5.675,3848,3
53,113,-0.325,5.675,11523,7
54,113,-0.275,5.675,64364,3
55,113,-0.225,5.675,10230,4
56,113,-0.175,5.675,10726,7
57,113,-0.125,5.675,2358,1
58,113,-0.075,5.675,-1,0
59,113,-0.025,5.675,16739,5
60,113,0.025,5.675,22710,7
61,113,0.075,5.675,51807,3
62,113,0.125,5.675,1509,3
63,113,0.175,5.675,2992,7
64,113,0.225,5.675,11134,7
65,113,0.275,5.675,7953,8
66,113,0.325,5.675,18224,2
67,113,0.375,5.675,-1,0
68,113,0.425,5.675,1006,36
69,113,0.475,5.675,7448,3
70,113,0.525,5.675,703,2
71,113,0.575,5.675,24614,1
72,113,0.625,5.675,15961,6
73,113,0.675,5.675,10961,8
74,113,0.725,5.675,9335,5
75,113,0.775,5.675,13946,3
76,113,0.825,5.675,3361,6
77,113,0.875,5.675,-1,0
78,113,0.925,5.675,3543,10
79,113,0.975,5.675,11432,9
80,113,1.025,5.675,13885,10
81,113,1.075,5.675,20088,4
82,113,1.125,5.675,5967,7
83,113,1.175,5.675,6079,7
84,113,1.225,5.675,3720,5
85,113,1.275,5.675,6685,11
86,113,1.325,5.675,8463,5
87,113,1.375,5.675,5088,8
88,113,1.425,5.675,-1,0
89,113,1.475,5.675,-1,0
90,113,1.525,5.675,-1,0
91,113,1.575,5.675,12468,6
92,113,1.625,5.675,6851,22
93,113,1.675,5.675,3151,22
94,113,1.725,5.675,1556,13
95,113,1.775,5.675,2002,10
96,113,1.825,5.675,6736,22
97,113,1.875,5.675,1978,23
98,113,1.925,5.675,37619,2
99,113,1.975,5.675,-1,0
100,113,2.025,5.675,-1,0
101,113,2.075,5.675,-1,0
102,113,2.125,5.675,-1,0
103,113,2.175,5.675,-1,0
104,113,2.225,5.675,-1,0
105,113,2.275,5.675,-1,0
106,113,2.325,5.675,-1,0
107,113,2.375,5.675,-1,0
108,113,2.425,5.675,-1,0
109,113,2.475,5.675,-1,0
110,113,2.525,5.675,-1,0
111,113,2.575,5.675,-1,0
112,113,2.625,5.675,-1,0
113,113,2.675,5.675,-1,0
114,113,2.725,5.675,-1,0
115,113,2.775,5.675,-1,0
116,113,2.825,5.675,-1,0
117,113,2.875,5.675,-1,0
118,113,2.925,5.675,-1,0
119,113,2.975,5.675,-1,0
0,114,-2.975,5.725,-1,0
1,114,-2.925,5.725,-1,0
2,114,-2.875,5.725,-1,0
3,114,-2.825,5.725,-1,0
4,114,-2.775,5.725,-1,0
5,114,-2.725,5.725,-1,0
6,114,-2.675,5.725,-1,0
7,114,-2.625,5.725,-1,0
8,114,-2.575,5.725,-1,0
9,114,-2.525,5.725,-1,0
10,114,-2.475,5.725,-1,0
11,114,-2.425,5.725,-1,0
12,114,-2.375,5.725,-1,0
13,114,-2.325,5.725,-1,0
14,114,-2.275,5.725,-1,0
15,114,-2.225,5.725,-1,0
16,114,-2.175,5.725,-1,0
17,114,-2.125,5.725,-1,0
18,114,-2.075,5.725,-1,0
19,114,-2.025,5.725,-1,0
20,114,-1.975,5.725,-1,0
21,114,-1.925,5.725,-1,0
22,114,-1.875,5.725,-1,0
23,114,-1.825,5.725,-1,0
24,114,-1.775,5.725,-1,0
25,114,-1.725,5.725,-1,0
26,114,-1.675,5.725,-1,0
27,114,-1.625,5.725,-1,0
28,114,-1.575,5.725,-1,0
29,114,-1.525,5.725,-1,0
30,114,-1.475,5.725,-1,0
31,114,-1.425,5.725,-1,0
32,114,-1.375,5.725,-1,0
33,114,-1.325,5.725,-1,0
34,114,-1.275,5.725,-1,0
35,114,-1.225,5.725,2722,18
36,114,-1.175,5.725,2241,20
37,114,-1.125,5.725,18549,8
38,114,-1.075,5.725,1634,10
39,114,-1.025,5.725,3098,10
40,114,-0.975,5.725,7723,9
41,114,-0.925,5.725,8428,17
42,114,-0.875,5.725,2565,12
43,114,-0.825,5.725,2233,14
44,114,-0.775,5.725,-1,0
45,114,-0.725,5.725,-1,0
46,114,-0.675,5.725,9017,19
47,114,-0.625,5.725,20740,9
48,114,-0.575,5.725,12481,2
49,114,-0.525,5.725,21476,3
50,114,-0.475,5.725,15099,11
51,114,-0.425,5.725,4007,7
52,114,-0.375,5.725,38156,4
53,114,-0.325,5.725,1439,1
54,114,-0.275,5.725,43657,1
55,114,-0.225,5.725,31771,5
56,114,-0.175,5.725,15265,3
57,114,-0.125,5.725,22094,4
58,114,-0.075,5.725,9814,2
59,114,-0.025,5.725,1259,12
60,114,0.025,5.725,15616,5
61,114,0.075,5.725,8617,7
62,114,0.125,5.725,16558,6
63,114,0.175,5.725,19795,4
64,114,0.225,5.725,23484,5
65,114,0.275,5.725,1642,10
66,114,0.325,5.725,13557,3
67,114,0.375,5.725,-1,0
68,114,0.425,5.725,4047,27
69,114,0.475,5.725,-1,0
70,114,0.525,5.725,4553,9
71,114,0.575,5.725,9172,4
72,114,0.625,5.725,19434,6
73,114,0.675,5.725,6122,9
74,114,0.725,5.725,2974,8
75,114,0.775,5.725,48343,2
76,114,0.825,5.725,2486,7
77,114,0.875,5.725,6950,4
78,114,0.925,5.725,77684,1
79,114,0.975,5.725,15230,4
80,114,1.025,5.725,2618,11
81,114,1.075,5.725,3553,3
82,114,1.125,5.725,5491,6
83,114,1.175,5.725,269,7
84,114,1.225,5.725,43484,4
85,114,1.275,5.725,12873,4
86,114,1.325,5.725,1459,15
87,114,1.375,5.725,2881,15
88,114,1.425,5.725,7887,17
89,114,1.475,5.725,4249,7
90,114,1.525,5.725,-1,0
91,114,1.575,5.725,-1,0
92,114,1.625,5.725,21238,2
93,114,1.675,5.725,2264,13
94,114,1.725,5.725,5827,26
95,114,1.775,5.725,4633,19
96,114,1.825,5.725,16750,12
97,114,1.875,5.725,5355,22
98,114,1.925,5.725,2049,8
99,114,1.975,5.725,-1,0
100,114,2.025,5.725,-1,0
101,114,2.075,5.725,-1,0
102,114,2.125,5.725,-1,0
103,114,2.175,5.725,-1,0
104,114,2.225,5.725,-1,0
105,114,2.275,5.725,-1,0
106,114,2.325,5.725,-1,0
107,114,2.375,5.725,-1,0
108,114,2.425,5.725,-1,0
109,114,2.475,5.725,-1,0
110,114,2.525,5.725,-1,0
111,114,2.575,5.725,-1,0
112,114,2.625,5.725,-1,0
113,114,2.675,5.725,-1,0
114,114,2.725,5.725,-1,0
115,114,2.775,5.725,-1,0
116,114,2.825,5.725,-1,0
117,114,2.875,5.725,-1,0
118,114,2.925,5.725,-1,0
119,114,2.975,5.725,-1,0
0,115,-2.975,5.775,-1,0
1,115,-2.925,5.775,-1,0
2,115,-2.875,5.775,-1,0
3,115,-2.825,5.775,-1,0
4,115,-2.775,5.775,-1,0
5,115,-2.725,5.775,-1,0
6,115,-2.675,5.775,-1,0
7,115,-2.625,5.775,-1,0
8,115,-2.575,5.775,-1,0
9,115,-2.525,5.775,-1,0
10,115,-2.475,5.775,-1,0
11,115,-2.425,5.775,-1,0
12,115,-2.375,5.775,-1,0
13,115,-2.325,5.775,-1,0
14,115,-2.275,5.775,-1,0
15,115,-2.225,5.775,-1,0
16,115,-2.175,5.775,-1,0
17,115,-2.125,5.775,-1,0
18,115,-2.075,5.775,-1,0
19,115,-2.025,5.775,-1,0
20,115,-1.975,5.775,-1,0
21,115,-1.925,5.775,-1,0
22,115,-1.875,5.775,-1,0
23,115,-1.825,5.775,-1,0
24,115,-1.775,5.775,-1,0
25,115,-1.725,5.775,-1,0
26,115,-1.675,5.775,-1,0
27,115,-1.625,5.775,-1,0
28,115,-1.575,5.775,-1,0
29,115,-1.525,5.775,-1,0
30,115,-1.475,5.775,-1,0
31,115,-1.425,5.775,-1,0
32,115,-1.375,5.775,-1,0
33,115,-1.325,5.775,-1,0
34,115,-1.275,5.775,-1,0
35,115,-1.225,5.775,8204,10
36,115,-1.175,5.775,1602,20
37,115,-1.125,5.775,27606,9
38,115,-1.075,5.775,9884,11
39,115,-1.025,5.775,16139,9
40,115,-0.975,5.775,88,13
41,115,-0.925,5.775,2864,13
42,115,-0.875,5.775,2450,13
43,115,-0.825,5.775,-1,0
44,115,-0.775,5.775,-1,0
45,115,-0.725,5.775,-1,0
46,115,-0.675,5.775,-1,0
47,115,-0.625,5.775,1307,1
48,115,-0.575,5.775,83513,2
49,115,-0.525,5.775,11003,6
50,115,-0.475,5.775,23509,6
51,115,-0.425,5.775,188,2
52,115,-0.375,5.775,22985,2
53,115,-0.325,5.775,5673,1
54,115,-0.275,5.775,2059,2
55,115,-0.225,5.775,10380,4
56,115,-0.175,5.775,27216,4
57,115,-0.125,5.775,11854,8
58,115,-0.075,5.775,35985,4
59,115,-0.025,5.775,2339,5
60,115,0.025,5.775,28689,5
61,115,0.075,5.775,8623,5
62,115,0.125,5.775,8124,7
63,115,0.175,5.775,43240,3
64,115,0.225,5.775,671,7
65,115,0.275,5.775,784,8
66,115,0.325,5.775,-1,0
67,115,0.375,5.775,-1,0
68,115,0.425,5.775,1322,37
69,115,0.475,5.775,-1,0
70,115,0.525,5.775,24845,2
71,115,0.575,5.775,3797,7
72,115,0.625,5.775,280,6
73,115,0.675,5.775,1830,6
74,115,0.725,5.775,2320,5
75,115,0.775,5.775,65126,2
76,115,0.825,5.775,20659,9
77,115,0.875,5.775,30018,9
78,115,0.925,5.775,23898,5
79,115,0.975,5.775,59693,2
80,115,1.025,5.775,31341,4
81,115,1.075,5.775,7096,8
82,115,1.125,5.775,35706,5
83,115,1.175,5.775,22883,8
84,115,1.225,5.775,7118,9
85,115,1.275,5.775,1846,13
86,115,1.325,5.775,3879,9
87,115,1.375,5.775,17714,8
88,115,1.425,5.775,16987,5
89,115,1.475,5.775,-1,0
90,115,1.525,5.775,-1,0
91,115,1.575,5.775,-1,0
92,115,1.625,5.775,-1,0
93,115,1.675,5.775,-1,0
94,115,1.725,5.775,578,14
95,115,1.775,5.775,3162,26
96,115,1.825,5.775,2846,25
97,115,1.875,5.775,1823,25
98,115,1.925,5.775,568,20
99,115,1.975,5.775,-1,0
100,115,2.025,5.775,-1,0
101,115,2.075,5.775,-1,0
102,115,2.125,5.775,-1,0
103,115,2.175,5.775,-1,0
104,115,2.225,5.775,-1,0
105,115,2.275,5.775,-1,0
106,115,2.325,5.775,-1,0
107,115,2.375,5.775,-1,0
108,115,2.425,5.775,-1,0
109,115,2.475,5.775,-1,0
110,115,2.525,5.775,-1,0
111,115,2.575,5.775,-1,0
112,115,2.625,5.775,-1,0
113,115,2.675,5.775,-1,0
114,115,2.725,5.775,-1,0
115,115,2.775,5.775,-1,0
116,115,2.825,5.775,-1,0
117,115,2.875,5.775,-1,0
118,115,2.925,5.775,-1,0
119,115,2.975,5.775,-1,0
0,116,-2.975,5.825,-1,0
1,116,-2.925,5.825,-1,0
2,116,-2.875,5.825,-1,0
3,116,-2.825,5.825,-1,0
4,116,-2.775,5.825,-1,0
5,116,-2.725,5.825,-1,0
6,116,-2.675,5.825,-1,0
7,116,-2.625,5.825,-1,0
8,116,-2.575,5.825,-1,0
9,116,-2.525,5.825,-1,0
10,116,-2.475,5.825,-1,0
11,116,-2.425,5.825,-1,0
12,116,-2.375,5.825,-1,0
13,116,-2.325,5.825,-1,0
14,116,-2.275,5.825,-1,0
15,116,-2.225,5.825,-1,0
16,116,-2.175,5.825,-1,0
17,116,-2.125,5.825,-1,0
18,116,-2.075,5.825,-1,0
19,116,-2.025,5.825,-1,0
20,116,-1.975,5.825,-1,0
21,116,-1.925,5.825,-1,0
22,116,-1.875,5.825,-1,0
23,116,-1.825,5.825,-1,0
24,116,-1.775,5.825,-1,0
25,116,-1.725,5.825,-1,0
26,116,-1.675,5.825,-1,0
27,116,-1.625,5.825,-1,0
28,116,-1.575,5.825,-1,0
29,116,-1.525,5.825,-1,0
30,116,-1.475,5.825,-1,0
31,116,-1.425,5.825,-1,0
32,116,-1.375,5.825,-1,0
33,116,-1.325,5.825,-1,0
34,116,-1.275,5.825,-1,0
35,116,-1.225,5.825,143,18
36,116,-1.175,5.825,2574,15
37,116,-1.125,5.825,3001,9
38,116,-1.075,5.825,11033,12
39,116,-1.025,5.825,797,12
40,116,-0.975,5.825,3324,16
41,116,-0.925,5.825,3426,12
42,116,-0.875,5.825,11087,6
43,116,-0.825,5.825,-1,0
44,116,-0.775,5.825,-1,0
45,116,-0.725,5.825,-1,0
46,116,-0.675,5.825,35749,4
47,116,-0.625,5.825,31681,13
48,116,-0.575,5.825,33879,11
49,116,-0.525,5.825,1696,8
50,116,-0.475,5.825,14933,7
51,116,-0.425,5.825,3649,5
52,116,-0.375,5.825,13519,2
53,116,-0.325,5.825,31153,3
54,116,-0.275,5.825,16709,15
55,116,-0.225,5.825,28496,2
56,116,-0.175,5.825,35688,4
57,116,-0.125,5.825,33567,2
58,116,-0.075,5.825,11512,2
59,116,-0.025,5.825,43952,4
60,116,0.025,5.825,16876,10
61,116,0.075,5.825,13357,8
62,116,0.125,5.825,543,7
63,116,0.175,5.825,9496,7
64,116,0.225,5.825,2076,18
65,116,0.275,5.825,17444,3
66,116,0.325,5.825,-1,0
67,116,0.375,5.825,-1,0
68,116,0.425,5.825,1270,17
69,116,0.475,5.825,1285,18
70,116,0.525,5.825,-1,0
71,116,0.575,5.825,43270,3
72,116,0.625,5.825,3708,4
73,116,0.675,5.825,7348,12
74,116,0.725,5.825,7039,7
75,116,0.775,5.825,45322,5
76,116,0.825,5.825,27560,5
77,116,0.875,5.825,4576,12
78,116,0.925,5.825,20147,2
79,116,0.975,5.825,33923,5
80,116,1.025,5.825,42848,5
81,116,1.075,5.825,4623,5
82,116,1.125,5.825,17683,5
83,116,1.175,5.825,10199,8
84,116,1.225,5.825,74471,1
85,116,1.275,5.825,25696,3
86,116,1.325,5.825,-1,0
87,116,1.375,5.825,16254,6
88,116,1.425,5.825,2497,10
89,116,1.475,5.825,211,11
90,116,1.525,5.825,25595,10
91,116,1.575,5.825,-1,0
92,116,1.625,5.825,-1,0
93,116,1.675,5.825,-1,0
94,116,1.725,5.825,-1,0
95,116,1.775,5.825,530,26
96,116,1.825,5.825,3787,33
97,116,1.875,5.825,2148,23
98,116,1.925,5.825,6177,23
99,116,1.975,5.825,-1,0
100,116,2.025,5.825,-1,0
101,116,2.075,5.825,-1,0
102,116,2.125,5.825,-1,0
103,116,2.175,5.825,-1,0
104,116,2.225,5.825,-1,0
105,116,2.275,5.825,-1,0
106,116,2.325,5.825,-1,0
107,116,2.375,5.825,-1,0
108,116,2.425,5.825,-1,0
109,116,2.475,5.825,-1,0
110,116,2.525,5.825,-1,0
111,116,2.575,5.825,-1,0
112,116,2.625,5.825,-1,0
113,116,2.675,5.825,-1,0
114,116,2.725,5.825,-1,0
115,116,2.775,5.825,-1,0
116,116,2.825,5.825,-1,0
117,116,2.875,5.825,-1,0
118,116,2.925,5.825,-1,0
119,116,2.975,5.825,-1,0
0,117,-2.975,5.875,-1,0
1,117,-2.925,5.875,-1,0
2,117,-2.875,5.875,-1,0
3,117,-2.825,5.875,-1,0
4,117,-2.775,5.875,-1,0
5,117,-2.725,5.875,-1,0
6,117,-2.675,5.875,-1,0
7,117,-2.625,5.875,-1,0
8,117,-2.575,5.875,-1,0
9,117,-2.525,5.875,-1,0
10,117,-2.475,5.875,-1,0
11,117,-2.425,5.875,-1,0
12,117,-2.375,5.875,-1,0
13,117,-2.325,5.875,-1,0
14,117,-2.275,5.875,-1,0
15,117,-2.225,5.875,-1,0
16,117,-2.175,5.875,-1,0
17,117,-2.125,5.875,-1,0
18,117,-2.075,5.875,-1,0
19,117,-2.025,5.875,-1,0
20,117,-1.975,5.875,-1,0
21,117,-1.925,5.875,-1,0
22,117,-1.875,5.875,-1,0
23,117,-1.825,5.875,-1,0
24,117,-1.775,5.875,-1,0
25,117,-1.725,5.875,-1,0
26,117,-1.675,5.875,-1,0
27,117,-1.625,5.875,-1,0
28,117,-1.575,5.875,-1,0
29,117,-1.525,5.875,-1,0
30,117,-1.475,5.875,-1,0
31,117,-1.425,5.875,-1,0
32,117,-1.375,5.875,-1,0
33,117,-1.325,5.875,-1,0
34,117,-1.275,5.875,-1,0
35,117,-1.225,5.875,8348,19
36,117,-1.175,5.875,1160,22
37,117,-1.125,5.875,3130,14
38,117,-1.075,5.875,4179,15
39,117,-1.025,5.875,3673,25
40,117,-0.975,5.875,17865,13
41,117,-0.925,5.875,7616,6
42,117,-0.875,5.875,-1,0
43,117,-0.825,5.875,-1,0
44,117,-0.775,5.875,-1,0
45,117,-0.725,5.875,17709,5
46,117,-0.675,5.875,17527,12
47,117,-0.625,5.875,7727,10
48,117,-0.575,5.875,830,13
49,117,-0.525,5.875,8802,7
50,117,-0.475,5.875,4380,13
51,117,-0.425,5.875,1222,6
52,117,-0.375,5.875,5898,4
53,117,-0.325,5.875,251,11
54,117,-0.275,5.875,14138,5
55,117,-0.225,5.875,-1,0
56,117,-0.175,5.875,24779,8
57,117,-0.125,5.875,17146,4
58,117,-0.075,5.875,15729,6
59,117,-0.025,5.875,21414,4
60,117,0.025,5.875,17809,14
61,117,0.075,5.875,8564,11
62,117,0.125,5.875,77182,1
63,117,0.175,5.875,50,9
64,117,0.225,5.875,4738,20
65,117,0.275,5.875,-1,0
66,117,0.325,5.875,-1,0
67,117,0.375,5.875,-1,0
68,117,0.425,5.875,-1,0
69,117,0.475,5.875,1138,51
70,117,0.525,5.875,-1,0
71,117,0.575,5.875,-1,0
72,117,0.625,5.875,18287,4
73,117,0.675,5.875,14720,10
74,117,0.725,5.875,22954,4
75,117,0.775,5.875,3091,3
76,117,0.825,5.875,6104,6
77,117,0.875,5.875,3339,14
78,117,0.925,5.875,15414,11
79,117,0.975,5.875,87627,1
80,117,1.025,5.875,15395,7
81,117,1.075,5.875,9527,9
82,117,1.125,5.875,18519,4
83,117,1.175,5.875,8086,4
84,117,1.225,5.875,2476,13
85,117,1.275,5.875,4304,8
86,117,1.325,5.875,33287,4
87,117,1.375,5.875,3142,15
88,117,1.425,5.875,297,19
89,117,1.475,5.875,2870,8
90,117,1.525,5.875,899,18
91,117,1.575,5.875,33498,7
92,117,1.625,5.875,-1,0
93,117,1.675,5.875,-1,0
94,117,1.725,5.875,-1,0
95,117,1.775,5.875,-1,0
96,117,1.825,5.875,5415,17
97,117,1.875,5.875,655,40
98,117,1.925,5.875,4453,45
99,117,1.975,5.875,12154,4
100,117,2.025,5.875,-1,0
101,117,2.075,5.875,-1,0
102,117,2.125,5.875,-1,0
103,117,2.175,5.875,-1,0
104,117,2.225,5.875,-1,0
105,117,2.275,5.875,-1,0
106,117,2.325,5.875,-1,0
107,117,2.375,5.875,-1,0
108,117,2.425,5.875,-1,0
109,117,2.475,5.875,-1,0
110,117,2.525,5.875,-1,0
111,117,2.575,5.875,-1,0
112,117,2.625,5.875,-1,0
113,117,2.675,5.875,-1,0
114,117,2.725,5.875,-1,0
115,117,2.775,5.875,-1,0
116,117,2.825,5.875,-1,0
117,117,2.875,5.875,-1,0
118,117,2.925,5.875,-1,0
119,117,2.975,5.875,-1,0
0,118,-2.975,5.925,-1,0
1,118,-2.925,5.925,-1,0
2,118,-2.875,5.925,-1,0
3,118,-2.825,5.925,-1,0
4,118,-2.775,5.925,-1,0
5,118,-2.725,5.925,-1,0
6,118,-2.675,5.925,-1,0
7,118,-2.625,5.925,-1,0
8,118,-2.575,5.925,-1,0
9,118,-2.525,5.925,-1,0
10,118,-2.475,5.925,-1,0
11,118,-2.425,5.925,-1,0
12,118,-2.375,5.925,-1,0
13,118,-2.325,5.925,-1,0
14,118,-2.275,5.925,-1,0
15,118,-2.225,5.925,-1,0
16,118,-2.175,5.925,-1,0
17,118,-2.125,5.925,-1,0
18,118,-2.075,5.925,-1,0
19,118,-2.025,5.925,-1,0
20,118,-1.975,5.925,-1,0
21,118,-1.925,5.925,-1,0
22,118,-1.875,5.925,-1,0
23,118,-1.825,5.925,-1,0
24,118,-1.775,5.925,-1,0
25,118,-1.725,5.925,-1,0
26,118,-1.675,5.925,-1,0
27,118,-1.625,5.925,-1,0
28,118,-1.575,5.925,-1,0
29,118,-1.525,5.925,-1,0
30,118,-1.475,5.925,-1,0
31,118,-1.425,5.925,-1,0
32,118,-1.375,5.925,-1,0
33,118,-1.325,5.925,-1,0
34,118,-1.275,5.925,-1,0
35,118,-1.225,5.925,5440,17
36,118,-1.175,5.925,18202,13
37,118,-1.125,5.925,10764,10
38,118,-1.075,5.925,15424,17
39,118,-1.025,5.925,406,18
40,118,-0.975,5.925,1967,14
41,118,-0.925,5.925,-1,0
42,118,-0.875,5.925,-1,0
43,118,-0.825,5.925,-1,0
44,118,-0.775,5.925,-1,0
45,118,-0.725,5.925,5281,16
46,118,-0.675,5.925,79760,1
47,118,-0.625,5.925,15496,5
48,118,-0.575,5.925,20744,12
49,118,-0.525,5.925,1672,5
50,118,-0.475,5.925,7631,7
51,118,-0.425,5.925,60011,3
52,118,-0.375,5.925,77846,1
53,118,-0.325,5.925,2023,4
54,118,-0.275,5.925,22573,5
55,118,-0.225,5.925,6673,6
56,118,-0.175,5.925,17275,7
57,118,-0.125,5.925,36186,2
58,118,-0.075,5.925,678,10
59,118,-0.025,5.925,10857,5
60,118,0.025,5.925,18368,6
61,118,0.075,5.925,16149,3
62,118,0.125,5.925,-1,0
63,118,0.175,5.925,444,24
64,118,0.225,5.925,84050,1
65,118,0.275,5.925,-1,0
66,118,0.325,5.925,-1,0
67,118,0.375,5.925,-1,0
68,118,0.425,5.925,-1,0
69,118,0.475,5.925,9217,13
70,118,0.525,5.925,-1,0
71,118,0.575,5.925,-1,0
72,118,0.625,5.925,-1,0
73,118,0.675,5.925,29875,5
74,118,0.725,5.925,1489,15
75,118,0.775,5.925,2298,2
76,118,0.825,5.925,7737,8
77,118,0.875,5.925,1449,10
78,118,0.925,5.925,7716,7
79,118,0.975,5.925,1182,12
80,118,1.025,5.925,2665,9
81,118,1.075,5.925,5324,14
82,118,1.125,5.925,20617,4
83,118,1.175,5.925,15040,7
84,118,1.225,5.925,32651,2
85,118,1.275,5.925,122,18
86,118,1.325,5.925,789,4
87,118,1.375,5.925,2948,5
88,118,1.425,5.925,4013,8
89,118,1.475,5.925,194,8
90,118,1.525,5.925,3316,7
91,118,1.575,5.925,2255,5
92,118,1.625,5.925,-1,0
93,118,1.675,5.925,-1,0
94,118,1.725,5.925,-1,0
95,118,1.775,5.925,-1,0
96,118,1.825,5.925,-1,0
97,118,1.875,5.925,723,39
98,118,1.925,5.925,1199,63
99,118,1.975,5.925,7261,17
100,118,2.025,5.925,-1,0
101,118,2.075,5.925,-1,0
102,118,2.125,5.925,-1,0
103,118,2.175,5.925,-1,0
104,118,2.225,5.925,-1,0
105,118,2.275,5.925,-1,0
106,118,2.325,5.925,-1,0
107,118,2.375,5.925,-1,0
108,118,2.425,5.925,-1,0
109,118,2.475,5.925,-1,0
110,118,2.525,5.925,-1,0
111,118,2.575,5.925,-1,0
112,118,2.625,5.925,-1,0
113,118,2.675,5.925,-1,0
114,118,2.725,5.925,-1,0
115,118,2.775,5.925,-1,0
116,118,2.825,5.925,-1,0
117,118,2.875,5.925,-1,0
118,118,2.925,5.925,-1,0
119,118,2.975,5.925,-1,0
0,119,-2.975,5.975,-1,0
1,119,-2.925,5.975,-1,0
2,119,-2.875,5.975,-1,0
3,119,-2.825,5.975,-1,0
4,119,-2.775,5.975,-1,0
5,119,-2.725,5.975,-1,0
6,119,-2.675,5.975,-1,0
7,119,-2.625,5.975,-1,0
8,119,-2.575,5.975,-1,0
9,119,-2.525,5.975,-1,0
10,119,-2.475,5.975,-1,0
11,119,-2.425,5.975,-1,0
12,119,-2.375,5.975,-1,0
13,119,-2.325,5.975,-1,0
14,119,-2.275,5.975,-1,0
15,119,-2.225,5.975,-1,0
16,119,-2.175,5.975,-1,0
17,119,-2.125,5.975,-1,0
18,119,-2.075,5.975,-1,0
19,119,-2.025,5.975,-1,0
20,119,-1.975,5.975,-1,0
21,119,-1.925,5.975,-1,0
22,119,-1.875,5.975,-1,0
23,119,-1.825,5.975,-1,0
24,119,-1.775,5.975,-1,0
25,119,-1.725,5.975,-1,0
26,119,-1.675,5.975,-1,0
27,119,-1.625,5.975,-1,0
28,119,-1.575,5.975,-1,0
29,119,-1.525,5.975,-1,0
30,119,-1.475,5.975,-1,0
31,119,-1.425,5.975,-1,0
32,119,-1.375,5.975,-1,0
33,119,-1.325,5.975,-1,0
34,119,-1.275,5.975,-1,0
35,119,-1.225,5.975,5652,18
36,119,-1.175,5.975,3923,20
37,119,-1.125,5.975,14831,12
38,119,-1.075,5.975,8771,19
39,119,-1.025,5.975,2739,19
40,119,-0.975,5.975,-1,0
41,119,-0.925,5.975,-1,0
42,119,-0.875,5.975,-1,0
43,119,-0.825,5.975,-1,0
44,119,-0.775,5.975,-1,0
45,119,-0.725,5.975,81940,1
46,119,-0.675,5.975,4547,9
47,119,-0.625,5.975,3565,6
48,119,-0.575,5.975,29554,5
49,119,-0.525,5.975,6677,2
50,119,-0.475,5.975,9143,6
51,119,-0.425,5.975,1242,6
52,119,-0.375,5.975,10896,14
53,119,-0.325,5.975,29741,3
54,119,-0.275,5.975,20602,4
55,119,-0.225,5.975,241,4
56,119,-0.175,5.975,28940,6
57,119,-0.125,5.975,1376,10
58,119,-0.075,5.975,12568,7
59,119,-0.025,5.975,29705,2
60,119,0.025,5.975,12500,14
61,119,0.075,5.975,55436,2
62,119,0.125,5.975,-1,0
63,119,0.175,5.975,-1,0
64,119,0.225,5.975,-1,0
65,119,0.275,5.975,-1,0
66,119,0.325,5.975,-1,0
67,119,0.375,5.975,-1,0
68,119,0.425,5.975,12065,10
69,119,0.475,5.975,9682,5
70,119,0.525,5.975,-1,0
71,119,0.575,5.975,-1,0
72,119,0.625,5.975,-1,0
73,119,0.675,5.975,-1,0
74,119,0.725,5.975,6987,6
75,119,0.775,5.975,4758,16
76,119,0.825,5.975,41967,3
77,119,0.875,5.975,14553,9
78,119,0.925,5.975,4405,8
79,119,0.975,5.975,3295,8
80,119,1.025,5.975,48372,2
81,119,1.075,5.975,13040,12
82,119,1.125,5.975,24644,4
83,119,1.175,5.975,608,18
84,119,1.225,5.975,8697,12
85,119,1.275,5.975,6127,5
86,119,1.325,5.975,15124,9
87,119,1.375,5.975,37467,8
88,119,1.425,5.975,18330,6
89,119,1.475,5.975,36,13
90,119,1.525,5.975,2857,10
91,119,1.575,5.975,5338,11
92,119,1.625,5.975,7166,22
93,119,1.675,5.975,-1,0
94,119,1.725,5.975,-1,0
95,119,1.775,5.975,-1,0
96,119,1.825,5.975,-1,0
97,119,1.875,5.975,71085,2
98,119,1.925,5.975,16,95
99,119,1.975,5.975,2408,31
100,119,2.025,5.975,-1,0
101,119,2.075,5.975,-1,0
102,119,2.125,5.975,-1,0
103,119,2.175,5.975,-1,0
104,119,2.225,5.975,-1,0
105,119,2.275,5.975,-1,0
106,119,2.325,5.975,-1,0
107,119,2.375,5.975,-1,0
108,119,2.425,5.975,-1,0
109,119,2.475,5.975,-1,0
110,119,2.525,5.975,-1,0
111,119,2.575,5.975,-1,0
112,119,2.625,5.975,-1,0
113,119,2.675,5.975,-1,0
114,119,2.725,5.975,-1,0
115,119,2.775,5.975,-1,0
116,119,2.825,5.975,-1,0
117,119,2.875,5.975,-1,0
118,119,2.925,5.975,-1,0
119,119,2.975,5.975,-1,0
0,120,-2.975,6.025,-1,0
1,120,-2.925,6.025,-1,0
2,120,-2.875,6.025,-1,0
3,120,-2.825,6.025,-1,0
4,120,-2.775,6.025,-1,0
5,120,-2.725,6.025,-1,0
6,120,-2.675,6.025,-1,0
7,120,-2.625,6.025,-1,0
8,120,-2.575,6.025,-1,0
9,120,-2.525,6.025,-1,0
10,120,-2.475,6.025,-1,0
11,120,-2.425,6.025,-1,0
12,120,-2.375,6.025,-1,0
13,120,-2.325,6.025,-1,0
14,120,-2.275,6.025,-1,0
15,120,-2.225,6.025,-1,0
16,120,-2.175,6.025,-1,0
17,120,-2.125,6.025,-1,0
18,120,-2.075,6.025,-1,0
19,120,-2.025,6.025,-1,0
20,120,-1.975,6.025,-1,0
21,120,-1.925,6.025,-1,0
22,120,-1.875,6.025,-1,0
23,120,-1.825,6.025,-1,0
24,120,-1.775,6.025,-1,0
25,120,-1.725,6.025,-1,0
26,120,-1.675,6.025,-1,0
27,120,-1.625,6.025,-1,0
28,120,-1.575,6.025,-1,0
29,120,-1.525,6.025,-1,0
30,120,-1.475,6.025,-1,0
31,120,-1.425,6.025,-1,0
32,120,-1.375,6.025,-1,0
33,120,-1.325,6.025,-1,0
34,120,-1.275,6.025,-1,0
35,120,-1.225,6.025,7367,24
36,120,-1.175,6.025,594,31
37,120,-1.125,6.025,134,21
38,120,-1.075,6.025,2595,41
39,120,-1.025,6.025,12165,6
40,120,-0.975,6.025,-1,0
41,120,-0.925,6.025,-1,0
42,120,-0.875,6.025,-1,0
43,120,-0.825,6.025,-1,0
44,120,-0.775,6.025,-1,0
45,120,-0.725,6.025,15492,6
46,120,-0.675,6.025,8011,12
47,120,-0.625,6.025,774,14
48,120,-0.575,6.025,3561,12
49,120,-0.525,6.025,980,10
50,120,-0.475,6.025,22755,8
51,120,-0.425,6.025,1389,11
52,120,-0.375,6.025,13666,6
53,120,-0.325,6.025,24186,3
54,120,-0.275,6.025,7305,6
55,120,-0.225,6.025,8843,5
56,120,-0.175,6.025,15711,8
57,120,-0.125,6.025,2417,9
58,120,-0.075,6.025,370,8
59,120,-0.025,6.025,-1,0
60,120,0.025,6.025,3938,22
61,120,0.075,6.025,25580,2
62,120,0.125,6.025,-1,0
63,120,0.175,6.025,-1,0
64,120,0.225,6.025,-1,0
65,120,0.275,6.025,-1,0
66,120,0.325,6.025,-1,0
67,120,0.375,6.025,3121,12
68,120,0.425,6.025,16028,3
69,120,0.475,6.025,4102,6
70,120,0.525,6.025,22347,2
71,120,0.575,6.025,-1,0
72,120,0.625,6.025,-1,0
73,120,0.675,6.025,-1,0
74,120,0.725,6.025,-1,0
75,120,0.775,6.025,11025,4
76,120,0.825,6.025,7487,11
77,120,0.875,6.025,85520,1
78,120,0.925,6.025,996,15
79,120,0.975,6.025,4775,8
80,120,1.025,6.025,75,6
81,120,1.075,6.025,4262,13
82,120,1.125,6.025,7812,7
83,120,1.175,6.025,1519,9
84,120,1.225,6.025,31222,5
85,120,1.275,6.025,274,5
86,120,1.325,6.025,15365,6
87,120,1.375,6.025,20315,4
88,120,1.425,6.025,6881,10
89,120,1.475,6.025,67588,2
90,120,1.525,6.025,12488,6
91,120,1.575,6.025,14913,8
92,120,1.625,6.025,22186,3
93,120,1.675,6.025,-1,0
94,120,1.725,6.025,-1,0
95,120,1.775,6.025,-1,0
96,120,1.825,6.025,-1,0
97,120,1.875,6.025,-1,0
98,120,1.925,6.025,1114,73
99,120,1.975,6.025,112,18
100,120,2.025,6.025,-1,0
101,120,2.075,6.025,-1,0
102,120,2.125,6.025,-1,0
103,120,2.175,6.025,-1,0
104,120,2.225,6.025,-1,0
105,120,2.275,6.025,-1,0
106,120,2.325,6.025,-1,0
107,120,2.375,6.025,-1,0
108,120,2.425,6.025,-1,0
109,120,2.475,6.025,-1,0
110,120,2.525,6.025,-1,0
111,120,2.575,6.025,-1,0
112,120,2.625,6.025,-1,0
113,120,2.675,6.025,-1,0
114,120,2.725,6.025,-1,0
115,120,2.775,6.025,-1,0
116,120,2.825,6.025,-1,0
117,120,2.875,6.025,-1,0
118,120,2.925,6.025,-1,0
119,120,2.975,6.025,-1,0
0,121,-2.975,6.075,-1,0
1,121,-2.925,6.075,-1,0
2,121,-2.875,6.075,-1,0
3,121,-2.825,6.075,-1,0
4,121,-2.775,6.075,-1,0
5,121,-2.725,6.075,-1,0
6,121,-2.675,6.075,-1,0
7,121,-2.625,6.075,-1,0
8,121,-2.575,6.075,-1,0
9,121,-2.525,6.075,-1,0
10,121,-2.475,6.075,-1,0
11,121,-2.425,6.075,-1,0
12,121,-2.375,6.075,-1,0
13,121,-2.325,6.075,-1,0
14,121,-2.275,6.075,-1,0
15,121,-2.225,6.075,-1,0
16,121,-2.175,6.075,-1,0
17,121,-2.125,6.075,-1,0
18,121,-2.075,6.075,-1,0
19,121,-2.025,6.075,-1,0
20,121,-1.975,6.075,-1,0
21,121,-1.925,6.075,-1,0
22,121,-1.875,6.075,-1,0
23,121,-1.825,6.075,-1,0
24,121,-1.775,6.075,-1,0
25,121,-1.725,6.075,-1,0
26,121,-1.675,6.075,-1,0
27,121,-1.625,6.075,-1,0
28,121,-1.575,6.075,-1,0
29,121,-1.525,6.075,-1,0
30,121,-1.475,6.075,-1,0
31,121,-1.425,6.075,-1,0
32,121,-1.375,6.075,-1,0
33,121,-1.325,6.075,-1,0
34,121,-1.275,6.075,-1,0
35,121,-1.225,6.075,8338,21
36,121,-1.175,6.075,64,33
37,121,-1.125,6.075,1882,35
38,121,-1.075,6.075,8550,15
39,121,-1.025,6.075,-1,0
40,121,-0.975,6.075,-1,0
41,121,-0.925,6.075,-1,0
42,121,-0.875,6.075,-1,0
43,121,-0.825,6.075,-1,0
44,121,-0.775,6.075,6253,14
45,121,-0.725,6.075,8555,16
46,121,-0.675,6.075,19314,7
47,121,-0.625,6.075,28008,4
48,121,-0.575,6.075,40186,3
49,121,-0.525,6.075,27869,8
50,121,-0.475,6.075,9686,4
51,121,-0.425,6.075,1274,9
52,121,-0.375,6.075,3365,2
53,121,-0.325,6.075,6587,8
54,121,-0.275,6.075,15824,14
55,121,-0.225,6.075,452,11
56,121,-0.175,6.075,14608,4
57,121,-0.125,6.075,2630,14
58,121,-0.075,6.075,1174,11
59,121,-0.025,6.075,976,10
60,121,0.025,6.075,22128,6
61,121,0.075,6.075,22530,5
62,121,0.125,6.075,3805,2
63,121,0.175,6.075,84417,1
64,121,0.225,6.075,-1,0
65,121,0.275,6.075,-1,0
66,121,0.325,6.075,19976,8
67,121,0.375,6.075,33950,3
68,121,0.425,6.075,416,4
69,121,0.475,6.075,42005,2
70,121,0.525,6.075,460,19
71,121,0.575,6.075,-1,0
72,121,0.625,6.075,-1,0
73,121,0.675,6.075,-1,0
74,121,0.725,6.075,-1,0
75,121,0.775,6.075,-1,0
76,121,0.825,6.075,21329,5
77,121,0.875,6.075,16621,6
78,121,0.925,6.075,6289,3
79,121,0.975,6.075,1083,24
80,121,1.025,6.075,11128,7
81,121,1.075,6.075,1336,22
82,121,1.125,6.075,5160,10
83,121,1.175,6.075,30582,5
84,121,1.225,6.075,6221,18
85,121,1.275,6.075,26016,9
86,121,1.325,6.075,4663,11
87,121,1.375,6.075,18498,10
88,121,1.425,6.075,39768,7
89,121,1.475,6.075,8881,7
90,121,1.525,6.075,22143,6
91,121,1.575,6.075,3251,9
92,121,1.625,6.075,8961,19
93,121,1.675,6.075,2603,21
94,121,1.725,6.075,81996,2
95,121,1.775,6.075,-1,0
96,121,1.825,6.075,-1,0
97,121,1.875,6.075,-1,0
98,121,1.925,6.075,518,14
99,121,1.975,6.075,-1,0
100,121,2.025,6.075,-1,0
101,121,2.075,6.075,-1,0
102,121,2.125,6.075,-1,0
103,121,2.175,6.075,-1,0
104,121,2.225,6.075,-1,0
105,121,2.275,6.075,-1,0
106,121,2.325,6.075,-1,0
107,121,2.375,6.075,-1,0
108,121,2.425,6.075,-1,0
109,121,2.475,6.075,-1,0
110,121,2.525,6.075,-1,0
111,121,2.575,6.075,-1,0
112,121,2.625,6.075,-1,0
113,121,2.675,6.075,-1,0
114,121,2.725,6.075,-1,0
115,121,2.775,6.075,-1,0
116,121,2.825,6.075,-1,0
117,121,2.875,6.075,-1,0
118,121,2.925,6.075,-1,0
119,121,2.975,6.075,-1,0
0,122,-2.975,6.125,-1,0
1,122,-2.925,6.125,-1,0
2,122,-2.875,6.125,-1,0
3,122,-2.825,6.125,-1,0
4,122,-2.775,6.125,-1,0
5,122,-2.725,6.125,-1,0
6,122,-2.675,6.125,-1,0
7,122,-2.625,6.125,-1,0
8,122,-2.575,6.125,-1,0
9,122,-2.525,6.125,-1,0
10,122,-2.475,6.125,-1,0
11,122,-2.425,6.125,-1,0
12,122,-2.375,6.125,-1,0
13,122,-2.325,6.125,-1,0
14,122,-2.275,6.125,-1,0
15,122,-2.225,6.125,-1,0
16,122,-2.175,6.125,-1,0
17,122,-2.125,6.125,-1,0
18,122,-2.075,6.125,-1,0
19,122,-2.025,6.125,-1,0
20,122,-1.975,6.125,-1,0
21,122,-1.925,6.125,-1,0
22,122,-1.875,6.125,-1,0
23,122,-1.825,6.125,-1,0
24,122,-1.775,6.125,-1,0
25,122,-1.725,6.125,-1,0
26,122,-1.675,6.125,-1,0
27,122,-1.625,6.125,-1,0
28,122,-1.575,6.125,-1,0
29,122,-1.525,6.125,-1,0
30,122,-1.475,6.125,-1,0
31,122,-1.425,6.125,-1,0
32,122,-1.375,6.125,-1,0
33,122,-1.325,6.125,-1,0
34,122,-1.275,6.125,-1,0
35,122,-1.225,6.125,5938,17
36,122,-1.175,6.125,2645,42
37,122,-1.125,6.125,6490,51
38,122,-1.075,6.125,13819,2
39,122,-1.025,6.125,-1,0
40,122,-0.975,6.125,-1,0
41,122,-0.925,6.125,-1,0
42,122,-0.875,6.125,-1,0
43,122,-0.825,6.125,-1,0
44,122,-0.775,6.125,-1,0
45,122,-0.725,6.125,46394,2
46,122,-0.675,6.125,14775,8
47,122,-0.625,6.125,25399,5
48,122,-0.575,6.125,21536,8
49,122,-0.525,6.125,10799,7
50,122,-0.475,6.125,3059,7
51,122,-0.425,6.125,33652,3
52,122,-0.375,6.125,7946,10
53,122,-0.325,6.125,1850,10
54,122,-0.275,6.125,14629,13
55,122,-0.225,6.125,6090,6
56,122,-0.175,6.125,30,4
57,122,-0.125,6.125,321,10
58,122,-0.075,6.125,3137,10
59,122,-0.025,6.125,3305,5
60,122,0.025,6.125,5741,7
61,122,0.075,6.125,8638,5
62,122,0.125,6.125,9780,4
63,122,0.175,6.125,39372,3
64,122,0.225,6.125,-1,0
65,122,0.275,6.125,2943,9
66,122,0.325,6.125,10094,3
67,122,0.375,6.125,33008,3
68,122,0.425,6.125,4506,6
69,122,0.475,6.125,-1,0
70,122,0.525,6.125,2518,34
71,122,0.575,6.125,6648,7
72,122,0.625,6.125,-1,0
73,122,0.675,6.125,-1,0
74,122,0.725,6.125,-1,0
75,122,0.775,6.125,-1,0
76,122,0.825,6.125,20266,4
77,122,0.875,6.125,20506,6
78,122,0.925,6.125,13464,5
79,122,0.975,6.125,15877,4
80,122,1.025,6.125,4658,8
81,122,1.075,6.125,25962,7
82,122,1.125,6.125,4416,27
83,122,1.175,6.125,5006,17
84,122,1.225,6.125,7465,14
85,122,1.275,6.125,12511,11
86,122,1.325,6.125,5114,16
87,122,1.375,6.125,7124,10
88,122,1.425,6.125,81,12
89,122,1.475,6.125,1013,14
90,122,1.525,6.125,5868,5
91,122,1.575,6.125,12306,8
92,122,1.625,6.125,1397,12
93,122,1.675,6.125,14493,13
94,122,1.725,6.125,6050,7
95,122,1.775,6.125,-1,0
96,122,1.825,6.125,-1,0
97,122,1.875,6.125,-1,0
98,122,1.925,6.125,-1,0
99,122,1.975,6.125,-1,0
100,122,2.025,6.125,-1,0
101,122,2.075,6.125,-1,0
102,122,2.125,6.125,-1,0
103,122,2.175,6.125,-1,0
104,122,2.225,6.125,-1,0
105,122,2.275,6.125,-1,0
106,122,2.325,6.125,-1,0
107,122,2.375,6.125,-1,0
108,122,2.425,6.125,-1,0
109,122,2.475,6.125,-1,0
110,122,2.525,6.125,-1,0
111,122,2.575,6.125,-1,0
112,122,2.625,6.125,-1,0
113,122,2.675,6.125,-1,0
114,122,2.725,6.125,-1,0
115,122,2.775,6.125,-1,0
116,122,2.825,6.125,-1,0
117,122,2.875,6.125,-1,0
118,122,2.925,6.125,-1,0
119,122,2.975,6.125,-1,0
0,123,-2.975,6.175,-1,0
1,123,-2.925,6.175,-1,0
2,123,-2.875,6.175,-1,0
3,123,-2.825,6.175,-1,0
4,123,-2.775,6.175,-1,0
5,123,-2.725,6.175,-1,0
6,123,-2.675,6.175,-1,0
7,123,-2.625,6.175,-1,0
8,123,-2.575,6.175,-1,0
9,123,-2.525,6.175,-1,0
10,123,-2.475,6.175,-1,0
11,123,-2.425,6.175,-1,0
12,123,-2.375,6.175,-1,0
13,123,-2.325,6.175,-1,0
14,123,-2.275,6.175,-1,0
15,123,-2.225,6.175,-1,0
16,123,-2.175,6.175,-1,0
17,123,-2.125,6.175,-1,0
18,123,-2.075,6.175,-1,0
19,123,-2.025,6.175,-1,0
20,123,-1.975,6.175,-1,0
21,123,-1.925,6.175,-1,0
22,123,-1.875,6.175,-1,0
23,123,-1.825,6.175,-1,0
24,123,-1.775,6.175,-1,0
25,123,-1.725,6.175,-1,0
26,123,-1.675,6.175,-1,0
27,123,-1.625,6.175,-1,0
28,123,-1.575,6.175,-1,0
29,123,-1.525,6.175,-1,0
30,123,-1.475,6.175,-1,0
31,123,-1.425,6.175,-1,0
32,123,-1.375,6.175,-1,0
33,123,-1.325,6.175,-1,0
34,123,-1.275,6.175,-1,0
35,123,-1.225,6.175,1048,4
36,123,-1.175,6.175,387,75
37,123,-1.125,6.175,1573,60
38,123,-1.075,6.175,-1,0
39,123,-1.025,6.175,-1,0
40,123,-0.975,6.175,-1,0
41,123,-0.925,6.175,-1,0
42,123,-0.875,6.175,-1,0
43,123,-0.825,6.175,-1,0
44,123,-0.775,6.175,5446,5
45,123,-0.725,6.175,4185,20
46,123,-0.675,6.175,4339,13
47,123,-0.625,6.175,3310,12
48,123,-0.575,6.175,17814,7
49,123,-0.525,6.175,11869,9
50,123,-0.475,6.175,33473,8
51,123,-0.425,6.175,6606,8
52,123,-0.375,6.175,1000,9
53,123,-0.325,6.175,4334,7
54,123,-0.275,6.175,6929,7
55,123,-0.225,6.175,1594,19
56,123,-0.175,6.175,29380,6
57,123,-0.125,6.175,1581,25
58,123,-0.075,6.175,10564,7
59,123,-0.025,6.175,45010,2
60,123,0.025,6.175,61860,2
61,123,0.075,6.175,4897,7
62,123,0.125,6.175,85890,1
63,123,0.175,6.175,39534,3
64,123,0.225,6.175,23350,3
65,123,0.275,6.175,9841,9
66,123,0.325,6.175,61471,1
67,123,0.375,6.175,-1,0
68,123,0.425,6.175,26334,4
69,123,0.475,6.175,31870,2
70,123,0.525,6.175,873,26
71,123,0.575,6.175,10981,8
72,123,0.625,6.175,23941,4
73,123,0.675,6.175,1755,5
74,123,0.725,6.175,-1,0
75,123,0.775,6.175,-1,0
76,123,0.825,6.175,62975,1
77,123,0.875,6.175,4818,7
78,123,0.925,6.175,11608,5
79,123,0.975,6.175,8738,6
80,123,1.025,6.175,13023,7
81,123,1.075,6.175,4028,9
82,123,1.125,6.175,4717,13
83,123,1.175,6.175,8280,7
84,123,1.225,6.175,5791,28
85,123,1.275,6.175,1369,13
86,123,1.325,6.175,5884,21
87,123,1.375,6.175,4019,12
88,123,1.425,6.175,11884,27
89,123,1.475,6.175,18607,8
90,123,1.525,6.175,14163,7
91,123,1.575,6.175,1650,13
92,123,1.625,6.175,16657,12
93,123,1.675,6.175,641,19
94,123,1.725,6.175,1947,23
95,123,1.775,6.175,9926,1
96,123,1.825,6.175,-1,0
97,123,1.875,6.175,-1,0
98,123,1.925,6.175,-1,0
99,123,1.975,6.175,-1,0
100,123,2.025,6.175,-1,0
101,123,2.075,6.175,-1,0
102,123,2.125,6.175,-1,0
103,123,2.175,6.175,-1,0
104,123,2.225,6.175,-1,0
105,123,2.275,6.175,-1,0
106,123,2.325,6.175,-1,0
107,123,2.375,6.175,-1,0
108,123,2.425,6.175,-1,0
109,123,2.475,6.175,-1,0
110,123,2.525,6.175,-1,0
111,123,2.575,6.175,-1,0
112,123,2.625,6.175,-1,0
113,123,2.675,6.175,-1,0
114,123,2.725,6.175,-1,0
115,123,2.775,6.175,-1,0
116,123,2.825,6.175,-1,0
117,123,2.875,6.175,-1,0
118,123,2.925,6.175,-1,0
119,123,2.975,6.175,-1,0
0,124,-2.975,6.225,-1,0
1,124,-2.925,6.225,-1,0
2,124,-2.875,6.225,-1,0
3,124,-2.825,6.225,-1,0
4,124,-2.775,6.225,-1,0
5,124,-2.725,6.225,-1,0
6,124,-2.675,6.225,-1,0
7,124,-2.625,6.225,-1,0
8,124,-2.575,6.225,-1,0
9,124,-2.525,6.225,-1,0
10,124,-2.475,6.225,-1,0
11,124,-2.425,6.225,-1,0
12,124,-2.375,6.225,-1,0
13,124,-2.325,6.225,-1,0
14,124,-2.275,6.225,-1,0
15,124,-2.225,6.225,-1,0
16,124,-2.175,6.225,-1,0
17,124,-2.125,6.225,-1,0
18,124,-2.075,6.225,-1,0
19,124,-2.025,6.225,-1,0
20,124,-1.975,6.225,-1,0
21,124,-1.925,6.225,-1,0
22,124,-1.875,6.225,-1,0
23,124,-1.825,6.225,-1,0
24,124,-1.775,6.225,-1,0
25,124,-1.725,6.225,-1,0
26,124,-1.675,6.225,-1,0
27,124,-1.625,6.225,-1,0
28,124,-1.575,6.225,-1,0
29,124,-1.525,6.225,-1,0
30,124,-1.475,6.225,-1,0
31,124,-1.425,6.225,-1,0
32,124,-1.375,6.225,-1,0
33,124,-1.325,6.225,-1,0
34,124,-1.275,6.225,-1,0
35,124,-1.225,6.225,-1,0
36,124,-1.175,6.225,3231,56
37,124,-1.125,6.225,1032,56
38,124,-1.075,6.225,-1,0
39,124,-1.025,6.225,-1,0
40,124,-0.975,6.225,-1,0
41,124,-0.925,6.225,-1,0
42,124,-0.875,6.225,-1,0
43,124,-0.825,6.225,-1,0
44,124,-0.775,6.225,4543,27
45,124,-0.725,6.225,35755,6
46,124,-0.675,6.225,13525,8
47,124,-0.625,6.225,2065,8
48,124,-0.575,6.225,31246,5
49,124,-0.525,6.225,4107,8
50,124,-0.475,6.225,16235,3
51,124,-0.425,6.225,8246,10
52,124,-0.375,6.225,5118,10
53,124,-0.325,6.225,16794,7
54,124,-0.275,6.225,12115,3
55,124,-0.225,6.225,582,26
56,124,-0.175,6.225,840,15
57,124,-0.125,6.225,9657,4
58,124,-0.075,6.225,5344,3
59,124,-0.025,6.225,4966,4
60,124,0.025,6.225,2206,11
61,124,0.075,6.225,51976,2
62,124,0.125,6.225,17253,7
63,124,0.175,6.225,-1,0
64,124,0.225,6.225,3834,15
65,124,0.275,6.225,55446,1
66,124,0.325,6.225,19171,2
67,124,0.375,6.225,37218,3
68,124,0.425,6.225,27248,1
69,124,0.475,6.225,28277,6
70,124,0.525,6.225,1627,39
71,124,0.575,6.225,7747,1
72,124,0.625,6.225,27768,4
73,124,0.675,6.225,36284,4
74,124,0.725,6.225,1547,7
75,124,0.775,6.225,10704,3
76,124,0.825,6.225,8025,4
77,124,0.875,6.225,30767,2
78,124,0.925,6.225,15628,5
79,124,0.975,6.225,3967,9
80,124,1.025,6.225,18857,7
81,124,1.075,6.225,5234,11
82,124,1.125,6.225,1780,6
83,124,1.175,6.225,9940,7
84,124,1.225,6.225,10774,5
85,124,1.275,6.225,25422,2
86,124,1.325,6.225,66591,3
87,124,1.375,6.225,7233,26
88,124,1.425,6.225,8932,18
89,124,1.475,6.225,615,11
90,124,1.525,6.225,8167,14
91,124,1.575,6.225,7784,9
92,124,1.625,6.225,2559,11
93,124,1.675,6.225,3947,7
94,124,1.725,6.225,739,19
95,124,1.775,6.225,397,23
96,124,1.825,6.225,-1,0
97,124,1.875,6.225,-1,0
98,124,1.925,6.225,-1,0
99,124,1.975,6.225,-1,0
100,124,2.025,6.225,-1,0
101,124,2.075,6.225,-1,0
102,124,2.125,6.225,-1,0
103,124,2.175,6.225,-1,0
104,124,2.225,6.225,-1,0
105,124,2.275,6.225,-1,0
106,124,2.325,6.225,-1,0
107,124,2.375,6.225,-1,0
108,124,2.425,6.225,-1,0
109,124,2.475,6.225,-1,0
110,124,2.525,6.225,-1,0
111,124,2.575,6.225,-1,0
112,124,2.625,6.225,-1,0
113,124,2.675,6.225,-1,0
114,124,2.725,6.225,-1,0
115,124,2.775,6.225,-1,0
116,124,2.825,6.225,-1,0
117,124,2.875,6.225,-1,0
118,124,2.925,6.225,-1,0
119,124,2.975,6.225,-1,0
0,125,-2.975,6.275,-1,0
1,125,-2.925,6.275,-1,0
2,125,-2.875,6.275,-1,0
3,125,-2.825,6.275,-1,0
4,125,-2.775,6.275,-1,0
5,125,-2.725,6.275,-1,0
6,125,-2.675,6.275,-1,0
7,125,-2.625,6.275,-1,0
8,125,-2.575,6.275,-1,0
9,125,-2.525,6.275,-1,0
10,125,-2.475,6.275,-1,0
11,125,-2.425,6.275,-1,0
12,125,-2.375,6.275,-1,0
13,125,-2.325,6.275,-1,0
14,125,-2.275,6.275,-1,0
15,125,-2.225,6.275,-1,0
16,125,-2.175,6.275,-1,0
17,125,-2.125,6.275,-1,0
18,125,-2.075,6.275,-1,0
19,125,-2.025,6.275,-1,0
20,125,-1.975,6.275,-1,0
21,125,-1.925,6.275,-1,0
22,125,-1.875,6.275,-1,0
23,125,-1.825,6.275,-1,0
24,125,-1.775,6.275,-1,0
25,125,-1.725,6.275,-1,0
26,125,-1.675,6.275,-1,0
27,125,-1.625,6.275,-1,0
28,125,-1.575,6.275,-1,0
29,125,-1.525,6.275,-1,0
30,125,-1.475,6.275,-1,0
31,125,-1.425,6.275,-1,0
32,125,-1.375,6.275,-1,0
33,125,-1.325,6.275,-1,0
34,125,-1.275,6.275,-1,0
35,125,-1.225,6.275,-1,0
36,125,-1.175,6.275,18764,7
37,125,-1.125,6.275,1076,69
38,125,-1.075,6.275,-1,0
39,125,-1.025,6.275,-1,0
40,125,-0.975,6.275,-1,0
41,125,-0.925,6.275,-1,0
42,125,-0.875,6.275,-1,0
43,125,-0.825,6.275,-1,0
44,125,-0.775,6.275,8211,9
45,125,-0.725,6.275,1791,15
46,125,-0.675,6.275,1248,10
47,125,-0.625,6.275,549,6
48,125,-0.575,6.275,3700,10
49,125,-0.525,6.275,24620,2
50,125,-0.475,6.275,17500,7
51,125,-0.425,6.275,11692,12
52,125,-0.375,6.275,12878,7
53,125,-0.325,6.275,1151,22
54,125,-0.275,6.275,5581,22
55,125,-0.225,6.275,292,24
56,125,-0.175,6.275,12447,12
57,125,-0.125,6.275,30002,3
58,125,-0.075,6.275,730,13
59,125,-0.025,6.275,25117,8
60,125,0.025,6.275,3044,5
61,125,0.075,6.275,4040,3
62,125,0.125,6.275,7340,7
63,125,0.175,6.275,1468,9
64,125,0.225,6.275,57481,2
65,125,0.275,6.275,46246,3
66,125,0.325,6.275,-1,0
67,125,0.375,6.275,6419,6
68,125,0.425,6.275,168,9
69,125,0.475,6.275,5246,2
70,125,0.525,6.275,361,6
71,125,0.575,6.275,5700,21
72,125,0.625,6.275,30671,4
73,125,0.675,6.275,53434,2
74,125,0.725,6.275,20630,6
75,125,0.775,6.275,-1,0
76,125,0.825,6.275,1346,6
77,125,0.875,6.275,5546,7
78,125,0.925,6.275,9231,5
79,125,0.975,6.275,9386,4
80,125,1.025,6.275,2165,10
81,125,1.075,6.275,8500,4
82,125,1.125,6.275,18646,7
83,125,1.175,6.275,12010,13
84,125,1.225,6.275,332,10
85,125,1.275,6.275,2835,13
86,125,1.325,6.275,3665,18
87,125,1.375,6.275,7528,8
88,125,1.425,6.275,28353,4
89,125,1.475,6.275,6802,12
90,125,1.525,6.275,9093,19
91,125,1.575,6.275,4826,25
92,125,1.625,6.275,12938,15
93,125,1.675,6.275,1147,15
94,125,1.725,6.275,7396,21
95,125,1.775,6.275,5456,24
96,125,1.825,6.275,11803,3
97,125,1.875,6.275,-1,0
98,125,1.925,6.275,-1,0
99,125,1.975,6.275,-1,0
100,125,2.025,6.275,-1,0
101,125,2.075,6.275,-1,0
102,125,2.125,6.275,-1,0
103,125,2.175,6.275,-1,0
104,125,2.225,6.275,-1,0
105,125,2.275,6.275,-1,0
106,125,2.325,6.275,-1,0
107,125,2.375,6.275,-1,0
108,125,2.425,6.275,-1,0
109,125,2.475,6.275,-1,0
110,125,2.525,6.275,-1,0
111,125,2.575,6.275,-1,0
112,125,2.625,6.275,-1,0
113,125,2.675,6.275,-1,0
114,125,2.725,6.275,-1,0
115,125,2.775,6.275,-1,0
116,125,2.825,6.275,-1,0
117,125,2.875,6.275,-1,0
118,125,2.925,6.275,-1,0
119,125,2.975,6.275,-1,0
0,126,-2.975,6.325,-1,0
1,126,-2.925,6.325,-1,0
2,126,-2.875,6.325,-1,0
3,126,-2.825,6.325,-1,0
4,126,-2.775,6.325,-1,0
5,126,-2.725,6.325,-1,0
6,126,-2.675,6.325,-1,0
7,126,-2.625,6.325,-1,0
8,126,-2.575,6.325,-1,0
9,126,-2.525,6.325,-1,0
10,126,-2.475,6.325,-1,0
11,126,-2.425,6.325,-1,0
12,126,-2.375,6.325,-1,0
13,126,-2.325,6.325,-1,0
14,126,-2.275,6.325,-1,0
15,126,-2.225,6.325,-1,0
16,126,-2.175,6.325,-1,0
17,126,-2.125,6.325,-1,0
18,126,-2.075,6.325,-1,0
19,126,-2.025,6.325,-1,0
20,126,-1.975,6.325,-1,0
21,126,-1.925,6.325,-1,0
22,126,-1.875,6.325,-1,0
23,126,-1.825,6.325,-1,0
24,126,-1.775,6.325,-1,0
25,126,-1.725,6.325,-1,0
26,126,-1.675,6.325,-1,0
27,126,-1.625,6.325,-1,0
28,126,-1.575,6.325,-1,0
29,126,-1.525,6.325,-1,0
30,126,-1.475,6.325,-1,0
31,126,-1.425,6.325,-1,0
32,126,-1.375,6.325,-1,0
33,126,-1.325,6.325,-1,0
34,126,-1.275,6.325,-1,0
35,126,-1.225,6.325,-1,0
36,126,-1.175,6.325,-1,0
37,126,-1.125,6.325,-1,0
38,126,-1.075,6.325,-1,0
39,126,-1.025,6.325,-1,0
40,126,-0.975,6.325,-1,0
41,126,-0.925,6.325,-1,0
42,126,-0.875,6.325,-1,0
43,126,-0.825,6.325,14485,11
44,126,-0.775,6.325,26849,16
45,126,-0.725,6.325,1703,15
46,126,-0.675,6.325,1423,7
47,126,-0.625,6.325,14543,5
48,126,-0.575,6.325,15660,5
49,126,-0.525,6.325,2492,11
50,126,-0.475,6.325,1785,12
51,126,-0.425,6.325,8517,15
52,126,-0.375,6.325,199,6
53,126,-0.325,6.325,2851,22
54,126,-0.275,6.325,770,13
55,126,-0.225,6.325,-1,0
56,126,-0.175,6.325,37275,7
57,126,-0.125,6.325,26506,9
58,126,-0.075,6.325,13504,7
59,126,-0.025,6.325,41242,3
60,126,0.025,6.325,8714,4
61,126,0.075,6.325,1417,3
62,126,0.125,6.325,8916,7
63,126,0.175,6.325,26570,6
64,126,0.225,6.325,58454,1
65,126,0.275,6.325,44224,1
66,126,0.325,6.325,1896,8
67,126,0.375,6.325,9863,14
68,126,0.425,6.325,5837,6
69,126,0.475,6.325,1313,7
70,126,0.525,6.325,21077,6
71,126,0.575,6.325,4215,47
72,126,0.625,6.325,27509,3
73,126,0.675,6.325,5470,8
74,126,0.725,6.325,2308,10
75,126,0.775,6.325,5062,3
76,126,0.825,6.325,35778,1
77,126,0.875,6.325,12744,2
78,126,0.925,6.325,2752,6
79,126,0.975,6.325,81120,1
80,126,1.025,6.325,8997,5
81,126,1.075,6.325,-1,0
82,126,1.125,6.325,2276,7
83,126,1.175,6.325,9649,10
84,126,1.225,6.325,663,12
85,126,1.275,6.325,16579,12
86,126,1.325,6.325,7572,2
87,126,1.375,6.325,34734,6
88,126,1.425,6.325,-1,0
89,126,1.475,6.325,-1,0
90,126,1.525,6.325,5109,25
91,126,1.575,6.325,6852,19
92,126,1.625,6.325,8289,22
93,126,1.675,6.325,2285,14
94,126,1.725,6.325,2003,14
95,126,1.775,6.325,6264,21
96,126,1.825,6.325,4157,17
97,126,1.875,6.325,-1,0
98,126,1.925,6.325,-1,0
99,126,1.975,6.325,-1,0
100,126,2.025,6.325,-1,0
101,126,2.075,6.325,-1,0
102,126,2.125,6.325,-1,0
103,126,2.175,6.325,-1,0
104,126,2.225,6.325,-1,0
105,126,2.275,6.325,-1,0
106,126,2.325,6.325,-1,0
107,126,2.375,6.325,-1,0
108,126,2.425,6.325,-1,0
109,126,2.475,6.325,-1,0
110,126,2.525,6.325,-1,0
111,126,2.575,6.325,-1,0
112,126,2.625,6.325,-1,0
113,126,2.675,6.325,-1,0
114,126,2.725,6.325,-1,0
115,126,2.775,6.325,-1,0
116,126,2.825,6.325,-1,0
117,126,2.875,6.325,-1,0
118,126,2.925,6.325,-1,0
119,126,2.975,6.325,-1,0
0,127,-2.975,6.375,-1,0
1,127,-2.925,6.375,-1,0
2,127,-2.875,6.375,-1,0
3,127,-2.825,6.375,-1,0
4,127,-2.775,6.375,-1,0
5,127,-2.725,6.375,-1,0
6,127,-2.675,6.375,-1,0
7,127,-2.625,6.375,-1,0
8,127,-2.575,6.375,-1,0
9,127,-2.525,6.375,-1,0
10,127,-2.475,6.375,-1,0
11,127,-2.425,6.375,-1,0
12,127,-2.375,6.375,-1,0
13,127,-2.325,6.375,-1,0
14,127,-2.275,6.375,-1,0
15,127,-2.225,6.375,-1,0
16,127,-2.175,6.375,-1,0
17,127,-2.125,6.375,-1,0
18,127,-2.075,6.375,-1,0
19,127,-2.025,6.375,-1,0
20,127,-1.975,6.375,-1,0
21,127,-1.925,6.375,-1,0
22,127,-1.875,6.375,-1,0
23,127,-1.825,6.375,-1,0
24,127,-1.775,6.375,-1,0
25,127,-1.725,6.375,-1,0
26,127,-1.675,6.375,-1,0
27,127,-1.625,6.375,-1,0
28,127,-1.575,6.375,-1,0
29,127,-1.525,6.375,-1,0
30,127,-1.475,6.375,-1,0
31,127,-1.425,6.375,-1,0
32,127,-1.375,6.375,-1,0
33,127,-1.325,6.375,-1,0
34,127,-1.275,6.375,-1,0
35,127,-1.225,6.375,-1,0
36,127,-1.175,6.375,-1,0
37,127,-1.125,6.375,-1,0
38,127,-1.075,6.375,-1,0
39,127,-1.025,6.375,-1,0
40,127,-0.975,6.375,-1,0
41,127,-0.925,6.375,-1,0
42,127,-0.875,6.375,-1,0
43,127,-0.825,6.375,-1,0
44,127,-0.775,6.375,556,17
45,127,-0.725,6.375,23579,8
46,127,-0.675,6.375,31778,9
47,127,-0.625,6.375,24031,11
48,127,-0.575,6.375,6627,11
49,127,-0.525,6.375,5502,11
50,127,-0.475,6.375,16173,12
51,127,-0.425,6.375,11364,14
52,127,-0.375,6.375,30869,7
53,127,-0.325,6.375,21,11
54,127,-0.275,6.375,6164,1
55,127,-0.225,6.375,3107,17
56,127,-0.175,6.375,52003,5
57,127,-0.125,6.375,6196,7
58,127,-0.075,6.375,633,4
59,127,-0.025,6.375,57882,3
60,127,0.025,6.375,27129,4
61,127,0.075,6.375,29925,2
62,127,0.125,6.375,1747,7
63,127,0.175,6.375,22966,7
64,127,0.225,6.375,30469,4
65,127,0.275,6.375,9192,6
66,127,0.325,6.375,1510,4
67,127,0.375,6.375,14952,8
68,127,0.425,6.375,19809,7
69,127,0.475,6.375,22485,8
70,127,0.525,6.375,-1,0
71,127,0.575,6.375,1007,36
72,127,0.625,6.375,18695,4
73,127,0.675,6.375,44314,3
74,127,0.725,6.375,24615,3
75,127,0.775,6.375,17052,5
76,127,0.825,6.375,7847,5
77,127,0.875,6.375,6602,8
78,127,0.925,6.375,43737,4
79,127,0.975,6.375,1869,6
80,127,1.025,6.375,3544,11
81,127,1.075,6.375,13886,9
82,127,1.125,6.375,14298,6
83,127,1.175,6.375,7051,7
84,127,1.225,6.375,5968,9
85,127,1.275,6.375,6686,6
86,127,1.325,6.375,10402,14
87,127,1.375,6.375,5089,6
88,127,1.425,6.375,3007,4
89,127,1.475,6.375,-1,0
90,127,1.525,6.375,-1,0
91,127,1.575,6.375,12469,10
92,127,1.625,6.375,9284,23
93,127,1.675,6.375,2265,31
94,127,1.725,6.375,1557,17
95,127,1.775,6.375,6737,19
96,127,1.825,6.375,1979,30
97,127,1.875,6.375,-1,0
98,127,1.925,6.375,-1,0
99,127,1.975,6.375,-1,0
100,127,2.025,6.375,-1,0
101,127,2.075,6.375,-1,0
102,127,2.125,6.375,-1,0
103,127,2.175,6.375,-1,0
104,127,2.225,6.375,-1,0
105,127,2.275,6.375,-1,0
106,127,2.325,6.375,-1,0
107,127,2.375,6.375,-1,0
108,127,2.425,6.375,-1,0
109,127,2.475,6.375,-1,0
110,127,2.525,6.375,-1,0
111,127,2.575,6.375,-1,0
112,127,2.625,6.375,-1,0
113,127,2.675,6.375,-1,0
114,127,2.725,6.375,-1,0
115,127,2.775,6.375,-1,0
116,127,2.825,6.375,-1,0
117,127,2.875,6.375,-1,0
118,127,2.925,6.375,-1,0
119,127,2.975,6.375,-1,0
0,128,-2.975,6.425,-1,0
1,128,-2.925,6.425,-1,0
2,128,-2.875,6.425,-1,0
3,128,-2.825,6.425,-1,0
4,128,-2.775,6.425,-1,0
5,128,-2.725,6.425,-1,0
6,128,-2.675,6.425,-1,0
7,128,-2.625,6.425,-1,0
8,128,-2.575,6.425,-1,0
9,128,-2.525,6.425,-1,0
10,128,-2.475,6.425,-1,0
11,128,-2.425,6.425,-1,0
12,128,-2.375,6.425,-1,0
13,128,-2.325,6.425,-1,0
14,128,-2.275,6.425,-1,0
15,128,-2.225,6.425,-1,0
16,128,-2.175,6.425,-1,0
17,128,-2.125,6.425,-1,0
18,128,-2.075,6.425,-1,0
19,128,-2.025,6.425,-1,0
20,128,-1.975,6.425,-1,0
21,128,-1.925,6.425,-1,0
22,128,-1.875,6.425,-1,0
23,128,-1.825,6.425,-1,0
24,128,-1.775,6.425,-1,0
25,128,-1.725,6.425,-1,0
26,128,-1.675,6.425,-1,0
27,128,-1.625,6.425,-1,0
28,128,-1.575,6.425,-1,0
29,128,-1.525,6.425,-1,0
30,128,-1.475,6.425,-1,0
31,128,-1.425,6.425,-1,0
32,128,-1.375,6.425,-1,0
33,128,-1.325,6.425,-1,0
34,128,-1.275,6.425,-1,0
35,128,-1.225,6.425,-1,0
36,128,-1.175,6.425,-1,0
37,128,-1.125,6.425,-1,0
38,128,-1.075,6.425,-1,0
39,128,-1.025,6.425,-1,0
40,128,-0.975,6.425,-1,0
41,128,-0.925,6.425,-1,0
42,128,-0.875,6.425,-1,0
43,128,-0.825,6.425,7011,13
44,128,-0.775,6.425,3434,15
45,128,-0.725,6.425,206,16
46,128,-0.675,6.425,5748,9
47,128,-0.625,6.425,6655,11
48,128,-0.575,6.425,7355,12
49,128,-0.525,6.425,7057,6
50,128,-0.475,6.425,2510,14
51,128,-0.425,6.425,536,19
52,128,-0.375,6.425,-1,0
53,128,-0.325,6.425,85733,1
54,128,-0.275,6.425,2797,9
55,128,-0.225,6.425,8118,13
56,128,-0.175,6.425,15578,5
57,128,-0.125,6.425,8108,6
58,128,-0.075,6.425,3849,5
59,128,-0.025,6.425,5598,7
60,128,0.025,6.425,2382,7
61,128,0.075,6.425,10727,7
62,128,0.125,6.425,2359,1
63,128,0.175,6.425,16740,2
64,128,0.225,6.425,8230,9
65,128,0.275,6.425,33872,6
66,128,0.325,6.425,18046,3
67,128,0.375,6.425,2993,8
68,128,0.425,6.425,11135,6
69,128,0.475,6.425,1643,11
70,128,0.525,6.425,-1,0
71,128,0.575,6.425,4048,29
72,128,0.625,6.425,7449,1
73,128,0.675,6.425,9173,5
74,128,0.725,6.425,25523,4
75,128,0.775,6.425,19435,8
76,128,0.825,6.425,19898,7
77,128,0.875,6.425,2975,6
78,128,0.925,6.425,2487,9
79,128,0.975,6.425,6951,4
80,128,1.025,6.425,39317,3
81,128,1.075,6.425,2619,10
82,128,1.125,6.425,16499,6
83,128,1.175,6.425,45637,3
84,128,1.225,6.425,4604,5
85,128,1.275,6.425,3997,6
86,128,1.325,6.425,12874,9
87,128,1.375,6.425,1460,14
88,128,1.425,6.425,7888,16
89,128,1.475,6.425,4250,6
90,128,1.525,6.425,-1,0
91,128,1.575,6.425,-1,0
92,128,1.625,6.425,14056,3
93,128,1.675,6.425,8372,11
94,128,1.725,6.425,3163,30
95,128,1.775,6.425,2987,20
96,128,1.825,6.425,1824,32
97,128,1.875,6.425,569,13
98,128,1.925,6.425,-1,0
99,128,1.975,6.425,-1,0
100,128,2.025,6.425,-1,0
101,128,2.075,6.425,-1,0
102,128,2.125,6.425,-1,0
103,128,2.175,6.425,-1,0
104,128,2.225,6.425,-1,0
105,128,2.275,6.425,-1,0
106,128,2.325,6.425,-1,0
107,128,2.375,6.425,-1,0
108,128,2.425,6.425,-1,0
109,128,2.475,6.425,-1,0
110,128,2.525,6.425,-1,0
111,128,2.575,6.425,-1,0
112,128,2.625,6.425,-1,0
113,128,2.675,6.425,-1,0
114,128,2.725,6.425,-1,0
115,128,2.775,6.425,-1,0
116,128,2.825,6.425,-1,0
117,128,2.875,6.425,-1,0
118,128,2.925,6.425,-1,0
119,128,2.975,6.425,-1,0
0,129,-2.975,6.475,-1,0
1,129,-2.925,6.475,-1,0
2,129,-2.875,6.475,-1,0
3,129,-2.825,6.475,-1,0
4,129,-2.775,6.475,-1,0
5,129,-2.725,6.475,-1,0
6,129,-2.675,6.475,-1,0
7,129,-2.625,6.475,-1,0
8,129,-2.575,6.475,-1,0
9,129,-2.525,6.475,-1,0
10,129,-2.475,6.475,-1,0
11,129,-2.425,6.475,-1,0
12,129,-2.375,6.475,-1,0
13,129,-2.325,6.475,-1,0
14,129,-2.275,6.475,-1,0
15,129,-2.225,6.475,-1,0
16,129,-2.175,6.475,-1,0
17,129,-2.125,6.475,-1,0
18,129,-2.075,6.475,-1,0
19,129,-2.025,6.475,-1,0
20,129,-1.975,6.475,-1,0
21,129,-1.925,6.475,-1,0
22,129,-1.875,6.475,-1,0
23,129,-1.825,6.475,-1,0
24,129,-1.775,6.475,-1,0
25,129,-1.725,6.475,-1,0
26,129,-1.675,6.475,-1,0
27,129,-1.625,6.475,-1,0
28,129,-1.575,6.475,-1,0
29,129,-1.525,6.475,-1,0
30,129,-1.475,6.475,-1,0
31,129,-1.425,6.475,-1,0
32,129,-1.375,6.475,-1,0
33,129,-1.325,6.475,-1,0
34,129,-1.275,6.475,-1,0
35,129,-1.225,6.475,-1,0
36,129,-1.175,6.475,-1,0
37,129,-1.125,6.475,-1,0
38,129,-1.075,6.475,-1,0
39,129,-1.025,6.475,-1,0
40,129,-0.975,6.475,-1,0
41,129,-0.925,6.475,-1,0
42,129,-0.875,6.475,-1,0
43,129,-0.825,6.475,-1,0
44,129,-0.775,6.475,3067,21
45,129,-0.725,6.475,14793,17
46,129,-0.675,6.475,23492,7
47,129,-0.625,6.475,8685,11
48,129,-0.575,6.475,4423,14
49,129,-0.525,6.475,218,14
50,129,-0.475,6.475,6270,17
51,129,-0.425,6.475,-1,0
52,129,-0.375,6.475,-1,0
53,129,-0.325,6.475,9018,20
54,129,-0.275,6.475,12482,13
55,129,-0.225,6.475,31672,4
56,129,-0.175,6.475,7419,10
57,129,-0.125,6.475,4008,14
58,129,-0.075,6.475,1440,3
59,129,-0.025,6.475,43658,2
60,129,0.025,6.475,31772,3
61,129,0.075,6.475,15266,5
62,129,0.125,6.475,11855,4
63,129,0.175,6.475,9815,6
64,129,0.225,6.475,1260,9
65,129,0.275,6.475,8624,6
66,129,0.325,6.475,16559,5
67,129,0.375,6.475,19796,3
68,129,0.425,6.475,1499,8
69,129,0.475,6.475,12002,6
70,129,0.525,6.475,-1,0
71,129,0.575,6.475,6876,7
72,129,0.625,6.475,1323,25
73,129,0.675,6.475,4554,4
74,129,0.725,6.475,3798,7
75,129,0.775,6.475,281,6
76,129,0.825,6.475,1831,10
77,129,0.875,6.475,6321,4
78,129,0.925,6.475,20660,5
79,129,0.975,6.475,16231,13
80,129,1.025,6.475,23899,6
81,129,1.075,6.475,31342,4
82,129,1.125,6.475,7097,3
83,129,1.175,6.475,4856,13
84,129,1.225,6.475,22884,9
85,129,1.275,6.475,40784,6
86,129,1.325,6.475,6536,8
87,129,1.375,6.475,7137,12
88,129,1.425,6.475,17715,10
89,129,1.475,6.475,212,7
90,129,1.525,6.475,37257,3
91,129,1.575,6.475,-1,0
92,129,1.625,6.475,-1,0
93,129,1.675,6.475,-1,0
94,129,1.725,6.475,1959,17
95,129,1.775,6.475,531,44
96,129,1.825,6.475,2149,26
97,129,1.875,6.475,4454,27
98,129,1.925,6.475,-1,0
99,129,1.975,6.475,-1,0
100,129,2.025,6.475,-1,0
101,129,2.075,6.475,-1,0
102,129,2.125,6.475,-1,0
103,129,2.175,6.475,-1,0
104,129,2.225,6.475,-1,0
105,129,2.275,6.475,-1,0
106,129,2.325,6.475,-1,0
107,129,2.375,6.475,-1,0
108,129,2.425,6.475,-1,0
109,129,2.475,6.475,-1,0
110,129,2.525,6.475,-1,0
111,129,2.575,6.475,-1,0
112,129,2.625,6.475,-1,0
113,129,2.675,6.475,-1,0
114,129,2.725,6.475,-1,0
115,129,2.775,6.475,-1,0
116,129,2.825,6.475,-1,0
117,129,2.875,6.475,-1,0
118,129,2.925,6.475,-1,0
119,129,2.975,6.475,-1,0
0,130,-2.975,6.525,-1,0
1,130,-2.925,6.525,-1,0
2,130,-2.875,6.525,-1,0
3,130,-2.825,6.525,-1,0
4,130,-2.775,6.525,-1,0
5,130,-2.725,6.525,-1,0
6,130,-2.675,6.525,-1,0
7,130,-2.625,6.525,-1,0
8,130,-2.575,6.525,-1,0
9,130,-2.525,6.525,-1,0
10,130,-2.475,6.525,-1,0
11,130,-2.425,6.525,-1,0
12,130,-2.375,6.525,-1,0
13,130,-2.325,6.525,-1,0
14,130,-2.275,6.525,-1,0
15,130,-2.225,6.525,-1,0
16,130,-2.175,6.525,-1,0
17,130,-2.125,6.525,-1,0
18,130,-2.075,6.525,-1,0
19,130,-2.025,6.525,-1,0
20,130,-1.975,6.525,-1,0
21,130,-1.925,6.525,-1,0
22,130,-1.875,6.525,-1,0
23,130,-1.825,6.525,-1,0
24,130,-1.775,6.525,-1,0
25,130,-1.725,6.525,-1,0
26,130,-1.675,6.525,-1,0
27,130,-1.625,6.525,-1,0
28,130,-1.575,6.525,-1,0
29,130,-1.525,6.525,-1,0
30,130,-1.475,6.525,-1,0
31,130,-1.425,6.525,-1,0
32,130,-1.375,6.525,-1,0
33,130,-1.325,6.525,-1,0
34,130,-1.275,6.525,-1,0
35,130,-1.225,6.525,-1,0
36,130,-1.175,6.525,-1,0
37,130,-1.125,6.525,-1,0
38,130,-1.075,6.525,-1,0
39,130,-1.025,6.525,-1,0
40,130,-0.975,6.525,-1,0
41,130,-0.925,6.525,-1,0
42,130,-0.875,6.525,-1,0
43,130,-0.825,6.525,2723,13
44,130,-0.775,6.525,2242,16
45,130,-0.725,6.525,18550,7
46,130,-0.675,6.525,1635,16
47,130,-0.625,6.525,3099,16
48,130,-0.575,6.525,8187,14
49,130,-0.525,6.525,2451,20
50,130,-0.475,6.525,2234,9
51,130,-0.425,6.525,-1,0
52,130,-0.375,6.525,-1,0
53,130,-0.325,6.525,16093,6
54,130,-0.275,6.525,83514,2
55,130,-0.225,6.525,11004,5
56,130,-0.175,6.525,30363,6
57,130,-0.125,6.525,189,4
58,130,-0.075,6.525,49161,1
59,130,-0.025,6.525,5674,2
60,130,0.025,6.525,2060,4
61,130,0.075,6.525,23568,7
62,130,0.125,6.525,24115,8
63,130,0.175,6.525,11513,2
64,130,0.225,6.525,2340,9
65,130,0.275,6.525,31901,4
66,130,0.325,6.525,544,12
67,130,0.375,6.525,44772,3
68,130,0.425,6.525,2077,12
69,130,0.475,6.525,17445,4
70,130,0.525,6.525,-1,0
71,130,0.575,6.525,-1,0
72,130,0.625,6.525,1286,33
73,130,0.675,6.525,-1,0
74,130,0.725,6.525,7375,1
75,130,0.775,6.525,3709,8
76,130,0.825,6.525,22617,12
77,130,0.875,6.525,7040,9
78,130,0.925,6.525,39751,4
79,130,0.975,6.525,4577,14
80,130,1.025,6.525,15415,8
81,130,1.075,6.525,33924,7
82,130,1.125,6.525,4624,4
83,130,1.175,6.525,17684,3
84,130,1.225,6.525,10200,9
85,130,1.275,6.525,22872,7
86,130,1.325,6.525,21551,7
87,130,1.375,6.525,5019,5
88,130,1.425,6.525,298,18
89,130,1.475,6.525,2498,14
90,130,1.525,6.525,900,31
91,130,1.575,6.525,33499,6
92,130,1.625,6.525,-1,0
93,130,1.675,6.525,-1,0
94,130,1.725,6.525,-1,0
95,130,1.775,6.525,5416,8
96,130,1.825,6.525,724,44
97,130,1.875,6.525,4522,54
98,130,1.925,6.525,-1,0
99,130,1.975,6.525,-1,0
100,130,2.025,6.525,-1,0
101,130,2.075,6.525,-1,0
102,130,2.125,6.525,-1,0
103,130,2.175,6.525,-1,0
104,130,2.225,6.525,-1,0
105,130,2.275,6.525,-1,0
106,130,2.325,6.525,-1,0
107,130,2.375,6.525,-1,0
108,130,2.425,6.525,-1,0
109,130,2.475,6.525,-1,0
110,130,2.525,6.525,-1,0
111,130,2.575,6.525,-1,0
112,130,2.625,6.525,-1,0
113,130,2.675,6.525,-1,0
114,130,2.725,6.525,-1,0
115,130,2.775,6.525,-1,0
116,130,2.825,6.525,-1,0
117,130,2.875,6.525,-1,0
118,130,2.925,6.525,-1,0
119,130,2.975,6.525,-1,0
0,131,-2.975,6.575,-1,0
1,131,-2.925,6.575,-1,0
2,131,-2.875,6.575,-1,0
3,131,-2.825,6.575,-1,0
4,131,-2.775,6.575,-1,0
5,131,-2.725,6.575,-1,0
6,131,-2.675,6.575,-1,0
7,131,-2.625,6.575,-1,0
8,131,-2.575,6.575,-1,0
9,131,-2.525,6.575,-1,0
10,131,-2.475,6.575,-1,0
11,131,-2.425,6.575,-1,0
12,131,-2.375,6.575,-1,0
13,131,-2.325,6.575,-1,0
14,131,-2.275,6.575,-1,0
15,131,-2.225,6.575,-1,0
16,131,-2.175,6.575,-1,0
17,131,-2.125,6.575,-1,0
18,131,-2.075,6.575,-1,0
19,131,-2.025,6.575,-1,0
20,131,-1.975,6.575,-1,0
21,131,-1.925,6.575,-1,0
22,131,-1.875,6.575,-1,0
23,131,-1.825,6.575,-1,0
24,131,-1.775,6.575,-1,0
25,131,-1.725,6.575,-1,0
26,131,-1.675,6.575,-1,0
27,131,-1.625,6.575,-1,0
28,131,-1.575,6.575,-1,0
29,131,-1.525,6.575,-1,0
30,131,-1.475,6.575,-1,0
31,131,-1.425,6.575,-1,0
32,131,-1.375,6.575,-1,0
33,131,-1.325,6.575,-1,0
34,131,-1.275,6.575,-1,0
35,131,-1.225,6.575,-1,0
36,131,-1.175,6.575,-1,0
37,131,-1.125,6.575,-1,0
38,131,-1.075,6.575,-1,0
39,131,-1.025,6.575,-1,0
40,131,-0.975,6.575,-1,0
41,131,-0.925,6.575,-1,0
42,131,-0.875,6.575,-1,0
43,131,-0.825,6.575,144,13
44,131,-0.775,6.575,2575,21
45,131,-0.725,6.575,1603,16
46,131,-0.675,6.575,13441,14
47,131,-0.625,6.575,13161,14
48,131,-0.575,6.575,89,19
49,131,-0.525,6.575,8954,14
50,131,-0.475,6.575,-1,0
51,131,-0.425,6.575,-1,0
52,131,-0.375,6.575,-1,0
53,131,-0.325,6.575,35750,9
54,131,-0.275,6.575,31682,11
55,131,-0.225,6.575,8803,14
56,131,-0.175,6.575,1697,7
57,131,-0.125,6.575,3650,7
58,131,-0.075,6.575,12536,4
59,131,-0.025,6.575,16710,15
60,131,0.025,6.575,14139,4
61,131,0.075,6.575,28497,4
62,131,0.125,6.575,17147,3
63,131,0.175,6.575,53970,3
64,131,0.225,6.575,21415,3
65,131,0.275,6.575,16877,18
66,131,0.325,6.575,5299,9
67,131,0.375,6.575,51,8
68,131,0.425,6.575,4739,27
69,131,0.475,6.575,-1,0
70,131,0.525,6.575,-1,0
71,131,0.575,6.575,-1,0
72,131,0.625,6.575,1139,48
73,131,0.675,6.575,-1,0
74,131,0.725,6.575,-1,0
75,131,0.775,6.575,14721,5
76,131,0.825,6.575,15741,12
77,131,0.875,6.575,1490,3
78,131,0.925,6.575,3092,6
79,131,0.975,6.575,12266,11
80,131,1.025,6.575,6749,10
81,131,1.075,6.575,2666,7
82,131,1.125,6.575,26984,10
83,131,1.175,6.575,12077,8
84,131,1.225,6.575,8087,6
85,131,1.275,6.575,2477,7
86,131,1.325,6.575,123,19
87,131,1.375,6.575,790,5
88,131,1.425,6.575,3143,9
89,131,1.475,6.575,195,9
90,131,1.525,6.575,3317,11
91,131,1.575,6.575,2256,7
92,131,1.625,6.575,-1,0
93,131,1.675,6.575,-1,0
94,131,1.725,6.575,-1,0
95,131,1.775,6.575,-1,0
96,131,1.825,6.575,7412,20
97,131,1.875,6.575,17,89
98,131,1.925,6.575,7609,15
99,131,1.975,6.575,-1,0
100,131,2.025,6.575,-1,0
101,131,2.075,6.575,-1,0
102,131,2.125,6.575,-1,0
103,131,2.175,6.575,-1,0
104,131,2.225,6.575,-1,0
105,131,2.275,6.575,-1,0
106,131,2.325,6.575,-1,0
107,131,2.375,6.575,-1,0
108,131,2.425,6.575,-1,0
109,131,2.475,6.575,-1,0
110,131,2.525,6.575,-1,0
111,131,2.575,6.575,-1,0
112,131,2.625,6.575,-1,0
113,131,2.675,6.575,-1,0
114,131,2.725,6.575,-1,0
115,131,2.775,6.575,-1,0
116,131,2.825,6.575,-1,0
117,131,2.875,6.575,-1,0
118,131,2.925,6.575,-1,0
119,131,2.975,6.575,-1,0
0,132,-2.975,6.625,-1,0
1,132,-2.925,6.625,-1,0
2,132,-2.875,6.625,-1,0
3,132,-2.825,6.625,-1,0
4,132,-2.775,6.625,-1,0
5,132,-2.725,6.625,-1,0
6,132,-2.675,6.625,-1,0
7,132,-2.625,6.625,-1,0
8,132,-2.575,6.625,-1,0
9,132,-2.525,6.625,-1,0
10,132,-2.475,6.625,-1,0
11,132,-2.425,6.625,-1,0
12,132,-2.375,6.625,-1,0
13,132,-2.325,6.625,-1,0
14,132,-2.275,6.625,-1,0
15,132,-2.225,6.625,-1,0
16,132,-2.175,6.625,-1,0
17,132,-2.125,6.625,-1,0
18,132,-2.075,6.625,-1,0
19,132,-2.025,6.625,-1,0
20,132,-1.975,6.625,-1,0
21,132,-1.925,6.625,-1,0
22,132,-1.875,6.625,-1,0
23,132,-1.825,6.625,-1,0
24,132,-1.775,6.625,-1,0
25,132,-1.725,6.625,-1,0
26,132,-1.675,6.625,-1,0
27,132,-1.625,6.625,-1,0
28,132,-1.575,6.625,-1,0
29,132,-1.525,6.625,-1,0
30,132,-1.475,6.625,-1,0
31,132,-1.425,6.625,-1,0
32,132,-1.375,6.625,-1,0
33,132,-1.325,6.625,-1,0
34,132,-1.275,6.625,-1,0
35,132,-1.225,6.625,-1,0
36,132,-1.175,6.625,-1,0
37,132,-1.125,6.625,-1,0
38,132,-1.075,6.625,-1,0
39,132,-1.025,6.625,-1,0
40,132,-0.975,6.625,-1,0
41,132,-0.925,6.625,-1,0
42,132,-0.875,6.625,-1,0
43,132,-0.825,6.625,33738,7
44,132,-0.775,6.625,1161,29
45,132,-0.725,6.625,3131,16
46,132,-0.675,6.625,4180,15
47,132,-0.625,6.625,798,22
48,132,-0.575,6.625,7617,16
49,132,-0.525,6.625,-1,0
50,132,-0.475,6.625,-1,0
51,132,-0.425,6.625,-1,0
52,132,-0.375,6.625,17528,11
53,132,-0.325,6.625,7728,7
54,132,-0.275,6.625,831,12
55,132,-0.225,6.625,1673,10
56,132,-0.175,6.625,2824,15
57,132,-0.125,6.625,1223,4
58,132,-0.075,6.625,2024,4
59,132,-0.025,6.625,252,11
60,132,0.025,6.625,28577,6
61,132,0.075,6.625,17276,10
62,132,0.125,6.625,21950,3
63,132,0.175,6.625,679,12
64,132,0.225,6.625,25828,7
65,132,0.275,6.625,11925,10
66,132,0.325,6.625,16150,2
67,132,0.375,6.625,18911,14
68,132,0.425,6.625,27625,9
69,132,0.475,6.625,-1,0
70,132,0.525,6.625,-1,0
71,132,0.575,6.625,-1,0
72,132,0.625,6.625,9218,10
73,132,0.675,6.625,-1,0
74,132,0.725,6.625,-1,0
75,132,0.775,6.625,-1,0
76,132,0.825,6.625,6988,5
77,132,0.875,6.625,2299,15
78,132,0.925,6.625,78241,1
79,132,0.975,6.625,1450,13
80,132,1.025,6.625,4406,8
81,132,1.075,6.625,1183,10
82,132,1.125,6.625,5325,15
83,132,1.175,6.625,50664,3
84,132,1.225,6.625,11688,10
85,132,1.275,6.625,609,17
86,132,1.325,6.625,6128,8
87,132,1.375,6.625,2949,11
88,132,1.425,6.625,9847,9
89,132,1.475,6.625,14738,9
90,132,1.525,6.625,37,15
91,132,1.575,6.625,11977,10
92,132,1.625,6.625,14897,17
93,132,1.675,6.625,-1,0
94,132,1.725,6.625,-1,0
95,132,1.775,6.625,-1,0
96,132,1.825,6.625,-1,0
97,132,1.875,6.625,861,83
98,132,1.925,6.625,822,22
99,132,1.975,6.625,-1,0
100,132,2.025,6.625,-1,0
101,132,2.075,6.625,-1,0
102,132,2.125,6.625,-1,0
103,132,2.175,6.625,-1,0
104,132,2.225,6.625,-1,0
105,132,2.275,6.625,-1,0
106,132,2.325,6.625,-1,0
107,132,2.375,6.625,-1,0
108,132,2.425,6.625,-1,0
109,132,2.475,6.625,-1,0
110,132,2.525,6.625,-1,0
111,132,2.575,6.625,-1,0
112,132,2.625,6.625,-1,0
113,132,2.675,6.625,-1,0
114,132,2.725,6.625,-1,0
115,132,2.775,6.625,-1,0
116,132,2.825,6.625,-1,0
117,132,2.875,6.625,-1,0
118,132,2.925,6.625,-1,0
119,132,2.975,6.625,-1,0
0,133,-2.975,6.675,-1,0
1,133,-2.925,6.675,-1,0
2,133,-2.875,6.675,-1,0
3,133,-2.825,6.675,-1,0
4,133,-2.775,6.675,-1,0
5,133,-2.725,6.675,-1,0
6,133,-2.675,6.675,-1,0
7,133,-2.625,6.675,-1,0
8,133,-2.575,6.675,-1,0
9,133,-2.525,6.675,-1,0
10,133,-2.475,6.675,-1,0
11,133,-2.425,6.675,-1,0
12,133,-2.375,6.675,-1,0
13,133,-2.325,6.675,-1,0
14,133,-2.275,6.675,-1,0
15,133,-2.225,6.675,-1,0
16,133,-2.175,6.675,-1,0
17,133,-2.125,6.675,-1,0
18,133,-2.075,6.675,-1,0
19,133,-2.025,6.675,-1,0
20,133,-1.975,6.675,-1,0
21,133,-1.925,6.675,-1,0
22,133,-1.875,6.675,-1,0
23,133,-1.825,6.675,-1,0
24,133,-1.775,6.675,-1,0
25,133,-1.725,6.675,-1,0
26,133,-1.675,6.675,-1,0
27,133,-1.625,6.675,-1,0
28,133,-1.575,6.675,-1,0
29,133,-1.525,6.675,-1,0
30,133,-1.475,6.675,-1,0
31,133,-1.425,6.675,-1,0
32,133,-1.375,6.675,-1,0
33,133,-1.325,6.675,-1,0
34,133,-1.275,6.675,-1,0
35,133,-1.225,6.675,-1,0
36,133,-1.175,6.675,-1,0
37,133,-1.125,6.675,-1,0
38,133,-1.075,6.675,-1,0
39,133,-1.025,6.675,-1,0
40,133,-0.975,6.675,-1,0
41,133,-0.925,6.675,-1,0
42,133,-0.875,6.675,-1,0
43,133,-0.825,6.675,8349,12
44,133,-0.775,6.675,5608,14
45,133,-0.725,6.675,3741,14
46,133,-0.675,6.675,15050,24
47,133,-0.625,6.675,407,27
48,133,-0.575,6.675,-1,0
49,133,-0.525,6.675,-1,0
50,133,-0.475,6.675,-1,0
51,133,-0.425,6.675,-1,0
52,133,-0.375,6.675,5282,12
53,133,-0.325,6.675,5618,3
54,133,-0.275,6.675,3566,15
55,133,-0.225,6.675,45757,3
56,133,-0.175,6.675,9144,6
57,133,-0.125,6.675,1243,8
58,133,-0.075,6.675,10897,12
59,133,-0.025,6.675,37955,4
60,133,0.025,6.675,22574,4
61,133,0.075,6.675,242,3
62,133,0.125,6.675,1377,12
63,133,0.175,6.675,10928,10
64,133,0.225,6.675,-1,0
65,133,0.275,6.675,12501,14
66,133,0.325,6.675,-1,0
67,133,0.375,6.675,-1,0
68,133,0.425,6.675,-1,0
69,133,0.475,6.675,-1,0
70,133,0.525,6.675,-1,0
71,133,0.575,6.675,3122,14
72,133,0.625,6.675,16029,2
73,133,0.675,6.675,4103,3
74,133,0.725,6.675,-1,0
75,133,0.775,6.675,-1,0
76,133,0.825,6.675,-1,0
77,133,0.875,6.675,7283,3
78,133,0.925,6.675,4759,25
79,133,0.975,6.675,57304,3
80,133,1.025,6.675,19223,16
81,133,1.075,6.675,4776,10
82,133,1.125,6.675,76,11
83,133,1.175,6.675,15563,10
84,133,1.225,6.675,1520,6
85,133,1.275,6.675,28808,8
86,133,1.325,6.675,3345,7
87,133,1.375,6.675,4664,8
88,133,1.425,6.675,6882,10
89,133,1.475,6.675,11252,7
90,133,1.525,6.675,56719,2
91,133,1.575,6.675,14914,11
92,133,1.625,6.675,13967,17
93,133,1.675,6.675,27049,9
94,133,1.725,6.675,-1,0
95,133,1.775,6.675,-1,0
96,133,1.825,6.675,-1,0
97,133,1.875,6.675,519,36
98,133,1.925,6.675,23158,1
99,133,1.975,6.675,-1,0
100,133,2.025,6.675,-1,0
101,133,2.075,6.675,-1,0
102,133,2.125,6.675,-1,0
103,133,2.175,6.675,-1,0
104,133,2.225,6.675,-1,0
105,133,2.275,6.675,-1,0
106,133,2.325,6.675,-1,0
107,133,2.375,6.675,-1,0
108,133,2.425,6.675,-1,0
109,133,2.475,6.675,-1,0
110,133,2.525,6.675,-1,0
111,133,2.575,6.675,-1,0
112,133,2.625,6.675,-1,0
113,133,2.675,6.675,-1,0
114,133,2.725,6.675,-1,0
115,133,2.775,6.675,-1,0
116,133,2.825,6.675,-1,0
117,133,2.875,6.675,-1,0
118,133,2.925,6.675,-1,0
119,133,2.975,6.675,-1,0
0,134,-2.975,6.725,-1,0
1,134,-2.925,6.725,-1,0
2,134,-2.875,6.725,-1,0
3,134,-2.825,6.725,-1,0
4,134,-2.775,6.725,-1,0
5,134,-2.725,6.725,-1,0
6,134,-2.675,6.725,-1,0
7,134,-2.625,6.725,-1,0
8,134,-2.575,6.725,-1,0
9,134,-2.525,6.725,-1,0
10,134,-2.475,6.725,-1,0
11,134,-2.425,6.725,-1,0
12,134,-2.375,6.725,-1,0
13,134,-2.325,6.725,-1,0
14,134,-2.275,6.725,-1,0
15,134,-2.225,6.725,-1,0
16,134,-2.175,6.725,-1,0
17,134,-2.125,6.725,-1,0
18,134,-2.075,6.725,-1,0
19,134,-2.025,6.725,-1,0
20,134,-1.975,6.725,-1,0
21,134,-1.925,6.725,-1,0
22,134,-1.875,6.725,-1,0
23,134,-1.825,6.725,-1,0
24,134,-1.775,6.725,-1,0
25,134,-1.725,6.725,-1,0
26,134,-1.675,6.725,-1,0
27,134,-1.625,6.725,-1,0
28,134,-1.575,6.725,-1,0
29,134,-1.525,6.725,-1,0
30,134,-1.475,6.725,-1,0
31,134,-1.425,6.725,-1,0
32,134,-1.375,6.725,-1,0
33,134,-1.325,6.725,-1,0
34,134,-1.275,6.725,-1,0
35,134,-1.225,6.725,-1,0
36,134,-1.175,6.725,-1,0
37,134,-1.125,6.725,-1,0
38,134,-1.075,6.725,-1,0
39,134,-1.025,6.725,-1,0
40,134,-0.975,6.725,-1,0
41,134,-0.925,6.725,-1,0
42,134,-0.875,6.725,-1,0
43,134,-0.825,6.725,5441,14
44,134,-0.775,6.725,3924,20
45,134,-0.725,6.725,22218,17
46,134,-0.675,6.725,2740,25
47,134,-0.625,6.725,9058,16
48,134,-0.575,6.725,-1,0
49,134,-0.525,6.725,-1,0
50,134,-0.475,6.725,-1,0
51,134,-0.425,6.725,-1,0
52,134,-0.375,6.725,81941,1
53,134,-0.325,6.725,9598,10
54,134,-0.275,6.725,9691,9
55,134,-0.225,6.725,49262,7
56,134,-0.175,6.725,26306,6
57,134,-0.125,6.725,21652,10
58,134,-0.075,6.725,13667,8
59,134,-0.025,6.725,21823,6
60,134,0.025,6.725,7306,5
61,134,0.075,6.725,8844,8
62,134,0.125,6.725,2418,9
63,134,0.175,6.725,371,8
64,134,0.225,6.725,16385,8
65,134,0.275,6.725,3939,15
66,134,0.325,6.725,22531,2
67,134,0.375,6.725,17585,1
68,134,0.425,6.725,-1,0
69,134,0.475,6.725,-1,0
70,134,0.525,6.725,19394,6
71,134,0.575,6.725,16650,4
72,134,0.625,6.725,-1,0
73,134,0.675,6.725,461,17
74,134,0.725,6.725,-1,0
75,134,0.775,6.725,-1,0
76,134,0.825,6.725,-1,0
77,134,0.875,6.725,-1,0
78,134,0.925,6.725,-1,0
79,134,0.975,6.725,16622,8
80,134,1.025,6.725,6290,3
81,134,1.075,6.725,1084,25
82,134,1.125,6.725,11129,13
83,134,1.175,6.725,18359,19
84,134,1.225,6.725,11563,11
85,134,1.275,6.725,6222,15
86,134,1.325,6.725,15836,13
87,134,1.375,6.725,5797,17
88,134,1.425,6.725,82,13
89,134,1.475,6.725,1090,10
90,134,1.525,6.725,1014,14
91,134,1.575,6.725,12307,9
92,134,1.625,6.725,3252,13
93,134,1.675,6.725,2604,17
94,134,1.725,6.725,11408,1
95,134,1.775,6.725,-1,0
96,134,1.825,6.725,-1,0
97,134,1.875,6.725,-1,0
98,134,1.925,6.725,-1,0
99,134,1.975,6.725,-1,0
100,134,2.025,6.725,-1,0
101,134,2.075,6.725,-1,0
102,134,2.125,6.725,-1,0
103,134,2.175,6.725,-1,0
104,134,2.225,6.725,-1,0
105,134,2.275,6.725,-1,0
106,134,2.325,6.725,-1,0
107,134,2.375,6.725,-1,0
108,134,2.425,6.725,-1,0
109,134,2.475,6.725,-1,0
110,134,2.525,6.725,-1,0
111,134,2.575,6.725,-1,0
112,134,2.625,6.725,-1,0
113,134,2.675,6.725,-1,0
114,134,2.725,6.725,-1,0
115,134,2.775,6.725,-1,0
116,134,2.825,6.725,-1,0
117,134,2.875,6.725,-1,0
118,134,2.925,6.725,-1,0
119,134,2.975,6.725,-1,0
0,135,-2.975,6.775,-1,0
1,135,-2.925,6.775,-1,0
2,135,-2.875,6.775,-1,0
3,135,-2.825,6.775,-1,0
4,135,-2.775,6.775,-1,0
5,135,-2.725,6.775,-1,0
6,135,-2.675,6.775,-1,0
7,135,-2.625,6.775,-1,0
8,135,-2.575,6.775,-1,0
9,135,-2.525,6.775,-1,0
10,135,-2.475,6.775,-1,0
11,135,-2.425,6.775,-1,0
12,135,-2.375,6.775,-1,0
13,135,-2.325,6.775,-1,0
14,135,-2.275,6.775,-1,0
15,135,-2.225,6.775,-1,0
16,135,-2.175,6.775,-1,0
17,135,-2.125,6.775,-1,0
18,135,-2.075,6.775,-1,0
19,135,-2.025,6.775,-1,0
20,135,-1.975,6.775,-1,0
21,135,-1.925,6.775,-1,0
22,135,-1.875,6.775,-1,0
23,135,-1.825,6.775,-1,0
24,135,-1.775,6.775,-1,0
25,135,-1.725,6.775,-1,0
26,135,-1.675,6.775,-1,0
27,135,-1.625,6.775,-1,0
28,135,-1.575,6.775,-1,0
29,135,-1.525,6.775,-1,0
30,135,-1.475,6.775,-1,0
31,135,-1.425,6.775,-1,0
32,135,-1.375,6.775,-1,0
33,135,-1.325,6.775,-1,0
34,135,-1.275,6.775,-1,0
35,135,-1.225,6.775,-1,0
36,135,-1.175,6.775,-1,0
37,135,-1.125,6.775,-1,0
38,135,-1.075,6.775,-1,0
39,135,-1.025,6.775,-1,0
40,135,-0.975,6.775,-1,0
41,135,-0.925,6.775,-1,0
42,135,-0.875,6.775,-1,0
43,135,-0.825,6.775,11841,6
44,135,-0.775,6.775,595,43
45,135,-0.725,6.775,1299,34
46,135,-0.675,6.775,135,38
47,135,-0.625,6.775,12166,1
48,135,-0.575,6.775,-1,0
49,135,-0.525,6.775,-1,0
50,135,-0.475,6.775,-1,0
51,135,-0.425,6.775,18438,4
52,135,-0.375,6.775,6254,22
53,135,-0.325,6.775,9890,9
54,135,-0.275,6.775,775,4
55,135,-0.225,6.775,981,14
56,135,-0.175,6.775,21791,4
57,135,-0.125,6.775,1275,13
58,135,-0.075,6.775,3366,2
59,135,-0.025,6.775,6588,13
60,135,0.025,6.775,15825,12
61,135,0.075,6.775,31,9
62,135,0.125,6.775,2631,12
63,135,0.175,6.775,6451,13
64,135,0.225,6.775,3603,8
65,135,0.275,6.775,28092,2
66,135,0.325,6.775,3806,4
67,135,0.375,6.775,72904,1
68,135,0.425,6.775,-1,0
69,135,0.475,6.775,6727,4
70,135,0.525,6.775,19977,5
71,135,0.575,6.775,417,4
72,135,0.625,6.775,4507,5
73,135,0.675,6.775,2519,33
74,135,0.725,6.775,6649,6
75,135,0.775,6.775,-1,0
76,135,0.825,6.775,-1,0
77,135,0.875,6.775,-1,0
78,135,0.925,6.775,38657,1
79,135,0.975,6.775,20267,6
80,135,1.025,6.775,13465,5
81,135,1.075,6.775,10498,5
82,135,1.125,6.775,13024,7
83,135,1.175,6.775,4029,18
84,135,1.225,6.775,4417,28
85,135,1.275,6.775,7466,30
86,135,1.325,6.775,11343,16
87,135,1.375,6.775,8513,23
88,135,1.425,6.775,4020,19
89,135,1.475,6.775,4873,20
90,135,1.525,6.775,14164,8
91,135,1.575,6.775,1651,14
92,135,1.625,6.775,17155,11
93,135,1.675,6.775,642,21
94,135,1.725,6.775,1948,13
95,135,1.775,6.775,-1,0
96,135,1.825,6.775,-1,0
97,135,1.875,6.775,-1,0
98,135,1.925,6.775,-1,0
99,135,1.975,6.775,-1,0
100,135,2.025,6.775,-1,0
101,135,2.075,6.775,-1,0
102,135,2.125,6.775,-1,0
103,135,2.175,6.775,-1,0
104,135,2.225,6.775,-1,0
105,135,2.275,6.775,-1,0
106,135,2.325,6.775,-1,0
107,135,2.375,6.775,-1,0
108,135,2.425,6.775,-1,0
109,135,2.475,6.775,-1,0
110,135,2.525,6.775,-1,0
111,135,2.575,6.775,-1,0
112,135,2.625,6.775,-1,0
113,135,2.675,6.775,-1,0
114,135,2.725,6.775,-1,0
115,135,2.775,6.775,-1,0
116,135,2.825,6.775,-1,0
117,135,2.875,6.775,-1,0
118,135,2.925,6.775,-1,0
119,135,2.975,6.775,-1,0
0,136,-2.975,6.825,-1,0
1,136,-2.925,6.825,-1,0
2,136,-2.875,6.825,-1,0
3,136,-2.825,6.825,-1,0
4,136,-2.775,6.825,-1,0
5,136,-2.725,6.825,-1,0
6,136,-2.675,6.825,-1,0
7,136,-2.625,6.825,-1,0
8,136,-2.575,6.825,-1,0
9,136,-2.525,6.825,-1,0
10,136,-2.475,6.825,-1,0
11,136,-2.425,6.825,-1,0
12,136,-2.375,6.825,-1,0
13,136,-2.325,6.825,-1,0
14,136,-2.275,6.825,-1,0
15,136,-2.225,6.825,-1,0
16,136,-2.175,6.825,-1,0
17,136,-2.125,6.825,-1,0
18,136,-2.075,6.825,-1,0
19,136,-2.025,6.825,-1,0
20,136,-1.975,6.825,-1,0
21,136,-1.925,6.825,-1,0
22,136,-1.875,6.825,-1,0
23,136,-1.825,6.825,-1,0
24,136,-1.775,6.825,-1,0
25,136,-1.725,6.825,-1,0
26,136,-1.675,6.825,-1,0
27,136,-1.625,6.825,-1,0
28,136,-1.575,6.825,-1,0
29,136,-1.525,6.825,-1,0
30,136,-1.475,6.825,-1,0
31,136,-1.425,6.825,-1,0
32,136,-1.375,6.825,-1,0
33,136,-1.325,6.825,-1,0
34,136,-1.275,6.825,-1,0
35,136,-1.225,6.825,-1,0
36,136,-1.175,6.825,-1,0
37,136,-1.125,6.825,-1,0
38,136,-1.075,6.825,-1,0
39,136,-1.025,6.825,-1,0
40,136,-0.975,6.825,-1,0
41,136,-0.925,6.825,-1,0
42,136,-0.875,6.825,-1,0
43,136,-0.825,6.825,12804,3
44,136,-0.775,6.825,2038,42
45,136,-0.725,6.825,65,44
46,136,-0.675,6.825,6710,17
47,136,-0.625,6.825,-1,0
48,136,-0.575,6.825,-1,0
49,136,-0.525,6.825,-1,0
50,136,-0.475,6.825,-1,0
51,136,-0.425,6.825,22472,4
52,136,-0.375,6.825,46395,2
53,136,-0.325,6.825,19315,10
54,136,-0.275,6.825,23573,7
55,136,-0.225,6.825,21537,8
56,136,-0.175,6.825,3060,11
57,136,-0.125,6.825,33653,4
58,136,-0.075,6.825,1001,11
59,136,-0.025,6.825,1851,12
60,136,0.025,6.825,14630,15
61,136,0.075,6.825,4227,8
62,136,0.125,6.825,322,15
63,136,0.175,6.825,2189,10
64,136,0.225,6.825,3306,7
65,136,0.275,6.825,10111,4
66,136,0.325,6.825,4898,7
67,136,0.375,6.825,39373,1
68,136,0.425,6.825,43837,2
69,136,0.475,6.825,11949,12
70,136,0.525,6.825,10095,1
71,136,0.575,6.825,33009,2
72,136,0.625,6.825,26335,5
73,136,0.675,6.825,8662,22
74,136,0.725,6.825,6622,16
75,136,0.775,6.825,23942,6
76,136,0.825,6.825,1756,5
77,136,0.875,6.825,34922,3
78,136,0.925,6.825,8026,2
79,136,0.975,6.825,4819,6
80,136,1.025,6.825,9441,6
81,136,1.075,6.825,8739,9
82,136,1.125,6.825,5235,11
83,136,1.175,6.825,6560,11
84,136,1.225,6.825,20184,2
85,136,1.275,6.825,10775,2
86,136,1.325,6.825,19122,3
87,136,1.375,6.825,5885,11
88,136,1.425,6.825,7234,29
89,136,1.475,6.825,2505,24
90,136,1.525,6.825,616,18
91,136,1.575,6.825,7785,10
92,136,1.625,6.825,2560,15
93,136,1.675,6.825,740,8
94,136,1.725,6.825,2585,30
95,136,1.775,6.825,398,15
96,136,1.825,6.825,-1,0
97,136,1.875,6.825,-1,0
98,136,1.925,6.825,-1,0
99,136,1.975,6.825,-1,0
100,136,2.025,6.825,-1,0
101,136,2.075,6.825,-1,0
102,136,2.125,6.825,-1,0
103,136,2.175,6.825,-1,0
104,136,2.225,6.825,-1,0
105,136,2.275,6.825,-1,0
106,136,2.325,6.825,-1,0
107,136,2.375,6.825,-1,0
108,136,2.425,6.825,-1,0
109,136,2.475,6.825,-1,0
110,136,2.525,6.825,-1,0
111,136,2.575,6.825,-1,0
112,136,2.625,6.825,-1,0
113,136,2.675,6.825,-1,0
114,136,2.725,6.825,-1,0
115,136,2.775,6.825,-1,0
116,136,2.825,6.825,-1,0
117,136,2.875,6.825,-1,0
118,136,2.925,6.825,-1,0
119,136,2.975,6.825,-1,0
0,137,-2.975,6.875,-1,0
1,137,-2.925,6.875,-1,0
2,137,-2.875,6.875,-1,0
3,137,-2.825,6.875,-1,0
4,137,-2.775,6.875,-1,0
5,137,-2.725,6.875,-1,0
6,137,-2.675,6.875,-1,0
7,137,-2.625,6.875,-1,0
8,137,-2.575,6.875,-1,0
9,137,-2.525,6.875,-1,0
10,137,-2.475,6.875,-1,0
11,137,-2.425,6.875,-1,0
12,137,-2.375,6.875,-1,0
13,137,-2.325,6.875,-1,0
14,137,-2.275,6.875,-1,0
15,137,-2.225,6.875,-1,0
16,137,-2.175,6.875,-1,0
17,137,-2.125,6.875,-1,0
18,137,-2.075,6.875,-1,0
19,137,-2.025,6.875,-1,0
20,137,-1.975,6.875,-1,0
21,137,-1.925,6.875,-1,0
22,137,-1.875,6.875,-1,0
23,137,-1.825,6.875,-1,0
24,137,-1.775,6.875,-1,0
25,137,-1.725,6.875,-1,0
26,137,-1.675,6.875,-1,0
27,137,-1.625,6.875,-1,0
28,137,-1.575,6.875,-1,0
29,137,-1.525,6.875,-1,0
30,137,-1.475,6.875,-1,0
31,137,-1.425,6.875,-1,0
32,137,-1.375,6.875,-1,0
33,137,-1.325,6.875,-1,0
34,137,-1.275,6.875,-1,0
35,137,-1.225,6.875,-1,0
36,137,-1.175,6.875,-1,0
37,137,-1.125,6.875,-1,0
38,137,-1.075,6.875,-1,0
39,137,-1.025,6.875,-1,0
40,137,-0.975,6.875,-1,0
41,137,-0.925,6.875,-1,0
42,137,-0.875,6.875,-1,0
43,137,-0.825,6.875,-1,0
44,137,-0.775,6.875,1049,49
45,137,-0.725,6.875,388,66
46,137,-0.675,6.875,6491,10
47,137,-0.625,6.875,-1,0
48,137,-0.575,6.875,-1,0
49,137,-0.525,6.875,-1,0
50,137,-0.475,6.875,-1,0
51,137,-0.425,6.875,5447,3
52,137,-0.375,6.875,4186,18
53,137,-0.325,6.875,4340,16
54,137,-0.275,6.875,3311,15
55,137,-0.225,6.875,11870,7
56,137,-0.175,6.875,23093,12
57,137,-0.125,6.875,6607,9
58,137,-0.075,6.875,5119,11
59,137,-0.025,6.875,4335,8
60,137,0.025,6.875,583,6
61,137,0.075,6.875,841,21
62,137,0.125,6.875,2136,13
63,137,0.175,6.875,10565,5
64,137,0.225,6.875,4967,6
65,137,0.275,6.875,2207,7
66,137,0.325,6.875,6779,6
67,137,0.375,6.875,17254,5
68,137,0.425,6.875,12020,10
69,137,0.475,6.875,3835,5
70,137,0.525,6.875,19172,2
71,137,0.575,6.875,27249,4
72,137,0.625,6.875,31242,2
73,137,0.675,6.875,28278,7
74,137,0.725,6.875,1628,43
75,137,0.775,6.875,30672,3
76,137,0.825,6.875,36285,5
77,137,0.875,6.875,1548,7
78,137,0.925,6.875,61791,1
79,137,0.975,6.875,1347,8
80,137,1.025,6.875,12893,6
81,137,1.075,6.875,9387,8
82,137,1.125,6.875,2166,15
83,137,1.175,6.875,1781,7
84,137,1.225,6.875,9941,11
85,137,1.275,6.875,1479,10
86,137,1.325,6.875,333,12
87,137,1.375,6.875,3666,14
88,137,1.425,6.875,28599,6
89,137,1.475,6.875,6803,13
90,137,1.525,6.875,9094,19
91,137,1.575,6.875,6890,20
92,137,1.625,6.875,12939,16
93,137,1.675,6.875,14970,16
94,137,1.725,6.875,7397,21
95,137,1.775,6.875,5457,26
96,137,1.825,6.875,69136,1
97,137,1.875,6.875,-1,0
98,137,1.925,6.875,-1,0
99,137,1.975,6.875,-1,0
100,137,2.025,6.875,-1,0
101,137,2.075,6.875,-1,0
102,137,2.125,6.875,-1,0
103,137,2.175,6.875,-1,0
104,137,2.225,6.875,-1,0
105,137,2.275,6.875,-1,0
106,137,2.325,6.875,-1,0
107,137,2.375,6.875,-1,0
108,137,2.425,6.875,-1,0
109,137,2.475,6.875,-1,0
110,137,2.525,6.875,-1,0
111,137,2.575,6.875,-1,0
112,137,2.625,6.875,-1,0
113,137,2.675,6.875,-1,0
114,137,2.725,6.875,-1,0
115,137,2.775,6.875,-1,0
116,137,2.825,6.875,-1,0
117,137,2.875,6.875,-1,0
118,137,2.925,6.875,-1,0
119,137,2.975,6.875,-1,0
0,138,-2.975,6.925,-1,0
1,138,-2.925,6.925,-1,0
2,138,-2.875,6.925,-1,0
3,138,-2.825,6.925,-1,0
4,138,-2.775,6.925,-1,0
5,138,-2.725,6.925,-1,0
6,138,-2.675,6.925,-1,0
7,138,-2.625,6.925,-1,0
8,138,-2.575,6.925,-1,0
9,138,-2.525,6.925,-1,0
10,138,-2.475,6.925,-1,0
11,138,-2.425,6.925,-1,0
12,138,-2.375,6.925,-1,0
13,138,-2.325,6.925,-1,0
14,138,-2.275,6.925,-1,0
15,138,-2.225,6.925,-1,0
16,138,-2.175,6.925,-1,0
17,138,-2.125,6.925,-1,0
18,138,-2.075,6.925,-1,0
19,138,-2.025,6.925,-1,0
20,138,-1.975,6.925,-1,0
21,138,-1.925,6.925,-1,0
22,138,-1.875,6.925,-1,0
23,138,-1.825,6.925,-1,0
24,138,-1.775,6.925,-1,0
25,138,-1.725,6.925,-1,0
26,138,-1.675,6.925,-1,0
27,138,-1.625,6.925,-1,0
28,138,-1.575,6.925,-1,0
29,138,-1.525,6.925,-1,0
30,138,-1.475,6.925,-1,0
31,138,-1.425,6.925,-1,0
32,138,-1.375,6.925,-1,0
33,138,-1.325,6.925,-1,0
34,138,-1.275,6.925,-1,0
35,138,-1.225,6.925,-1,0
36,138,-1.175,6.925,-1,0
37,138,-1.125,6.925,-1,0
38,138,-1.075,6.925,-1,0
39,138,-1.025,6.925,-1,0
40,138,-0.975,6.925,-1,0
41,138,-0.925,6.925,-1,0
42,138,-0.875,6.925,-1,0
43,138,-0.825,6.925,-1,0
44,138,-0.775,6.925,5636,20
45,138,-0.725,6.925,1033,96
46,138,-0.675,6.925,-1,0
47,138,-0.625,6.925,-1,0
48,138,-0.575,6.925,-1,0
49,138,-0.525,6.925,-1,0
50,138,-0.475,6.925,-1,0
51,138,-0.425,6.925,5642,21
52,138,-0.375,6.925,4192,8
53,138,-0.325,6.925,1249,9
54,138,-0.275,6.925,2066,8
55,138,-0.225,6.925,4108,12
56,138,-0.175,6.925,17501,3
57,138,-0.125,6.925,23634,7
58,138,-0.075,6.925,8247,11
59,138,-0.025,6.925,1152,22
60,138,0.025,6.925,1812,26
61,138,0.075,6.925,6902,25
62,138,0.125,6.925,9581,6
63,138,0.175,6.925,731,11
64,138,0.225,6.925,1121,9
65,138,0.275,6.925,3045,7
66,138,0.325,6.925,4041,6
67,138,0.375,6.925,15848,4
68,138,0.425,6.925,1469,7
69,138,0.475,6.925,46247,3
70,138,0.525,6.925,66429,2
71,138,0.575,6.925,6420,5
72,138,0.625,6.925,169,8
73,138,0.675,6.925,1314,5
74,138,0.725,6.925,362,32
75,138,0.775,6.925,21338,6
76,138,0.825,6.925,10060,6
77,138,0.875,6.925,2309,9
78,138,0.925,6.925,5063,1
79,138,0.975,6.925,5547,6
80,138,1.025,6.925,2753,5
81,138,1.075,6.925,36766,1
82,138,1.125,6.925,8998,5
83,138,1.175,6.925,39491,3
84,138,1.225,6.925,2277,7
85,138,1.275,6.925,664,14
86,138,1.325,6.925,8161,15
87,138,1.375,6.925,7573,9
88,138,1.425,6.925,34735,6
89,138,1.475,6.925,-1,0
90,138,1.525,6.925,5526,10
91,138,1.575,6.925,8489,21
92,138,1.625,6.925,6853,34
93,138,1.675,6.925,2286,26
94,138,1.725,6.925,1558,18
95,138,1.775,6.925,6265,26
96,138,1.825,6.925,1980,16
97,138,1.875,6.925,-1,0
98,138,1.925,6.925,-1,0
99,138,1.975,6.925,-1,0
100,138,2.025,6.925,-1,0
101,138,2.075,6.925,-1,0
102,138,2.125,6.925,-1,0
103,138,2.175,6.925,-1,0
104,138,2.225,6.925,-1,0
105,138,2.275,6.925,-1,0
106,138,2.325,6.925,-1,0
107,138,2.375,6.925,-1,0
108,138,2.425,6.925,-1,0
109,138,2.475,6.925,-1,0
110,138,2.525,6.925,-1,0
111,138,2.575,6.925,-1,0
112,138,2.625,6.925,-1,0
113,138,2.675,6.925,-1,0
114,138,2.725,6.925,-1,0
115,138,2.775,6.925,-1,0
116,138,2.825,6.925,-1,0
117,138,2.875,6.925,-1,0
118,138,2.925,6.925,-1,0
119,138,2.975,6.925,-1,0
0,139,-2.975,6.975,-1,0
1,139,-2.925,6.975,-1,0
2,139,-2.875,6.975,-1,0
3,139,-2.825,6.975,-1,0
4,139,-2.775,6.975,-1,0
5,139,-2.725,6.975,-1,0
6,139,-2.675,6.975,-1,0
7,139,-2.625,6.975,-1,0
8,139,-2.575,6.975,-1,0
9,139,-2.525,6.975,-1,0
10,139,-2.475,6.975,-1,0
11,139,-2.425,6.975,-1,0
12,139,-2.375,6.975,-1,0
13,139,-2.325,6.975,-1,0
14,139,-2.275,6.975,-1,0
15,139,-2.225,6.975,-1,0
16,139,-2.175,6.975,-1,0
17,139,-2.125,6.975,-1,0
18,139,-2.075,6.975,-1,0
19,139,-2.025,6.975,-1,0
20,139,-1.975,6.975,-1,0
21,139,-1.925,6.975,-1,0
22,139,-1.875,6.975,-1,0
23,139,-1.825,6.975,-1,0
24,139,-1.775,6.975,-1,0
25,139,-1.725,6.975,-1,0
26,139,-1.675,6.975,-1,0
27,139,-1.625,6.975,-1,0
28,139,-1.575,6.975,-1,0
29,139,-1.525,6.975,-1,0
30,139,-1.475,6.975,-1,0
31,139,-1.425,6.975,-1,0
32,139,-1.375,6.975,-1,0
33,139,-1.325,6.975,-1,0
34,139,-1.275,6.975,-1,0
35,139,-1.225,6.975,-1,0
36,139,-1.175,6.975,-1,0
37,139,-1.125,6.975,-1,0
38,139,-1.075,6.975,-1,0
39,139,-1.025,6.975,-1,0
40,139,-0.975,6.975,-1,0
41,139,-0.925,6.975,-1,0
42,139,-0.875,6.975,-1,0
43,139,-0.825,6.975,-1,0
44,139,-0.775,6.975,-1,0
45,139,-0.725,6.975,3210,86
46,139,-0.675,6.975,-1,0
47,139,-0.625,6.975,-1,0
48,139,-0.575,6.975,-1,0
49,139,-0.525,6.975,-1,0
50,139,-0.475,6.975,-1,0
51,139,-0.425,6.975,8212,7
52,139,-0.375,6.975,1792,19
53,139,-0.325,6.975,3372,11
54,139,-0.275,6.975,550,5
55,139,-0.225,6.975,12961,7
56,139,-0.175,6.975,1786,10
57,139,-0.125,6.975,8518,15
58,139,-0.075,6.975,200,6
59,139,-0.025,6.975,2852,24
60,139,0.025,6.975,18462,19
61,139,0.075,6.975,26234,4
62,139,0.125,6.975,28133,10
63,139,0.175,6.975,13505,8
64,139,0.225,6.975,22104,5
65,139,0.275,6.975,8715,3
66,139,0.325,6.975,1418,3
67,139,0.375,6.975,8917,11
68,139,0.425,6.975,25781,7
69,139,0.475,6.975,44225,2
70,139,0.525,6.975,1897,8
71,139,0.575,6.975,9864,12
72,139,0.625,6.975,13364,11
73,139,0.675,6.975,21078,6
74,139,0.725,6.975,3332,36
75,139,0.775,6.975,5377,6
76,139,0.825,6.975,5471,6
77,139,0.875,6.975,37807,4
78,139,0.925,6.975,10963,3
79,139,0.975,6.975,7848,6
80,139,1.025,6.975,32752,5
81,139,1.075,6.975,1870,7
82,139,1.125,6.975,3982,9
83,139,1.175,6.975,13887,10
84,139,1.225,6.975,5220,8
85,139,1.275,6.975,5969,9
86,139,1.325,6.975,14008,6
87,139,1.375,6.975,6687,12
88,139,1.425,6.975,1461,19
89,139,1.475,6.975,3008,14
90,139,1.525,6.975,4251,4
91,139,1.575,6.975,-1,0
92,139,1.625,6.975,21240,6
93,139,1.675,6.975,8373,24
94,139,1.725,6.975,4635,32
95,139,1.775,6.975,5357,21
96,139,1.825,6.975,570,35
97,139,1.875,6.975,-1,0
98,139,1.925,6.975,-1,0
99,139,1.975,6.975,-1,0
100,139,2.025,6.975,-1,0
101,139,2.075,6.975,-1,0
102,139,2.125,6.975,-1,0
103,139,2.175,6.975,-1,0
104,139,2.225,6.975,-1,0
105,139,2.275,6.975,-1,0
106,139,2.325,6.975,-1,0
107,139,2.375,6.975,-1,0
108,139,2.425,6.975,-1,0
109,139,2.475,6.975,-1,0
110,139,2.525,6.975,-1,0
111,139,2.575,6.975,-1,0
112,139,2.625,6.975,-1,0
113,139,2.675,6.975,-1,0
114,139,2.725,6.975,-1,0
115,139,2.775,6.975,-1,0
116,139,2.825,6.975,-1,0
117,139,2.875,6.975,-1,0
118,139,2.925,6.975,-1,0
119,139,2.975,6.975,-1,0
0,140,-2.975,7.025,-1,0
1,140,-2.925,7.025,-1,0
2,140,-2.875,7.025,-1,0
3,140,-2.825,7.025,-1,0
4,140,-2.775,7.025,-1,0
5,140,-2.725,7.025,-1,0
6,140,-2.675,7.025,-1,0
7,140,-2.625,7.025,-1,0
8,140,-2.575,7.025,-1,0
9,140,-2.525,7.025,-1,0
10,140,-2.475,7.025,-1,0
11,140,-2.425,7.025,-1,0
12,140,-2.375,7.025,-1,0
13,140,-2.325,7.025,-1,0
14,140,-2.275,7.025,-1,0
15,140,-2.225,7.025,-1,0
16,140,-2.175,7.025,-1,0
17,140,-2.125,7.025,-1,0
18,140,-2.075,7.025,-1,0
19,140,-2.025,7.025,-1,0
20,140,-1.975,7.025,-1,0
21,140,-1.925,7.025,-1,0
22,140,-1.875,7.025,-1,0
23,140,-1.825,7.025,-1,0
24,140,-1.775,7.025,-1,0
25,140,-1.725,7.025,-1,0
26,140,-1.675,7.025,-1,0
27,140,-1.625,7.025,-1,0
28,140,-1.575,7.025,-1,0
29,140,-1.525,7.025,-1,0
30,140,-1.475,7.025,-1,0
31,140,-1.425,7.025,-1,0
32,140,-1.375,7.025,-1,0
33,140,-1.325,7.025,-1,0
34,140,-1.275,7.025,-1,0
35,140,-1.225,7.025,-1,0
36,140,-1.175,7.025,-1,0
37,140,-1.125,7.025,-1,0
38,140,-1.075,7.025,-1,0
39,140,-1.025,7.025,-1,0
40,140,-0.975,7.025,-1,0
41,140,-0.925,7.025,-1,0
42,140,-0.875,7.025,-1,0
43,140,-0.825,7.025,-1,0
44,140,-0.775,7.025,-1,0
45,140,-0.725,7.025,-1,0
46,140,-0.675,7.025,-1,0
47,140,-0.625,7.025,-1,0
48,140,-0.575,7.025,-1,0
49,140,-0.525,7.025,-1,0
50,140,-0.475,7.025,-1,0
51,140,-0.425,7.025,14486,17
52,140,-0.375,7.025,1704,14
53,140,-0.325,7.025,1424,12
54,140,-0.275,7.025,6628,16
55,140,-0.225,7.025,10087,9
56,140,-0.175,7.025,7918,12
57,140,-0.125,7.025,11365,20
58,140,-0.075,7.025,12907,13
59,140,-0.025,7.025,22,13
60,140,0.025,7.025,6165,3
61,140,0.075,7.025,3108,16
62,140,0.125,7.025,10238,8
63,140,0.175,7.025,6197,5
64,140,0.225,7.025,634,7
65,140,0.275,7.025,2383,5
66,140,0.325,7.025,1748,8
67,140,0.375,7.025,28649,1
68,140,0.425,7.025,19756,6
69,140,0.475,7.025,9193,5
70,140,0.525,7.025,12415,4
71,140,0.575,7.025,2994,11
72,140,0.625,7.025,16944,4
73,140,0.675,7.025,7955,11
74,140,0.725,7.025,28870,4
75,140,0.775,7.025,1008,30
76,140,0.825,7.025,23655,3
77,140,0.875,7.025,9174,7
78,140,0.925,7.025,16133,15
79,140,0.975,7.025,2976,6
80,140,1.025,7.025,2488,7
81,140,1.075,7.025,6407,9
82,140,1.125,7.025,23900,3
83,140,1.175,7.025,2620,10
84,140,1.225,7.025,7098,7
85,140,1.275,7.025,35708,7
86,140,1.325,7.025,4605,8
87,140,1.375,7.025,3998,9
88,140,1.425,7.025,2883,18
89,140,1.475,7.025,16989,8
90,140,1.525,7.025,16422,2
91,140,1.575,7.025,-1,0
92,140,1.625,7.025,-1,0
93,140,1.675,7.025,42782,2
94,140,1.725,7.025,1960,22
95,140,1.775,7.025,532,45
96,140,1.825,7.025,2150,35
97,140,1.875,7.025,1734,11
98,140,1.925,7.025,-1,0
99,140,1.975,7.025,-1,0
100,140,2.025,7.025,-1,0
101,140,2.075,7.025,-1,0
102,140,2.125,7.025,-1,0
103,140,2.175,7.025,-1,0
104,140,2.225,7.025,-1,0
105,140,2.275,7.025,-1,0
106,140,2.325,7.025,-1,0
107,140,2.375,7.025,-1,0
108,140,2.425,7.025,-1,0
109,140,2.475,7.025,-1,0
110,140,2.525,7.025,-1,0
111,140,2.575,7.025,-1,0
112,140,2.625,7.025,-1,0
113,140,2.675,7.025,-1,0
114,140,2.725,7.025,-1,0
115,140,2.775,7.025,-1,0
116,140,2.825,7.025,-1,0
117,140,2.875,7.025,-1,0
118,140,2.925,7.025,-1,0
119,140,2.975,7.025,-1,0
0,141,-2.975,7.075,-1,0
1,141,-2.925,7.075,-1,0
2,141,-2.875,7.075,-1,0
3,141,-2.825,7.075,-1,0
4,141,-2.775,7.075,-1,0
5,141,-2.725,7.075,-1,0
6,141,-2.675,7.075,-1,0
7,141,-2.625,7.075,-1,0
8,141,-2.575,7.075,-1,0
9,141,-2.525,7.075,-1,0
10,141,-2.475,7.075,-1,0
11,141,-2.425,7.075,-1,0
12,141,-2.375,7.075,-1,0
13,141,-2.325,7.075,-1,0
14,141,-2.275,7.075,-1,0
15,141,-2.225,7.075,-1,0
16,141,-2.175,7.075,-1,0
17,141,-2.125,7.075,-1,0
18,141,-2.075,7.075,-1,0
19,141,-2.025,7.075,-1,0
20,141,-1.975,7.075,-1,0
21,141,-1.925,7.075,-1,0
22,141,-1.875,7.075,-1,0
23,141,-1.825,7.075,-1,0
24,141,-1.775,7.075,-1,0
25,141,-1.725,7.075,-1,0
26,141,-1.675,7.075,-1,0
27,141,-1.625,7.075,-1,0
28,141,-1.575,7.075,-1,0
29,141,-1.525,7.075,-1,0
30,141,-1.475,7.075,-1,0
31,141,-1.425,7.075,-1,0
32,141,-1.375,7.075,-1,0
33,141,-1.325,7.075,-1,0
34,141,-1.275,7.075,-1,0
35,141,-1.225,7.075,-1,0
36,141,-1.175,7.075,-1,0
37,141,-1.125,7.075,-1,0
38,141,-1.075,7.075,-1,0
39,141,-1.025,7.075,-1,0
40,141,-0.975,7.075,-1,0
41,141,-0.925,7.075,-1,0
42,141,-0.875,7.075,-1,0
43,141,-0.825,7.075,-1,0
44,141,-0.775,7.075,-1,0
45,141,-0.725,7.075,-1,0
46,141,-0.675,7.075,-1,0
47,141,-0.625,7.075,-1,0
48,141,-0.575,7.075,-1,0
49,141,-0.525,7.075,-1,0
50,141,-0.475,7.075,-1,0
51,141,-0.425,7.075,2250,20
52,141,-0.375,7.075,557,19
53,141,-0.325,7.075,5749,10
54,141,-0.275,7.075,7356,11
55,141,-0.225,7.075,17059,10
56,141,-0.175,7.075,5503,8
57,141,-0.125,7.075,537,17
58,141,-0.075,7.075,45516,7
59,141,-0.025,7.075,85734,1
60,141,0.025,7.075,2798,10
61,141,0.075,7.075,15276,13
62,141,0.125,7.075,7420,9
63,141,0.175,7.075,3850,8
64,141,0.225,7.075,5599,6
65,141,0.275,7.075,41852,4
66,141,0.325,7.075,2360,7
67,141,0.375,7.075,9816,3
68,141,0.425,7.075,1261,11
69,141,0.475,7.075,15618,10
70,141,0.525,7.075,16560,7
71,141,0.575,7.075,18242,4
72,141,0.625,7.075,22138,6
73,141,0.675,7.075,1644,9
74,141,0.725,7.075,-1,0
75,141,0.775,7.075,1324,31
76,141,0.825,7.075,4555,3
77,141,0.875,7.075,7376,6
78,141,0.925,7.075,282,10
79,141,0.975,7.075,1832,12
80,141,1.025,7.075,39752,6
81,141,1.075,7.075,20661,15
82,141,1.125,7.075,39882,4
83,141,1.175,7.075,33925,6
84,141,1.225,7.075,4625,10
85,141,1.275,7.075,10201,8
86,141,1.325,7.075,22885,6
87,141,1.375,7.075,25698,5
88,141,1.425,7.075,43310,3
89,141,1.475,7.075,6936,8
90,141,1.525,7.075,213,27
91,141,1.575,7.075,901,21
92,141,1.625,7.075,-1,0
93,141,1.675,7.075,-1,0
94,141,1.725,7.075,-1,0
95,141,1.775,7.075,6845,14
96,141,1.825,7.075,2682,56
97,141,1.875,7.075,5519,43
98,141,1.925,7.075,-1,0
99,141,1.975,7.075,-1,0
100,141,2.025,7.075,-1,0
101,141,2.075,7.075,-1,0
102,141,2.125,7.075,-1,0
103,141,2.175,7.075,-1,0
104,141,2.225,7.075,-1,0
105,141,2.275,7.075,-1,0
106,141,2.325,7.075,-1,0
107,141,2.375,7.075,-1,0
108,141,2.425,7.075,-1,0
109,141,2.475,7.075,-1,0
110,141,2.525,7.075,-1,0
111,141,2.575,7.075,-1,0
112,141,2.625,7.075,-1,0
113,141,2.675,7.075,-1,0
114,141,2.725,7.075,-1,0
115,141,2.775,7.075,-1,0
116,141,2.825,7.075,-1,0
117,141,2.875,7.075,-1,0
118,141,2.925,7.075,-1,0
119,141,2.975,7.075,-1,0
0,142,-2.975,7.125,-1,0
1,142,-2.925,7.125,-1,0
2,142,-2.875,7.125,-1,0
3,142,-2.825,7.125,-1,0
4,142,-2.775,7.125,-1,0
5,142,-2.725,7.125,-1,0
6,142,-2.675,7.125,-1,0
7,142,-2.625,7.125,-1,0
8,142,-2.575,7.125,-1,0
9,142,-2.525,7.125,-1,0
10,142,-2.475,7.125,-1,0
11,142,-2.425,7.125,-1,0
12,142,-2.375,7.125,-1,0
13,142,-2.325,7.125,-1,0
14,142,-2.275,7.125,-1,0
15,142,-2.225,7.125,-1,0
16,142,-2.175,7.125,-1,0
17,142,-2.125,7.125,-1,0
18,142,-2.075,7.125,-1,0
19,142,-2.025,7.125,-1,0
20,142,-1.975,7.125,-1,0
21,142,-1.925,7.125,-1,0
22,142,-1.875,7.125,-1,0
23,142,-1.825,7.125,-1,0
24,142,-1.775,7.125,-1,0
25,142,-1.725,7.125,-1,0
26,142,-1.675,7.125,-1,0
27,142,-1.625,7.125,-1,0
28,142,-1.575,7.125,-1,0
29,142,-1.525,7.125,-1,0
30,142,-1.475,7.125,-1,0
31,142,-1.425,7.125,-1,0
32,142,-1.375,7.125,-1,0
33,142,-1.325,7.125,-1,0
34,142,-1.275,7.125,-1,0
35,142,-1.225,7.125,-1,0
36,142,-1.175,7.125,-1,0
37,142,-1.125,7.125,-1,0
38,142,-1.075,7.125,-1,0
39,142,-1.025,7.125,-1,0
40,142,-0.975,7.125,-1,0
41,142,-0.925,7.125,-1,0
42,142,-0.875,7.125,-1,0
43,142,-0.825,7.125,-1,0
44,142,-0.775,7.125,-1,0
45,142,-0.725,7.125,-1,0
46,142,-0.675,7.125,-1,0
47,142,-0.625,7.125,-1,0
48,142,-0.575,7.125,-1,0
49,142,-0.525,7.125,-1,0
50,142,-0.475,7.125,-1,0
51,142,-0.425,7.125,6155,10
52,142,-0.375,7.125,3068,18
53,142,-0.325,7.125,12328,8
54,142,-0.275,7.125,6656,16
55,142,-0.225,7.125,4424,19
56,142,-0.175,7.125,219,21
57,142,-0.125,7.125,3954,10
58,142,-0.075,7.125,-1,0
59,142,-0.025,7.125,9019,22
60,142,0.025,7.125,12483,10
61,142,0.075,7.125,21478,6
62,142,0.125,7.125,15101,7
63,142,0.175,7.125,22987,6
64,142,0.225,7.125,1441,3
65,142,0.275,7.125,2061,5
66,142,0.325,7.125,15267,5
67,142,0.375,7.125,11856,6
68,142,0.425,7.125,35987,3
69,142,0.475,7.125,2341,7
70,142,0.525,7.125,8126,8
71,142,0.575,7.125,81057,2
72,142,0.625,7.125,1500,14
73,142,0.675,7.125,17446,4
74,142,0.725,7.125,-1,0
75,142,0.775,7.125,1287,32
76,142,0.825,7.125,-1,0
77,142,0.875,7.125,-1,0
78,142,0.925,7.125,7350,13
79,142,0.975,7.125,26685,8
80,142,1.025,7.125,7041,6
81,142,1.075,7.125,4578,9
82,142,1.125,7.125,15416,12
83,142,1.175,7.125,6750,6
84,142,1.225,7.125,40598,8
85,142,1.275,7.125,18521,5
86,142,1.325,7.125,8088,9
87,142,1.375,7.125,124,19
88,142,1.425,7.125,791,9
89,142,1.475,7.125,299,21
90,142,1.525,7.125,9698,9
91,142,1.575,7.125,2257,9
92,142,1.625,7.125,2731,6
93,142,1.675,7.125,-1,0
94,142,1.725,7.125,-1,0
95,142,1.775,7.125,-1,0
96,142,1.825,7.125,1201,37
97,142,1.875,7.125,862,87
98,142,1.925,7.125,-1,0
99,142,1.975,7.125,-1,0
100,142,2.025,7.125,-1,0
101,142,2.075,7.125,-1,0
102,142,2.125,7.125,-1,0
103,142,2.175,7.125,-1,0
104,142,2.225,7.125,-1,0
105,142,2.275,7.125,-1,0
106,142,2.325,7.125,-1,0
107,142,2.375,7.125,-1,0
108,142,2.425,7.125,-1,0
109,142,2.475,7.125,-1,0
110,142,2.525,7.125,-1,0
111,142,2.575,7.125,-1,0
112,142,2.625,7.125,-1,0
113,142,2.675,7.125,-1,0
114,142,2.725,7.125,-1,0
115,142,2.775,7.125,-1,0
116,142,2.825,7.125,-1,0
117,142,2.875,7.125,-1,0
118,142,2.925,7.125,-1,0
119,142,2.975,7.125,-1,0
0,143,-2.975,7.175,-1,0
1,143,-2.925,7.175,-1,0
2,143,-2.875,7.175,-1,0
3,143,-2.825,7.175,-1,0
4,143,-2.775,7.175,-1,0
5,143,-2.725,7.175,-1,0
6,143,-2.675,7.175,-1,0
7,143,-2.625,7.175,-1,0
8,143,-2.575,7.175,-1,0
9,143,-2.525,7.175,-1,0
10,143,-2.475,7.175,-1,0
11,143,-2.425,7.175,-1,0
12,143,-2.375,7.175,-1,0
13,143,-2.325,7.175,-1,0
14,143,-2.275,7.175,-1,0
15,143,-2.225,7.175,-1,0
16,143,-2.175,7.175,-1,0
17,143,-2.125,7.175,-1,0
18,143,-2.075,7.175,-1,0
19,143,-2.025,7.175,-1,0
20,143,-1.975,7.175,-1,0
21,143,-1.925,7.175,-1,0
22,143,-1.875,7.175,-1,0
23,143,-1.825,7.175,-1,0
24,143,-1.775,7.175,-1,0
25,143,-1.725,7.175,-1,0
26,143,-1.675,7.175,-1,0
27,143,-1.625,7.175,-1,0
28,143,-1.575,7.175,-1,0
29,143,-1.525,7.175,-1,0
30,143,-1.475,7.175,-1,0
31,143,-1.425,7.175,-1,0
32,143,-1.375,7.175,-1,0
33,143,-1.325,7.175,-1,0
34,143,-1.275,7.175,-1,0
35,143,-1.225,7.175,-1,0
36,143,-1.175,7.175,-1,0
37,143,-1.125,7.175,-1,0
38,143,-1.075,7.175,-1,0
39,143,-1.025,7.175,-1,0
40,143,-0.975,7.175,-1,0
41,143,-0.925,7.175,-1,0
42,143,-0.875,7.175,-1,0
43,143,-0.825,7.175,-1,0
44,143,-0.775,7.175,-1,0
45,143,-0.725,7.175,-1,0
46,143,-0.675,7.175,-1,0
47,143,-0.625,7.175,-1,0
48,143,-0.575,7.175,-1,0
49,143,-0.525,7.175,-1,0
50,143,-0.475,7.175,-1,0
51,143,-0.425,7.175,2724,20
52,143,-0.375,7.175,2243,22
53,143,-0.325,7.175,1636,15
54,143,-0.275,7.175,3100,18
55,143,-0.225,7.175,8188,15
56,143,-0.175,7.175,2452,20
57,143,-0.125,7.175,2235,5
58,143,-0.075,7.175,-1,0
59,143,-0.025,7.175,-1,0
60,143,0.025,7.175,31683,7
61,143,0.075,7.175,1698,13
62,143,0.125,7.175,3651,10
63,143,0.175,7.175,13521,4
64,143,0.225,7.175,31155,6
65,143,0.275,7.175,16711,7
66,143,0.325,7.175,28498,5
67,143,0.375,7.175,17148,2
68,143,0.425,7.175,11514,5
69,143,0.475,7.175,16878,15
70,143,0.525,7.175,545,14
71,143,0.575,7.175,9498,5
72,143,0.625,7.175,52,30
73,143,0.675,7.175,-1,0
74,143,0.725,7.175,-1,0
75,143,0.775,7.175,1140,33
76,143,0.825,7.175,7211,9
77,143,0.875,7.175,-1,0
78,143,0.925,7.175,14722,6
79,143,0.975,7.175,1491,12
80,143,1.025,7.175,3093,7
81,143,1.075,7.175,1451,12
82,143,1.125,7.175,7698,12
83,143,1.175,7.175,1184,13
84,143,1.225,7.175,5326,15
85,143,1.275,7.175,12078,6
86,143,1.325,7.175,610,16
87,143,1.375,7.175,710,14
88,143,1.425,7.175,15126,8
89,143,1.475,7.175,2950,14
90,143,1.525,7.175,38,15
91,143,1.575,7.175,2859,12
92,143,1.625,7.175,14915,15
93,143,1.675,7.175,24280,4
94,143,1.725,7.175,-1,0
95,143,1.775,7.175,-1,0
96,143,1.825,7.175,-1,0
97,143,1.875,7.175,520,77
98,143,1.925,7.175,-1,0
99,143,1.975,7.175,-1,0
100,143,2.025,7.175,-1,0
101,143,2.075,7.175,-1,0
102,143,2.125,7.175,-1,0
103,143,2.175,7.175,-1,0
104,143,2.225,7.175,-1,0
105,143,2.275,7.175,-1,0
106,143,2.325,7.175,-1,0
107,143,2.375,7.175,-1,0
108,143,2.425,7.175,-1,0
109,143,2.475,7.175,-1,0
110,143,2.525,7.175,-1,0
111,143,2.575,7.175,-1,0
112,143,2.625,7.175,-1,0
113,143,2.675,7.175,-1,0
114,143,2.725,7.175,-1,0
115,143,2.775,7.175,-1,0
116,143,2.825,7.175,-1,0
117,143,2.875,7.175,-1,0
118,143,2.925,7.175,-1,0
119,143,2.975,7.175,-1,0
0,144,-2.975,7.225,-1,0
1,144,-2.925,7.225,-1,0
2,144,-2.875,7.225,-1,0
3,144,-2.825,7.225,-1,0
4,144,-2.775,7.225,-1,0
5,144,-2.725,7.225,-1,0
6,144,-2.675,7.225,-1,0
7,144,-2.625,7.225,-1,0
8,144,-2.575,7.225,-1,0
9,144,-2.525,7.225,-1,0
10,144,-2.475,7.225,-1,0
11,144,-2.425,7.225,-1,0
12,144,-2.375,7.225,-1,0
13,144,-2.325,7.225,-1,0
14,144,-2.275,7.225,-1,0
15,144,-2.225,7.225,-1,0
16,144,-2.175,7.225,-1,0
17,144,-2.125,7.225,-1,0
18,144,-2.075,7.225,-1,0
19,144,-2.025,7.225,-1,0
20,144,-1.975,7.225,-1,0
21,144,-1.925,7.225,-1,0
22,144,-1.875,7.225,-1,0
23,144,-1.825,7.225,-1,0
24,144,-1.775,7.225,-1,0
25,144,-1.725,7.225,-1,0
26,144,-1.675,7.225,-1,0
27,144,-1.625,7.225,-1,0
28,144,-1.575,7.225,-1,0
29,144,-1.525,7.225,-1,0
30,144,-1.475,7.225,-1,0
31,144,-1.425,7.225,-1,0
32,144,-1.375,7.225,-1,0
33,144,-1.325,7.225,-1,0
34,144,-1.275,7.225,-1,0
35,144,-1.225,7.225,-1,0
36,144,-1.175,7.225,-1,0
37,144,-1.125,7.225,-1,0
38,144,-1.075,7.225,-1,0
39,144,-1.025,7.225,-1,0
40,144,-0.975,7.225,-1,0
41,144,-0.925,7.225,-1,0
42,144,-0.875,7.225,-1,0
43,144,-0.825,7.225,-1,0
44,144,-0.775,7.225,-1,0
45,144,-0.725,7.225,-1,0
46,144,-0.675,7.225,-1,0
47,144,-0.625,7.225,-1,0
48,144,-0.575,7.225,-1,0
49,144,-0.525,7.225,-1,0
50,144,-0.475,7.225,-1,0
51,144,-0.425,7.225,145,24
52,144,-0.375,7.225,1604,20
53,144,-0.325,7.225,13442,10
54,144,-0.275,7.225,799,23
55,144,-0.225,7.225,90,18
56,144,-0.175,7.225,11089,7
57,144,-0.125,7.225,-1,0
58,144,-0.075,7.225,-1,0
59,144,-0.025,7.225,17529,10
60,144,0.025,7.225,832,15
61,144,0.075,7.225,8804,14
62,144,0.125,7.225,1224,12
63,144,0.175,7.225,2930,5
64,144,0.225,7.225,253,12
65,144,0.275,7.225,14140,8
66,144,0.325,7.225,17277,11
67,144,0.375,7.225,21951,5
68,144,0.425,7.225,680,14
69,144,0.475,7.225,37386,7
70,144,0.525,7.225,11926,5
71,144,0.575,7.225,18912,9
72,144,0.625,7.225,27626,6
73,144,0.675,7.225,-1,0
74,144,0.725,7.225,-1,0
75,144,0.775,7.225,45496,3
76,144,0.825,7.225,22264,4
77,144,0.875,7.225,-1,0
78,144,0.925,7.225,-1,0
79,144,0.975,7.225,6989,3
80,144,1.025,7.225,4760,19
81,144,1.075,7.225,7489,8
82,144,1.125,7.225,4407,18
83,144,1.175,7.225,16199,12
84,144,1.225,7.225,11939,15
85,144,1.275,7.225,7814,9
86,144,1.325,7.225,1521,9
87,144,1.375,7.225,5498,6
88,144,1.425,7.225,3346,10
89,144,1.475,7.225,6883,12
90,144,1.525,7.225,11253,6
91,144,1.575,7.225,16467,5
92,144,1.625,7.225,3253,22
93,144,1.675,7.225,2605,18
94,144,1.725,7.225,73281,3
95,144,1.775,7.225,-1,0
96,144,1.825,7.225,-1,0
97,144,1.875,7.225,-1,0
98,144,1.925,7.225,-1,0
99,144,1.975,7.225,-1,0
100,144,2.025,7.225,-1,0
101,144,2.075,7.225,-1,0
102,144,2.125,7.225,-1,0
103,144,2.175,7.225,-1,0
104,144,2.225,7.225,-1,0
105,144,2.275,7.225,-1,0
106,144,2.325,7.225,-1,0
107,144,2.375,7.225,-1,0
108,144,2.425,7.225,-1,0
109,144,2.475,7.225,-1,0
110,144,2.525,7.225,-1,0
111,144,2.575,7.225,-1,0
112,144,2.625,7.225,-1,0
113,144,2.675,7.225,-1,0
114,144,2.725,7.225,-1,0
115,144,2.775,7.225,-1,0
116,144,2.825,7.225,-1,0
117,144,2.875,7.225,-1,0
118,144,2.925,7.225,-1,0
119,144,2.975,7.225,-1,0
0,145,-2.975,7.275,-1,0
1,145,-2.925,7.275,-1,0
2,145,-2.875,7.275,-1,0
3,145,-2.825,7.275,-1,0
4,145,-2.775,7.275,-1,0
5,145,-2.725,7.275,-1,0
6,145,-2.675,7.275,-1,0
7,145,-2.625,7.275,-1,0
8,145,-2.575,7.275,-1,0
9,145,-2.525,7.275,-1,0
10,145,-2.475,7.275,-1,0
11,145,-2.425,7.275,-1,0
12,145,-2.375,7.275,-1,0
13,145,-2.325,7.275,-1,0
14,145,-2.275,7.275,-1,0
15,145,-2.225,7.275,-1,0
16,145,-2.175,7.275,-1,0
17,145,-2.125,7.275,-1,0
18,145,-2.075,7.275,-1,0
19,145,-2.025,7.275,-1,0
20,145,-1.975,7.275,-1,0
21,145,-1.925,7.275,-1,0
22,145,-1.875,7.275,-1,0
23,145,-1.825,7.275,-1,0
24,145,-1.775,7.275,-1,0
25,145,-1.725,7.275,-1,0
26,145,-1.675,7.275,-1,0
27,145,-1.625,7.275,-1,0
28,145,-1.575,7.275,-1,0
29,145,-1.525,7.275,-1,0
30,145,-1.475,7.275,-1,0
31,145,-1.425,7.275,-1,0
32,145,-1.375,7.275,-1,0
33,145,-1.325,7.275,-1,0
34,145,-1.275,7.275,-1,0
35,145,-1.225,7.275,-1,0
36,145,-1.175,7.275,-1,0
37,145,-1.125,7.275,-1,0
38,145,-1.075,7.275,-1,0
39,145,-1.025,7.275,-1,0
40,145,-0.975,7.275,-1,0
41,145,-0.925,7.275,-1,0
42,145,-0.875,7.275,-1,0
43,145,-0.825,7.275,-1,0
44,145,-0.775,7.275,-1,0
45,145,-0.725,7.275,-1,0
46,145,-0.675,7.275,-1,0
47,145,-0.625,7.275,-1,0
48,145,-0.575,7.275,-1,0
49,145,-0.525,7.275,-1,0
50,145,-0.475,7.275,-1,0
51,145,-0.425,7.275,8350,18
52,145,-0.375,7.275,1162,16
53,145,-0.325,7.275,3742,26
54,145,-0.275,7.275,1969,25
55,145,-0.225,7.275,7618,14
56,145,-0.175,7.275,-1,0
57,145,-0.125,7.275,-1,0
58,145,-0.075,7.275,5283,8
59,145,-0.025,7.275,22385,11
60,145,0.025,7.275,3567,12
61,145,0.075,7.275,1674,7
62,145,0.125,7.275,7633,9
63,145,0.175,7.275,1244,15
64,145,0.225,7.275,2025,7
65,145,0.275,7.275,22575,7
66,145,0.325,7.275,243,4
67,145,0.375,7.275,1378,11
68,145,0.425,7.275,10929,8
69,145,0.475,7.275,30262,15
70,145,0.525,7.275,3940,4
71,145,0.575,7.275,-1,0
72,145,0.625,7.275,-1,0
73,145,0.675,7.275,-1,0
74,145,0.725,7.275,3123,6
75,145,0.775,7.275,16030,9
76,145,0.825,7.275,22349,11
77,145,0.875,7.275,-1,0
78,145,0.925,7.275,-1,0
79,145,0.975,7.275,-1,0
80,145,1.025,7.275,-1,0
81,145,1.075,7.275,29566,4
82,145,1.125,7.275,6291,6
83,145,1.175,7.275,13466,23
84,145,1.225,7.275,12189,11
85,145,1.275,7.275,12610,24
86,145,1.325,7.275,11564,18
87,145,1.375,7.275,24687,12
88,145,1.425,7.275,5798,23
89,145,1.475,7.275,11046,15
90,145,1.525,7.275,83,13
91,145,1.575,7.275,1015,16
92,145,1.625,7.275,6821,8
93,145,1.675,7.275,9277,24
94,145,1.725,7.275,1949,17
95,145,1.775,7.275,-1,0
96,145,1.825,7.275,-1,0
97,145,1.875,7.275,-1,0
98,145,1.925,7.275,-1,0
99,145,1.975,7.275,-1,0
100,145,2.025,7.275,-1,0
101,145,2.075,7.275,-1,0
102,145,2.125,7.275,-1,0
103,145,2.175,7.275,-1,0
104,145,2.225,7.275,-1,0
105,145,2.275,7.275,-1,0
106,145,2.325,7.275,-1,0
107,145,2.375,7.275,-1,0
108,145,2.425,7.275,-1,0
109,145,2.475,7.275,-1,0
110,145,2.525,7.275,-1,0
111,145,2.575,7.275,-1,0
112,145,2.625,7.275,-1,0
113,145,2.675,7.275,-1,0
114,145,2.725,7.275,-1,0
115,145,2.775,7.275,-1,0
116,145,2.825,7.275,-1,0
117,145,2.875,7.275,-1,0
118,145,2.925,7.275,-1,0
119,145,2.975,7.275,-1,0
0,146,-2.975,7.325,-1,0
1,146,-2.925,7.325,-1,0
2,146,-2.875,7.325,-1,0
3,146,-2.825,7.325,-1,0
4,146,-2.775,7.325,-1,0
5,146,-2.725,7.325,-1,0
6,146,-2.675,7.325,-1,0
7,146,-2.625,7.325,-1,0
8,146,-2.575,7.325,-1,0
9,146,-2.525,7.325,-1,0
10,146,-2.475,7.325,-1,0
11,146,-2.425,7.325,-1,0
12,146,-2.375,7.325,-1,0
13,146,-2.325,7.325,-1,0
14,146,-2.275,7.325,-1,0
15,146,-2.225,7.325,-1,0
16,146,-2.175,7.325,-1,0
17,146,-2.125,7.325,-1,0
18,146,-2.075,7.325,-1,0
19,146,-2.025,7.325,-1,0
20,146,-1.975,7.325,-1,0
21,146,-1.925,7.325,-1,0
22,146,-1.875,7.325,-1,0
23,146,-1.825,7.325,-1,0
24,146,-1.775,7.325,-1,0
25,146,-1.725,7.325,-1,0
26,146,-1.675,7.325,-1,0
27,146,-1.625,7.325,-1,0
28,146,-1.575,7.325,-1,0
29,146,-1.525,7.325,-1,0
30,146,-1.475,7.325,-1,0
31,146,-1.425,7.325,-1,0
32,146,-1.375,7.325,-1,0
33,146,-1.325,7.325,-1,0
34,146,-1.275,7.325,-1,0
35,146,-1.225,7.325,-1,0
36,146,-1.175,7.325,-1,0
37,146,-1.125,7.325,-1,0
38,146,-1.075,7.325,-1,0
39,146,-1.025,7.325,-1,0
40,146,-0.975,7.325,-1,0
41,146,-0.925,7.325,-1,0
42,146,-0.875,7.325,-1,0
43,146,-0.825,7.325,-1,0
44,146,-0.775,7.325,-1,0
45,146,-0.725,7.325,-1,0
46,146,-0.675,7.325,-1,0
47,146,-0.625,7.325,-1,0
48,146,-0.575,7.325,-1,0
49,146,-0.525,7.325,-1,0
50,146,-0.475,7.325,-1,0
51,146,-0.425,7.325,5442,20
52,146,-0.375,7.325,10766,21
53,146,-0.325,7.325,8773,22
54,146,-0.275,7.325,1661,31
55,146,-0.225,7.325,-1,0
56,146,-0.175,7.325,-1,0
57,146,-0.125,7.325,-1,0
58,146,-0.075,7.325,-1,0
59,146,-0.025,7.325,5619,6
60,146,0.025,7.325,24480,6
61,146,0.075,7.325,982,9
62,146,0.125,7.325,22757,10
63,146,0.175,7.325,1391,15
64,146,0.225,7.325,13668,6
65,146,0.275,7.325,7307,12
66,146,0.325,7.325,8845,6
67,146,0.375,7.325,2419,15
68,146,0.425,7.325,372,10
69,146,0.475,7.325,3604,19
70,146,0.525,7.325,25582,4
71,146,0.575,7.325,3807,2
72,146,0.625,7.325,72905,1
73,146,0.675,7.325,-1,0
74,146,0.725,7.325,19978,9
75,146,0.775,7.325,418,7
76,146,0.825,7.325,462,16
77,146,0.875,7.325,2520,22
78,146,0.925,7.325,6650,1
79,146,0.975,7.325,-1,0
80,146,1.025,7.325,-1,0
81,146,1.075,7.325,20268,4
82,146,1.125,7.325,4820,10
83,146,1.175,7.325,9037,5
84,146,1.225,7.325,13025,11
85,146,1.275,7.325,4030,17
86,146,1.325,7.325,8282,18
87,146,1.375,7.325,7467,28
88,146,1.425,7.325,11344,13
89,146,1.475,7.325,4021,24
90,146,1.525,7.325,2506,33
91,146,1.575,7.325,617,13
92,146,1.625,7.325,1652,19
93,146,1.675,7.325,643,12
94,146,1.725,7.325,741,20
95,146,1.775,7.325,399,20
96,146,1.825,7.325,-1,0
97,146,1.875,7.325,-1,0
98,146,1.925,7.325,-1,0
99,146,1.975,7.325,-1,0
100,146,2.025,7.325,-1,0
101,146,2.075,7.325,-1,0
102,146,2.125,7.325,-1,0
103,146,2.175,7.325,-1,0
104,146,2.225,7.325,-1,0
105,146,2.275,7.325,-1,0
106,146,2.325,7.325,-1,0
107,146,2.375,7.325,-1,0
108,146,2.425,7.325,-1,0
109,146,2.475,7.325,-1,0
110,146,2.525,7.325,-1,0
111,146,2.575,7.325,-1,0
112,146,2.625,7.325,-1,0
113,146,2.675,7.325,-1,0
114,146,2.725,7.325,-1,0
115,146,2.775,7.325,-1,0
116,146,2.825,7.325,-1,0
117,146,2.875,7.325,-1,0
118,146,2.925,7.325,-1,0
119,146,2.975,7.325,-1,0
0,147,-2.975,7.375,-1,0
1,147,-2.925,7.375,-1,0
2,147,-2.875,7.375,-1,0
3,147,-2.825,7.375,-1,0
4,147,-2.775,7.375,-1,0
5,147,-2.725,7.375,-1,0
6,147,-2.675,7.375,-1,0
7,147,-2.625,7.375,-1,0
8,147,-2.575,7.375,-1,0
9,147,-2.525,7.375,-1,0
10,147,-2.475,7.375,-1,0
11,147,-2.425,7.375,-1,0
12,147,-2.375,7.375,-1,0
13,147,-2.325,7.375,-1,0
14,147,-2.275,7.375,-1,0
15,147,-2.225,7.375,-1,0
16,147,-2.175,7.375,-1,0
17,147,-2.125,7.375,-1,0
18,147,-2.075,7.375,-1,0
19,147,-2.025,7.375,-1,0
20,147,-1.975,7.375,-1,0
21,147,-1.925,7.375,-1,0
22,147,-1.875,7.375,-1,0
23,147,-1.825,7.375,-1,0
24,147,-1.775,7.375,-1,0
25,147,-1.725,7.375,-1,0
26,147,-1.675,7.375,-1,0
27,147,-1.625,7.375,-1,0
28,147,-1.575,7.375,-1,0
29,147,-1.525,7.375,-1,0
30,147,-1.475,7.375,-1,0
31,147,-1.425,7.375,-1,0
32,147,-1.375,7.375,-1,0
33,147,-1.325,7.375,-1,0
34,147,-1.275,7.375,-1,0
35,147,-1.225,7.375,-1,0
36,147,-1.175,7.375,-1,0
37,147,-1.125,7.375,-1,0
38,147,-1.075,7.375,-1,0
39,147,-1.025,7.375,-1,0
40,147,-0.975,7.375,-1,0
41,147,-0.925,7.375,-1,0
42,147,-0.875,7.375,-1,0
43,147,-0.825,7.375,-1,0
44,147,-0.775,7.375,-1,0
45,147,-0.725,7.375,-1,0
46,147,-0.675,7.375,-1,0
47,147,-0.625,7.375,-1,0
48,147,-0.575,7.375,-1,0
49,147,-0.525,7.375,-1,0
50,147,-0.475,7.375,-1,0
51,147,-0.425,7.375,11842,11
52,147,-0.375,7.375,596,41
53,147,-0.325,7.375,136,27
54,147,-0.275,7.375,2597,25
55,147,-0.225,7.375,-1,0
56,147,-0.175,7.375,-1,0
57,147,-0.125,7.375,-1,0
58,147,-0.075,7.375,6255,16
59,147,-0.025,7.375,9891,13
60,147,0.025,7.375,776,11
61,147,0.075,7.375,27353,12
62,147,0.125,7.375,21792,3
63,147,0.175,7.375,1276,13
64,147,0.225,7.375,3367,8
65,147,0.275,7.375,6589,17
66,147,0.325,7.375,883,7
67,147,0.375,7.375,5078,9
68,147,0.425,7.375,323,13
69,147,0.475,7.375,5743,4
70,147,0.525,7.375,4899,7
71,147,0.575,7.375,9782,3
72,147,0.625,7.375,80519,1
73,147,0.675,7.375,6728,13
74,147,0.725,7.375,10096,2
75,147,0.775,7.375,41169,2
76,147,0.825,7.375,26336,5
77,147,0.875,7.375,6623,38
78,147,0.925,7.375,23943,7
79,147,0.975,7.375,1757,9
80,147,1.025,7.375,1549,3
81,147,1.075,7.375,8027,5
82,147,1.125,7.375,6304,7
83,147,1.175,7.375,8740,6
84,147,1.225,7.375,5236,15
85,147,1.275,7.375,13914,9
86,147,1.325,7.375,9942,6
87,147,1.375,7.375,334,13
88,147,1.425,7.375,3667,6
89,147,1.475,7.375,7235,17
90,147,1.525,7.375,8934,13
91,147,1.575,7.375,9095,22
92,147,1.625,7.375,4828,20
93,147,1.675,7.375,10069,18
94,147,1.725,7.375,7398,24
95,147,1.775,7.375,5458,30
96,147,1.825,7.375,26832,2
97,147,1.875,7.375,-1,0
98,147,1.925,7.375,-1,0
99,147,1.975,7.375,-1,0
100,147,2.025,7.375,-1,0
101,147,2.075,7.375,-1,0
102,147,2.125,7.375,-1,0
103,147,2.175,7.375,-1,0
104,147,2.225,7.375,-1,0
105,147,2.275,7.375,-1,0
106,147,2.325,7.375,-1,0
107,147,2.375,7.375,-1,0
108,147,2.425,7.375,-1,0
109,147,2.475,7.375,-1,0
110,147,2.525,7.375,-1,0
111,147,2.575,7.375,-1,0
112,147,2.625,7.375,-1,0
113,147,2.675,7.375,-1,0
114,147,2.725,7.375,-1,0
115,147,2.775,7.375,-1,0
116,147,2.825,7.375,-1,0
117,147,2.875,7.375,-1,0
118,147,2.925,7.375,-1,0
119,147,2.975,7.375,-1,0
0,148,-2.975,7.425,-1,0
1,148,-2.925,7.425,-1,0
2,148,-2.875,7.425,-1,0
3,148,-2.825,7.425,-1,0
4,148,-2.775,7.425,-1,0
5,148,-2.725,7.425,-1,0
6,148,-2.675,7.425,-1,0
7,148,-2.625,7.425,-1,0
8,148,-2.575,7.425,-1,0
9,148,-2.525,7.425,-1,0
10,148,-2.475,7.425,-1,0
11,148,-2.425,7.425,-1,0
12,148,-2.375,7.425,-1,0
13,148,-2.325,7.425,-1,0
14,148,-2.275,7.425,-1,0
15,148,-2.225,7.425,-1,0
16,148,-2.175,7.425,-1,0
17,148,-2.125,7.425,-1,0
18,148,-2.075,7.425,-1,0
19,148,-2.025,7.425,-1,0
20,148,-1.975,7.425,-1,0
21,148,-1.925,7.425,-1,0
22,148,-1.875,7.425,-1,0
23,148,-1.825,7.425,-1,0
24,148,-1.775,7.425,-1,0
25,148,-1.725,7.425,-1,0
26,148,-1.675,7.425,-1,0
27,148,-1.625,7.425,-1,0
28,148,-1.575,7.425,-1,0
29,148,-1.525,7.425,-1,0
30,148,-1.475,7.425,-1,0
31,148,-1.425,7.425,-1,0
32,148,-1.375,7.425,-1,0
33,148,-1.325,7.425,-1,0
34,148,-1.275,7.425,-1,0
35,148,-1.225,7.425,-1,0
36,148,-1.175,7.425,-1,0
37,148,-1.125,7.425,-1,0
38,148,-1.075,7.425,-1,0
39,148,-1.025,7.425,-1,0
40,148,-0.975,7.425,-1,0
41,148,-0.925,7.425,-1,0
42,148,-0.875,7.425,-1,0
43,148,-0.825,7.425,-1,0
44,148,-0.775,7.425,-1,0
45,148,-0.725,7.425,-1,0
46,148,-0.675,7.425,-1,0
47,148,-0.625,7.425,-1,0
48,148,-0.575,7.425,-1,0
49,148,-0.525,7.425,-1,0
50,148,-0.475,7.425,-1,0
51,148,-0.425,7.425,8340,9
52,148,-0.375,7.425,66,49
53,148,-0.325,7.425,1884,49
54,148,-0.275,7.425,-1,0
55,148,-0.225,7.425,-1,0
56,148,-0.175,7.425,-1,0
57,148,-0.125,7.425,-1,0
58,148,-0.075,7.425,22473,3
59,148,-0.025,7.425,27406,9
60,148,0.025,7.425,4341,14
61,148,0.075,7.425,17816,11
62,148,0.125,7.425,3061,18
63,148,0.175,7.425,8652,10
64,148,0.225,7.425,15401,8
65,148,0.275,7.425,1852,7
66,148,0.325,7.425,584,18
67,148,0.375,7.425,842,20
68,148,0.425,7.425,10566,6
69,148,0.475,7.425,4968,7
70,148,0.525,7.425,2208,7
71,148,0.575,7.425,17255,8
72,148,0.625,7.425,12021,4
73,148,0.675,7.425,3836,11
74,148,0.725,7.425,19173,1
75,148,0.775,7.425,170,7
76,148,0.825,7.425,24891,2
77,148,0.875,7.425,363,40
78,148,0.925,7.425,7749,5
79,148,0.975,7.425,36286,5
80,148,1.025,7.425,45913,3
81,148,1.075,7.425,1348,6
82,148,1.125,7.425,5548,7
83,148,1.175,7.425,9388,6
84,148,1.225,7.425,2167,10
85,148,1.275,7.425,13988,4
86,148,1.325,7.425,2278,7
87,148,1.375,7.425,665,14
88,148,1.425,7.425,8162,19
89,148,1.475,7.425,7574,14
90,148,1.525,7.425,-1,0
91,148,1.575,7.425,5527,15
92,148,1.625,7.425,9103,22
93,148,1.675,7.425,2287,31
94,148,1.725,7.425,1559,31
95,148,1.775,7.425,7190,31
96,148,1.825,7.425,1981,31
97,148,1.875,7.425,-1,0
98,148,1.925,7.425,-1,0
99,148,1.975,7.425,-1,0
100,148,2.025,7.425,-1,0
101,148,2.075,7.425,-1,0
102,148,2.125,7.425,-1,0
103,148,2.175,7.425,-1,0
104,148,2.225,7.425,-1,0
105,148,2.275,7.425,-1,0
106,148,2.325,7.425,-1,0
107,148,2.375,7.425,-1,0
108,148,2.425,7.425,-1,0
109,148,2.475,7.425,-1,0
110,148,2.525,7.425,-1,0
111,148,2.575,7.425,-1,0
112,148,2.625,7.425,-1,0
113,148,2.675,7.425,-1,0
114,148,2.725,7.425,-1,0
115,148,2.775,7.425,-1,0
116,148,2.825,7.425,-1,0
117,148,2.875,7.425,-1,0
118,148,2.925,7.425,-1,0
119,148,2.975,7.425,-1,0
0,149,-2.975,7.475,-1,0
1,149,-2.925,7.475,-1,0
2,149,-2.875,7.475,-1,0
3,149,-2.825,7.475,-1,0
4,149,-2.775,7.475,-1,0
5,149,-2.725,7.475,-1,0
6,149,-2.675,7.475,-1,0
7,149,-2.625,7.475,-1,0
8,149,-2.575,7.475,-1,0
9,149,-2.525,7.475,-1,0
10,149,-2.475,7.475,-1,0
11,149,-2.425,7.475,-1,0
12,149,-2.375,7.475,-1,0
13,149,-2.325,7.475,-1,0
14,149,-2.275,7.475,-1,0
15,149,-2.225,7.475,-1,0
16,149,-2.175,7.475,-1,0
17,149,-2.125,7.475,-1,0
18,149,-2.075,7.475,-1,0
19,149,-2.025,7.475,-1,0
20,149,-1.975,7.475,-1,0
21,149,-1.925,7.475,-1,0
22,149,-1.875,7.475,-1,0
23,149,-1.825,7.475,-1,0
24,149,-1.775,7.475,-1,0
25,149,-1.725,7.475,-1,0
26,149,-1.675,7.475,-1,0
27,149,-1.625,7.475,-1,0
28,149,-1.575,7.475,-1,0
29,149,-1.525,7.475,-1,0
30,149,-1.475,7.475,-1,0
31,149,-1.425,7.475,-1,0
32,149,-1.375,7.475,-1,0
33,149,-1.325,7.475,-1,0
34,149,-1.275,7.475,-1,0
35,149,-1.225,7.475,-1,0
36,149,-1.175,7.475,-1,0
37,149,-1.125,7.475,-1,0
38,149,-1.075,7.475,-1,0
39,149,-1.025,7.475,-1,0
40,149,-0.975,7.475,-1,0
41,149,-0.925,7.475,-1,0
42,149,-0.875,7.475,-1,0
43,149,-0.825,7.475,-1,0
44,149,-0.775,7.475,-1,0
45,149,-0.725,7.475,-1,0
46,149,-0.675,7.475,-1,0
47,149,-0.625,7.475,-1,0
48,149,-0.575,7.475,-1,0
49,149,-0.525,7.475,-1,0
50,149,-0.475,7.475,-1,0
51,149,-0.425,7.475,-1,0
52,149,-0.375,7.475,389,65
53,149,-0.325,7.475,1575,56
54,149,-0.275,7.475,-1,0
55,149,-0.225,7.475,-1,0
56,149,-0.175,7.475,-1,0
57,149,-0.125,7.475,-1,0
58,149,-0.075,7.475,4187,17
59,149,-0.025,7.475,10678,16
60,149,0.025,7.475,8721,17
61,149,0.075,7.475,27163,8
62,149,0.125,7.475,4109,10
63,149,0.175,7.475,6608,13
64,149,0.225,7.475,5120,10
65,149,0.275,7.475,1403,14
66,149,0.325,7.475,1813,44
67,149,0.375,7.475,9582,15
68,149,0.425,7.475,732,14
69,149,0.475,7.475,18709,7
70,149,0.525,7.475,3046,6
71,149,0.575,7.475,7342,7
72,149,0.625,7.475,1470,8
73,149,0.675,7.475,46248,3
74,149,0.725,7.475,4727,6
75,149,0.775,7.475,9865,7
76,149,0.825,7.475,1995,10
77,149,0.875,7.475,1315,23
78,149,0.925,7.475,6064,31
79,149,0.975,7.475,5472,9
80,149,1.025,7.475,2310,10
81,149,1.075,7.475,7849,3
82,149,1.125,7.475,12746,6
83,149,1.175,7.475,36339,7
84,149,1.225,7.475,1871,8
85,149,1.275,7.475,13888,8
86,149,1.325,7.475,5221,13
87,149,1.375,7.475,5970,12
88,149,1.425,7.475,6688,9
89,149,1.475,7.475,2884,18
90,149,1.525,7.475,3009,18
91,149,1.575,7.475,4252,3
92,149,1.625,7.475,-1,0
93,149,1.675,7.475,14058,6
94,149,1.725,7.475,6548,34
95,149,1.775,7.475,5559,30
96,149,1.825,7.475,571,42
97,149,1.875,7.475,1735,4
98,149,1.925,7.475,-1,0
99,149,1.975,7.475,-1,0
100,149,2.025,7.475,-1,0
101,149,2.075,7.475,-1,0
102,149,2.125,7.475,-1,0
103,149,2.175,7.475,-1,0
104,149,2.225,7.475,-1,0
105,149,2.275,7.475,-1,0
106,149,2.325,7.475,-1,0
107,149,2.375,7.475,-1,0
108,149,2.425,7.475,-1,0
109,149,2.475,7.475,-1,0
110,149,2.525,7.475,-1,0
111,149,2.575,7.475,-1,0
112,149,2.625,7.475,-1,0
113,149,2.675,7.475,-1,0
114,149,2.725,7.475,-1,0
115,149,2.775,7.475,-1,0
116,149,2.825,7.475,-1,0
117,149,2.875,7.475,-1,0
118,149,2.925,7.475,-1,0
119,149,2.975,7.475,-1,0
0,150,-2.975,7.525,-1,0
1,150,-2.925,7.525,-1,0
2,150,-2.875,7.525,-1,0
3,150,-2.825,7.525,-1,0
4,150,-2.775,7.525,-1,0
5,150,-2.725,7.525,-1,0
6,150,-2.675,7.525,-1,0
7,150,-2.625,7.525,-1,0
8,150,-2.575,7.525,-1,0
9,150,-2.525,7.525,-1,0
10,150,-2.475,7.525,-1,0
11,150,-2.425,7.525,-1,0
12,150,-2.375,7.525,-1,0
13,150,-2.325,7.525,-1,0
14,150,-2.275,7.525,-1,0
15,150,-2.225,7.525,-1,0
16,150,-2.175,7.525,-1,0
17,150,-2.125,7.525,-1,0
18,150,-2.075,7.525,-1,0
19,150,-2.025,7.525,-1,0
20,150,-1.975,7.525,-1,0
21,150,-1.925,7.525,-1,0
22,150,-1.875,7.525,-1,0
23,150,-1.825,7.525,-1,0
24,150,-1.775,7.525,-1,0
25,150,-1.725,7.525,-1,0
26,150,-1.675,7.525,-1,0
27,150,-1.625,7.525,-1,0
28,150,-1.575,7.525,-1,0
29,150,-1.525,7.525,-1,0
30,150,-1.475,7.525,-1,0
31,150,-1.425,7.525,-1,0
32,150,-1.375,7.525,-1,0
33,150,-1.325,7.525,-1,0
34,150,-1.275,7.525,-1,0
35,150,-1.225,7.525,-1,0
36,150,-1.175,7.525,-1,0
37,150,-1.125,7.525,-1,0
38,150,-1.075,7.525,-1,0
39,150,-1.025,7.525,-1,0
40,150,-0.975,7.525,-1,0
41,150,-0.925,7.525,-1,0
42,150,-0.875,7.525,-1,0
43,150,-0.825,7.525,-1,0
44,150,-0.775,7.525,-1,0
45,150,-0.725,7.525,-1,0
46,150,-0.675,7.525,-1,0
47,150,-0.625,7.525,-1,0
48,150,-0.575,7.525,-1,0
49,150,-0.525,7.525,-1,0
50,150,-0.475,7.525,-1,0
51,150,-0.425,7.525,-1,0
52,150,-0.375,7.525,3233,39
53,150,-0.325,7.525,1034,91
54,150,-0.275,7.525,-1,0
55,150,-0.225,7.525,-1,0
56,150,-0.175,7.525,-1,0
57,150,-0.125,7.525,-1,0
58,150,-0.075,7.525,13588,13
59,150,-0.025,7.525,1250,17
60,150,0.025,7.525,2067,10
61,150,0.075,7.525,551,10
62,150,0.125,7.525,1787,8
63,150,0.175,7.525,8519,14
64,150,0.225,7.525,201,16
65,150,0.275,7.525,1153,26
66,150,0.325,7.525,11216,12
67,150,0.375,7.525,26508,12
68,150,0.425,7.525,13506,8
69,150,0.475,7.525,22105,7
70,150,0.525,7.525,1419,2
71,150,0.575,7.525,27487,6
72,150,0.625,7.525,8918,13
73,150,0.675,7.525,9194,5
74,150,0.725,7.525,1898,8
75,150,0.775,7.525,13138,14
76,150,0.825,7.525,19811,8
77,150,0.875,7.525,22487,2
78,150,0.925,7.525,5027,34
79,150,0.975,7.525,7451,5
80,150,1.025,7.525,17054,6
81,150,1.075,7.525,9338,11
82,150,1.125,7.525,2977,9
83,150,1.175,7.525,6408,11
84,150,1.225,7.525,6953,5
85,150,1.275,7.525,2621,13
86,150,1.325,7.525,7099,9
87,150,1.375,7.525,4606,5
88,150,1.425,7.525,3999,13
89,150,1.475,7.525,3882,9
90,150,1.525,7.525,17717,11
91,150,1.575,7.525,214,14
92,150,1.625,7.525,38198,2
93,150,1.675,7.525,-1,0
94,150,1.725,7.525,11203,1
95,150,1.775,7.525,1961,33
96,150,1.825,7.525,2151,55
97,150,1.875,7.525,4915,36
98,150,1.925,7.525,-1,0
99,150,1.975,7.525,-1,0
100,150,2.025,7.525,-1,0
101,150,2.075,7.525,-1,0
102,150,2.125,7.525,-1,0
103,150,2.175,7.525,-1,0
104,150,2.225,7.525,-1,0
105,150,2.275,7.525,-1,0
106,150,2.325,7.525,-1,0
107,150,2.375,7.525,-1,0
108,150,2.425,7.525,-1,0
109,150,2.475,7.525,-1,0
110,150,2.525,7.525,-1,0
111,150,2.575,7.525,-1,0
112,150,2.625,7.525,-1,0
113,150,2.675,7.525,-1,0
114,150,2.725,7.525,-1,0
115,150,2.775,7.525,-1,0
116,150,2.825,7.525,-1,0
117,150,2.875,7.525,-1,0
118,150,2.925,7.525,-1,0
119,150,2.975,7.525,-1,0
0,151,-2.975,7.575,-1,0
1,151,-2.925,7.575,-1,0
2,151,-2.875,7.575,-1,0
3,151,-2.825,7.575,-1,0
4,151,-2.775,7.575,-1,0
5,151,-2.725,7.575,-1,0
6,151,-2.675,7.575,-1,0
7,151,-2.625,7.575,-1,0
8,151,-2.575,7.575,-1,0
9,151,-2.525,7.575,-1,0
10,151,-2.475,7.575,-1,0
11,151,-2.425,7.575,-1,0
12,151,-2.375,7.575,-1,0
13,151,-2.325,7.575,-1,0
14,151,-2.275,7.575,-1,0
15,151,-2.225,7.575,-1,0
16,151,-2.175,7.575,-1,0
17,151,-2.125,7.575,-1,0
18,151,-2.075,7.575,-1,0
19,151,-2.025,7.575,-1,0
20,151,-1.975,7.575,-1,0
21,151,-1.925,7.575,-1,0
22,151,-1.875,7.575,-1,0
23,151,-1.825,7.575,-1,0
24,151,-1.775,7.575,-1,0
25,151,-1.725,7.575,-1,0
26,151,-1.675,7.575,-1,0
27,151,-1.625,7.575,-1,0
28,151,-1.575,7.575,-1,0
29,151,-1.525,7.575,-1,0
30,151,-1.475,7.575,-1,0
31,151,-1.425,7.575,-1,0
32,151,-1.375,7.575,-1,0
33,151,-1.325,7.575,-1,0
34,151,-1.275,7.575,-1,0
35,151,-1.225,7.575,-1,0
36,151,-1.175,7.575,-1,0
37,151,-1.125,7.575,-1,0
38,151,-1.075,7.575,-1,0
39,151,-1.025,7.575,-1,0
40,151,-0.975,7.575,-1,0
41,151,-0.925,7.575,-1,0
42,151,-0.875,7.575,-1,0
43,151,-0.825,7.575,-1,0
44,151,-0.775,7.575,-1,0
45,151,-0.725,7.575,-1,0
46,151,-0.675,7.575,-1,0
47,151,-0.625,7.575,-1,0
48,151,-0.575,7.575,-1,0
49,151,-0.525,7.575,-1,0
50,151,-0.475,7.575,-1,0
51,151,-0.425,7.575,-1,0
52,151,-0.375,7.575,-1,0
53,151,-0.325,7.575,9919,34
54,151,-0.275,7.575,-1,0
55,151,-0.225,7.575,-1,0
56,151,-0.175,7.575,-1,0
57,151,-0.125,7.575,-1,0
58,151,-0.075,7.575,8213,21
59,151,-0.025,7.575,1705,17
60,151,0.025,7.575,1425,14
61,151,0.075,7.575,6629,11
62,151,0.125,7.575,7919,14
63,151,0.175,7.575,11366,28
64,151,0.225,7.575,29161,13
65,151,0.275,7.575,36508,4
66,151,0.325,7.575,3109,13
67,151,0.375,7.575,10239,10
68,151,0.425,7.575,6198,8
69,151,0.475,7.575,635,5
70,151,0.525,7.575,2384,8
71,151,0.575,7.575,2361,8
72,151,0.625,7.575,16742,7
73,151,0.675,7.575,1262,9
74,151,0.725,7.575,16561,7
75,151,0.775,7.575,2995,10
76,151,0.825,7.575,1645,12
77,151,0.875,7.575,13560,3
78,151,0.925,7.575,1325,27
79,151,0.975,7.575,44478,3
80,151,1.025,7.575,4556,9
81,151,1.075,7.575,283,11
82,151,1.125,7.575,2323,11
83,151,1.175,7.575,20662,12
84,151,1.225,7.575,4579,12
85,151,1.275,7.575,33926,7
86,151,1.325,7.575,4626,7
87,151,1.375,7.575,10202,8
88,151,1.425,7.575,22309,10
89,151,1.475,7.575,4307,10
90,151,1.525,7.575,300,21
91,151,1.575,7.575,2873,18
92,151,1.625,7.575,902,20
93,151,1.675,7.575,-1,0
94,151,1.725,7.575,-1,0
95,151,1.775,7.575,-1,0
96,151,1.825,7.575,3026,29
97,151,1.875,7.575,863,103
98,151,1.925,7.575,-1,0
99,151,1.975,7.575,-1,0
100,151,2.025,7.575,-1,0
101,151,2.075,7.575,-1,0
102,151,2.125,7.575,-1,0
103,151,2.175,7.575,-1,0
104,151,2.225,7.575,-1,0
105,151,2.275,7.575,-1,0
106,151,2.325,7.575,-1,0
107,151,2.375,7.575,-1,0
108,151,2.425,7.575,-1,0
109,151,2.475,7.575,-1,0
110,151,2.525,7.575,-1,0
111,151,2.575,7.575,-1,0
112,151,2.625,7.575,-1,0
113,151,2.675,7.575,-1,0
114,151,2.725,7.575,-1,0
115,151,2.775,7.575,-1,0
116,151,2.825,7.575,-1,0
117,151,2.875,7.575,-1,0
118,151,2.925,7.575,-1,0
119,151,2.975,7.575,-1,0
0,152,-2.975,7.625,-1,0
1,152,-2.925,7.625,-1,0
2,152,-2.875,7.625,-1,0
3,152,-2.825,7.625,-1,0
4,152,-2.775,7.625,-1,0
5,152,-2.725,7.625,-1,0
6,152,-2.675,7.625,-1,0
7,152,-2.625,7.625,-1,0
8,152,-2.575,7.625,-1,0
9,152,-2.525,7.625,-1,0
10,152,-2.475,7.625,-1,0
11,152,-2.425,7.625,-1,0
12,152,-2.375,7.625,-1,0
13,152,-2.325,7.625,-1,0
14,152,-2.275,7.625,-1,0
15,152,-2.225,7.625,-1,0
16,152,-2.175,7.625,-1,0
17,152,-2.125,7.625,-1,0
18,152,-2.075,7.625,-1,0
19,152,-2.025,7.625,-1,0
20,152,-1.975,7.625,-1,0
21,152,-1.925,7.625,-1,0
22,152,-1.875,7.625,-1,0
23,152,-1.825,7.625,-1,0
24,152,-1.775,7.625,-1,0
25,152,-1.725,7.625,-1,0
26,152,-1.675,7.625,-1,0
27,152,-1.625,7.625,-1,0
28,152,-1.575,7.625,-1,0
29,152,-1.525,7.625,-1,0
30,152,-1.475,7.625,-1,0
31,152,-1.425,7.625,-1,0
32,152,-1.375,7.625,-1,0
33,152,-1.325,7.625,-1,0
34,152,-1.275,7.625,-1,0
35,152,-1.225,7.625,-1,0
36,152,-1.175,7.625,-1,0
37,152,-1.125,7.625,-1,0
38,152,-1.075,7.625,-1,0
39,152,-1.025,7.625,-1,0
40,152,-0.975,7.625,-1,0
41,152,-0.925,7.625,-1,0
42,152,-0.875,7.625,-1,0
43,152,-0.825,7.625,-1,0
44,152,-0.775,7.625,-1,0
45,152,-0.725,7.625,-1,0
46,152,-0.675,7.625,-1,0
47,152,-0.625,7.625,-1,0
48,152,-0.575,7.625,-1,0
49,152,-0.525,7.625,-1,0
50,152,-0.475,7.625,-1,0
51,152,-0.425,7.625,-1,0
52,152,-0.375,7.625,-1,0
53,152,-0.325,7.625,-1,0
54,152,-0.275,7.625,-1,0
55,152,-0.225,7.625,-1,0
56,152,-0.175,7.625,-1,0
57,152,-0.125,7.625,-1,0
58,152,-0.075,7.625,3436,18
59,152,-0.025,7.625,558,19
60,152,0.025,7.625,5750,12
61,152,0.075,7.625,6657,17
62,152,0.125,7.625,5504,8
63,152,0.175,7.625,3955,21
64,152,0.225,7.625,45517,3
65,152,0.275,7.625,15140,12
66,152,0.325,7.625,2799,13
67,152,0.375,7.625,7421,18
68,152,0.425,7.625,3851,13
69,152,0.475,7.625,1442,4
70,152,0.525,7.625,10383,6
71,152,0.575,7.625,15268,6
72,152,0.625,7.625,9817,9
73,152,0.675,7.625,2342,11
74,152,0.725,7.625,8127,8
75,152,0.775,7.625,59612,5
76,152,0.825,7.625,1501,16
77,152,0.875,7.625,-1,0
78,152,0.925,7.625,7670,13
79,152,0.975,7.625,1288,18
80,152,1.025,7.625,-1,0
81,152,1.075,7.625,7351,19
82,152,1.125,7.625,22957,7
83,152,1.175,7.625,3094,8
84,152,1.225,7.625,7538,18
85,152,1.275,7.625,1185,14
86,152,1.325,7.625,2668,17
87,152,1.375,7.625,8089,9
88,152,1.425,7.625,8764,11
89,152,1.475,7.625,125,23
90,152,1.525,7.625,2951,13
91,152,1.575,7.625,18333,11
92,152,1.625,7.625,39,13
93,152,1.675,7.625,2732,20
94,152,1.725,7.625,-1,0
95,152,1.775,7.625,-1,0
96,152,1.825,7.625,-1,0
97,152,1.875,7.625,521,70
98,152,1.925,7.625,-1,0
99,152,1.975,7.625,-1,0
100,152,2.025,7.625,-1,0
101,152,2.075,7.625,-1,0
102,152,2.125,7.625,-1,0
103,152,2.175,7.625,-1,0
104,152,2.225,7.625,-1,0
105,152,2.275,7.625,-1,0
106,152,2.325,7.625,-1,0
107,152,2.375,7.625,-1,0
108,152,2.425,7.625,-1,0
109,152,2.475,7.625,-1,0
110,152,2.525,7.625,-1,0
111,152,2.575,7.625,-1,0
112,152,2.625,7.625,-1,0
113,152,2.675,7.625,-1,0
114,152,2.725,7.625,-1,0
115,152,2.775,7.625,-1,0
116,152,2.825,7.625,-1,0
117,152,2.875,7.625,-1,0
118,152,2.925,7.625,-1,0
119,152,2.975,7.625,-1,0
0,153,-2.975,7.675,-1,0
1,153,-2.925,7.675,-1,0
2,153,-2.875,7.675,-1,0
3,153,-2.825,7.675,-1,0
4,153,-2.775,7.675,-1,0
5,153,-2.725,7.675,-1,0
6,153,-2.675,7.675,-1,0
7,153,-2.625,7.675,-1,0
8,153,-2.575,7.675,-1,0
9,153,-2.525,7.675,-1,0
10,153,-2.475,7.675,-1,0
11,153,-2.425,7.675,-1,0
12,153,-2.375,7.675,-1,0
13,153,-2.325,7.675,-1,0
14,153,-2.275,7.675,-1,0
15,153,-2.225,7.675,-1,0
16,153,-2.175,7.675,-1,0
17,153,-2.125,7.675,-1,0
18,153,-2.075,7.675,-1,0
19,153,-2.025,7.675,-1,0
20,153,-1.975,7.675,-1,0
21,153,-1.925,7.675,-1,0
22,153,-1.875,7.675,-1,0
23,153,-1.825,7.675,-1,0
24,153,-1.775,7.675,-1,0
25,153,-1.725,7.675,-1,0
26,153,-1.675,7.675,-1,0
27,153,-1.625,7.675,-1,0
28,153,-1.575,7.675,-1,0
29,153,-1.525,7.675,-1,0
30,153,-1.475,7.675,-1,0
31,153,-1.425,7.675,-1,0
32,153,-1.375,7.675,-1,0
33,153,-1.325,7.675,-1,0
34,153,-1.275,7.675,-1,0
35,153,-1.225,7.675,-1,0
36,153,-1.175,7.675,-1,0
37,153,-1.125,7.675,-1,0
38,153,-1.075,7.675,-1,0
39,153,-1.025,7.675,-1,0
40,153,-0.975,7.675,-1,0
41,153,-0.925,7.675,-1,0
42,153,-0.875,7.675,-1,0
43,153,-0.825,7.675,-1,0
44,153,-0.775,7.675,-1,0
45,153,-0.725,7.675,-1,0
46,153,-0.675,7.675,-1,0
47,153,-0.625,7.675,-1,0
48,153,-0.575,7.675,-1,0
49,153,-0.525,7.675,-1,0
50,153,-0.475,7.675,-1,0
51,153,-0.425,7.675,-1,0
52,153,-0.375,7.675,-1,0
53,153,-0.325,7.675,-1,0
54,153,-0.275,7.675,-1,0
55,153,-0.225,7.675,-1,0
56,153,-0.175,7.675,-1,0
57,153,-0.125,7.675,-1,0
58,153,-0.075,7.675,6156,18
59,153,-0.025,7.675,3069,24
60,153,0.025,7.675,19986,15
61,153,0.075,7.675,4425,22
62,153,0.125,7.675,220,22
63,153,0.175,7.675,2236,17
64,153,0.225,7.675,-1,0
65,153,0.275,7.675,9020,15
66,153,0.325,7.675,21479,5
67,153,0.375,7.675,11006,7
68,153,0.425,7.675,3652,4
69,153,0.475,7.675,5676,4
70,153,0.525,7.675,16712,6
71,153,0.575,7.675,17149,6
72,153,0.625,7.675,11515,4
73,153,0.675,7.675,16879,6
74,153,0.725,7.675,5301,23
75,153,0.775,7.675,53,8
76,153,0.825,7.675,4741,27
77,153,0.875,7.675,-1,0
78,153,0.925,7.675,-1,0
79,153,0.975,7.675,1141,35
80,153,1.025,7.675,-1,0
81,153,1.075,7.675,33751,2
82,153,1.125,7.675,1492,15
83,153,1.175,7.675,7285,8
84,153,1.225,7.675,7719,18
85,153,1.275,7.675,4408,16
86,153,1.325,7.675,13043,12
87,153,1.375,7.675,15565,6
88,153,1.425,7.675,1522,13
89,153,1.475,7.675,3347,13
90,153,1.525,7.675,18501,10
91,153,1.575,7.675,6884,11
92,153,1.625,7.675,16468,5
93,153,1.675,7.675,3254,23
94,153,1.725,7.675,2606,17
95,153,1.775,7.675,-1,0
96,153,1.825,7.675,-1,0
97,153,1.875,7.675,-1,0
98,153,1.925,7.675,-1,0
99,153,1.975,7.675,-1,0
100,153,2.025,7.675,-1,0
101,153,2.075,7.675,-1,0
102,153,2.125,7.675,-1,0
103,153,2.175,7.675,-1,0
104,153,2.225,7.675,-1,0
105,153,2.275,7.675,-1,0
106,153,2.325,7.675,-1,0
107,153,2.375,7.675,-1,0
108,153,2.425,7.675,-1,0
109,153,2.475,7.675,-1,0
110,153,2.525,7.675,-1,0
111,153,2.575,7.675,-1,0
112,153,2.625,7.675,-1,0
113,153,2.675,7.675,-1,0
114,153,2.725,7.675,-1,0
115,153,2.775,7.675,-1,0
116,153,2.825,7.675,-1,0
117,153,2.875,7.675,-1,0
118,153,2.925,7.675,-1,0
119,153,2.975,7.675,-1,0
0,154,-2.975,7.725,-1,0
1,154,-2.925,7.725,-1,0
2,154,-2.875,7.725,-1,0
3,154,-2.825,7.725,-1,0
4,154,-2.775,7.725,-1,0
5,154,-2.725,7.725,-1,0
6,154,-2.675,7.725,-1,0
7,154,-2.625,7.725,-1,0
8,154,-2.575,7.725,-1,0
9,154,-2.525,7.725,-1,0
10,154,-2.475,7.725,-1,0
11,154,-2.425,7.725,-1,0
12,154,-2.375,7.725,-1,0
13,154,-2.325,7.725,-1,0
14,154,-2.275,7.725,-1,0
15,154,-2.225,7.725,-1,0
16,154,-2.175,7.725,-1,0
17,154,-2.125,7.725,-1,0
18,154,-2.075,7.725,-1,0
19,154,-2.025,7.725,-1,0
20,154,-1.975,7.725,-1,0
21,154,-1.925,7.725,-1,0
22,154,-1.875,7.725,-1,0
23,154,-1.825,7.725,-1,0
24,154,-1.775,7.725,-1,0
25,154,-1.725,7.725,-1,0
26,154,-1.675,7.725,-1,0
27,154,-1.625,7.725,-1,0
28,154,-1.575,7.725,-1,0
29,154,-1.525,7.725,-1,0
30,154,-1.475,7.725,-1,0
31,154,-1.425,7.725,-1,0
32,154,-1.375,7.725,-1,0
33,154,-1.325,7.725,-1,0
34,154,-1.275,7.725,-1,0
35,154,-1.225,7.725,-1,0
36,154,-1.175,7.725,-1,0
37,154,-1.125,7.725,-1,0
38,154,-1.075,7.725,-1,0
39,154,-1.025,7.725,-1,0
40,154,-0.975,7.725,-1,0
41,154,-0.925,7.725,-1,0
42,154,-0.875,7.725,-1,0
43,154,-0.825,7.725,-1,0
44,154,-0.775,7.725,-1,0
45,154,-0.725,7.725,-1,0
46,154,-0.675,7.725,-1,0
47,154,-0.625,7.725,-1,0
48,154,-0.575,7.725,-1,0
49,154,-0.525,7.725,-1,0
50,154,-0.475,7.725,-1,0
51,154,-0.425,7.725,-1,0
52,154,-0.375,7.725,-1,0
53,154,-0.325,7.725,-1,0
54,154,-0.275,7.725,-1,0
55,154,-0.225,7.725,-1,0
56,154,-0.175,7.725,-1,0
57,154,-0.125,7.725,-1,0
58,154,-0.075,7.725,2244,23
59,154,-0.025,7.725,1605,22
60,154,0.025,7.725,1637,17
61,154,0.075,7.725,91,23
62,154,0.125,7.725,2453,26
63,154,0.175,7.725,-1,0
64,154,0.225,7.725,-1,0
65,154,0.275,7.725,7730,7
66,154,0.325,7.725,8805,25
67,154,0.375,7.725,1699,17
68,154,0.425,7.725,1225,9
69,154,0.475,7.725,254,15
70,154,0.525,7.725,14141,8
71,154,0.575,7.725,17278,11
72,154,0.625,7.725,681,13
73,154,0.675,7.725,16958,11
74,154,0.725,7.725,11927,10
75,154,0.775,7.725,18913,9
76,154,0.825,7.725,27627,3
77,154,0.875,7.725,-1,0
78,154,0.925,7.725,16686,9
79,154,0.975,7.725,16031,6
80,154,1.025,7.725,-1,0
81,154,1.075,7.725,-1,0
82,154,1.125,7.725,-1,0
83,154,1.175,7.725,4761,16
84,154,1.225,7.725,16624,3
85,154,1.275,7.725,6292,19
86,154,1.325,7.725,12190,17
87,154,1.375,7.725,7815,25
88,154,1.425,7.725,11565,19
89,154,1.475,7.725,15838,14
90,154,1.525,7.725,5799,24
91,154,1.575,7.725,84,19
92,154,1.625,7.725,1016,16
93,154,1.675,7.725,1653,15
94,154,1.725,7.725,644,31
95,154,1.775,7.725,1950,10
96,154,1.825,7.725,-1,0
97,154,1.875,7.725,-1,0
98,154,1.925,7.725,-1,0
99,154,1.975,7.725,-1,0
100,154,2.025,7.725,-1,0
101,154,2.075,7.725,-1,0
102,154,2.125,7.725,-1,0
103,154,2.175,7.725,-1,0
104,154,2.225,7.725,-1,0
105,154,2.275,7.725,-1,0
106,154,2.325,7.725,-1,0
107,154,2.375,7.725,-1,0
108,154,2.425,7.725,-1,0
109,154,2.475,7.725,-1,0
110,154,2.525,7.725,-1,0
111,154,2.575,7.725,-1,0
112,154,2.625,7.725,-1,0
113,154,2.675,7.725,-1,0
114,154,2.725,7.725,-1,0
115,154,2.775,7.725,-1,0
116,154,2.825,7.725,-1,0
117,154,2.875,7.725,-1,0
118,154,2.925,7.725,-1,0
119,154,2.975,7.725,-1,0
0,155,-2.975,7.775,-1,0
1,155,-2.925,7.775,-1,0
2,155,-2.875,7.775,-1,0
3,155,-2.825,7.775,-1,0
4,155,-2.775,7.775,-1,0
5,155,-2.725,7.775,-1,0
6,155,-2.675,7.775,-1,0
7,155,-2.625,7.775,-1,0
8,155,-2.575,7.775,-1,0
9,155,-2.525,7.775,-1,0
10,155,-2.475,7.775,-1,0
11,155,-2.425,7.775,-1,0
12,155,-2.375,7.775,-1,0
13,155,-2.325,7.775,-1,0
14,155,-2.275,7.775,-1,0
15,155,-2.225,7.775,-1,0
16,155,-2.175,7.775,-1,0
17,155,-2.125,7.775,-1,0
18,155,-2.075,7.775,-1,0
19,155,-2.025,7.775,-1,0
20,155,-1.975,7.775,-1,0
21,155,-1.925,7.775,-1,0
22,155,-1.875,7.775,-1,0
23,155,-1.825,7.775,-1,0
24,155,-1.775,7.775,-1,0
25,155,-1.725,7.775,-1,0
26,155,-1.675,7.775,-1,0
27,155,-1.625,7.775,-1,0
28,155,-1.575,7.775,-1,0
29,155,-1.525,7.775,-1,0
30,155,-1.475,7.775,-1,0
31,155,-1.425,7.775,-1,0
32,155,-1.375,7.775,-1,0
33,155,-1.325,7.775,-1,0
34,155,-1.275,7.775,-1,0
35,155,-1.225,7.775,-1,0
36,155,-1.175,7.775,-1,0
37,155,-1.125,7.775,-1,0
38,155,-1.075,7.775,-1,0
39,155,-1.025,7.775,-1,0
40,155,-0.975,7.775,-1,0
41,155,-0.925,7.775,-1,0
42,155,-0.875,7.775,-1,0
43,155,-0.825,7.775,-1,0
44,155,-0.775,7.775,-1,0
45,155,-0.725,7.775,-1,0
46,155,-0.675,7.775,-1,0
47,155,-0.625,7.775,-1,0
48,155,-0.575,7.775,-1,0
49,155,-0.525,7.775,-1,0
50,155,-0.475,7.775,-1,0
51,155,-0.425,7.775,-1,0
52,155,-0.375,7.775,-1,0
53,155,-0.325,7.775,-1,0
54,155,-0.275,7.775,-1,0
55,155,-0.225,7.775,-1,0
56,155,-0.175,7.775,-1,0
57,155,-0.125,7.775,-1,0
58,155,-0.075,7.775,146,19
59,155,-0.025,7.775,1163,23
60,155,0.025,7.775,13443,23
61,155,0.075,7.775,800,22
62,155,0.125,7.775,28453,9
63,155,0.175,7.775,-1,0
64,155,0.225,7.775,5284,7
65,155,0.275,7.775,17530,12
66,155,0.325,7.775,833,12
67,155,0.375,7.775,2826,7
68,155,0.425,7.775,7179,10
69,155,0.475,7.775,2026,13
70,155,0.525,7.775,7308,11
71,155,0.575,7.775,17961,4
72,155,0.625,7.775,373,16
73,155,0.675,7.775,7024,8
74,155,0.725,7.775,3941,19
75,155,0.775,7.775,17587,1
76,155,0.825,7.775,-1,0
77,155,0.875,7.775,-1,0
78,155,0.925,7.775,419,11
79,155,0.975,7.775,17094,5
80,155,1.025,7.775,463,23
81,155,1.075,7.775,-1,0
82,155,1.125,7.775,-1,0
83,155,1.175,7.775,-1,0
84,155,1.225,7.775,20269,9
85,155,1.275,7.775,10500,8
86,155,1.325,7.775,9038,11
87,155,1.375,7.775,4031,23
88,155,1.425,7.775,8283,21
89,155,1.475,7.775,7468,20
90,155,1.525,7.775,5887,33
91,155,1.575,7.775,8425,31
92,155,1.625,7.775,618,18
93,155,1.675,7.775,2562,15
94,155,1.725,7.775,10070,15
95,155,1.775,7.775,742,39
96,155,1.825,7.775,400,14
97,155,1.875,7.775,-1,0
98,155,1.925,7.775,-1,0
99,155,1.975,7.775,-1,0
100,155,2.025,7.775,-1,0
101,155,2.075,7.775,-1,0
102,155,2.125,7.775,-1,0
103,155,2.175,7.775,-1,0
104,155,2.225,7.775,-1,0
105,155,2.275,7.775,-1,0
106,155,2.325,7.775,-1,0
107,155,2.375,7.775,-1,0
108,155,2.425,7.775,-1,0
109,155,2.475,7.775,-1,0
110,155,2.525,7.775,-1,0
111,155,2.575,7.775,-1,0
112,155,2.625,7.775,-1,0
113,155,2.675,7.775,-1,0
114,155,2.725,7.775,-1,0
115,155,2.775,7.775,-1,0
116,155,2.825,7.775,-1,0
117,155,2.875,7.775,-1,0
118,155,2.925,7.775,-1,0
119,155,2.975,7.775,-1,0
0,156,-2.975,7.825,-1,0
1,156,-2.925,7.825,-1,0
2,156,-2.875,7.825,-1,0
3,156,-2.825,7.825,-1,0
4,156,-2.775,7.825,-1,0
5,156,-2.725,7.825,-1,0
6,156,-2.675,7.825,-1,0
7,156,-2.625,7.825,-1,0
8,156,-2.575,7.825,-1,0
9,156,-2.525,7.825,-1,0
10,156,-2.475,7.825,-1,0
11,156,-2.425,7.825,-1,0
12,156,-2.375,7.825,-1,0
13,156,-2.325,7.825,-1,0
14,156,-2.275,7.825,-1,0
15,156,-2.225,7.825,-1,0
16,156,-2.175,7.825,-1,0
17,156,-2.125,7.825,-1,0
18,156,-2.075,7.825,-1,0
19,156,-2.025,7.825,-1,0
20,156,-1.975,7.825,-1,0
21,156,-1.925,7.825,-1,0
22,156,-1.875,7.825,-1,0
23,156,-1.825,7.825,-1,0
24,156,-1.775,7.825,-1,0
25,156,-1.725,7.825,-1,0
26,156,-1.675,7.825,-1,0
27,156,-1.625,7.825,-1,0
28,156,-1.575,7.825,-1,0
29,156,-1.525,7.825,-1,0
30,156,-1.475,7.825,-1,0
31,156,-1.425,7.825,-1,0
32,156,-1.375,7.825,-1,0
33,156,-1.325,7.825,-1,0
34,156,-1.275,7.825,-1,0
35,156,-1.225,7.825,-1,0
36,156,-1.175,7.825,-1,0
37,156,-1.125,7.825,-1,0
38,156,-1.075,7.825,-1,0
39,156,-1.025,7.825,-1,0
40,156,-0.975,7.825,-1,0
41,156,-0.925,7.825,-1,0
42,156,-0.875,7.825,-1,0
43,156,-0.825,7.825,-1,0
44,156,-0.775,7.825,-1,0
45,156,-0.725,7.825,-1,0
46,156,-0.675,7.825,-1,0
47,156,-0.625,7.825,-1,0
48,156,-0.575,7.825,-1,0
49,156,-0.525,7.825,-1,0
50,156,-0.475,7.825,-1,0
51,156,-0.425,7.825,-1,0
52,156,-0.375,7.825,-1,0
53,156,-0.325,7.825,-1,0
54,156,-0.275,7.825,-1,0
55,156,-0.225,7.825,-1,0
56,156,-0.175,7.825,-1,0
57,156,-0.125,7.825,-1,0
58,156,-0.075,7.825,8351,18
59,156,-0.025,7.825,17556,13
60,156,0.025,7.825,3743,32
61,156,0.075,7.825,1662,31
62,156,0.125,7.825,-1,0
63,156,0.175,7.825,-1,0
64,156,0.225,7.825,-1,0
65,156,0.275,7.825,5620,6
66,156,0.325,7.825,3568,12
67,156,0.375,7.825,983,13
68,156,0.425,7.825,1277,20
69,156,0.475,7.825,10133,8
70,156,0.525,7.825,21825,11
71,156,0.575,7.825,884,13
72,156,0.625,7.825,2633,13
73,156,0.675,7.825,3605,14
74,156,0.725,7.825,5744,7
75,156,0.775,7.825,3808,4
76,156,0.825,7.825,72906,2
77,156,0.875,7.825,6729,11
78,156,0.925,7.825,10097,4
79,156,0.975,7.825,4509,4
80,156,1.025,7.825,2521,39
81,156,1.075,7.825,6651,6
82,156,1.125,7.825,1758,9
83,156,1.175,7.825,1550,4
84,156,1.225,7.825,4821,9
85,156,1.275,7.825,8741,8
86,156,1.325,7.825,2168,15
87,156,1.375,7.825,13915,14
88,156,1.425,7.825,9943,14
89,156,1.475,7.825,335,20
90,156,1.525,7.825,3668,20
91,156,1.575,7.825,19082,4
92,156,1.625,7.825,5528,26
93,156,1.675,7.825,5821,34
94,156,1.725,7.825,2288,28
95,156,1.775,7.825,1560,29
96,156,1.825,7.825,4160,34
97,156,1.875,7.825,-1,0
98,156,1.925,7.825,-1,0
99,156,1.975,7.825,-1,0
100,156,2.025,7.825,-1,0
101,156,2.075,7.825,-1,0
102,156,2.125,7.825,-1,0
103,156,2.175,7.825,-1,0
104,156,2.225,7.825,-1,0
105,156,2.275,7.825,-1,0
106,156,2.325,7.825,-1,0
107,156,2.375,7.825,-1,0
108,156,2.425,7.825,-1,0
109,156,2.475,7.825,-1,0
110,156,2.525,7.825,-1,0
111,156,2.575,7.825,-1,0
112,156,2.625,7.825,-1,0
113,156,2.675,7.825,-1,0
114,156,2.725,7.825,-1,0
115,156,2.775,7.825,-1,0
116,156,2.825,7.825,-1,0
117,156,2.875,7.825,-1,0
118,156,2.925,7.825,-1,0
119,156,2.975,7.825,-1,0
0,157,-2.975,7.875,-1,0
1,157,-2.925,7.875,-1,0
2,157,-2.875,7.875,-1,0
3,157,-2.825,7.875,-1,0
4,157,-2.775,7.875,-1,0
5,157,-2.725,7.875,-1,0
6,157,-2.675,7.875,-1,0
7,157,-2.625,7.875,-1,0
8,157,-2.575,7.875,-1,0
9,157,-2.525,7.875,-1,0
10,157,-2.475,7.875,-1,0
11,157,-2.425,7.875,-1,0
12,157,-2.375,7.875,-1,0
13,157,-2.325,7.875,-1,0
14,157,-2.275,7.875,-1,0
15,157,-2.225,7.875,-1,0
16,157,-2.175,7.875,-1,0
17,157,-2.125,7.875,-1,0
18,157,-2.075,7.875,-1,0
19,157,-2.025,7.875,-1,0
20,157,-1.975,7.875,-1,0
21,157,-1.925,7.875,-1,0
22,157,-1.875,7.875,-1,0
23,157,-1.825,7.875,-1,0
24,157,-1.775,7.875,-1,0
25,157,-1.725,7.875,-1,0
26,157,-1.675,7.875,-1,0
27,157,-1.625,7.875,-1,0
28,157,-1.575,7.875,-1,0
29,157,-1.525,7.875,-1,0
30,157,-1.475,7.875,-1,0
31,157,-1.425,7.875,-1,0
32,157,-1.375,7.875,-1,0
33,157,-1.325,7.875,-1,0
34,157,-1.275,7.875,-1,0
35,157,-1.225,7.875,-1,0
36,157,-1.175,7.875,-1,0
37,157,-1.125,7.875,-1,0
38,157,-1.075,7.875,-1,0
39,157,-1.025,7.875,-1,0
40,157,-0.975,7.875,-1,0
41,157,-0.925,7.875,-1,0
42,157,-0.875,7.875,-1,0
43,157,-0.825,7.875,-1,0
44,157,-0.775,7.875,-1,0
45,157,-0.725,7.875,-1,0
46,157,-0.675,7.875,-1,0
47,157,-0.625,7.875,-1,0
48,157,-0.575,7.875,-1,0
49,157,-0.525,7.875,-1,0
50,157,-0.475,7.875,-1,0
51,157,-0.425,7.875,-1,0
52,157,-0.375,7.875,-1,0
53,157,-0.325,7.875,-1,0
54,157,-0.275,7.875,-1,0
55,157,-0.225,7.875,-1,0
56,157,-0.175,7.875,-1,0
57,157,-0.125,7.875,-1,0
58,157,-0.075,7.875,5655,16
59,157,-0.025,7.875,597,38
60,157,0.025,7.875,137,34
61,157,0.075,7.875,2717,11
62,157,0.125,7.875,-1,0
63,157,0.175,7.875,-1,0
64,157,0.225,7.875,6256,16
65,157,0.275,7.875,8558,14
66,157,0.325,7.875,777,14
67,157,0.375,7.875,5253,8
68,157,0.425,7.875,3062,8
69,157,0.475,7.875,4275,13
70,157,0.525,7.875,1853,15
71,157,0.575,7.875,4229,12
72,157,0.625,7.875,324,20
73,157,0.675,7.875,32522,8
74,157,0.725,7.875,2209,5
75,157,0.775,7.875,4900,7
76,157,0.825,7.875,12022,2
77,157,0.875,7.875,3837,15
78,157,0.925,7.875,19174,3
79,157,0.975,7.875,171,4
80,157,1.025,7.875,1630,33
81,157,1.075,7.875,6968,11
82,157,1.125,7.875,30674,5
83,157,1.175,7.875,45914,4
84,157,1.225,7.875,1349,8
85,157,1.275,7.875,9389,10
86,157,1.325,7.875,36980,4
87,157,1.375,7.875,8308,5
88,157,1.425,7.875,2279,16
89,157,1.475,7.875,666,15
90,157,1.525,7.875,6689,12
91,157,1.575,7.875,3010,9
92,157,1.625,7.875,20448,2
93,157,1.675,7.875,12472,6
94,157,1.725,7.875,3155,22
95,157,1.775,7.875,4637,40
96,157,1.825,7.875,5359,36
97,157,1.875,7.875,572,29
98,157,1.925,7.875,-1,0
99,157,1.975,7.875,-1,0
100,157,2.025,7.875,-1,0
101,157,2.075,7.875,-1,0
102,157,2.125,7.875,-1,0
103,157,2.175,7.875,-1,0
104,157,2.225,7.875,-1,0
105,157,2.275,7.875,-1,0
106,157,2.325,7.875,-1,0
107,157,2.375,7.875,-1,0
108,157,2.425,7.875,-1,0
109,157,2.475,7.875,-1,0
110,157,2.525,7.875,-1,0
111,157,2.575,7.875,-1,0
112,157,2.625,7.875,-1,0
113,157,2.675,7.875,-1,0
114,157,2.725,7.875,-1,0
115,157,2.775,7.875,-1,0
116,157,2.825,7.875,-1,0
117,157,2.875,7.875,-1,0
118,157,2.925,7.875,-1,0
119,157,2.975,7.875,-1,0
0,158,-2.975,7.925,-1,0
1,158,-2.925,7.925,-1,0
2,158,-2.875,7.925,-1,0
3,158,-2.825,7.925,-1,0
4,158,-2.775,7.925,-1,0
5,158,-2.725,7.925,-1,0
6,158,-2.675,7.925,-1,0
7,158,-2.625,7.925,-1,0
8,158,-2.575,7.925,-1,0
9,158,-2.525,7.925,-1,0
10,158,-2.475,7.925,-1,0
11,158,-2.425,7.925,-1,0
12,158,-2.375,7.925,-1,0
13,158,-2.325,7.925,-1,0
14,158,-2.275,7.925,-1,0
15,158,-2.225,7.925,-1,0
16,158,-2.175,7.925,-1,0
17,158,-2.125,7.925,-1,0
18,158,-2.075,7.925,-1,0
19,158,-2.025,7.925,-1,0
20,158,-1.975,7.925,-1,0
21,158,-1.925,7.925,-1,0
22,158,-1.875,7.925,-1,0
23,158,-1.825,7.925,-1,0
24,158,-1.775,7.925,-1,0
25,158,-1.725,7.925,-1,0
26,158,-1.675,7.925,-1,0
27,158,-1.625,7.925,-1,0
28,158,-1.575,7.925,-1,0
29,158,-1.525,7.925,-1,0
30,158,-1.475,7.925,-1,0
31,158,-1.425,7.925,-1,0
32,158,-1.375,7.925,-1,0
33,158,-1.325,7.925,-1,0
34,158,-1.275,7.925,-1,0
35,158,-1.225,7.925,-1,0
36,158,-1.175,7.925,-1,0
37,158,-1.125,7.925,-1,0
38,158,-1.075,7.925,-1,0
39,158,-1.025,7.925,-1,0
40,158,-0.975,7.925,-1,0
41,158,-0.925,7.925,-1,0
42,158,-0.875,7.925,-1,0
43,158,-0.825,7.925,-1,0
44,158,-0.775,7.925,-1,0
45,158,-0.725,7.925,-1,0
46,158,-0.675,7.925,-1,0
47,158,-0.625,7.925,-1,0
48,158,-0.575,7.925,-1,0
49,158,-0.525,7.925,-1,0
50,158,-0.475,7.925,-1,0
51,158,-0.425,7.925,-1,0
52,158,-0.375,7.925,-1,0
53,158,-0.325,7.925,-1,0
54,158,-0.275,7.925,-1,0
55,158,-0.225,7.925,-1,0
56,158,-0.175,7.925,-1,0
57,158,-0.125,7.925,-1,0
58,158,-0.075,7.925,12806,3
59,158,-0.025,7.925,67,55
60,158,0.025,7.925,6712,53
61,158,0.075,7.925,-1,0
62,158,0.125,7.925,-1,0
63,158,0.175,7.925,-1,0
64,158,0.225,7.925,-1,0
65,158,0.275,7.925,10679,16
66,158,0.325,7.925,4342,21
67,158,0.375,7.925,11142,13
68,158,0.425,7.925,6609,14
69,158,0.475,7.925,5121,15
70,158,0.525,7.925,12118,7
71,158,0.575,7.925,585,33
72,158,0.625,7.925,843,14
73,158,0.675,7.925,733,14
74,158,0.725,7.925,9429,11
75,158,0.775,7.925,15850,10
76,158,0.825,7.925,28430,5
77,158,0.875,7.925,46249,3
78,158,0.925,7.925,1899,11
79,158,0.975,7.925,6235,6
80,158,1.025,7.925,1316,7
81,158,1.075,7.925,4218,48
82,158,1.125,7.925,5473,8
83,158,1.175,7.925,2311,12
84,158,1.225,7.925,7850,8
85,158,1.275,7.925,37049,5
86,158,1.325,7.925,1872,9
87,158,1.375,7.925,2622,12
88,158,1.425,7.925,16502,8
89,158,1.475,7.925,4607,8
90,158,1.525,7.925,6539,11
91,158,1.575,7.925,2885,21
92,158,1.625,7.925,4253,11
93,158,1.675,7.925,26061,6
94,158,1.725,7.925,-1,0
95,158,1.775,7.925,1962,10
96,158,1.825,7.925,4797,43
97,158,1.875,7.925,2152,79
98,158,1.925,7.925,12824,1
99,158,1.975,7.925,-1,0
100,158,2.025,7.925,-1,0
101,158,2.075,7.925,-1,0
102,158,2.125,7.925,-1,0
103,158,2.175,7.925,-1,0
104,158,2.225,7.925,-1,0
105,158,2.275,7.925,-1,0
106,158,2.325,7.925,-1,0
107,158,2.375,7.925,-1,0
108,158,2.425,7.925,-1,0
109,158,2.475,7.925,-1,0
110,158,2.525,7.925,-1,0
111,158,2.575,7.925,-1,0
112,158,2.625,7.925,-1,0
113,158,2.675,7.925,-1,0
114,158,2.725,7.925,-1,0
115,158,2.775,7.925,-1,0
116,158,2.825,7.925,-1,0
117,158,2.875,7.925,-1,0
118,158,2.925,7.925,-1,0
119,158,2.975,7.925,-1,0
0,159,-2.975,7.975,-1,0
1,159,-2.925,7.975,-1,0
2,159,-2.875,7.975,-1,0
3,159,-2.825,7.975,-1,0
4,159,-2.775,7.975,-1,0
5,159,-2.725,7.975,-1,0
6,159,-2.675,7.975,-1,0
7,159,-2.625,7.975,-1,0
8,159,-2.575,7.975,-1,0
9,159,-2.525,7.975,-1,0
10,159,-2.475,7.975,-1,0
11,159,-2.425,7.975,-1,0
12,159,-2.375,7.975,-1,0
13,159,-2.325,7.975,-1,0
14,159,-2.275,7.975,-1,0
15,159,-2.225,7.975,-1,0
16,159,-2.175,7.975,-1,0
17,159,-2.125,7.975,-1,0
18,159,-2.075,7.975,-1,0
19,159,-2.025,7.975,-1,0
20,159,-1.975,7.975,-1,0
21,159,-1.925,7.975,-1,0
22,159,-1.875,7.975,-1,0
23,159,-1.825,7.975,-1,0
24,159,-1.775,7.975,-1,0
25,159,-1.725,7.975,-1,0
26,159,-1.675,7.975,-1,0
27,159,-1.625,7.975,-1,0
28,159,-1.575,7.975,-1,0
29,159,-1.525,7.975,-1,0
30,159,-1.475,7.975,-1,0
31,159,-1.425,7.975,-1,0
32,159,-1.375,7.975,-1,0
33,159,-1.325,7.975,-1,0
34,159,-1.275,7.975,-1,0
35,159,-1.225,7.975,-1,0
36,159,-1.175,7.975,-1,0
37,159,-1.125,7.975,-1,0
38,159,-1.075,7.975,-1,0
39,159,-1.025,7.975,-1,0
40,159,-0.975,7.975,-1,0
41,159,-0.925,7.975,-1,0
42,159,-0.875,7.975,-1,0
43,159,-0.825,7.975,-1,0
44,159,-0.775,7.975,-1,0
45,159,-0.725,7.975,-1,0
46,159,-0.675,7.975,-1,0
47,159,-0.625,7.975,-1,0
48,159,-0.575,7.975,-1,0
49,159,-0.525,7.975,-1,0
50,159,-0.475,7.975,-1,0
51,159,-0.425,7.975,-1,0
52,159,-0.375,7.975,-1,0
53,159,-0.325,7.975,-1,0
54,159,-0.275,7.975,-1,0
55,159,-0.225,7.975,-1,0
56,159,-0.175,7.975,-1,0
57,159,-0.125,7.975,-1,0
58,159,-0.075,7.975,-1,0
59,159,-0.025,7.975,390,60
60,159,0.025,7.975,1035,62
61,159,0.075,7.975,-1,0
62,159,0.125,7.975,-1,0
63,159,0.175,7.975,-1,0
64,159,0.225,7.975,5449,15
65,159,0.275,7.975,3374,18
66,159,0.325,7.975,552,15
67,159,0.375,7.975,4110,9
68,159,0.425,7.975,11695,11
69,159,0.475,7.975,202,11
70,159,0.525,7.975,1154,34
71,159,0.575,7.975,1814,30
72,159,0.625,7.975,26780,14
73,159,0.675,7.975,1924,10
74,159,0.725,7.975,35389,2
75,159,0.775,7.975,12323,3
76,159,0.825,7.975,8919,12
77,159,0.875,7.975,9195,7
78,159,0.925,7.975,12417,9
79,159,0.975,7.975,2996,13
80,159,1.025,7.975,7957,14
81,159,1.075,7.975,4051,25
82,159,1.125,7.975,7452,5
83,159,1.175,7.975,4557,8
84,159,1.225,7.975,284,16
85,159,1.275,7.975,2978,10
86,159,1.325,7.975,6409,21
87,159,1.375,7.975,31345,6
88,159,1.425,7.975,4627,14
89,159,1.475,7.975,10203,9
90,159,1.525,7.975,4308,13
91,159,1.575,7.975,10866,13
92,159,1.625,7.975,3146,18
93,159,1.675,7.975,903,24
94,159,1.725,7.975,2733,3
95,159,1.775,7.975,-1,0
96,159,1.825,7.975,-1,0
97,159,1.875,7.975,1203,82
98,159,1.925,7.975,864,34
99,159,1.975,7.975,-1,0
100,159,2.025,7.975,-1,0
101,159,2.075,7.975,-1,0
102,159,2.125,7.975,-1,0
103,159,2.175,7.975,-1,0
104,159,2.225,7.975,-1,0
105,159,2.275,7.975,-1,0
106,159,2.325,7.975,-1,0
107,159,2.375,7.975,-1,0
108,159,2.425,7.975,-1,0
109,159,2.475,7.975,-1,0
110,159,2.525,7.975,-1,0
111,159,2.575,7.975,-1,0
112,159,2.625,7.975,-1,0
113,159,2.675,7.975,-1,0
114,159,2.725,7.975,-1,0
115,159,2.775,7.975,-1,0
116,159,2.825,7.975,-1,0
117,159,2.875,7.975,-1,0
118,159,2.925,7.975,-1,0
119,159,2.975,7.975,-1,0
0,160,-2.975,8.025,-1,0
1,160,-2.925,8.025,-1,0
2,160,-2.875,8.025,-1,0
3,160,-2.825,8.025,-1,0
4,160,-2.775,8.025,-1,0
5,160,-2.725,8.025,-1,0
6,160,-2.675,8.025,-1,0
7,160,-2.625,8.025,-1,0
8,160,-2.575,8.025,-1,0
9,160,-2.525,8.025,-1,0
10,160,-2.475,8.025,-1,0
11,160,-2.425,8.025,-1,0
12,160,-2.375,8.025,-1,0
13,160,-2.325,8.025,-1,0
14,160,-2.275,8.025,-1,0
15,160,-2.225,8.025,-1,0
16,160,-2.175,8.025,-1,0
17,160,-2.125,8.025,-1,0
18,160,-2.075,8.025,-1,0
19,160,-2.025,8.025,-1,0
20,160,-1.975,8.025,-1,0
21,160,-1.925,8.025,-1,0
22,160,-1.875,8.025,-1,0
23,160,-1.825,8.025,-1,0
24,160,-1.775,8.025,-1,0
25,160,-1.725,8.025,-1,0
26,160,-1.675,8.025,-1,0
27,160,-1.625,8.025,-1,0
28,160,-1.575,8.025,-1,0
29,160,-1.525,8.025,-1,0
30,160,-1.475,8.025,-1,0
31,160,-1.425,8.025,-1,0
32,160,-1.375,8.025,-1,0
33,160,-1.325,8.025,-1,0
34,160,-1.275,8.025,-1,0
35,160,-1.225,8.025,-1,0
36,160,-1.175,8.025,-1,0
37,160,-1.125,8.025,-1,0
38,160,-1.075,8.025,-1,0
39,160,-1.025,8.025,-1,0
40,160,-0.975,8.025,-1,0
41,160,-0.925,8.025,-1,0
42,160,-0.875,8.025,-1,0
43,160,-0.825,8.025,-1,0
44,160,-0.775,8.025,-1,0
45,160,-0.725,8.025,-1,0
46,160,-0.675,8.025,-1,0
47,160,-0.625,8.025,-1,0
48,160,-0.575,8.025,-1,0
49,160,-0.525,8.025,-1,0
50,160,-0.475,8.025,-1,0
51,160,-0.425,8.025,-1,0
52,160,-0.375,8.025,-1,0
53,160,-0.325,8.025,-1,0
54,160,-0.275,8.025,-1,0
55,160,-0.225,8.025,-1,0
56,160,-0.175,8.025,-1,0
57,160,-0.125,8.025,-1,0
58,160,-0.075,8.025,-1,0
59,160,-0.025,8.025,11393,10
60,160,0.025,8.025,3212,90
61,160,0.075,8.025,-1,0
62,160,0.125,8.025,-1,0
63,160,0.175,8.025,-1,0
64,160,0.225,8.025,8214,14
65,160,0.275,8.025,1706,20
66,160,0.325,8.025,2391,12
67,160,0.375,8.025,6630,13
68,160,0.425,8.025,2760,17
69,160,0.475,8.025,8520,22
70,160,0.525,8.025,5423,15
71,160,0.575,8.025,3110,12
72,160,0.625,8.025,10240,13
73,160,0.675,8.025,636,9
74,160,0.725,8.025,5601,7
75,160,0.775,8.025,2362,12
76,160,0.825,8.025,20646,5
77,160,0.875,8.025,1,14
78,160,0.925,8.025,16562,10
79,160,0.975,8.025,15254,9
80,160,1.025,8.025,3480,10
81,160,1.075,8.025,55901,2
82,160,1.125,8.025,1289,33
83,160,1.175,8.025,7378,2
84,160,1.225,8.025,12276,17
85,160,1.275,8.025,3095,10
86,160,1.325,8.025,4580,16
87,160,1.375,8.025,6752,14
88,160,1.425,8.025,1186,18
89,160,1.475,8.025,8090,10
90,160,1.525,8.025,126,14
91,160,1.575,8.025,712,23
92,160,1.625,8.025,9850,12
93,160,1.675,8.025,40,15
94,160,1.725,8.025,14917,20
95,160,1.775,8.025,42196,1
96,160,1.825,8.025,-1,0
97,160,1.875,8.025,59963,1
98,160,1.925,8.025,522,34
99,160,1.975,8.025,-1,0
100,160,2.025,8.025,-1,0
101,160,2.075,8.025,-1,0
102,160,2.125,8.025,-1,0
103,160,2.175,8.025,-1,0
104,160,2.225,8.025,-1,0
105,160,2.275,8.025,-1,0
106,160,2.325,8.025,-1,0
107,160,2.375,8.025,-1,0
108,160,2.425,8.025,-1,0
109,160,2.475,8.025,-1,0
110,160,2.525,8.025,-1,0
111,160,2.575,8.025,-1,0
112,160,2.625,8.025,-1,0
113,160,2.675,8.025,-1,0
114,160,2.725,8.025,-1,0
115,160,2.775,8.025,-1,0
116,160,2.825,8.025,-1,0
117,160,2.875,8.025,-1,0
118,160,2.925,8.025,-1,0
119,160,2.975,8.025,-1,0
0,161,-2.975,8.075,-1,0
1,161,-2.925,8.075,-1,0
2,161,-2.875,8.075,-1,0
3,161,-2.825,8.075,-1,0
4,161,-2.775,8.075,-1,0
5,161,-2.725,8.075,-1,0
6,161,-2.675,8.075,-1,0
7,161,-2.625,8.075,-1,0
8,161,-2.575,8.075,-1,0
9,161,-2.525,8.075,-1,0
10,161,-2.475,8.075,-1,0
11,161,-2.425,8.075,-1,0
12,161,-2.375,8.075,-1,0
13,161,-2.325,8.075,-1,0
14,161,-2.275,8.075,-1,0
15,161,-2.225,8.075,-1,0
16,161,-2.175,8.075,-1,0
17,161,-2.125,8.075,-1,0
18,161,-2.075,8.075,-1,0
19,161,-2.025,8.075,-1,0
20,161,-1.975,8.075,-1,0
21,161,-1.925,8.075,-1,0
22,161,-1.875,8.075,-1,0
23,161,-1.825,8.075,-1,0
24,161,-1.775,8.075,-1,0
25,161,-1.725,8.075,-1,0
26,161,-1.675,8.075,-1,0
27,161,-1.625,8.075,-1,0
28,161,-1.575,8.075,-1,0
29,161,-1.525,8.075,-1,0
30,161,-1.475,8.075,-1,0
31,161,-1.425,8.075,-1,0
32,161,-1.375,8.075,-1,0
33,161,-1.325,8.075,-1,0
34,161,-1.275,8.075,-1,0
35,161,-1.225,8.075,-1,0
36,161,-1.175,8.075,-1,0
37,161,-1.125,8.075,-1,0
38,161,-1.075,8.075,-1,0
39,161,-1.025,8.075,-1,0
40,161,-0.975,8.075,-1,0
41,161,-0.925,8.075,-1,0
42,161,-0.875,8.075,-1,0
43,161,-0.825,8.075,-1,0
44,161,-0.775,8.075,-1,0
45,161,-0.725,8.075,-1,0
46,161,-0.675,8.075,-1,0
47,161,-0.625,8.075,-1,0
48,161,-0.575,8.075,-1,0
49,161,-0.525,8.075,-1,0
50,161,-0.475,8.075,-1,0
51,161,-0.425,8.075,-1,0
52,161,-0.375,8.075,-1,0
53,161,-0.325,8.075,-1,0
54,161,-0.275,8.075,-1,0
55,161,-0.225,8.075,-1,0
56,161,-0.175,8.075,-1,0
57,161,-0.125,8.075,-1,0
58,161,-0.075,8.075,-1,0
59,161,-0.025,8.075,-1,0
60,161,0.025,8.075,-1,0
61,161,0.075,8.075,-1,0
62,161,0.125,8.075,-1,0
63,161,0.175,8.075,-1,0
64,161,0.225,8.075,14488,10
65,161,0.275,8.075,559,25
66,161,0.325,8.075,5751,14
67,161,0.375,8.075,7358,17
68,161,0.425,8.075,3956,19
69,161,0.475,8.075,10353,14
70,161,0.525,8.075,17547,6
71,161,0.575,8.075,2800,14
72,161,0.625,8.075,7422,21
73,161,0.675,8.075,3852,9
74,161,0.725,8.075,5677,2
75,161,0.775,8.075,10384,7
76,161,0.825,8.075,9818,6
77,161,0.875,8.075,2343,10
78,161,0.925,8.075,5302,17
79,161,0.975,8.075,54,19
80,161,1.025,8.075,2080,11
81,161,1.075,8.075,-1,0
82,161,1.125,8.075,1142,38
83,161,1.175,8.075,-1,0
84,161,1.225,8.075,14724,8
85,161,1.275,8.075,1493,18
86,161,1.325,8.075,14557,9
87,161,1.375,8.075,4409,25
88,161,1.425,8.075,13044,14
89,161,1.475,8.075,1523,14
90,161,1.525,8.075,11737,15
91,161,1.575,8.075,3348,17
92,161,1.625,8.075,18502,16
93,161,1.675,8.075,1017,12
94,161,1.725,8.075,6823,19
95,161,1.775,8.075,2607,26
96,161,1.825,8.075,1951,7
97,161,1.875,8.075,-1,0
98,161,1.925,8.075,-1,0
99,161,1.975,8.075,-1,0
100,161,2.025,8.075,-1,0
101,161,2.075,8.075,-1,0
102,161,2.125,8.075,-1,0
103,161,2.175,8.075,-1,0
104,161,2.225,8.075,-1,0
105,161,2.275,8.075,-1,0
106,161,2.325,8.075,-1,0
107,161,2.375,8.075,-1,0
108,161,2.425,8.075,-1,0
109,161,2.475,8.075,-1,0
110,161,2.525,8.075,-1,0
111,161,2.575,8.075,-1,0
112,161,2.625,8.075,-1,0
113,161,2.675,8.075,-1,0
114,161,2.725,8.075,-1,0
115,161,2.775,8.075,-1,0
116,161,2.825,8.075,-1,0
117,161,2.875,8.075,-1,0
118,161,2.925,8.075,-1,0
119,161,2.975,8.075,-1,0
0,162,-2.975,8.125,-1,0
1,162,-2.925,8.125,-1,0
2,162,-2.875,8.125,-1,0
3,162,-2.825,8.125,-1,0
4,162,-2.775,8.125,-1,0
5,162,-2.725,8.125,-1,0
6,162,-2.675,8.125,-1,0
7,162,-2.625,8.125,-1,0
8,162,-2.575,8.125,-1,0
9,162,-2.525,8.125,-1,0
10,162,-2.475,8.125,-1,0
11,162,-2.425,8.125,-1,0
12,162,-2.375,8.125,-1,0
13,162,-2.325,8.125,-1,0
14,162,-2.275,8.125,-1,0
15,162,-2.225,8.125,-1,0
16,162,-2.175,8.125,-1,0
17,162,-2.125,8.125,-1,0
18,162,-2.075,8.125,-1,0
19,162,-2.025,8.125,-1,0
20,162,-1.975,8.125,-1,0
21,162,-1.925,8.125,-1,0
22,162,-1.875,8.125,-1,0
23,162,-1.825,8.125,-1,0
24,162,-1.775,8.125,-1,0
25,162,-1.725,8.125,-1,0
26,162,-1.675,8.125,-1,0
27,162,-1.625,8.125,-1,0
28,162,-1.575,8.125,-1,0
29,162,-1.525,8.125,-1,0
30,162,-1.475,8.125,-1,0
31,162,-1.425,8.125,-1,0
32,162,-1.375,8.125,-1,0
33,162,-1.325,8.125,-1,0
34,162,-1.275,8.125,-1,0
35,162,-1.225,8.125,-1,0
36,162,-1.175,8.125,-1,0
37,162,-1.125,8.125,-1,0
38,162,-1.075,8.125,-1,0
39,162,-1.025,8.125,-1,0
40,162,-0.975,8.125,-1,0
41,162,-0.925,8.125,-1,0
42,162,-0.875,8.125,-1,0
43,162,-0.825,8.125,-1,0
44,162,-0.775,8.125,-1,0
45,162,-0.725,8.125,-1,0
46,162,-0.675,8.125,-1,0
47,162,-0.625,8.125,-1,0
48,162,-0.575,8.125,-1,0
49,162,-0.525,8.125,-1,0
50,162,-0.475,8.125,-1,0
51,162,-0.425,8.125,-1,0
52,162,-0.375,8.125,-1,0
53,162,-0.325,8.125,-1,0
54,162,-0.275,8.125,-1,0
55,162,-0.225,8.125,-1,0
56,162,-0.175,8.125,-1,0
57,162,-0.125,8.125,-1,0
58,162,-0.075,8.125,-1,0
59,162,-0.025,8.125,-1,0
60,162,0.025,8.125,-1,0
61,162,0.075,8.125,-1,0
62,162,0.125,8.125,-1,0
63,162,0.175,8.125,-1,0
64,162,0.225,8.125,6149,16
65,162,0.275,8.125,2245,27
66,162,0.325,8.125,12330,17
67,162,0.375,8.125,4426,27
68,162,0.425,8.125,221,32
69,162,0.475,8.125,-1,0
70,162,0.525,8.125,26171,11
71,162,0.575,8.125,31685,10
72,162,0.625,8.125,11007,14
73,162,0.675,8.125,3653,9
74,162,0.725,8.125,255,13
75,162,0.775,8.125,14142,9
76,162,0.825,8.125,682,10
77,162,0.875,8.125,15733,14
78,162,0.925,8.125,11928,15
79,162,0.975,8.125,13483,18
80,162,1.025,8.125,36826,2
81,162,1.075,8.125,-1,0
82,162,1.125,8.125,16032,12
83,162,1.175,8.125,39781,1
84,162,1.225,8.125,-1,0
85,162,1.275,8.125,46462,1
86,162,1.325,8.125,4762,15
87,162,1.375,8.125,6293,19
88,162,1.425,8.125,12191,18
89,162,1.475,8.125,12612,30
90,162,1.525,8.125,7469,39
91,162,1.575,8.125,12238,26
92,162,1.625,8.125,85,32
93,162,1.675,8.125,619,28
94,162,1.725,8.125,1654,19
95,162,1.775,8.125,645,23
96,162,1.825,8.125,401,38
97,162,1.875,8.125,-1,0
98,162,1.925,8.125,-1,0
99,162,1.975,8.125,-1,0
100,162,2.025,8.125,-1,0
101,162,2.075,8.125,-1,0
102,162,2.125,8.125,-1,0
103,162,2.175,8.125,-1,0
104,162,2.225,8.125,-1,0
105,162,2.275,8.125,-1,0
106,162,2.325,8.125,-1,0
107,162,2.375,8.125,-1,0
108,162,2.425,8.125,-1,0
109,162,2.475,8.125,-1,0
110,162,2.525,8.125,-1,0
111,162,2.575,8.125,-1,0
112,162,2.625,8.125,-1,0
113,162,2.675,8.125,-1,0
114,162,2.725,8.125,-1,0
115,162,2.775,8.125,-1,0
116,162,2.825,8.125,-1,0
117,162,2.875,8.125,-1,0
118,162,2.925,8.125,-1,0
119,162,2.975,8.125,-1,0
0,163,-2.975,8.175,-1,0
1,163,-2.925,8.175,-1,0
2,163,-2.875,8.175,-1,0
3,163,-2.825,8.175,-1,0
4,163,-2.775,8.175,-1,0
5,163,-2.725,8.175,-1,0
6,163,-2.675,8.175,-1,0
7,163,-2.625,8.175,-1,0
8,163,-2.575,8.175,-1,0
9,163,-2.525,8.175,-1,0
10,163,-2.475,8.175,-1,0
11,163,-2.425,8.175,-1,0
12,163,-2.375,8.175,-1,0
13,163,-2.325,8.175,-1,0
14,163,-2.275,8.175,-1,0
15,163,-2.225,8.175,-1,0
16,163,-2.175,8.175,-1,0
17,163,-2.125,8.175,-1,0
18,163,-2.075,8.175,-1,0
19,163,-2.025,8.175,-1,0
20,163,-1.975,8.175,-1,0
21,163,-1.925,8.175,-1,0
22,163,-1.875,8.175,-1,0
23,163,-1.825,8.175,-1,0
24,163,-1.775,8.175,-1,0
25,163,-1.725,8.175,-1,0
26,163,-1.675,8.175,-1,0
27,163,-1.625,8.175,-1,0
28,163,-1.575,8.175,-1,0
29,163,-1.525,8.175,-1,0
30,163,-1.475,8.175,-1,0
31,163,-1.425,8.175,-1,0
32,163,-1.375,8.175,-1,0
33,163,-1.325,8.175,-1,0
34,163,-1.275,8.175,-1,0
35,163,-1.225,8.175,-1,0
36,163,-1.175,8.175,-1,0
37,163,-1.125,8.175,-1,0
38,163,-1.075,8.175,-1,0
39,163,-1.025,8.175,-1,0
40,163,-0.975,8.175,-1,0
41,163,-0.925,8.175,-1,0
42,163,-0.875,8.175,-1,0
43,163,-0.825,8.175,-1,0
44,163,-0.775,8.175,-1,0
45,163,-0.725,8.175,-1,0
46,163,-0.675,8.175,-1,0
47,163,-0.625,8.175,-1,0
48,163,-0.575,8.175,-1,0
49,163,-0.525,8.175,-1,0
50,163,-0.475,8.175,-1,0
51,163,-0.425,8.175,-1,0
52,163,-0.375,8.175,-1,0
53,163,-0.325,8.175,-1,0
54,163,-0.275,8.175,-1,0
55,163,-0.225,8.175,-1,0
56,163,-0.175,8.175,-1,0
57,163,-0.125,8.175,-1,0
58,163,-0.075,8.175,-1,0
59,163,-0.025,8.175,-1,0
60,163,0.025,8.175,-1,0
61,163,0.075,8.175,-1,0
62,163,0.125,8.175,-1,0
63,163,0.175,8.175,-1,0
64,163,0.225,8.175,11402,10
65,163,0.275,8.175,1606,30
66,163,0.325,8.175,13444,20
67,163,0.375,8.175,92,29
68,163,0.425,8.175,5927,10
69,163,0.475,8.175,-1,0
70,163,0.525,8.175,17531,11
71,163,0.575,8.175,834,19
72,163,0.625,8.175,1676,18
73,163,0.675,8.175,1226,6
74,163,0.725,8.175,2027,12
75,163,0.775,8.175,22577,11
76,163,0.825,8.175,1380,15
77,163,0.875,8.175,374,9
78,163,0.925,8.175,3942,22
79,163,0.975,8.175,17588,1
80,163,1.025,8.175,-1,0
81,163,1.075,8.175,3125,10
82,163,1.125,8.175,420,4
83,163,1.175,8.175,464,29
84,163,1.225,8.175,15080,3
85,163,1.275,8.175,-1,0
86,163,1.325,8.175,20270,3
87,163,1.375,8.175,6306,11
88,163,1.425,8.175,8742,12
89,163,1.475,8.175,4032,19
90,163,1.525,8.175,9944,12
91,163,1.575,8.175,336,13
92,163,1.625,8.175,3669,23
93,163,1.675,8.175,8936,15
94,163,1.725,8.175,4830,46
95,163,1.775,8.175,2289,29
96,163,1.825,8.175,1561,27
97,163,1.875,8.175,4161,32
98,163,1.925,8.175,-1,0
99,163,1.975,8.175,-1,0
100,163,2.025,8.175,-1,0
101,163,2.075,8.175,-1,0
102,163,2.125,8.175,-1,0
103,163,2.175,8.175,-1,0
104,163,2.225,8.175,-1,0
105,163,2.275,8.175,-1,0
106,163,2.325,8.175,-1,0
107,163,2.375,8.175,-1,0
108,163,2.425,8.175,-1,0
109,163,2.475,8.175,-1,0
110,163,2.525,8.175,-1,0
111,163,2.575,8.175,-1,0
112,163,2.625,8.175,-1,0
113,163,2.675,8.175,-1,0
114,163,2.725,8.175,-1,0
115,163,2.775,8.175,-1,0
116,163,2.825,8.175,-1,0
117,163,2.875,8.175,-1,0
118,163,2.925,8.175,-1,0
119,163,2.975,8.175,-1,0
0,164,-2.975,8.225,-1,0
1,164,-2.925,8.225,-1,0
2,164,-2.875,8.225,-1,0
3,164,-2.825,8.225,-1,0
4,164,-2.775,8.225,-1,0
5,164,-2.725,8.225,-1,0
6,164,-2.675,8.225,-1,0
7,164,-2.625,8.225,-1,0
8,164,-2.575,8.225,-1,0
9,164,-2.525,8.225,-1,0
10,164,-2.475,8.225,-1,0
11,164,-2.425,8.225,-1,0
12,164,-2.375,8.225,-1,0
13,164,-2.325,8.225,-1,0
14,164,-2.275,8.225,-1,0
15,164,-2.225,8.225,-1,0
16,164,-2.175,8.225,-1,0
17,164,-2.125,8.225,-1,0
18,164,-2.075,8.225,-1,0
19,164,-2.025,8.225,-1,0
20,164,-1.975,8.225,-1,0
21,164,-1.925,8.225,-1,0
22,164,-1.875,8.225,-1,0
23,164,-1.825,8.225,-1,0
24,164,-1.775,8.225,-1,0
25,164,-1.725,8.225,-1,0
26,164,-1.675,8.225,-1,0
27,164,-1.625,8.225,-1,0
28,164,-1.575,8.225,-1,0
29,164,-1.525,8.225,-1,0
30,164,-1.475,8.225,-1,0
31,164,-1.425,8.225,-1,0
32,164,-1.375,8.225,-1,0
33,164,-1.325,8.225,-1,0
34,164,-1.275,8.225,-1,0
35,164,-1.225,8.225,-1,0
36,164,-1.175,8.225,-1,0
37,164,-1.125,8.225,-1,0
38,164,-1.075,8.225,-1,0
39,164,-1.025,8.225,-1,0
40,164,-0.975,8.225,-1,0
41,164,-0.925,8.225,-1,0
42,164,-0.875,8.225,-1,0
43,164,-0.825,8.225,-1,0
44,164,-0.775,8.225,-1,0
45,164,-0.725,8.225,-1,0
46,164,-0.675,8.225,-1,0
47,164,-0.625,8.225,-1,0
48,164,-0.575,8.225,-1,0
49,164,-0.525,8.225,-1,0
50,164,-0.475,8.225,-1,0
51,164,-0.425,8.225,-1,0
52,164,-0.375,8.225,-1,0
53,164,-0.325,8.225,-1,0
54,164,-0.275,8.225,-1,0
55,164,-0.225,8.225,-1,0
56,164,-0.175,8.225,-1,0
57,164,-0.125,8.225,-1,0
58,164,-0.075,8.225,-1,0
59,164,-0.025,8.225,-1,0
60,164,0.025,8.225,-1,0
61,164,0.075,8.225,-1,0
62,164,0.125,8.225,-1,0
63,164,0.175,8.225,-1,0
64,164,0.225,8.225,147,8
65,164,0.275,8.225,1164,30
66,164,0.325,8.225,3744,24
67,164,0.375,8.225,1971,36
68,164,0.425,8.225,-1,0
69,164,0.475,8.225,-1,0
70,164,0.525,8.225,5285,7
71,164,0.575,8.225,3569,15
72,164,0.625,8.225,26309,6
73,164,0.675,8.225,7329,25
74,164,0.725,8.225,10134,9
75,164,0.775,8.225,885,12
76,164,0.825,8.225,2421,18
77,164,0.875,8.225,3606,11
78,164,0.925,8.225,7510,14
79,164,0.975,8.225,3809,6
80,164,1.025,8.225,23354,2
81,164,1.075,8.225,6730,12
82,164,1.125,8.225,4510,6
83,164,1.175,8.225,1631,31
84,164,1.225,8.225,3735,16
85,164,1.275,8.225,34925,11
86,164,1.325,8.225,1551,5
87,164,1.375,8.225,1350,11
88,164,1.425,8.225,9390,13
89,164,1.475,8.225,2169,12
90,164,1.525,8.225,2280,11
91,164,1.575,8.225,9800,15
92,164,1.625,8.225,6690,22
93,164,1.675,8.225,3011,8
94,164,1.725,8.225,23435,2
95,164,1.775,8.225,3156,25
96,164,1.825,8.225,1963,43
97,164,1.875,8.225,573,56
98,164,1.925,8.225,1737,11
99,164,1.975,8.225,-1,0
100,164,2.025,8.225,-1,0
101,164,2.075,8.225,-1,0
102,164,2.125,8.225,-1,0
103,164,2.175,8.225,-1,0
104,164,2.225,8.225,-1,0
105,164,2.275,8.225,-1,0
106,164,2.325,8.225,-1,0
107,164,2.375,8.225,-1,0
108,164,2.425,8.225,-1,0
109,164,2.475,8.225,-1,0
110,164,2.525,8.225,-1,0
111,164,2.575,8.225,-1,0
112,164,2.625,8.225,-1,0
113,164,2.675,8.225,-1,0
114,164,2.725,8.225,-1,0
115,164,2.775,8.225,-1,0
116,164,2.825,8.225,-1,0
117,164,2.875,8.225,-1,0
118,164,2.925,8.225,-1,0
119,164,2.975,8.225,-1,0
0,165,-2.975,8.275,-1,0
1,165,-2.925,8.275,-1,0
2,165,-2.875,8.275,-1,0
3,165,-2.825,8.275,-1,0
4,165,-2.775,8.275,-1,0
5,165,-2.725,8.275,-1,0
6,165,-2.675,8.275,-1,0
7,165,-2.625,8.275,-1,0
8,165,-2.575,8.275,-1,0
9,165,-2.525,8.275,-1,0
10,165,-2.475,8.275,-1,0
11,165,-2.425,8.275,-1,0
12,165,-2.375,8.275,-1,0
13,165,-2.325,8.275,-1,0
14,165,-2.275,8.275,-1,0
15,165,-2.225,8.275,-1,0
16,165,-2.175,8.275,-1,0
17,165,-2.125,8.275,-1,0
18,165,-2.075,8.275,-1,0
19,165,-2.025,8.275,-1,0
20,165,-1.975,8.275,-1,0
21,165,-1.925,8.275,-1,0
22,165,-1.875,8.275,-1,0
23,165,-1.825,8.275,-1,0
24,165,-1.775,8.275,-1,0
25,165,-1.725,8.275,-1,0
26,165,-1.675,8.275,-1,0
27,165,-1.625,8.275,-1,0
28,165,-1.575,8.275,-1,0
29,165,-1.525,8.275,-1,0
30,165,-1.475,8.275,-1,0
31,165,-1.425,8.275,-1,0
32,165,-1.375,8.275,-1,0
33,165,-1.325,8.275,-1,0
34,165,-1.275,8.275,-1,0
35,165,-1.225,8.275,-1,0
36,165,-1.175,8.275,-1,0
37,165,-1.125,8.275,-1,0
38,165,-1.075,8.275,-1,0
39,165,-1.025,8.275,-1,0
40,165,-0.975,8.275,-1,0
41,165,-0.925,8.275,-1,0
42,165,-0.875,8.275,-1,0
43,165,-0.825,8.275,-1,0
44,165,-0.775,8.275,-1,0
45,165,-0.725,8.275,-1,0
46,165,-0.675,8.275,-1,0
47,165,-0.625,8.275,-1,0
48,165,-0.575,8.275,-1,0
49,165,-0.525,8.275,-1,0
50,165,-0.475,8.275,-1,0
51,165,-0.425,8.275,-1,0
52,165,-0.375,8.275,-1,0
53,165,-0.325,8.275,-1,0
54,165,-0.275,8.275,-1,0
55,165,-0.225,8.275,-1,0
56,165,-0.175,8.275,-1,0
57,165,-0.125,8.275,-1,0
58,165,-0.075,8.275,-1,0
59,165,-0.025,8.275,-1,0
60,165,0.025,8.275,-1,0
61,165,0.075,8.275,-1,0
62,165,0.125,8.275,-1,0
63,165,0.175,8.275,-1,0
64,165,0.225,8.275,-1,0
65,165,0.275,8.275,3927,31
66,165,0.325,8.275,5715,30
67,165,0.375,8.275,2718,32
68,165,0.425,8.275,-1,0
69,165,0.475,8.275,-1,0
70,165,0.525,8.275,6257,17
71,165,0.575,8.275,778,15
72,165,0.625,8.275,984,13
73,165,0.675,8.275,1278,11
74,165,0.725,8.275,4276,12
75,165,0.775,8.275,1854,18
76,165,0.825,8.275,1585,25
77,165,0.875,8.275,2192,11
78,165,0.925,8.275,2210,6
79,165,0.975,8.275,4901,10
80,165,1.025,8.275,3838,11
81,165,1.075,8.275,19175,3
82,165,1.125,8.275,172,7
83,165,1.175,8.275,1317,6
84,165,1.225,8.275,5704,45
85,165,1.275,8.275,2790,10
86,165,1.325,8.275,5066,9
87,165,1.375,8.275,7851,11
88,165,1.425,8.275,1873,9
89,165,1.475,8.275,3985,11
90,165,1.525,8.275,2623,17
91,165,1.575,8.275,4608,11
92,165,1.625,8.275,3884,18
93,165,1.675,8.275,2886,17
94,165,1.725,8.275,904,21
95,165,1.775,8.275,33503,2
96,165,1.825,8.275,67810,1
97,165,1.875,8.275,4798,40
98,165,1.925,8.275,1204,96
99,165,1.975,8.275,-1,0
100,165,2.025,8.275,-1,0
101,165,2.075,8.275,-1,0
102,165,2.125,8.275,-1,0
103,165,2.175,8.275,-1,0
104,165,2.225,8.275,-1,0
105,165,2.275,8.275,-1,0
106,165,2.325,8.275,-1,0
107,165,2.375,8.275,-1,0
108,165,2.425,8.275,-1,0
109,165,2.475,8.275,-1,0
110,165,2.525,8.275,-1,0
111,165,2.575,8.275,-1,0
112,165,2.625,8.275,-1,0
113,165,2.675,8.275,-1,0
114,165,2.725,8.275,-1,0
115,165,2.775,8.275,-1,0
116,165,2.825,8.275,-1,0
117,165,2.875,8.275,-1,0
118,165,2.925,8.275,-1,0
119,165,2.975,8.275,-1,0
0,166,-2.975,8.325,-1,0
1,166,-2.925,8.325,-1,0
2,166,-2.875,8.325,-1,0
3,166,-2.825,8.325,-1,0
4,166,-2.775,8.325,-1,0
5,166,-2.725,8.325,-1,0
6,166,-2.675,8.325,-1,0
7,166,-2.625,8.325,-1,0
8,166,-2.575,8.325,-1,0
9,166,-2.525,8.325,-1,0
10,166,-2.475,8.325,-1,0
11,166,-2.425,8.325,-1,0
12,166,-2.375,8.325,-1,0
13,166,-2.325,8.325,-1,0
14,166,-2.275,8.325,-1,0
15,166,-2.225,8.325,-1,0
16,166,-2.175,8.325,-1,0
17,166,-2.125,8.325,-1,0
18,166,-2.075,8.325,-1,0
19,166,-2.025,8.325,-1,0
20,166,-1.975,8.325,-1,0
21,166,-1.925,8.325,-1,0
22,166,-1.875,8.325,-1,0
23,166,-1.825,8.325,-1,0
24,166,-1.775,8.325,-1,0
25,166,-1.725,8.325,-1,0
26,166,-1.675,8.325,-1,0
27,166,-1.625,8.325,-1,0
28,166,-1.575,8.325,-1,0
29,166,-1.525,8.325,-1,0
30,166,-1.475,8.325,-1,0
31,166,-1.425,8.325,-1,0
32,166,-1.375,8.325,-1,0
33,166,-1.325,8.325,-1,0
34,166,-1.275,8.325,-1,0
35,166,-1.225,8.325,-1,0
36,166,-1.175,8.325,-1,0
37,166,-1.125,8.325,-1,0
38,166,-1.075,8.325,-1,0
39,166,-1.025,8.325,-1,0
40,166,-0.975,8.325,-1,0
41,166,-0.925,8.325,-1,0
42,166,-0.875,8.325,-1,0
43,166,-0.825,8.325,-1,0
44,166,-0.775,8.325,-1,0
45,166,-0.725,8.325,-1,0
46,166,-0.675,8.325,-1,0
47,166,-0.625,8.325,-1,0
48,166,-0.575,8.325,-1,0
49,166,-0.525,8.325,-1,0
50,166,-0.475,8.325,-1,0
51,166,-0.425,8.325,-1,0
52,166,-0.375,8.325,-1,0
53,166,-0.325,8.325,-1,0
54,166,-0.275,8.325,-1,0
55,166,-0.225,8.325,-1,0
56,166,-0.175,8.325,-1,0
57,166,-0.125,8.325,-1,0
58,166,-0.075,8.325,-1,0
59,166,-0.025,8.325,-1,0
60,166,0.025,8.325,-1,0
61,166,0.075,8.325,-1,0
62,166,0.125,8.325,-1,0
63,166,0.175,8.325,-1,0
64,166,0.225,8.325,-1,0
65,166,0.275,8.325,2041,38
66,166,0.325,8.325,138,56
67,166,0.375,8.325,10596,9
68,166,0.425,8.325,-1,0
69,166,0.475,8.325,-1,0
70,166,0.525,8.325,27408,8
71,166,0.575,8.325,4343,28
72,166,0.625,8.325,4111,18
73,166,0.675,8.325,6610,15
74,166,0.725,8.325,5122,16
75,166,0.775,8.325,586,30
76,166,0.825,8.325,844,34
77,166,0.875,8.325,734,16
78,166,0.925,8.325,9430,6
79,166,0.975,8.325,15851,6
80,166,1.025,8.325,8920,10
81,166,1.075,8.325,1900,4
82,166,1.125,8.325,4729,18
83,166,1.175,8.325,18229,14
84,166,1.225,8.325,4052,28
85,166,1.275,8.325,7453,5
86,166,1.325,8.325,285,11
87,166,1.375,8.325,2325,14
88,166,1.425,8.325,6410,16
89,166,1.475,8.325,30023,8
90,166,1.525,8.325,4628,15
91,166,1.575,8.325,8091,11
92,166,1.625,8.325,127,18
93,166,1.675,8.325,794,21
94,166,1.725,8.325,3321,17
95,166,1.775,8.325,2260,16
96,166,1.825,8.325,24283,1
97,166,1.875,8.325,-1,0
98,166,1.925,8.325,523,83
99,166,1.975,8.325,-1,0
100,166,2.025,8.325,-1,0
101,166,2.075,8.325,-1,0
102,166,2.125,8.325,-1,0
103,166,2.175,8.325,-1,0
104,166,2.225,8.325,-1,0
105,166,2.275,8.325,-1,0
106,166,2.325,8.325,-1,0
107,166,2.375,8.325,-1,0
108,166,2.425,8.325,-1,0
109,166,2.475,8.325,-1,0
110,166,2.525,8.325,-1,0
111,166,2.575,8.325,-1,0
112,166,2.625,8.325,-1,0
113,166,2.675,8.325,-1,0
114,166,2.725,8.325,-1,0
115,166,2.775,8.325,-1,0
116,166,2.825,8.325,-1,0
117,166,2.875,8.325,-1,0
118,166,2.925,8.325,-1,0
119,166,2.975,8.325,-1,0
0,167,-2.975,8.375,-1,0
1,167,-2.925,8.375,-1,0
2,167,-2.875,8.375,-1,0
3,167,-2.825,8.375,-1,0
4,167,-2.775,8.375,-1,0
5,167,-2.725,8.375,-1,0
6,167,-2.675,8.375,-1,0
7,167,-2.625,8.375,-1,0
8,167,-2.575,8.375,-1,0
9,167,-2.525,8.375,-1,0
10,167,-2.475,8.375,-1,0
11,167,-2.425,8.375,-1,0
12,167,-2.375,8.375,-1,0
13,167,-2.325,8.375,-1,0
14,167,-2.275,8.375,-1,0
15,167,-2.225,8.375,-1,0
16,167,-2.175,8.375,-1,0
17,167,-2.125,8.375,-1,0
18,167,-2.075,8.375,-1,0
19,167,-2.025,8.375,-1,0
20,167,-1.975,8.375,-1,0
21,167,-1.925,8.375,-1,0
22,167,-1.875,8.375,-1,0
23,167,-1.825,8.375,-1,0
24,167,-1.775,8.375,-1,0
25,167,-1.725,8.375,-1,0
26,167,-1.675,8.375,-1,0
27,167,-1.625,8.375,-1,0
28,167,-1.575,8.375,-1,0
29,167,-1.525,8.375,-1,0
30,167,-1.475,8.375,-1,0
31,167,-1.425,8.375,-1,0
32,167,-1.375,8.375,-1,0
33,167,-1.325,8.375,-1,0
34,167,-1.275,8.375,-1,0
35,167,-1.225,8.375,-1,0
36,167,-1.175,8.375,-1,0
37,167,-1.125,8.375,-1,0
38,167,-1.075,8.375,-1,0
39,167,-1.025,8.375,-1,0
40,167,-0.975,8.375,-1,0
41,167,-0.925,8.375,-1,0
42,167,-0.875,8.375,-1,0
43,167,-0.825,8.375,-1,0
44,167,-0.775,8.375,-1,0
45,167,-0.725,8.375,-1,0
46,167,-0.675,8.375,-1,0
47,167,-0.625,8.375,-1,0
48,167,-0.575,8.375,-1,0
49,167,-0.525,8.375,-1,0
50,167,-0.475,8.375,-1,0
51,167,-0.425,8.375,-1,0
52,167,-0.375,8.375,-1,0
53,167,-0.325,8.375,-1,0
54,167,-0.275,8.375,-1,0
55,167,-0.225,8.375,-1,0
56,167,-0.175,8.375,-1,0
57,167,-0.125,8.375,-1,0
58,167,-0.075,8.375,-1,0
59,167,-0.025,8.375,-1,0
60,167,0.025,8.375,-1,0
61,167,0.075,8.375,-1,0
62,167,0.125,8.375,-1,0
63,167,0.175,8.375,-1,0
64,167,0.225,8.375,-1,0
65,167,0.275,8.375,1052,25
66,167,0.325,8.375,391,106
67,167,0.375,8.375,-1,0
68,167,0.425,8.375,-1,0
69,167,0.475,8.375,-1,0
70,167,0.525,8.375,5450,17
71,167,0.575,8.375,1795,20
72,167,0.625,8.375,21214,9
73,167,0.675,8.375,2761,18
74,167,0.725,8.375,8521,16
75,167,0.775,8.375,1155,34
76,167,0.825,8.375,20923,8
77,167,0.875,8.375,6200,17
78,167,0.925,8.375,5602,5
79,167,0.975,8.375,2363,9
80,167,1.025,8.375,16744,7
81,167,1.075,8.375,1264,13
82,167,1.125,8.375,2997,12
83,167,1.175,8.375,3481,14
84,167,1.225,8.375,-1,0
85,167,1.275,8.375,1290,37
86,167,1.325,8.375,7379,2
87,167,1.375,8.375,12277,21
88,167,1.425,8.375,6109,8
89,167,1.475,8.375,4581,23
90,167,1.525,8.375,1187,18
91,167,1.575,8.375,11738,13
92,167,1.625,8.375,713,21
93,167,1.675,8.375,3349,17
94,167,1.725,8.375,41,17
95,167,1.775,8.375,12493,17
96,167,1.825,8.375,2608,16
97,167,1.875,8.375,-1,0
98,167,1.925,8.375,-1,0
99,167,1.975,8.375,-1,0
100,167,2.025,8.375,-1,0
101,167,2.075,8.375,-1,0
102,167,2.125,8.375,-1,0
103,167,2.175,8.375,-1,0
104,167,2.225,8.375,-1,0
105,167,2.275,8.375,-1,0
106,167,2.325,8.375,-1,0
107,167,2.375,8.375,-1,0
108,167,2.425,8.375,-1,0
109,167,2.475,8.375,-1,0
110,167,2.525,8.375,-1,0
111,167,2.575,8.375,-1,0
112,167,2.625,8.375,-1,0
113,167,2.675,8.375,-1,0
114,167,2.725,8.375,-1,0
115,167,2.775,8.375,-1,0
116,167,2.825,8.375,-1,0
117,167,2.875,8.375,-1,0
118,167,2.925,8.375,-1,0
119,167,2.975,8.375,-1,0
0,168,-2.975,8.425,-1,0
1,168,-2.925,8.425,-1,0
2,168,-2.875,8.425,-1,0
3,168,-2.825,8.425,-1,0
4,168,-2.775,8.425,-1,0
5,168,-2.725,8.425,-1,0
6,168,-2.675,8.425,-1,0
7,168,-2.625,8.425,-1,0
8,168,-2.575,8.425,-1,0
9,168,-2.525,8.425,-1,0
10,168,-2.475,8.425,-1,0
11,168,-2.425,8.425,-1,0
12,168,-2.375,8.425,-1,0
13,168,-2.325,8.425,-1,0
14,168,-2.275,8.425,-1,0
15,168,-2.225,8.425,-1,0
16,168,-2.175,8.425,-1,0
17,168,-2.125,8.425,-1,0
18,168,-2.075,8.425,-1,0
19,168,-2.025,8.425,-1,0
20,168,-1.975,8.425,-1,0
21,168,-1.925,8.425,-1,0
22,168,-1.875,8.425,-1,0
23,168,-1.825,8.425,-1,0
24,168,-1.775,8.425,-1,0
25,168,-1.725,8.425,-1,0
26,168,-1.675,8.425,-1,0
27,168,-1.625,8.425,-1,0
28,168,-1.575,8.425,-1,0
29,168,-1.525,8.425,-1,0
30,168,-1.475,8.425,-1,0
31,168,-1.425,8.425,-1,0
32,168,-1.375,8.425,-1,0
33,168,-1.325,8.425,-1,0
34,168,-1.275,8.425,-1,0
35,168,-1.225,8.425,-1,0
36,168,-1.175,8.425,-1,0
37,168,-1.125,8.425,-1,0
38,168,-1.075,8.425,-1,0
39,168,-1.025,8.425,-1,0
40,168,-0.975,8.425,-1,0
41,168,-0.925,8.425,-1,0
42,168,-0.875,8.425,-1,0
43,168,-0.825,8.425,-1,0
44,168,-0.775,8.425,-1,0
45,168,-0.725,8.425,-1,0
46,168,-0.675,8.425,-1,0
47,168,-0.625,8.425,-1,0
48,168,-0.575,8.425,-1,0
49,168,-0.525,8.425,-1,0
50,168,-0.475,8.425,-1,0
51,168,-0.425,8.425,-1,0
52,168,-0.375,8.425,-1,0
53,168,-0.325,8.425,-1,0
54,168,-0.275,8.425,-1,0
55,168,-0.225,8.425,-1,0
56,168,-0.175,8.425,-1,0
57,168,-0.125,8.425,-1,0
58,168,-0.075,8.425,-1,0
59,168,-0.025,8.425,-1,0
60,168,0.025,8.425,-1,0
61,168,0.075,8.425,-1,0
62,168,0.125,8.425,-1,0
63,168,0.175,8.425,-1,0
64,168,0.225,8.425,-1,0
65,168,0.275,8.425,-1,0
66,168,0.325,8.425,3213,83
67,168,0.375,8.425,-1,0
68,168,0.425,8.425,-1,0
69,168,0.475,8.425,-1,0
70,168,0.525,8.425,4202,24
71,168,0.575,8.425,1707,23
72,168,0.625,8.425,6631,20
73,168,0.675,8.425,5506,13
74,168,0.725,8.425,10354,28
75,168,0.775,8.425,3689,7
76,168,0.825,8.425,2801,18
77,168,0.875,8.425,3853,20
78,168,0.925,8.425,5678,5
79,168,0.975,8.425,10385,11
80,168,1.025,8.425,9819,7
81,168,1.075,8.425,2,17
82,168,1.125,8.425,5303,14
83,168,1.175,8.425,55,35
84,168,1.225,8.425,-1,0
85,168,1.275,8.425,2540,36
86,168,1.325,8.425,-1,0
87,168,1.375,8.425,6992,8
88,168,1.425,8.425,4763,24
89,168,1.475,8.425,7701,17
90,168,1.525,8.425,12192,20
91,168,1.575,8.425,1524,27
92,168,1.625,8.425,11567,20
93,168,1.675,8.425,5801,32
94,168,1.725,8.425,1018,30
95,168,1.775,8.425,1655,20
96,168,1.825,8.425,646,27
97,168,1.875,8.425,402,34
98,168,1.925,8.425,-1,0
99,168,1.975,8.425,-1,0
100,168,2.025,8.425,-1,0
101,168,2.075,8.425,-1,0
102,168,2.125,8.425,-1,0
103,168,2.175,8.425,-1,0
104,168,2.225,8.425,-1,0
105,168,2.275,8.425,-1,0
106,168,2.325,8.425,-1,0
107,168,2.375,8.425,-1,0
108,168,2.425,8.425,-1,0
109,168,2.475,8.425,-1,0
110,168,2.525,8.425,-1,0
111,168,2.575,8.425,-1,0
112,168,2.625,8.425,-1,0
113,168,2.675,8.425,-1,0
114,168,2.725,8.425,-1,0
115,168,2.775,8.425,-1,0
116,168,2.825,8.425,-1,0
117,168,2.875,8.425,-1,0
118,168,2.925,8.425,-1,0
119,168,2.975,8.425,-1,0
0,169,-2.975,8.475,-1,0
1,169,-2.925,8.475,-1,0
2,169,-2.875,8.475,-1,0
3,169,-2.825,8.475,-1,0
4,169,-2.775,8.475,-1,0
5,169,-2.725,8.475,-1,0
6,169,-2.675,8.475,-1,0
7,169,-2.625,8.475,-1,0
8,169,-2.575,8.475,-1,0
9,169,-2.525,8.475,-1,0
10,169,-2.475,8.475,-1,0
11,169,-2.425,8.475,-1,0
12,169,-2.375,8.475,-1,0
13,169,-2.325,8.475,-1,0
14,169,-2.275,8.475,-1,0
15,169,-2.225,8.475,-1,0
16,169,-2.175,8.475,-1,0
17,169,-2.125,8.475,-1,0
18,169,-2.075,8.475,-1,0
19,169,-2.025,8.475,-1,0
20,169,-1.975,8.475,-1,0
21,169,-1.925,8.475,-1,0
22,169,-1.875,8.475,-1,0
23,169,-1.825,8.475,-1,0
24,169,-1.775,8.475,-1,0
25,169,-1.725,8.475,-1,0
26,169,-1.675,8.475,-1,0
27,169,-1.625,8.475,-1,0
28,169,-1.575,8.475,-1,0
29,169,-1.525,8.475,-1,0
30,169,-1.475,8.475,-1,0
31,169,-1.425,8.475,-1,0
32,169,-1.375,8.475,-1,0
33,169,-1.325,8.475,-1,0
34,169,-1.275,8.475,-1,0
35,169,-1.225,8.475,-1,0
36,169,-1.175,8.475,-1,0
37,169,-1.125,8.475,-1,0
38,169,-1.075,8.475,-1,0
39,169,-1.025,8.475,-1,0
40,169,-0.975,8.475,-1,0
41,169,-0.925,8.475,-1,0
42,169,-0.875,8.475,-1,0
43,169,-0.825,8.475,-1,0
44,169,-0.775,8.475,-1,0
45,169,-0.725,8.475,-1,0
46,169,-0.675,8.475,-1,0
47,169,-0.625,8.475,-1,0
48,169,-0.575,8.475,-1,0
49,169,-0.525,8.475,-1,0
50,169,-0.475,8.475,-1,0
51,169,-0.425,8.475,-1,0
52,169,-0.375,8.475,-1,0
53,169,-0.325,8.475,-1,0
54,169,-0.275,8.475,-1,0
55,169,-0.225,8.475,-1,0
56,169,-0.175,8.475,-1,0
57,169,-0.125,8.475,-1,0
58,169,-0.075,8.475,-1,0
59,169,-0.025,8.475,-1,0
60,169,0.025,8.475,-1,0
61,169,0.075,8.475,-1,0
62,169,0.125,8.475,-1,0
63,169,0.175,8.475,-1,0
64,169,0.225,8.475,-1,0
65,169,0.275,8.475,-1,0
66,169,0.325,8.475,-1,0
67,169,0.375,8.475,-1,0
68,169,0.425,8.475,-1,0
69,169,0.475,8.475,-1,0
70,169,0.525,8.475,560,20
71,169,0.575,8.475,3071,23
72,169,0.625,8.475,6659,18
73,169,0.675,8.475,222,29
74,169,0.725,8.475,2238,12
75,169,0.775,8.475,17548,14
76,169,0.825,8.475,11008,13
77,169,0.875,8.475,3654,13
78,169,0.925,8.475,256,11
79,169,0.975,8.475,14143,9
80,169,1.025,8.475,683,12
81,169,1.075,8.475,15734,24
82,169,1.125,8.475,11929,9
83,169,1.175,8.475,22689,12
84,169,1.225,8.475,-1,0
85,169,1.275,8.475,3126,13
86,169,1.325,8.475,465,8
87,169,1.375,8.475,-1,0
88,169,1.425,8.475,-1,0
89,169,1.475,8.475,19099,16
90,169,1.525,8.475,8743,16
91,169,1.575,8.475,12613,27
92,169,1.625,8.475,7470,33
93,169,1.675,8.475,2840,20
94,169,1.725,8.475,7238,29
95,169,1.775,8.475,620,37
96,169,1.825,8.475,2290,35
97,169,1.875,8.475,1562,35
98,169,1.925,8.475,5955,32
99,169,1.975,8.475,-1,0
100,169,2.025,8.475,-1,0
101,169,2.075,8.475,-1,0
102,169,2.125,8.475,-1,0
103,169,2.175,8.475,-1,0
104,169,2.225,8.475,-1,0
105,169,2.275,8.475,-1,0
106,169,2.325,8.475,-1,0
107,169,2.375,8.475,-1,0
108,169,2.425,8.475,-1,0
109,169,2.475,8.475,-1,0
110,169,2.525,8.475,-1,0
111,169,2.575,8.475,-1,0
112,169,2.625,8.475,-1,0
113,169,2.675,8.475,-1,0
114,169,2.725,8.475,-1,0
115,169,2.775,8.475,-1,0
116,169,2.825,8.475,-1,0
117,169,2.875,8.475,-1,0
118,169,2.925,8.475,-1,0
119,169,2.975,8.475,-1,0
0,170,-2.975,8.525,-1,0
1,170,-2.925,8.525,-1,0
2,170,-2.875,8.525,-1,0
3,170,-2.825,8.525,-1,0
4,170,-2.775,8.525,-1,0
5,170,-2.725,8.525,-1,0
6,170,-2.675,8.525,-1,0
7,170,-2.625,8.525,-1,0
8,170,-2.575,8.525,-1,0
9,170,-2.525,8.525,-1,0
10,170,-2.475,8.525,-1,0
11,170,-2.425,8.525,-1,0
12,170,-2.375,8.525,-1,0
13,170,-2.325,8.525,-1,0
14,170,-2.275,8.525,-1,0
15,170,-2.225,8.525,-1,0
16,170,-2.175,8.525,-1,0
17,170,-2.125,8.525,-1,0
18,170,-2.075,8.525,-1,0
19,170,-2.025,8.525,-1,0
20,170,-1.975,8.525,-1,0
21,170,-1.925,8.525,-1,0
22,170,-1.875,8.525,-1,0
23,170,-1.825,8.525,-1,0
24,170,-1.775,8.525,-1,0
25,170,-1.725,8.525,-1,0
26,170,-1.675,8.525,-1,0
27,170,-1.625,8.525,-1,0
28,170,-1.575,8.525,-1,0
29,170,-1.525,8.525,-1,0
30,170,-1.475,8.525,-1,0
31,170,-1.425,8.525,-1,0
32,170,-1.375,8.525,-1,0
33,170,-1.325,8.525,-1,0
34,170,-1.275,8.525,-1,0
35,170,-1.225,8.525,-1,0
36,170,-1.175,8.525,-1,0
37,170,-1.125,8.525,-1,0
38,170,-1.075,8.525,-1,0
39,170,-1.025,8.525,-1,0
40,170,-0.975,8.525,-1,0
41,170,-0.925,8.525,-1,0
42,170,-0.875,8.525,-1,0
43,170,-0.825,8.525,-1,0
44,170,-0.775,8.525,-1,0
45,170,-0.725,8.525,-1,0
46,170,-0.675,8.525,-1,0
47,170,-0.625,8.525,-1,0
48,170,-0.575,8.525,-1,0
49,170,-0.525,8.525,-1,0
50,170,-0.475,8.525,-1,0
51,170,-0.425,8.525,-1,0
52,170,-0.375,8.525,-1,0
53,170,-0.325,8.525,-1,0
54,170,-0.275,8.525,-1,0
55,170,-0.225,8.525,-1,0
56,170,-0.175,8.525,-1,0
57,170,-0.125,8.525,-1,0
58,170,-0.075,8.525,-1,0
59,170,-0.025,8.525,-1,0
60,170,0.025,8.525,-1,0
61,170,0.075,8.525,-1,0
62,170,0.125,8.525,-1,0
63,170,0.175,8.525,-1,0
64,170,0.225,8.525,-1,0
65,170,0.275,8.525,-1,0
66,170,0.325,8.525,-1,0
67,170,0.375,8.525,-1,0
68,170,0.425,8.525,-1,0
69,170,0.475,8.525,-1,0
70,170,0.525,8.525,3270,16
71,170,0.575,8.525,1607,30
72,170,0.625,8.525,802,29
73,170,0.675,8.525,93,32
74,170,0.725,8.525,-1,0
75,170,0.775,8.525,17532,13
76,170,0.825,8.525,11066,18
77,170,0.875,8.525,1227,14
78,170,0.925,8.525,2028,14
79,170,0.975,8.525,7310,12
80,170,1.025,8.525,2422,17
81,170,1.075,8.525,375,19
82,170,1.125,8.525,3810,11
83,170,1.175,8.525,17589,2
84,170,1.225,8.525,6731,7
85,170,1.275,8.525,421,10
86,170,1.325,8.525,2523,35
87,170,1.375,8.525,10986,12
88,170,1.425,8.525,1552,8
89,170,1.475,8.525,1351,11
90,170,1.525,8.525,9391,12
91,170,1.575,8.525,2170,16
92,170,1.625,8.525,13073,14
93,170,1.675,8.525,337,25
94,170,1.725,8.525,3012,17
95,170,1.775,8.525,18948,3
96,170,1.825,8.525,9298,18
97,170,1.875,8.525,1964,40
98,170,1.925,8.525,574,70
99,170,1.975,8.525,1738,18
100,170,2.025,8.525,-1,0
101,170,2.075,8.525,-1,0
102,170,2.125,8.525,-1,0
103,170,2.175,8.525,-1,0
104,170,2.225,8.525,-1,0
105,170,2.275,8.525,-1,0
106,170,2.325,8.525,-1,0
107,170,2.375,8.525,-1,0
108,170,2.425,8.525,-1,0
109,170,2.475,8.525,-1,0
110,170,2.525,8.525,-1,0
111,170,2.575,8.525,-1,0
112,170,2.625,8.525,-1,0
113,170,2.675,8.525,-1,0
114,170,2.725,8.525,-1,0
115,170,2.775,8.525,-1,0
116,170,2.825,8.525,-1,0
117,170,2.875,8.525,-1,0
118,170,2.925,8.525,-1,0
119,170,2.975,8.525,-1,0
0,171,-2.975,8.575,-1,0
1,171,-2.925,8.575,-1,0
2,171,-2.875,8.575,-1,0
3,171,-2.825,8.575,-1,0
4,171,-2.775,8.575,-1,0
5,171,-2.725,8.575,-1,0
6,171,-2.675,8.575,-1,0
7,171,-2.625,8.575,-1,0
8,171,-2.575,8.575,-1,0
9,171,-2.525,8.575,-1,0
10,171,-2.475,8.575,-1,0
11,171,-2.425,8.575,-1,0
12,171,-2.375,8.575,-1,0
13,171,-2.325,8.575,-1,0
14,171,-2.275,8.575,-1,0
15,171,-2.225,8.575,-1,0
16,171,-2.175,8.575,-1,0
17,171,-2.125,8.575,-1,0
18,171,-2.075,8.575,-1,0
19,171,-2.025,8.575,-1,0
20,171,-1.975,8.575,-1,0
21,171,-1.925,8.575,-1,0
22,171,-1.875,8.575,-1,0
23,171,-1.825,8.575,-1,0
24,171,-1.775,8.575,-1,0
25,171,-1.725,8.575,-1,0
26,171,-1.675,8.575,-1,0
27,171,-1.625,8.575,-1,0
28,171,-1.575,8.575,-1,0
29,171,-1.525,8.575,-1,0
30,171,-1.475,8.575,-1,0
31,171,-1.425,8.575,-1,0
32,171,-1.375,8.575,-1,0
33,171,-1.325,8.575,-1,0
34,171,-1.275,8.575,-1,0
35,171,-1.225,8.575,-1,0
36,171,-1.175,8.575,-1,0
37,171,-1.125,8.575,-1,0
38,171,-1.075,8.575,-1,0
39,171,-1.025,8.575,-1,0
40,171,-0.975,8.575,-1,0
41,171,-0.925,8.575,-1,0
42,171,-0.875,8.575,-1,0
43,171,-0.825,8.575,-1,0
44,171,-0.775,8.575,-1,0
45,171,-0.725,8.575,-1,0
46,171,-0.675,8.575,-1,0
47,171,-0.625,8.575,-1,0
48,171,-0.575,8.575,-1,0
49,171,-0.525,8.575,-1,0
50,171,-0.475,8.575,-1,0
51,171,-0.425,8.575,-1,0
52,171,-0.375,8.575,-1,0
53,171,-0.325,8.575,-1,0
54,171,-0.275,8.575,-1,0
55,171,-0.225,8.575,-1,0
56,171,-0.175,8.575,-1,0
57,171,-0.125,8.575,-1,0
58,171,-0.075,8.575,-1,0
59,171,-0.025,8.575,-1,0
60,171,0.025,8.575,-1,0
61,171,0.075,8.575,-1,0
62,171,0.125,8.575,-1,0
63,171,0.175,8.575,-1,0
64,171,0.225,8.575,-1,0
65,171,0.275,8.575,-1,0
66,171,0.325,8.575,-1,0
67,171,0.375,8.575,-1,0
68,171,0.425,8.575,-1,0
69,171,0.475,8.575,-1,0
70,171,0.525,8.575,148,17
71,171,0.575,8.575,1165,31
72,171,0.625,8.575,1972,33
73,171,0.675,8.575,17870,14
74,171,0.725,8.575,-1,0
75,171,0.775,8.575,5286,7
76,171,0.825,8.575,779,16
77,171,0.875,8.575,985,13
78,171,0.925,8.575,1279,21
79,171,0.975,8.575,10135,12
80,171,1.025,8.575,886,18
81,171,1.075,8.575,2193,15
82,171,1.125,8.575,4902,10
83,171,1.175,8.575,9785,4
84,171,1.225,8.575,3839,12
85,171,1.275,8.575,173,5
86,171,1.325,8.575,5199,11
87,171,1.375,8.575,3736,44
88,171,1.425,8.575,5475,12
89,171,1.475,8.575,5067,8
90,171,1.525,8.575,12749,15
91,171,1.575,8.575,1874,12
92,171,1.625,8.575,5224,18
93,171,1.675,8.575,4609,13
94,171,1.725,8.575,2887,22
95,171,1.775,8.575,10272,13
96,171,1.825,8.575,905,18
97,171,1.875,8.575,-1,0
98,171,1.925,8.575,2686,25
99,171,1.975,8.575,866,103
100,171,2.025,8.575,-1,0
101,171,2.075,8.575,-1,0
102,171,2.125,8.575,-1,0
103,171,2.175,8.575,-1,0
104,171,2.225,8.575,-1,0
105,171,2.275,8.575,-1,0
106,171,2.325,8.575,-1,0
107,171,2.375,8.575,-1,0
108,171,2.425,8.575,-1,0
109,171,2.475,8.575,-1,0
110,171,2.525,8.575,-1,0
111,171,2.575,8.575,-1,0
112,171,2.625,8.575,-1,0
113,171,2.675,8.575,-1,0
114,171,2.725,8.575,-1,0
115,171,2.775,8.575,-1,0
116,171,2.825,8.575,-1,0
117,171,2.875,8.575,-1,0
118,171,2.925,8.575,-1,0
119,171,2.975,8.575,-1,0
0,172,-2.975,8.625,-1,0
1,172,-2.925,8.625,-1,0
2,172,-2.875,8.625,-1,0
3,172,-2.825,8.625,-1,0
4,172,-2.775,8.625,-1,0
5,172,-2.725,8.625,-1,0
6,172,-2.675,8.625,-1,0
7,172,-2.625,8.625,-1,0
8,172,-2.575,8.625,-1,0
9,172,-2.525,8.625,-1,0
10,172,-2.475,8.625,-1,0
11,172,-2.425,8.625,-1,0
12,172,-2.375,8.625,-1,0
13,172,-2.325,8.625,-1,0
14,172,-2.275,8.625,-1,0
15,172,-2.225,8.625,-1,0
16,172,-2.175,8.625,-1,0
17,172,-2.125,8.625,-1,0
18,172,-2.075,8.625,-1,0
19,172,-2.025,8.625,-1,0
20,172,-1.975,8.625,-1,0
21,172,-1.925,8.625,-1,0
22,172,-1.875,8.625,-1,0
23,172,-1.825,8.625,-1,0
24,172,-1.775,8.625,-1,0
25,172,-1.725,8.625,-1,0
26,172,-1.675,8.625,-1,0
27,172,-1.625,8.625,-1,0
28,172,-1.575,8.625,-1,0
29,172,-1.525,8.625,-1,0
30,172,-1.475,8.625,-1,0
31,172,-1.425,8.625,-1,0
32,172,-1.375,8.625,-1,0
33,172,-1.325,8.625,-1,0
34,172,-1.275,8.625,-1,0
35,172,-1.225,8.625,-1,0
36,172,-1.175,8.625,-1,0
37,172,-1.125,8.625,-1,0
38,172,-1.075,8.625,-1,0
39,172,-1.025,8.625,-1,0
40,172,-0.975,8.625,-1,0
41,172,-0.925,8.625,-1,0
42,172,-0.875,8.625,-1,0
43,172,-0.825,8.625,-1,0
44,172,-0.775,8.625,-1,0
45,172,-0.725,8.625,-1,0
46,172,-0.675,8.625,-1,0
47,172,-0.625,8.625,-1,0
48,172,-0.575,8.625,-1,0
49,172,-0.525,8.625,-1,0
50,172,-0.475,8.625,-1,0
51,172,-0.425,8.625,-1,0
52,172,-0.375,8.625,-1,0
53,172,-0.325,8.625,-1,0
54,172,-0.275,8.625,-1,0
55,172,-0.225,8.625,-1,0
56,172,-0.175,8.625,-1,0
57,172,-0.125,8.625,-1,0
58,172,-0.075,8.625,-1,0
59,172,-0.025,8.625,-1,0
60,172,0.025,8.625,-1,0
61,172,0.075,8.625,-1,0
62,172,0.125,8.625,-1,0
63,172,0.175,8.625,-1,0
64,172,0.225,8.625,-1,0
65,172,0.275,8.625,-1,0
66,172,0.325,8.625,-1,0
67,172,0.375,8.625,-1,0
68,172,0.425,8.625,-1,0
69,172,0.475,8.625,-1,0
70,172,0.525,8.625,8353,3
71,172,0.575,8.625,3928,44
72,172,0.625,8.625,139,49
73,172,0.675,8.625,-1,0
74,172,0.725,8.625,-1,0
75,172,0.775,8.625,6258,15
76,172,0.825,8.625,19319,14
77,172,0.875,8.625,5255,20
78,172,0.925,8.625,6611,14
79,172,0.975,8.625,1855,15
80,172,1.025,8.625,587,42
81,172,1.075,8.625,1125,19
82,172,1.125,8.625,2211,8
83,172,1.175,8.625,8921,17
84,172,1.225,8.625,46251,8
85,172,1.275,8.625,1901,15
86,172,1.325,8.625,1998,15
87,172,1.375,8.625,4053,29
88,172,1.425,8.625,4559,8
89,172,1.475,8.625,286,11
90,172,1.525,8.625,2326,13
91,172,1.575,8.625,4582,17
92,172,1.625,8.625,4629,12
93,172,1.675,8.625,8092,11
94,172,1.725,8.625,128,28
95,172,1.775,8.625,9852,31
96,172,1.825,8.625,42,20
97,172,1.875,8.625,2609,20
98,172,1.925,8.625,-1,0
99,172,1.975,8.625,524,20
100,172,2.025,8.625,-1,0
101,172,2.075,8.625,-1,0
102,172,2.125,8.625,-1,0
103,172,2.175,8.625,-1,0
104,172,2.225,8.625,-1,0
105,172,2.275,8.625,-1,0
106,172,2.325,8.625,-1,0
107,172,2.375,8.625,-1,0
108,172,2.425,8.625,-1,0
109,172,2.475,8.625,-1,0
110,172,2.525,8.625,-1,0
111,172,2.575,8.625,-1,0
112,172,2.625,8.625,-1,0
113,172,2.675,8.625,-1,0
114,172,2.725,8.625,-1,0
115,172,2.775,8.625,-1,0
116,172,2.825,8.625,-1,0
117,172,2.875,8.625,-1,0
118,172,2.925,8.625,-1,0
119,172,2.975,8.625,-1,0
0,173,-2.975,8.675,-1,0
1,173,-2.925,8.675,-1,0
2,173,-2.875,8.675,-1,0
3,173,-2.825,8.675,-1,0
4,173,-2.775,8.675,-1,0
5,173,-2.725,8.675,-1,0
6,173,-2.675,8.675,-1,0
7,173,-2.625,8.675,-1,0
8,173,-2.575,8.675,-1,0
9,173,-2.525,8.675,-1,0
10,173,-2.475,8.675,-1,0
11,173,-2.425,8.675,-1,0
12,173,-2.375,8.675,-1,0
13,173,-2.325,8.675,-1,0
14,173,-2.275,8.675,-1,0
15,173,-2.225,8.675,-1,0
16,173,-2.175,8.675,-1,0
17,173,-2.125,8.675,-1,0
18,173,-2.075,8.675,-1,0
19,173,-2.025,8.675,-1,0
20,173,-1.975,8.675,-1,0
21,173,-1.925,8.675,-1,0
22,173,-1.875,8.675,-1,0
23,173,-1.825,8.675,-1,0
24,173,-1.775,8.675,-1,0
25,173,-1.725,8.675,-1,0
26,173,-1.675,8.675,-1,0
27,173,-1.625,8.675,-1,0
28,173,-1.575,8.675,-1,0
29,173,-1.525,8.675,-1,0
30,173,-1.475,8.675,-1,0
31,173,-1.425,8.675,-1,0
32,173,-1.375,8.675,-1,0
33,173,-1.325,8.675,-1,0
34,173,-1.275,8.675,-1,0
35,173,-1.225,8.675,-1,0
36,173,-1.175,8.675,-1,0
37,173,-1.125,8.675,-1,0
38,173,-1.075,8.675,-1,0
39,173,-1.025,8.675,-1,0
40,173,-0.975,8.675,-1,0
41,173,-0.925,8.675,-1,0
42,173,-0.875,8.675,-1,0
43,173,-0.825,8.675,-1,0
44,173,-0.775,8.675,-1,0
45,173,-0.725,8.675,-1,0
46,173,-0.675,8.675,-1,0
47,173,-0.625,8.675,-1,0
48,173,-0.575,8.675,-1,0
49,173,-0.525,8.675,-1,0
50,173,-0.475,8.675,-1,0
51,173,-0.425,8.675,-1,0
52,173,-0.375,8.675,-1,0
53,173,-0.325,8.675,-1,0
54,173,-0.275,8.675,-1,0
55,173,-0.225,8.675,-1,0
56,173,-0.175,8.675,-1,0
57,173,-0.125,8.675,-1,0
58,173,-0.075,8.675,-1,0
59,173,-0.025,8.675,-1,0
60,173,0.025,8.675,-1,0
61,173,0.075,8.675,-1,0
62,173,0.125,8.675,-1,0
63,173,0.175,8.675,-1,0
64,173,0.225,8.675,-1,0
65,173,0.275,8.675,-1,0
66,173,0.325,8.675,-1,0
67,173,0.375,8.675,-1,0
68,173,0.425,8.675,-1,0
69,173,0.475,8.675,-1,0
70,173,0.525,8.675,-1,0
71,173,0.575,8.675,2042,49
72,173,0.625,8.675,6495,56
73,173,0.675,8.675,-1,0
74,173,0.725,8.675,-1,0
75,173,0.775,8.675,5451,18
76,173,0.825,8.675,2070,31
77,173,0.875,8.675,4112,11
78,173,0.925,8.675,8251,23
79,173,0.975,8.675,1156,26
80,173,1.025,8.675,1816,32
81,173,1.075,8.675,1926,18
82,173,1.125,8.675,5603,5
83,173,1.175,8.675,2364,6
84,173,1.225,8.675,1265,16
85,173,1.275,8.675,9197,13
86,173,1.325,8.675,2998,22
87,173,1.375,8.675,32068,3
88,173,1.425,8.675,1291,40
89,173,1.475,8.675,7380,11
90,173,1.525,8.675,15746,17
91,173,1.575,8.675,6110,23
92,173,1.625,8.675,1188,28
93,173,1.675,8.675,1525,24
94,173,1.725,8.675,3350,22
95,173,1.775,8.675,5802,19
96,173,1.825,8.675,1019,20
97,173,1.875,8.675,647,33
98,173,1.925,8.675,403,28
99,173,1.975,8.675,-1,0
100,173,2.025,8.675,-1,0
101,173,2.075,8.675,-1,0
102,173,2.125,8.675,-1,0
103,173,2.175,8.675,-1,0
104,173,2.225,8.675,-1,0
105,173,2.275,8.675,-1,0
106,173,2.325,8.675,-1,0
107,173,2.375,8.675,-1,0
108,173,2.425,8.675,-1,0
109,173,2.475,8.675,-1,0
110,173,2.525,8.675,-1,0
111,173,2.575,8.675,-1,0
112,173,2.625,8.675,-1,0
113,173,2.675,8.675,-1,0
114,173,2.725,8.675,-1,0
115,173,2.775,8.675,-1,0
116,173,2.825,8.675,-1,0
117,173,2.875,8.675,-1,0
118,173,2.925,8.675,-1,0
119,173,2.975,8.675,-1,0
0,174,-2.975,8.725,-1,0
1,174,-2.925,8.725,-1,0
2,174,-2.875,8.725,-1,0
3,174,-2.825,8.725,-1,0
4,174,-2.775,8.725,-1,0
5,174,-2.725,8.725,-1,0
6,174,-2.675,8.725,-1,0
7,174,-2.625,8.725,-1,0
8,174,-2.575,8.725,-1,0
9,174,-2.525,8.725,-1,0
10,174,-2.475,8.725,-1,0
11,174,-2.425,8.725,-1,0
12,174,-2.375,8.725,-1,0
13,174,-2.325,8.725,-1,0
14,174,-2.275,8.725,-1,0
15,174,-2.225,8.725,-1,0
16,174,-2.175,8.725,-1,0
17,174,-2.125,8.725,-1,0
18,174,-2.075,8.725,-1,0
19,174,-2.025,8.725,-1,0
20,174,-1.975,8.725,-1,0
21,174,-1.925,8.725,-1,0
22,174,-1.875,8.725,-1,0
23,174,-1.825,8.725,-1,0
24,174,-1.775,8.725,-1,0
25,174,-1.725,8.725,-1,0
26,174,-1.675,8.725,-1,0
27,174,-1.625,8.725,-1,0
28,174,-1.575,8.725,-1,0
29,174,-1.525,8.725,-1,0
30,174,-1.475,8.725,-1,0
31,174,-1.425,8.725,-1,0
32,174,-1.375,8.725,-1,0
33,174,-1.325,8.725,-1,0
34,174,-1.275,8.725,-1,0
35,174,-1.225,8.725,-1,0
36,174,-1.175,8.725,-1,0
37,174,-1.125,8.725,-1,0
38,174,-1.075,8.725,-1,0
39,174,-1.025,8.725,-1,0
40,174,-0.975,8.725,-1,0
41,174,-0.925,8.725,-1,0
42,174,-0.875,8.725,-1,0
43,174,-0.825,8.725,-1,0
44,174,-0.775,8.725,-1,0
45,174,-0.725,8.725,-1,0
46,174,-0.675,8.725,-1,0
47,174,-0.625,8.725,-1,0
48,174,-0.575,8.725,-1,0
49,174,-0.525,8.725,-1,0
50,174,-0.475,8.725,-1,0
51,174,-0.425,8.725,-1,0
52,174,-0.375,8.725,-1,0
53,174,-0.325,8.725,-1,0
54,174,-0.275,8.725,-1,0
55,174,-0.225,8.725,-1,0
56,174,-0.175,8.725,-1,0
57,174,-0.125,8.725,-1,0
58,174,-0.075,8.725,-1,0
59,174,-0.025,8.725,-1,0
60,174,0.025,8.725,-1,0
61,174,0.075,8.725,-1,0
62,174,0.125,8.725,-1,0
63,174,0.175,8.725,-1,0
64,174,0.225,8.725,-1,0
65,174,0.275,8.725,-1,0
66,174,0.325,8.725,-1,0
67,174,0.375,8.725,-1,0
68,174,0.425,8.725,-1,0
69,174,0.475,8.725,-1,0
70,174,0.525,8.725,-1,0
71,174,0.575,8.725,1053,24
72,174,0.625,8.725,392,109
73,174,0.675,8.725,-1,0
74,174,0.725,8.725,-1,0
75,174,0.775,8.725,8216,17
76,174,0.825,8.725,1708,27
77,174,0.875,8.725,6632,14
78,174,0.925,8.725,2762,31
79,174,0.975,8.725,12911,13
80,174,1.025,8.725,2802,20
81,174,1.075,8.725,3854,20
82,174,1.125,8.725,5679,8
83,174,1.175,8.725,10386,11
84,174,1.225,8.725,3,11
85,174,1.275,8.725,5304,28
86,174,1.325,8.725,56,31
87,174,1.375,8.725,-1,0
88,174,1.425,8.725,2541,28
89,174,1.475,8.725,-1,0
90,174,1.525,8.725,6993,8
91,174,1.575,8.725,4764,18
92,174,1.625,8.725,12193,24
93,174,1.675,8.725,12614,36
94,174,1.725,8.725,7471,34
95,174,1.775,8.725,5890,32
96,174,1.825,8.725,621,37
97,174,1.875,8.725,4832,33
98,174,1.925,8.725,745,46
99,174,1.975,8.725,5956,37
100,174,2.025,8.725,-1,0
101,174,2.075,8.725,-1,0
102,174,2.125,8.725,-1,0
103,174,2.175,8.725,-1,0
104,174,2.225,8.725,-1,0
105,174,2.275,8.725,-1,0
106,174,2.325,8.725,-1,0
107,174,2.375,8.725,-1,0
108,174,2.425,8.725,-1,0
109,174,2.475,8.725,-1,0
110,174,2.525,8.725,-1,0
111,174,2.575,8.725,-1,0
112,174,2.625,8.725,-1,0
113,174,2.675,8.725,-1,0
114,174,2.725,8.725,-1,0
115,174,2.775,8.725,-1,0
116,174,2.825,8.725,-1,0
117,174,2.875,8.725,-1,0
118,174,2.925,8.725,-1,0
119,174,2.975,8.725,-1,0
0,175,-2.975,8.775,-1,0
1,175,-2.925,8.775,-1,0
2,175,-2.875,8.775,-1,0
3,175,-2.825,8.775,-1,0
4,175,-2.775,8.775,-1,0
5,175,-2.725,8.775,-1,0
6,175,-2.675,8.775,-1,0
7,175,-2.625,8.775,-1,0
8,175,-2.575,8.775,-1,0
9,175,-2.525,8.775,-1,0
10,175,-2.475,8.775,-1,0
11,175,-2.425,8.775,-1,0
12,175,-2.375,8.775,-1,0
13,175,-2.325,8.775,-1,0
14,175,-2.275,8.775,-1,0
15,175,-2.225,8.775,-1,0
16,175,-2.175,8.775,-1,0
17,175,-2.125,8.775,-1,0
18,175,-2.075,8.775,-1,0
19,175,-2.025,8.775,-1,0
20,175,-1.975,8.775,-1,0
21,175,-1.925,8.775,-1,0
22,175,-1.875,8.775,-1,0
23,175,-1.825,8.775,-1,0
24,175,-1.775,8.775,-1,0
25,175,-1.725,8.775,-1,0
26,175,-1.675,8.775,-1,0
27,175,-1.625,8.775,-1,0
28,175,-1.575,8.775,-1,0
29,175,-1.525,8.775,-1,0
30,175,-1.475,8.775,-1,0
31,175,-1.425,8.775,-1,0
32,175,-1.375,8.775,-1,0
33,175,-1.325,8.775,-1,0
34,175,-1.275,8.775,-1,0
35,175,-1.225,8.775,-1,0
36,175,-1.175,8.775,-1,0
37,175,-1.125,8.775,-1,0
38,175,-1.075,8.775,-1,0
39,175,-1.025,8.775,-1,0
40,175,-0.975,8.775,-1,0
41,175,-0.925,8.775,-1,0
42,175,-0.875,8.775,-1,0
43,175,-0.825,8.775,-1,0
44,175,-0.775,8.775,-1,0
45,175,-0.725,8.775,-1,0
46,175,-0.675,8.775,-1,0
47,175,-0.625,8.775,-1,0
48,175,-0.575,8.775,-1,0
49,175,-0.525,8.775,-1,0
50,175,-0.475,8.775,-1,0
51,175,-0.425,8.775,-1,0
52,175,-0.375,8.775,-1,0
53,175,-0.325,8.775,-1,0
54,175,-0.275,8.775,-1,0
55,175,-0.225,8.775,-1,0
56,175,-0.175,8.775,-1,0
57,175,-0.125,8.775,-1,0
58,175,-0.075,8.775,-1,0
59,175,-0.025,8.775,-1,0
60,175,0.025,8.775,-1,0
61,175,0.075,8.775,-1,0
62,175,0.125,8.775,-1,0
63,175,0.175,8.775,-1,0
64,175,0.225,8.775,-1,0
65,175,0.275,8.775,-1,0
66,175,0.325,8.775,-1,0
67,175,0.375,8.775,-1,0
68,175,0.425,8.775,-1,0
69,175,0.475,8.775,-1,0
70,175,0.525,8.775,-1,0
71,175,0.575,8.775,-1,0
72,175,0.625,8.775,10010,13
73,175,0.675,8.775,-1,0
74,175,0.725,8.775,-1,0
75,175,0.775,8.775,3439,18
76,175,0.825,8.775,561,31
77,175,0.875,8.775,6660,29
78,175,0.925,8.775,223,27
79,175,0.975,8.775,10355,6
80,175,1.025,8.775,17549,16
81,175,1.075,8.775,3655,15
82,175,1.125,8.775,2934,17
83,175,1.175,8.775,14144,16
84,175,1.225,8.775,684,24
85,175,1.275,8.775,16155,12
86,175,1.325,8.775,38108,1
87,175,1.375,8.775,72625,2
88,175,1.425,8.775,422,14
89,175,1.475,8.775,466,29
90,175,1.525,8.775,23947,6
91,175,1.575,8.775,8031,7
92,175,1.625,8.775,8744,18
93,175,1.675,8.775,2171,23
94,175,1.725,8.775,9946,14
95,175,1.775,8.775,338,27
96,175,1.825,8.775,3013,14
97,175,1.875,8.775,5531,17
98,175,1.925,8.775,3158,45
99,175,1.975,8.775,2687,70
100,175,2.025,8.775,4528,29
101,175,2.075,8.775,-1,0
102,175,2.125,8.775,-1,0
103,175,2.175,8.775,-1,0
104,175,2.225,8.775,-1,0
105,175,2.275,8.775,-1,0
106,175,2.325,8.775,-1,0
107,175,2.375,8.775,-1,0
108,175,2.425,8.775,-1,0
109,175,2.475,8.775,-1,0
110,175,2.525,8.775,-1,0
111,175,2.575,8.775,-1,0
112,175,2.625,8.775,-1,0
113,175,2.675,8.775,-1,0
114,175,2.725,8.775,-1,0
115,175,2.775,8.775,-1,0
116,175,2.825,8.775,-1,0
117,175,2.875,8.775,-1,0
118,175,2.925,8.775,-1,0
119,175,2.975,8.775,-1,0
0,176,-2.975,8.825,-1,0
1,176,-2.925,8.825,-1,0
2,176,-2.875,8.825,-1,0
3,176,-2.825,8.825,-1,0
4,176,-2.775,8.825,-1,0
5,176,-2.725,8.825,-1,0
6,176,-2.675,8.825,-1,0
7,176,-2.625,8.825,-1,0
8,176,-2.575,8.825,-1,0
9,176,-2.525,8.825,-1,0
10,176,-2.475,8.825,-1,0
11,176,-2.425,8.825,-1,0
12,176,-2.375,8.825,-1,0
13,176,-2.325,8.825,-1,0
14,176,-2.275,8.825,-1,0
15,176,-2.225,8.825,-1,0
16,176,-2.175,8.825,-1,0
17,176,-2.125,8.825,-1,0
18,176,-2.075,8.825,-1,0
19,176,-2.025,8.825,-1,0
20,176,-1.975,8.825,-1,0
21,176,-1.925,8.825,-1,0
22,176,-1.875,8.825,-1,0
23,176,-1.825,8.825,-1,0
24,176,-1.775,8.825,-1,0
25,176,-1.725,8.825,-1,0
26,176,-1.675,8.825,-1,0
27,176,-1.625,8.825,-1,0
28,176,-1.575,8.825,-1,0
29,176,-1.525,8.825,-1,0
30,176,-1.475,8.825,-1,0
31,176,-1.425,8.825,-1,0
32,176,-1.375,8.825,-1,0
33,176,-1.325,8.825,-1,0
34,176,-1.275,8.825,-1,0
35,176,-1.225,8.825,-1,0
36,176,-1.175,8.825,-1,0
37,176,-1.125,8.825,-1,0
38,176,-1.075,8.825,-1,0
39,176,-1.025,8.825,-1,0
40,176,-0.975,8.825,-1,0
41,176,-0.925,8.825,-1,0
42,176,-0.875,8.825,-1,0
43,176,-0.825,8.825,-1,0
44,176,-0.775,8.825,-1,0
45,176,-0.725,8.825,-1,0
46,176,-0.675,8.825,-1,0
47,176,-0.625,8.825,-1,0
48,176,-0.575,8.825,-1,0
49,176,-0.525,8.825,-1,0
50,176,-0.475,8.825,-1,0
51,176,-0.425,8.825,-1,0
52,176,-0.375,8.825,-1,0
53,176,-0.325,8.825,-1,0
54,176,-0.275,8.825,-1,0
55,176,-0.225,8.825,-1,0
56,176,-0.175,8.825,-1,0
57,176,-0.125,8.825,-1,0
58,176,-0.075,8.825,-1,0
59,176,-0.025,8.825,-1,0
60,176,0.025,8.825,-1,0
61,176,0.075,8.825,-1,0
62,176,0.125,8.825,-1,0
63,176,0.175,8.825,-1,0
64,176,0.225,8.825,-1,0
65,176,0.275,8.825,-1,0
66,176,0.325,8.825,-1,0
67,176,0.375,8.825,-1,0
68,176,0.425,8.825,-1,0
69,176,0.475,8.825,-1,0
70,176,0.525,8.825,-1,0
71,176,0.575,8.825,-1,0
72,176,0.625,8.825,-1,0
73,176,0.675,8.825,-1,0
74,176,0.725,8.825,-1,0
75,176,0.775,8.825,28382,10
76,176,0.825,8.825,1608,32
77,176,0.875,8.825,94,28
78,176,0.925,8.825,5929,25
79,176,0.975,8.825,5287,8
80,176,1.025,8.825,3571,20
81,176,1.075,8.825,1228,11
82,176,1.125,8.825,2029,20
83,176,1.175,8.825,887,17
84,176,1.225,8.825,376,24
85,176,1.275,8.825,7512,20
86,176,1.325,8.825,3811,10
87,176,1.375,8.825,6732,16
88,176,1.425,8.825,174,7
89,176,1.475,8.825,3737,35
90,176,1.525,8.825,5706,24
91,176,1.575,8.825,5068,13
92,176,1.625,8.825,1352,17
93,176,1.675,8.825,1875,13
94,176,1.725,8.825,5225,24
95,176,1.775,8.825,4610,14
96,176,1.825,8.825,2888,22
97,176,1.875,8.825,906,31
98,176,1.925,8.825,2736,3
99,176,1.975,8.825,19372,7
100,176,2.025,8.825,525,86
101,176,2.075,8.825,-1,0
102,176,2.125,8.825,-1,0
103,176,2.175,8.825,-1,0
104,176,2.225,8.825,-1,0
105,176,2.275,8.825,-1,0
106,176,2.325,8.825,-1,0
107,176,2.375,8.825,-1,0
108,176,2.425,8.825,-1,0
109,176,2.475,8.825,-1,0
110,176,2.525,8.825,-1,0
111,176,2.575,8.825,-1,0
112,176,2.625,8.825,-1,0
113,176,2.675,8.825,-1,0
114,176,2.725,8.825,-1,0
115,176,2.775,8.825,-1,0
116,176,2.825,8.825,-1,0
117,176,2.875,8.825,-1,0
118,176,2.925,8.825,-1,0
119,176,2.975,8.825,-1,0
0,177,-2.975,8.875,-1,0
1,177,-2.925,8.875,-1,0
2,177,-2.875,8.875,-1,0
3,177,-2.825,8.875,-1,0
4,177,-2.775,8.875,-1,0
5,177,-2.725,8.875,-1,0
6,177,-2.675,8.875,-1,0
7,177,-2.625,8.875,-1,0
8,177,-2.575,8.875,-1,0
9,177,-2.525,8.875,-1,0
10,177,-2.475,8.875,-1,0
11,177,-2.425,8.875,-1,0
12,177,-2.375,8.875,-1,0
13,177,-2.325,8.875,-1,0
14,177,-2.275,8.875,-1,0
15,177,-2.225,8.875,-1,0
16,177,-2.175,8.875,-1,0
17,177,-2.125,8.875,-1,0
18,177,-2.075,8.875,-1,0
19,177,-2.025,8.875,-1,0
20,177,-1.975,8.875,-1,0
21,177,-1.925,8.875,-1,0
22,177,-1.875,8.875,-1,0
23,177,-1.825,8.875,-1,0
24,177,-1.775,8.875,-1,0
25,177,-1.725,8.875,-1,0
26,177,-1.675,8.875,-1,0
27,177,-1.625,8.875,-1,0
28,177,-1.575,8.875,-1,0
29,177,-1.525,8.875,-1,0
30,177,-1.475,8.875,-1,0
31,177,-1.425,8.875,-1,0
32,177,-1.375,8.875,-1,0
33,177,-1.325,8.875,-1,0
34,177,-1.275,8.875,-1,0
35,177,-1.225,8.875,-1,0
36,177,-1.175,8.875,-1,0
37,177,-1.125,8.875,-1,0
38,177,-1.075,8.875,-1,0
39,177,-1.025,8.875,-1,0
40,177,-0.975,8.875,-1,0
41,177,-0.925,8.875,-1,0
42,177,-0.875,8.875,-1,0
43,177,-0.825,8.875,-1,0
44,177,-0.775,8.875,-1,0
45,177,-0.725,8.875,-1,0
46,177,-0.675,8.875,-1,0
47,177,-0.625,8.875,-1,0
48,177,-0.575,8.875,-1,0
49,177,-0.525,8.875,-1,0
50,177,-0.475,8.875,-1,0
51,177,-0.425,8.875,-1,0
52,177,-0.375,8.875,-1,0
53,177,-0.325,8.875,-1,0
54,177,-0.275,8.875,-1,0
55,177,-0.225,8.875,-1,0
56,177,-0.175,8.875,-1,0
57,177,-0.125,8.875,-1,0
58,177,-0.075,8.875,-1,0
59,177,-0.025,8.875,-1,0
60,177,0.025,8.875,-1,0
61,177,0.075,8.875,-1,0
62,177,0.125,8.875,-1,0
63,177,0.175,8.875,-1,0
64,177,0.225,8.875,-1,0
65,177,0.275,8.875,-1,0
66,177,0.325,8.875,-1,0
67,177,0.375,8.875,-1,0
68,177,0.425,8.875,-1,0
69,177,0.475,8.875,-1,0
70,177,0.525,8.875,-1,0
71,177,0.575,8.875,-1,0
72,177,0.625,8.875,-1,0
73,177,0.675,8.875,-1,0
74,177,0.725,8.875,-1,0
75,177,0.775,8.875,12595,5
76,177,0.825,8.875,149,35
77,177,0.875,8.875,1973,52
78,177,0.925,8.875,17871,3
79,177,0.975,8.875,-1,0
80,177,1.025,8.875,5623,16
81,177,1.075,8.875,986,19
82,177,1.125,8.875,1280,18
83,177,1.175,8.875,588,16
84,177,1.225,8.875,846,30
85,177,1.275,8.875,1126,19
86,177,1.325,8.875,2212,11
87,177,1.375,8.875,27282,11
88,177,1.425,8.875,1902,16
89,177,1.475,8.875,6341,16
90,177,1.525,8.875,4054,37
91,177,1.575,8.875,4560,10
92,177,1.625,8.875,2327,18
93,177,1.675,8.875,4583,21
94,177,1.725,8.875,2672,20
95,177,1.775,8.875,8093,19
96,177,1.825,8.875,129,33
97,177,1.875,8.875,43,22
98,177,1.925,8.875,6826,26
99,177,1.975,8.875,1954,16
100,177,2.025,8.875,-1,0
101,177,2.075,8.875,-1,0
102,177,2.125,8.875,-1,0
103,177,2.175,8.875,-1,0
104,177,2.225,8.875,-1,0
105,177,2.275,8.875,-1,0
106,177,2.325,8.875,-1,0
107,177,2.375,8.875,-1,0
108,177,2.425,8.875,-1,0
109,177,2.475,8.875,-1,0
110,177,2.525,8.875,-1,0
111,177,2.575,8.875,-1,0
112,177,2.625,8.875,-1,0
113,177,2.675,8.875,-1,0
114,177,2.725,8.875,-1,0
115,177,2.775,8.875,-1,0
116,177,2.825,8.875,-1,0
117,177,2.875,8.875,-1,0
118,177,2.925,8.875,-1,0
119,177,2.975,8.875,-1,0
0,178,-2.975,8.925,-1,0
1,178,-2.925,8.925,-1,0
2,178,-2.875,8.925,-1,0
3,178,-2.825,8.925,-1,0
4,178,-2.775,8.925,-1,0
5,178,-2.725,8.925,-1,0
6,178,-2.675,8.925,-1,0
7,178,-2.625,8.925,-1,0
8,178,-2.575,8.925,-1,0
9,178,-2.525,8.925,-1,0
10,178,-2.475,8.925,-1,0
11,178,-2.425,8.925,-1,0
12,178,-2.375,8.925,-1,0
13,178,-2.325,8.925,-1,0
14,178,-2.275,8.925,-1,0
15,178,-2.225,8.925,-1,0
16,178,-2.175,8.925,-1,0
17,178,-2.125,8.925,-1,0
18,178,-2.075,8.925,-1,0
19,178,-2.025,8.925,-1,0
20,178,-1.975,8.925,-1,0
21,178,-1.925,8.925,-1,0
22,178,-1.875,8.925,-1,0
23,178,-1.825,8.925,-1,0
24,178,-1.775,8.925,-1,0
25,178,-1.725,8.925,-1,0
26,178,-1.675,8.925,-1,0
27,178,-1.625,8.925,-1,0
28,178,-1.575,8.925,-1,0
29,178,-1.525,8.925,-1,0
30,178,-1.475,8.925,-1,0
31,178,-1.425,8.925,-1,0
32,178,-1.375,8.925,-1,0
33,178,-1.325,8.925,-1,0
34,178,-1.275,8.925,-1,0
35,178,-1.225,8.925,-1,0
36,178,-1.175,8.925,-1,0
37,178,-1.125,8.925,-1,0
38,178,-1.075,8.925,-1,0
39,178,-1.025,8.925,-1,0
40,178,-0.975,8.925,-1,0
41,178,-0.925,8.925,-1,0
42,178,-0.875,8.925,-1,0
43,178,-0.825,8.925,-1,0
44,178,-0.775,8.925,-1,0
45,178,-0.725,8.925,-1,0
46,178,-0.675,8.925,-1,0
47,178,-0.625,8.925,-1,0
48,178,-0.575,8.925,-1,0
49,178,-0.525,8.925,-1,0
50,178,-0.475,8.925,-1,0
51,178,-0.425,8.925,-1,0
52,178,-0.375,8.925,-1,0
53,178,-0.325,8.925,-1,0
54,178,-0.275,8.925,-1,0
55,178,-0.225,8.925,-1,0
56,178,-0.175,8.925,-1,0
57,178,-0.125,8.925,-1,0
58,178,-0.075,8.925,-1,0
59,178,-0.025,8.925,-1,0
60,178,0.025,8.925,-1,0
61,178,0.075,8.925,-1,0
62,178,0.125,8.925,-1,0
63,178,0.175,8.925,-1,0
64,178,0.225,8.925,-1,0
65,178,0.275,8.925,-1,0
66,178,0.325,8.925,-1,0
67,178,0.375,8.925,-1,0
68,178,0.425,8.925,-1,0
69,178,0.475,8.925,-1,0
70,178,0.525,8.925,-1,0
71,178,0.575,8.925,-1,0
72,178,0.625,8.925,-1,0
73,178,0.675,8.925,-1,0
74,178,0.725,8.925,-1,0
75,178,0.775,8.925,-1,0
76,178,0.825,8.925,3929,45
77,178,0.875,8.925,140,48
78,178,0.925,8.925,-1,0
79,178,0.975,8.925,-1,0
80,178,1.025,8.925,4345,31
81,178,1.075,8.925,4113,24
82,178,1.125,8.925,6612,25
83,178,1.175,8.925,1157,29
84,178,1.225,8.925,1817,45
85,178,1.275,8.925,1927,13
86,178,1.325,8.925,35392,5
87,178,1.375,8.925,2365,15
88,178,1.425,8.925,4,22
89,178,1.475,8.925,2083,19
90,178,1.525,8.925,1292,20
91,178,1.575,8.925,2542,27
92,178,1.625,8.925,6994,21
93,178,1.675,8.925,4765,26
94,178,1.725,8.925,1189,26
95,178,1.775,8.925,1526,45
96,178,1.825,8.925,5803,46
97,178,1.875,8.925,1020,48
98,178,1.925,8.925,622,34
99,178,1.975,8.925,648,45
100,178,2.025,8.925,4945,25
101,178,2.075,8.925,-1,0
102,178,2.125,8.925,-1,0
103,178,2.175,8.925,-1,0
104,178,2.225,8.925,-1,0
105,178,2.275,8.925,-1,0
106,178,2.325,8.925,-1,0
107,178,2.375,8.925,-1,0
108,178,2.425,8.925,-1,0
109,178,2.475,8.925,-1,0
110,178,2.525,8.925,-1,0
111,178,2.575,8.925,-1,0
112,178,2.625,8.925,-1,0
113,178,2.675,8.925,-1,0
114,178,2.725,8.925,-1,0
115,178,2.775,8.925,-1,0
116,178,2.825,8.925,-1,0
117,178,2.875,8.925,-1,0
118,178,2.925,8.925,-1,0
119,178,2.975,8.925,-1,0
0,179,-2.975,8.975,-1,0
1,179,-2.925,8.975,-1,0
2,179,-2.875,8.975,-1,0
3,179,-2.825,8.975,-1,0
4,179,-2.775,8.975,-1,0
5,179,-2.725,8.975,-1,0
6,179,-2.675,8.975,-1,0
7,179,-2.625,8.975,-1,0
8,179,-2.575,8.975,-1,0
9,179,-2.525,8.975,-1,0
10,179,-2.475,8.975,-1,0
11,179,-2.425,8.975,-1,0
12,179,-2.375,8.975,-1,0
13,179,-2.325,8.975,-1,0
14,179,-2.275,8.975,-1,0
15,179,-2.225,8.975,-1,0
16,179,-2.175,8.975,-1,0
17,179,-2.125,8.975,-1,0
18,179,-2.075,8.975,-1,0
19,179,-2.025,8.975,-1,0
20,179,-1.975,8.975,-1,0
21,179,-1.925,8.975,-1,0
22,179,-1.875,8.975,-1,0
23,179,-1.825,8.975,-1,0
24,179,-1.775,8.975,-1,0
25,179,-1.725,8.975,-1,0
26,179,-1.675,8.975,-1,0
27,179,-1.625,8.975,-1,0
28,179,-1.575,8.975,-1,0
29,179,-1.525,8.975,-1,0
30,179,-1.475,8.975,-1,0
31,179,-1.425,8.975,-1,0
32,179,-1.375,8.975,-1,0
33,179,-1.325,8.975,-1,0
34,179,-1.275,8.975,-1,0
35,179,-1.225,8.975,-1,0
36,179,-1.175,8.975,-1,0
37,179,-1.125,8.975,-1,0
38,179,-1.075,8.975,-1,0
39,179,-1.025,8.975,-1,0
40,179,-0.975,8.975,-1,0
41,179,-0.925,8.975,-1,0
42,179,-0.875,8.975,-1,0
43,179,-0.825,8.975,-1,0
44,179,-0.775,8.975,-1,0
45,179,-0.725,8.975,-1,0
46,179,-0.675,8.975,-1,0
47,179,-0.625,8.975,-1,0
48,179,-0.575,8.975,-1,0
49,179,-0.525,8.975,-1,0
50,179,-0.475,8.975,-1,0
51,179,-0.425,8.975,-1,0
52,179,-0.375,8.975,-1,0
53,179,-0.325,8.975,-1,0
54,179,-0.275,8.975,-1,0
55,179,-0.225,8.975,-1,0
56,179,-0.175,8.975,-1,0
57,179,-0.125,8.975,-1,0
58,179,-0.075,8.975,-1,0
59,179,-0.025,8.975,-1,0
60,179,0.025,8.975,-1,0
61,179,0.075,8.975,-1,0
62,179,0.125,8.975,-1,0
63,179,0.175,8.975,-1,0
64,179,0.225,8.975,-1,0
65,179,0.275,8.975,-1,0
66,179,0.325,8.975,-1,0
67,179,0.375,8.975,-1,0
68,179,0.425,8.975,-1,0
69,179,0.475,8.975,-1,0
70,179,0.525,8.975,-1,0
71,179,0.575,8.975,-1,0
72,179,0.625,8.975,-1,0
73,179,0.675,8.975,-1,0
74,179,0.725,8.975,-1,0
75,179,0.775,8.975,-1,0
76,179,0.825,8.975,1054,25
77,179,0.875,8.975,1038,96
78,179,0.925,8.975,-1,0
79,179,0.975,8.975,-1,0
80,179,1.025,8.975,1709,30
81,179,1.075,8.975,2071,21
82,179,1.125,8.975,2763,33
83,179,1.175,8.975,5426,17
84,179,1.225,8.975,2803,26
85,179,1.275,8.975,3855,16
86,179,1.325,8.975,5680,16
87,179,1.375,8.975,9821,8
88,179,1.425,8.975,16156,35
89,179,1.475,8.975,57,23
90,179,1.525,8.975,74659,2
91,179,1.575,8.975,467,17
92,179,1.625,8.975,-1,0
93,179,1.675,8.975,29571,3
94,179,1.725,8.975,8745,19
95,179,1.775,8.975,2172,33
96,179,1.825,8.975,339,18
97,179,1.875,8.975,5096,25
98,179,1.925,8.975,5532,28
99,179,1.975,8.975,1564,41
100,179,2.025,8.975,2688,81
101,179,2.075,8.975,4529,24
102,179,2.125,8.975,-1,0
103,179,2.175,8.975,-1,0
104,179,2.225,8.975,-1,0
105,179,2.275,8.975,-1,0
106,179,2.325,8.975,-1,0
107,179,2.375,8.975,-1,0
108,179,2.425,8.975,-1,0
109,179,2.475,8.975,-1,0
110,179,2.525,8.975,-1,0
111,179,2.575,8.975,-1,0
112,179,2.625,8.975,-1,0
113,179,2.675,8.975,-1,0
114,179,2.725,8.975,-1,0
115,179,2.775,8.975,-1,0
116,179,2.825,8.975,-1,0
117,179,2.875,8.975,-1,0
118,179,2.925,8.975,-1,0
119,179,2.975,8.975,-1,0
0,180,-2.975,9.025,-1,0
1,180,-2.925,9.025,-1,0
2,180,-2.875,9.025,-1,0
3,180,-2.825,9.025,-1,0
4,180,-2.775,9.025,-1,0
5,180,-2.725,9.025,-1,0
6,180,-2.675,9.025,-1,0
7,180,-2.625,9.025,-1,0
8,180,-2.575,9.025,-1,0
9,180,-2.525,9.025,-1,0
10,180,-2.475,9.025,-1,0
11,180,-2.425,9.025,-1,0
12,180,-2.375,9.025,-1,0
13,180,-2.325,9.025,-1,0
14,180,-2.275,9.025,-1,0
15,180,-2.225,9.025,-1,0
16,180,-2.175,9.025,-1,0
17,180,-2.125,9.025,-1,0
18,180,-2.075,9.025,-1,0
19,180,-2.025,9.025,-1,0
20,180,-1.975,9.025,-1,0
21,180,-1.925,9.025,-1,0
22,180,-1.875,9.025,-1,0
23,180,-1.825,9.025,-1,0
24,180,-1.775,9.025,-1,0
25,180,-1.725,9.025,-1,0
26,180,-1.675,9.025,-1,0
27,180,-1.625,9.025,-1,0
28,180,-1.575,9.025,-1,0
29,180,-1.525,9.025,-1,0
30,180,-1.475,9.025,-1,0
31,180,-1.425,9.025,-1,0
32,180,-1.375,9.025,-1,0
33,180,-1.325,9.025,-1,0
34,180,-1.275,9.025,-1,0
35,180,-1.225,9.025,-1,0
36,180,-1.175,9.025,-1,0
37,180,-1.125,9.025,-1,0
38,180,-1.075,9.025,-1,0
39,180,-1.025,9.025,-1,0
40,180,-0.975,9.025,-1,0
41,180,-0.925,9.025,-1,0
42,180,-0.875,9.025,-1,0
43,180,-0.825,9.025,-1,0
44,180,-0.775,9.025,-1,0
45,180,-0.725,9.025,-1,0
46,180,-0.675,9.025,-1,0
47,180,-0.625,9.025,-1,0
48,180,-0.575,9.025,-1,0
49,180,-0.525,9.025,-1,0
50,180,-0.475,9.025,-1,0
51,180,-0.425,9.025,-1,0
52,180,-0.375,9.025,-1,0
53,180,-0.325,9.025,-1,0
54,180,-0.275,9.025,-1,0
55,180,-0.225,9.025,-1,0
56,180,-0.175,9.025,-1,0
57,180,-0.125,9.025,-1,0
58,180,-0.075,9.025,-1,0
59,180,-0.025,9.025,-1,0
60,180,0.025,9.025,-1,0
61,180,0.075,9.025,-1,0
62,180,0.125,9.025,-1,0
63,180,0.175,9.025,-1,0
64,180,0.225,9.025,-1,0
65,180,0.275,9.025,-1,0
66,180,0.325,9.025,-1,0
67,180,0.375,9.025,-1,0
68,180,0.425,9.025,-1,0
69,180,0.475,9.025,-1,0
70,180,0.525,9.025,-1,0
71,180,0.575,9.025,-1,0
72,180,0.625,9.025,-1,0
73,180,0.675,9.025,-1,0
74,180,0.725,9.025,-1,0
75,180,0.775,9.025,-1,0
76,180,0.825,9.025,-1,0
77,180,0.875,9.025,3215,47
78,180,0.925,9.025,-1,0
79,180,0.975,9.025,-1,0
80,180,1.025,9.025,562,31
81,180,1.075,9.025,6661,30
82,180,1.125,9.025,224,33
83,180,1.175,9.025,10356,6
84,180,1.225,9.025,18024,22
85,180,1.275,9.025,1229,21
86,180,1.325,9.025,2030,20
87,180,1.375,9.025,685,24
88,180,1.425,9.025,377,27
89,180,1.475,9.025,3812,4
90,180,1.525,9.025,10761,9
91,180,1.575,9.025,423,12
92,180,1.625,9.025,2525,46
93,180,1.675,9.025,5069,15
94,180,1.725,9.025,1353,15
95,180,1.775,9.025,1876,19
96,180,1.825,9.025,5975,23
97,180,1.875,9.025,2889,24
98,180,1.925,9.025,3014,33
99,180,1.975,9.025,907,16
100,180,2.025,9.025,19373,3
101,180,2.075,9.025,526,76
102,180,2.125,9.025,-1,0
103,180,2.175,9.025,-1,0
104,180,2.225,9.025,-1,0
105,180,2.275,9.025,-1,0
106,180,2.325,9.025,-1,0
107,180,2.375,9.025,-1,0
108,180,2.425,9.025,-1,0
109,180,2.475,9.025,-1,0
110,180,2.525,9.025,-1,0
111,180,2.575,9.025,-1,0
112,180,2.625,9.025,-1,0
113,180,2.675,9.025,-1,0
114,180,2.725,9.025,-1,0
115,180,2.775,9.025,-1,0
116,180,2.825,9.025,-1,0
117,180,2.875,9.025,-1,0
118,180,2.925,9.025,-1,0
119,180,2.975,9.025,-1,0
0,181,-2.975,9.075,-1,0
1,181,-2.925,9.075,-1,0
2,181,-2.875,9.075,-1,0
3,181,-2.825,9.075,-1,0
4,181,-2.775,9.075,-1,0
5,181,-2.725,9.075,-1,0
6,181,-2.675,9.075,-1,0
7,181,-2.625,9.075,-1,0
8,181,-2.575,9.075,-1,0
9,181,-2.525,9.075,-1,0
10,181,-2.475,9.075,-1,0
11,181,-2.425,9.075,-1,0
12,181,-2.375,9.075,-1,0
13,181,-2.325,9.075,-1,0
14,181,-2.275,9.075,-1,0
15,181,-2.225,9.075,-1,0
16,181,-2.175,9.075,-1,0
17,181,-2.125,9.075,-1,0
18,181,-2.075,9.075,-1,0
19,181,-2.025,9.075,-1,0
20,181,-1.975,9.075,-1,0
21,181,-1.925,9.075,-1,0
22,181,-1.875,9.075,-1,0
23,181,-1.825,9.075,-1,0
24,181,-1.775,9.075,-1,0
25,181,-1.725,9.075,-1,0
26,181,-1.675,9.075,-1,0
27,181,-1.625,9.075,-1,0
28,181,-1.575,9.075,-1,0
29,181,-1.525,9.075,-1,0
30,181,-1.475,9.075,-1,0
31,181,-1.425,9.075,-1,0
32,181,-1.375,9.075,-1,0
33,181,-1.325,9.075,-1,0
34,181,-1.275,9.075,-1,0
35,181,-1.225,9.075,-1,0
36,181,-1.175,9.075,-1,0
37,181,-1.125,9.075,-1,0
38,181,-1.075,9.075,-1,0
39,181,-1.025,9.075,-1,0
40,181,-0.975,9.075,-1,0
41,181,-0.925,9.075,-1,0
42,181,-0.875,9.075,-1,0
43,181,-0.825,9.075,-1,0
44,181,-0.775,9.075,-1,0
45,181,-0.725,9.075,-1,0
46,181,-0.675,9.075,-1,0
47,181,-0.625,9.075,-1,0
48,181,-0.575,9.075,-1,0
49,181,-0.525,9.075,-1,0
50,181,-0.475,9.075,-1,0
51,181,-0.425,9.075,-1,0
52,181,-0.375,9.075,-1,0
53,181,-0.325,9.075,-1,0
54,181,-0.275,9.075,-1,0
55,181,-0.225,9.075,-1,0
56,181,-0.175,9.075,-1,0
57,181,-0.125,9.075,-1,0
58,181,-0.075,9.075,-1,0
59,181,-0.025,9.075,-1,0
60,181,0.025,9.075,-1,0
61,181,0.075,9.075,-1,0
62,181,0.125,9.075,-1,0
63,181,0.175,9.075,-1,0
64,181,0.225,9.075,-1,0
65,181,0.275,9.075,-1,0
66,181,0.325,9.075,-1,0
67,181,0.375,9.075,-1,0
68,181,0.425,9.075,-1,0
69,181,0.475,9.075,-1,0
70,181,0.525,9.075,-1,0
71,181,0.575,9.075,-1,0
72,181,0.625,9.075,-1,0
73,181,0.675,9.075,-1,0
74,181,0.725,9.075,-1,0
75,181,0.775,9.075,-1,0
76,181,0.825,9.075,-1,0
77,181,0.875,9.075,-1,0
78,181,0.925,9.075,-1,0
79,181,0.975,9.075,-1,0
80,181,1.025,9.075,150,29
81,181,1.075,9.075,1609,37
82,181,1.125,9.075,95,31
83,181,1.175,9.075,-1,0
84,181,1.225,9.075,3572,18
85,181,1.275,9.075,987,18
86,181,1.325,9.075,4279,21
87,181,1.375,9.075,888,19
88,181,1.425,9.075,2142,26
89,181,1.475,9.075,2213,19
90,181,1.525,9.075,17760,11
91,181,1.575,9.075,175,19
92,181,1.625,9.075,5032,41
93,181,1.675,9.075,4055,17
94,181,1.725,9.075,2328,23
95,181,1.775,9.075,4584,18
96,181,1.825,9.075,1190,30
97,181,1.875,9.075,130,29
98,181,1.925,9.075,3352,32
99,181,1.975,9.075,44,27
100,181,2.025,9.075,649,25
101,181,2.075,9.075,4946,6
102,181,2.125,9.075,-1,0
103,181,2.175,9.075,-1,0
104,181,2.225,9.075,-1,0
105,181,2.275,9.075,-1,0
106,181,2.325,9.075,-1,0
107,181,2.375,9.075,-1,0
108,181,2.425,9.075,-1,0
109,181,2.475,9.075,-1,0
110,181,2.525,9.075,-1,0
111,181,2.575,9.075,-1,0
112,181,2.625,9.075,-1,0
113,181,2.675,9.075,-1,0
114,181,2.725,9.075,-1,0
115,181,2.775,9.075,-1,0
116,181,2.825,9.075,-1,0
117,181,2.875,9.075,-1,0
118,181,2.925,9.075,-1,0
119,181,2.975,9.075,-1,0
0,182,-2.975,9.125,-1,0
1,182,-2.925,9.125,-1,0
2,182,-2.875,9.125,-1,0
3,182,-2.825,9.125,-1,0
4,182,-2.775,9.125,-1,0
5,182,-2.725,9.125,-1,0
6,182,-2.675,9.125,-1,0
7,182,-2.625,9.125,-1,0
8,182,-2.575,9.125,-1,0
9,182,-2.525,9.125,-1,0
10,182,-2.475,9.125,-1,0
11,182,-2.425,9.125,-1,0
12,182,-2.375,9.125,-1,0
13,182,-2.325,9.125,-1,0
14,182,-2.275,9.125,-1,0
15,182,-2.225,9.125,-1,0
16,182,-2.175,9.125,-1,0
17,182,-2.125,9.125,-1,0
18,182,-2.075,9.125,-1,0
19,182,-2.025,9.125,-1,0
20,182,-1.975,9.125,-1,0
21,182,-1.925,9.125,-1,0
22,182,-1.875,9.125,-1,0
23,182,-1.825,9.125,-1,0
24,182,-1.775,9.125,-1,0
25,182,-1.725,9.125,-1,0
26,182,-1.675,9.125,-1,0
27,182,-1.625,9.125,-1,0
28,182,-1.575,9.125,-1,0
29,182,-1.525,9.125,-1,0
30,182,-1.475,9.125,-1,0
31,182,-1.425,9.125,-1,0
32,182,-1.375,9.125,-1,0
33,182,-1.325,9.125,-1,0
34,182,-1.275,9.125,-1,0
35,182,-1.225,9.125,-1,0
36,182,-1.175,9.125,-1,0
37,182,-1.125,9.125,-1,0
38,182,-1.075,9.125,-1,0
39,182,-1.025,9.125,-1,0
40,182,-0.975,9.125,-1,0
41,182,-0.925,9.125,-1,0
42,182,-0.875,9.125,-1,0
43,182,-0.825,9.125,-1,0
44,182,-0.775,9.125,-1,0
45,182,-0.725,9.125,-1,0
46,182,-0.675,9.125,-1,0
47,182,-0.625,9.125,-1,0
48,182,-0.575,9.125,-1,0
49,182,-0.525,9.125,-1,0
50,182,-0.475,9.125,-1,0
51,182,-0.425,9.125,-1,0
52,182,-0.375,9.125,-1,0
53,182,-0.325,9.125,-1,0
54,182,-0.275,9.125,-1,0
55,182,-0.225,9.125,-1,0
56,182,-0.175,9.125,-1,0
57,182,-0.125,9.125,-1,0
58,182,-0.075,9.125,-1,0
59,182,-0.025,9.125,-1,0
60,182,0.025,9.125,-1,0
61,182,0.075,9.125,-1,0
62,182,0.125,9.125,-1,0
63,182,0.175,9.125,-1,0
64,182,0.225,9.125,-1,0
65,182,0.275,9.125,-1,0
66,182,0.325,9.125,-1,0
67,182,0.375,9.125,-1,0
68,182,0.425,9.125,-1,0
69,182,0.475,9.125,-1,0
70,182,0.525,9.125,-1,0
71,182,0.575,9.125,-1,0
72,182,0.625,9.125,-1,0
73,182,0.675,9.125,-1,0
74,182,0.725,9.125,-1,0
75,182,0.775,9.125,-1,0
76,182,0.825,9.125,-1,0
77,182,0.875,9.125,-1,0
78,182,0.925,9.125,-1,0
79,182,0.975,9.125,-1,0
80,182,1.025,9.125,8355,17
81,182,1.075,9.125,1167,53
82,182,1.125,9.125,1974,24
83,182,1.175,9.125,-1,0
84,182,1.225,9.125,9896,28
85,182,1.275,9.125,4114,23
86,182,1.325,9.125,5125,23
87,182,1.375,9.125,589,53
88,182,1.425,9.125,1127,22
89,182,1.475,9.125,20785,5
90,182,1.525,9.125,2366,18
91,182,1.575,9.125,5,26
92,182,1.625,9.125,2084,18
93,182,1.675,9.125,1293,46
94,182,1.725,9.125,25133,11
95,182,1.775,9.125,4766,29
96,182,1.825,9.125,13472,31
97,182,1.875,9.125,1527,56
98,182,1.925,9.125,5804,44
99,182,1.975,9.125,623,49
100,182,2.025,9.125,747,66
101,182,2.075,9.125,2011,57
102,182,2.125,9.125,30530,3
103,182,2.175,9.125,-1,0
104,182,2.225,9.125,-1,0
105,182,2.275,9.125,-1,0
106,182,2.325,9.125,-1,0
107,182,2.375,9.125,-1,0
108,182,2.425,9.125,-1,0
109,182,2.475,9.125,-1,0
110,182,2.525,9.125,-1,0
111,182,2.575,9.125,-1,0
112,182,2.625,9.125,-1,0
113,182,2.675,9.125,-1,0
114,182,2.725,9.125,-1,0
115,182,2.775,9.125,-1,0
116,182,2.825,9.125,-1,0
117,182,2.875,9.125,-1,0
118,182,2.925,9.125,-1,0
119,182,2.975,9.125,-1,0
0,183,-2.975,9.175,-1,0
1,183,-2.925,9.175,-1,0
2,183,-2.875,9.175,-1,0
3,183,-2.825,9.175,-1,0
4,183,-2.775,9.175,-1,0
5,183,-2.725,9.175,-1,0
6,183,-2.675,9.175,-1,0
7,183,-2.625,9.175,-1,0
8,183,-2.575,9.175,-1,0
9,183,-2.525,9.175,-1,0
10,183,-2.475,9.175,-1,0
11,183,-2.425,9.175,-1,0
12,183,-2.375,9.175,-1,0
13,183,-2.325,9.175,-1,0
14,183,-2.275,9.175,-1,0
15,183,-2.225,9.175,-1,0
16,183,-2.175,9.175,-1,0
17,183,-2.125,9.175,-1,0
18,183,-2.075,9.175,-1,0
19,183,-2.025,9.175,-1,0
20,183,-1.975,9.175,-1,0
21,183,-1.925,9.175,-1,0
22,183,-1.875,9.175,-1,0
23,183,-1.825,9.175,-1,0
24,183,-1.775,9.175,-1,0
25,183,-1.725,9.175,-1,0
26,183,-1.675,9.175,-1,0
27,183,-1.625,9.175,-1,0
28,183,-1.575,9.175,-1,0
29,183,-1.525,9.175,-1,0
30,183,-1.475,9.175,-1,0
31,183,-1.425,9.175,-1,0
32,183,-1.375,9.175,-1,0
33,183,-1.325,9.175,-1,0
34,183,-1.275,9.175,-1,0
35,183,-1.225,9.175,-1,0
36,183,-1.175,9.175,-1,0
37,183,-1.125,9.175,-1,0
38,183,-1.075,9.175,-1,0
39,183,-1.025,9.175,-1,0
40,183,-0.975,9.175,-1,0
41,183,-0.925,9.175,-1,0
42,183,-0.875,9.175,-1,0
43,183,-0.825,9.175,-1,0
44,183,-0.775,9.175,-1,0
45,183,-0.725,9.175,-1,0
46,183,-0.675,9.175,-1,0
47,183,-0.625,9.175,-1,0
48,183,-0.575,9.175,-1,0
49,183,-0.525,9.175,-1,0
50,183,-0.475,9.175,-1,0
51,183,-0.425,9.175,-1,0
52,183,-0.375,9.175,-1,0
53,183,-0.325,9.175,-1,0
54,183,-0.275,9.175,-1,0
55,183,-0.225,9.175,-1,0
56,183,-0.175,9.175,-1,0
57,183,-0.125,9.175,-1,0
58,183,-0.075,9.175,-1,0
59,183,-0.025,9.175,-1,0
60,183,0.025,9.175,-1,0
61,183,0.075,9.175,-1,0
62,183,0.125,9.175,-1,0
63,183,0.175,9.175,-1,0
64,183,0.225,9.175,-1,0
65,183,0.275,9.175,-1,0
66,183,0.325,9.175,-1,0
67,183,0.375,9.175,-1,0
68,183,0.425,9.175,-1,0
69,183,0.475,9.175,-1,0
70,183,0.525,9.175,-1,0
71,183,0.575,9.175,-1,0
72,183,0.625,9.175,-1,0
73,183,0.675,9.175,-1,0
74,183,0.725,9.175,-1,0
75,183,0.775,9.175,-1,0
76,183,0.825,9.175,-1,0
77,183,0.875,9.175,-1,0
78,183,0.925,9.175,-1,0
79,183,0.975,9.175,-1,0
80,183,1.025,9.175,-1,0
81,183,1.075,9.175,1055,77
82,183,1.125,9.175,6716,26
83,183,1.175,9.175,-1,0
84,183,1.225,9.175,1798,33
85,183,1.275,9.175,2395,25
86,183,1.325,9.175,2764,34
87,183,1.375,9.175,2804,21
88,183,1.425,9.175,3856,26
89,183,1.475,9.175,5681,16
90,183,1.525,9.175,9822,13
91,183,1.575,9.175,16157,31
92,183,1.625,9.175,58,21
93,183,1.675,9.175,424,12
94,183,1.725,9.175,468,21
95,183,1.775,9.175,23949,7
96,183,1.825,9.175,1354,23
97,183,1.875,9.175,2173,29
98,183,1.925,9.175,340,30
99,183,1.975,9.175,2890,33
100,183,2.025,9.175,908,21
101,183,2.075,9.175,4802,33
102,183,2.125,9.175,1208,84
103,183,2.175,9.175,-1,0
104,183,2.225,9.175,-1,0
105,183,2.275,9.175,-1,0
106,183,2.325,9.175,-1,0
107,183,2.375,9.175,-1,0
108,183,2.425,9.175,-1,0
109,183,2.475,9.175,-1,0
110,183,2.525,9.175,-1,0
111,183,2.575,9.175,-1,0
112,183,2.625,9.175,-1,0
113,183,2.675,9.175,-1,0
114,183,2.725,9.175,-1,0
115,183,2.775,9.175,-1,0
116,183,2.825,9.175,-1,0
117,183,2.875,9.175,-1,0
118,183,2.925,9.175,-1,0
119,183,2.975,9.175,-1,0
0,184,-2.975,9.225,-1,0
1,184,-2.925,9.225,-1,0
2,184,-2.875,9.225,-1,0
3,184,-2.825,9.225,-1,0
4,184,-2.775,9.225,-1,0
5,184,-2.725,9.225,-1,0
6,184,-2.675,9.225,-1,0
7,184,-2.625,9.225,-1,0
8,184,-2.575,9.225,-1,0
9,184,-2.525,9.225,-1,0
10,184,-2.475,9.225,-1,0
11,184,-2.425,9.225,-1,0
12,184,-2.375,9.225,-1,0
13,184,-2.325,9.225,-1,0
14,184,-2.275,9.225,-1,0
15,184,-2.225,9.225,-1,0
16,184,-2.175,9.225,-1,0
17,184,-2.125,9.225,-1,0
18,184,-2.075,9.225,-1,0
19,184,-2.025,9.225,-1,0
20,184,-1.975,9.225,-1,0
21,184,-1.925,9.225,-1,0
22,184,-1.875,9.225,-1,0
23,184,-1.825,9.225,-1,0
24,184,-1.775,9.225,-1,0
25,184,-1.725,9.225,-1,0
26,184,-1.675,9.225,-1,0
27,184,-1.625,9.225,-1,0
28,184,-1.575,9.225,-1,0
29,184,-1.525,9.225,-1,0
30,184,-1.475,9.225,-1,0
31,184,-1.425,9.225,-1,0
32,184,-1.375,9.225,-1,0
33,184,-1.325,9.225,-1,0
34,184,-1.275,9.225,-1,0
35,184,-1.225,9.225,-1,0
36,184,-1.175,9.225,-1,0
37,184,-1.125,9.225,-1,0
38,184,-1.075,9.225,-1,0
39,184,-1.025,9.225,-1,0
40,184,-0.975,9.225,-1,0
41,184,-0.925,9.225,-1,0
42,184,-0.875,9.225,-1,0
43,184,-0.825,9.225,-1,0
44,184,-0.775,9.225,-1,0
45,184,-0.725,9.225,-1,0
46,184,-0.675,9.225,-1,0
47,184,-0.625,9.225,-1,0
48,184,-0.575,9.225,-1,0
49,184,-0.525,9.225,-1,0
50,184,-0.475,9.225,-1,0
51,184,-0.425,9.225,-1,0
52,184,-0.375,9.225,-1,0
53,184,-0.325,9.225,-1,0
54,184,-0.275,9.225,-1,0
55,184,-0.225,9.225,-1,0
56,184,-0.175,9.225,-1,0
57,184,-0.125,9.225,-1,0
58,184,-0.075,9.225,-1,0
59,184,-0.025,9.225,-1,0
60,184,0.025,9.225,-1,0
61,184,0.075,9.225,-1,0
62,184,0.125,9.225,-1,0
63,184,0.175,9.225,-1,0
64,184,0.225,9.225,-1,0
65,184,0.275,9.225,-1,0
66,184,0.325,9.225,-1,0
67,184,0.375,9.225,-1,0
68,184,0.425,9.225,-1,0
69,184,0.475,9.225,-1,0
70,184,0.525,9.225,-1,0
71,184,0.575,9.225,-1,0
72,184,0.625,9.225,-1,0
73,184,0.675,9.225,-1,0
74,184,0.725,9.225,-1,0
75,184,0.775,9.225,-1,0
76,184,0.825,9.225,-1,0
77,184,0.875,9.225,-1,0
78,184,0.925,9.225,-1,0
79,184,0.975,9.225,-1,0
80,184,1.025,9.225,-1,0
81,184,1.075,9.225,12797,31
82,184,1.125,9.225,1039,47
83,184,1.175,9.225,-1,0
84,184,1.225,9.225,563,28
85,184,1.275,9.225,3074,41
86,184,1.325,9.225,225,38
87,184,1.375,9.225,20366,10
88,184,1.425,9.225,3657,30
89,184,1.475,9.225,2031,21
90,184,1.525,9.225,686,33
91,184,1.575,9.225,378,32
92,184,1.625,9.225,3813,9
93,184,1.675,9.225,17761,10
94,184,1.725,9.225,176,41
95,184,1.775,9.225,5384,37
96,184,1.825,9.225,7855,17
97,184,1.875,9.225,1877,27
98,184,1.925,9.225,4612,22
99,184,1.975,9.225,131,35
100,184,2.025,9.225,45,33
101,184,2.075,9.225,650,29
102,184,2.125,9.225,54875,1
103,184,2.175,9.225,-1,0
104,184,2.225,9.225,-1,0
105,184,2.275,9.225,-1,0
106,184,2.325,9.225,-1,0
107,184,2.375,9.225,-1,0
108,184,2.425,9.225,-1,0
109,184,2.475,9.225,-1,0
110,184,2.525,9.225,-1,0
111,184,2.575,9.225,-1,0
112,184,2.625,9.225,-1,0
113,184,2.675,9.225,-1,0
114,184,2.725,9.225,-1,0
115,184,2.775,9.225,-1,0
116,184,2.825,9.225,-1,0
117,184,2.875,9.225,-1,0
118,184,2.925,9.225,-1,0
119,184,2.975,9.225,-1,0
0,185,-2.975,9.275,-1,0
1,185,-2.925,9.275,-1,0
2,185,-2.875,9.275,-1,0
3,185,-2.825,9.275,-1,0
4,185,-2.775,9.275,-1,0
5,185,-2.725,9.275,-1,0
6,185,-2.675,9.275,-1,0
7,185,-2.625,9.275,-1,0
8,185,-2.575,9.275,-1,0
9,185,-2.525,9.275,-1,0
10,185,-2.475,9.275,-1,0
11,185,-2.425,9.275,-1,0
12,185,-2.375,9.275,-1,0
13,185,-2.325,9.275,-1,0
14,185,-2.275,9.275,-1,0
15,185,-2.225,9.275,-1,0
16,185,-2.175,9.275,-1,0
17,185,-2.125,9.275,-1,0
18,185,-2.075,9.275,-1,0
19,185,-2.025,9.275,-1,0
20,185,-1.975,9.275,-1,0
21,185,-1.925,9.275,-1,0
22,185,-1.875,9.275,-1,0
23,185,-1.825,9.275,-1,0
24,185,-1.775,9.275,-1,0
25,185,-1.725,9.275,-1,0
26,185,-1.675,9.275,-1,0
27,185,-1.625,9.275,-1,0
28,185,-1.575,9.275,-1,0
29,185,-1.525,9.275,-1,0
30,185,-1.475,9.275,-1,0
31,185,-1.425,9.275,-1,0
32,185,-1.375,9.275,-1,0
33,185,-1.325,9.275,-1,0
34,185,-1.275,9.275,-1,0
35,185,-1.225,9.275,-1,0
36,185,-1.175,9.275,-1,0
37,185,-1.125,9.275,-1,0
38,185,-1.075,9.275,-1,0
39,185,-1.025,9.275,-1,0
40,185,-0.975,9.275,-1,0
41,185,-0.925,9.275,-1,0
42,185,-0.875,9.275,-1,0
43,185,-0.825,9.275,-1,0
44,185,-0.775,9.275,-1,0
45,185,-0.725,9.275,-1,0
46,185,-0.675,9.275,-1,0
47,185,-0.625,9.275,-1,0
48,185,-0.575,9.275,-1,0
49,185,-0.525,9.275,-1,0
50,185,-0.475,9.275,-1,0
51,185,-0.425,9.275,-1,0
52,185,-0.375,9.275,-1,0
53,185,-0.325,9.275,-1,0
54,185,-0.275,9.275,-1,0
55,185,-0.225,9.275,-1,0
56,185,-0.175,9.275,-1,0
57,185,-0.125,9.275,-1,0
58,185,-0.075,9.275,-1,0
59,185,-0.025,9.275,-1,0
60,185,0.025,9.275,-1,0
61,185,0.075,9.275,-1,0
62,185,0.125,9.275,-1,0
63,185,0.175,9.275,-1,0
64,185,0.225,9.275,-1,0
65,185,0.275,9.275,-1,0
66,185,0.325,9.275,-1,0
67,185,0.375,9.275,-1,0
68,185,0.425,9.275,-1,0
69,185,0.475,9.275,-1,0
70,185,0.525,9.275,-1,0
71,185,0.575,9.275,-1,0
72,185,0.625,9.275,-1,0
73,185,0.675,9.275,-1,0
74,185,0.725,9.275,-1,0
75,185,0.775,9.275,-1,0
76,185,0.825,9.275,-1,0
77,185,0.875,9.275,-1,0
78,185,0.925,9.275,-1,0
79,185,0.975,9.275,-1,0
80,185,1.025,9.275,-1,0
81,185,1.075,9.275,-1,0
82,185,1.125,9.275,-1,0
83,185,1.175,9.275,-1,0
84,185,1.225,9.275,151,19
85,185,1.275,9.275,1610,51
86,185,1.325,9.275,96,31
87,185,1.375,9.275,17535,8
88,185,1.425,9.275,988,15
89,185,1.475,9.275,4280,26
90,185,1.525,9.275,590,31
91,185,1.575,9.275,848,32
92,185,1.625,9.275,2214,16
93,185,1.675,9.275,1904,18
94,185,1.725,9.275,3485,30
95,185,1.775,9.275,1294,44
96,185,1.825,9.275,2329,19
97,185,1.875,9.275,4767,31
98,185,1.925,9.275,1191,49
99,185,1.975,9.275,1528,68
100,185,2.025,9.275,1098,47
101,185,2.075,9.275,748,62
102,185,2.125,9.275,1566,79
103,185,2.175,9.275,4463,6
104,185,2.225,9.275,-1,0
105,185,2.275,9.275,-1,0
106,185,2.325,9.275,-1,0
107,185,2.375,9.275,-1,0
108,185,2.425,9.275,-1,0
109,185,2.475,9.275,-1,0
110,185,2.525,9.275,-1,0
111,185,2.575,9.275,-1,0
112,185,2.625,9.275,-1,0
113,185,2.675,9.275,-1,0
114,185,2.725,9.275,-1,0
115,185,2.775,9.275,-1,0
116,185,2.825,9.275,-1,0
117,185,2.875,9.275,-1,0
118,185,2.925,9.275,-1,0
119,185,2.975,9.275,-1,0
0,186,-2.975,9.325,-1,0
1,186,-2.925,9.325,-1,0
2,186,-2.875,9.325,-1,0
3,186,-2.825,9.325,-1,0
4,186,-2.775,9.325,-1,0
5,186,-2.725,9.325,-1,0
6,186,-2.675,9.325,-1,0
7,186,-2.625,9.325,-1,0
8,186,-2.575,9.325,-1,0
9,186,-2.525,9.325,-1,0
10,186,-2.475,9.325,-1,0
11,186,-2.425,9.325,-1,0
12,186,-2.375,9.325,-1,0
13,186,-2.325,9.325,-1,0
14,186,-2.275,9.325,-1,0
15,186,-2.225,9.325,-1,0
16,186,-2.175,9.325,-1,0
17,186,-2.125,9.325,-1,0
18,186,-2.075,9.325,-1,0
19,186,-2.025,9.325,-1,0
20,186,-1.975,9.325,-1,0
21,186,-1.925,9.325,-1,0
22,186,-1.875,9.325,-1,0
23,186,-1.825,9.325,-1,0
24,186,-1.775,9.325,-1,0
25,186,-1.725,9.325,-1,0
26,186,-1.675,9.325,-1,0
27,186,-1.625,9.325,-1,0
28,186,-1.575,9.325,-1,0
29,186,-1.525,9.325,-1,0
30,186,-1.475,9.325,-1,0
31,186,-1.425,9.325,-1,0
32,186,-1.375,9.325,-1,0
33,186,-1.325,9.325,-1,0
34,186,-1.275,9.325,-1,0
35,186,-1.225,9.325,-1,0
36,186,-1.175,9.325,-1,0
37,186,-1.125,9.325,-1,0
38,186,-1.075,9.325,-1,0
39,186,-1.025,9.325,-1,0
40,186,-0.975,9.325,-1,0
41,186,-0.925,9.325,-1,0
42,186,-0.875,9.325,-1,0
43,186,-0.825,9.325,-1,0
44,186,-0.775,9.325,-1,0
45,186,-0.725,9.325,-1,0
46,186,-0.675,9.325,-1,0
47,186,-0.625,9.325,-1,0
48,186,-0.575,9.325,-1,0
49,186,-0.525,9.325,-1,0
50,186,-0.475,9.325,-1,0
51,186,-0.425,9.325,-1,0
52,186,-0.375,9.325,-1,0
53,186,-0.325,9.325,-1,0
54,186,-0.275,9.325,-1,0
55,186,-0.225,9.325,-1,0
56,186,-0.175,9.325,-1,0
57,186,-0.125,9.325,-1,0
58,186,-0.075,9.325,-1,0
59,186,-0.025,9.325,-1,0
60,186,0.025,9.325,-1,0
61,186,0.075,9.325,-1,0
62,186,0.125,9.325,-1,0
63,186,0.175,9.325,-1,0
64,186,0.225,9.325,-1,0
65,186,0.275,9.325,-1,0
66,186,0.325,9.325,-1,0
67,186,0.375,9.325,-1,0
68,186,0.425,9.325,-1,0
69,186,0.475,9.325,-1,0
70,186,0.525,9.325,-1,0
71,186,0.575,9.325,-1,0
72,186,0.625,9.325,-1,0
73,186,0.675,9.325,-1,0
74,186,0.725,9.325,-1,0
75,186,0.775,9.325,-1,0
76,186,0.825,9.325,-1,0
77,186,0.875,9.325,-1,0
78,186,0.925,9.325,-1,0
79,186,0.975,9.325,-1,0
80,186,1.025,9.325,-1,0
81,186,1.075,9.325,-1,0
82,186,1.125,9.325,-1,0
83,186,1.175,9.325,-1,0
84,186,1.225,9.325,8356,1
85,186,1.275,9.325,3931,61
86,186,1.325,9.325,10537,19
87,186,1.375,9.325,18445,7
88,186,1.425,9.325,10684,47
89,186,1.475,9.325,2765,36
90,186,1.525,9.325,1409,43
91,186,1.575,9.325,3857,30
92,186,1.625,9.325,2367,17
93,186,1.675,9.325,6,25
94,186,1.725,9.325,59,47
95,186,1.775,9.325,2544,12
96,186,1.825,9.325,425,26
97,186,1.875,9.325,23950,7
98,186,1.925,9.325,1355,26
99,186,1.975,9.325,2174,30
100,186,2.025,9.325,341,37
101,186,2.075,9.325,909,28
102,186,2.125,9.325,4803,17
103,186,2.175,9.325,1209,72
104,186,2.225,9.325,-1,0
105,186,2.275,9.325,-1,0
106,186,2.325,9.325,-1,0
107,186,2.375,9.325,-1,0
108,186,2.425,9.325,-1,0
109,186,2.475,9.325,-1,0
110,186,2.525,9.325,-1,0
111,186,2.575,9.325,-1,0
112,186,2.625,9.325,-1,0
113,186,2.675,9.325,-1,0
114,186,2.725,9.325,-1,0
115,186,2.775,9.325,-1,0
116,186,2.825,9.325,-1,0
117,186,2.875,9.325,-1,0
118,186,2.925,9.325,-1,0
119,186,2.975,9.325,-1,0
0,187,-2.975,9.375,-1,0
1,187,-2.925,9.375,-1,0
2,187,-2.875,9.375,-1,0
3,187,-2.825,9.375,-1,0
4,187,-2.775,9.375,-1,0
5,187,-2.725,9.375,-1,0
6,187,-2.675,9.375,-1,0
7,187,-2.625,9.375,-1,0
8,187,-2.575,9.375,-1,0
9,187,-2.525,9.375,-1,0
10,187,-2.475,9.375,-1,0
11,187,-2.425,9.375,-1,0
12,187,-2.375,9.375,-1,0
13,187,-2.325,9.375,-1,0
14,187,-2.275,9.375,-1,0
15,187,-2.225,9.375,-1,0
16,187,-2.175,9.375,-1,0
17,187,-2.125,9.375,-1,0
18,187,-2.075,9.375,-1,0
19,187,-2.025,9.375,-1,0
20,187,-1.975,9.375,-1,0
21,187,-1.925,9.375,-1,0
22,187,-1.875,9.375,-1,0
23,187,-1.825,9.375,-1,0
24,187,-1.775,9.375,-1,0
25,187,-1.725,9.375,-1,0
26,187,-1.675,9.375,-1,0
27,187,-1.625,9.375,-1,0
28,187,-1.575,9.375,-1,0
29,187,-1.525,9.375,-1,0
30,187,-1.475,9.375,-1,0
31,187,-1.425,9.375,-1,0
32,187,-1.375,9.375,-1,0
33,187,-1.325,9.375,-1,0
34,187,-1.275,9.375,-1,0
35,187,-1.225,9.375,-1,0
36,187,-1.175,9.375,-1,0
37,187,-1.125,9.375,-1,0
38,187,-1.075,9.375,-1,0
39,187,-1.025,9.375,-1,0
40,187,-0.975,9.375,-1,0
41,187,-0.925,9.375,-1,0
42,187,-0.875,9.375,-1,0
43,187,-0.825,9.375,-1,0
44,187,-0.775,9.375,-1,0
45,187,-0.725,9.375,-1,0
46,187,-0.675,9.375,-1,0
47,187,-0.625,9.375,-1,0
48,187,-0.575,9.375,-1,0
49,187,-0.525,9.375,-1,0
50,187,-0.475,9.375,-1,0
51,187,-0.425,9.375,-1,0
52,187,-0.375,9.375,-1,0
53,187,-0.325,9.375,-1,0
54,187,-0.275,9.375,-1,0
55,187,-0.225,9.375,-1,0
56,187,-0.175,9.375,-1,0
57,187,-0.125,9.375,-1,0
58,187,-0.075,9.375,-1,0
59,187,-0.025,9.375,-1,0
60,187,0.025,9.375,-1,0
61,187,0.075,9.375,-1,0
62,187,0.125,9.375,-1,0
63,187,0.175,9.375,-1,0
64,187,0.225,9.375,-1,0
65,187,0.275,9.375,-1,0
66,187,0.325,9.375,-1,0
67,187,0.375,9.375,-1,0
68,187,0.425,9.375,-1,0
69,187,0.475,9.375,-1,0
70,187,0.525,9.375,-1,0
71,187,0.575,9.375,-1,0
72,187,0.625,9.375,-1,0
73,187,0.675,9.375,-1,0
74,187,0.725,9.375,-1,0
75,187,0.775,9.375,-1,0
76,187,0.825,9.375,-1,0
77,187,0.875,9.375,-1,0
78,187,0.925,9.375,-1,0
79,187,0.975,9.375,-1,0
80,187,1.025,9.375,-1,0
81,187,1.075,9.375,-1,0
82,187,1.125,9.375,-1,0
83,187,1.175,9.375,-1,0
84,187,1.225,9.375,-1,0
85,187,1.275,9.375,1056,62
86,187,1.325,9.375,1040,70
87,187,1.375,9.375,5649,4
88,187,1.425,9.375,564,39
89,187,1.475,9.375,226,43
90,187,1.525,9.375,10358,20
91,187,1.575,9.375,2805,35
92,187,1.625,9.375,2032,28
93,187,1.675,9.375,379,39
94,187,1.725,9.375,3814,20
95,187,1.775,9.375,17762,9
96,187,1.825,9.375,177,26
97,187,1.875,9.375,5034,47
98,187,1.925,9.375,2330,25
99,187,1.975,9.375,1192,42
100,187,2.025,9.375,718,35
101,187,2.075,9.375,1099,53
102,187,2.125,9.375,651,52
103,187,2.175,9.375,749,31
104,187,2.225,9.375,-1,0
105,187,2.275,9.375,-1,0
106,187,2.325,9.375,-1,0
107,187,2.375,9.375,-1,0
108,187,2.425,9.375,-1,0
109,187,2.475,9.375,-1,0
110,187,2.525,9.375,-1,0
111,187,2.575,9.375,-1,0
112,187,2.625,9.375,-1,0
113,187,2.675,9.375,-1,0
114,187,2.725,9.375,-1,0
115,187,2.775,9.375,-1,0
116,187,2.825,9.375,-1,0
117,187,2.875,9.375,-1,0
118,187,2.925,9.375,-1,0
119,187,2.975,9.375,-1,0
0,188,-2.975,9.425,-1,0
1,188,-2.925,9.425,-1,0
2,188,-2.875,9.425,-1,0
3,188,-2.825,9.425,-1,0
4,188,-2.775,9.425,-1,0
5,188,-2.725,9.425,-1,0
6,188,-2.675,9.425,-1,0
7,188,-2.625,9.425,-1,0
8,188,-2.575,9.425,-1,0
9,188,-2.525,9.425,-1,0
10,188,-2.475,9.425,-1,0
11,188,-2.425,9.425,-1,0
12,188,-2.375,9.425,-1,0
13,188,-2.325,9.425,-1,0
14,188,-2.275,9.425,-1,0
15,188,-2.225,9.425,-1,0
16,188,-2.175,9.425,-1,0
17,188,-2.125,9.425,-1,0
18,188,-2.075,9.425,-1,0
19,188,-2.025,9.425,-1,0
20,188,-1.975,9.425,-1,0
21,188,-1.925,9.425,-1,0
22,188,-1.875,9.425,-1,0
23,188,-1.825,9.425,-1,0
24,188,-1.775,9.425,-1,0
25,188,-1.725,9.425,-1,0
26,188,-1.675,9.425,-1,0
27,188,-1.625,9.425,-1,0
28,188,-1.575,9.425,-1,0
29,188,-1.525,9.425,-1,0
30,188,-1.475,9.425,-1,0
31,188,-1.425,9.425,-1,0
32,188,-1.375,9.425,-1,0
33,188,-1.325,9.425,-1,0
34,188,-1.275,9.425,-1,0
35,188,-1.225,9.425,-1,0
36,188,-1.175,9.425,-1,0
37,188,-1.125,9.425,-1,0
38,188,-1.075,9.425,-1,0
39,188,-1.025,9.425,-1,0
40,188,-0.975,9.425,-1,0
41,188,-0.925,9.425,-1,0
42,188,-0.875,9.425,-1,0
43,188,-0.825,9.425,-1,0
44,188,-0.775,9.425,-1,0
45,188,-0.725,9.425,-1,0
46,188,-0.675,9.425,-1,0
47,188,-0.625,9.425,-1,0
48,188,-0.575,9.425,-1,0
49,188,-0.525,9.425,-1,0
50,188,-0.475,9.425,-1,0
51,188,-0.425,9.425,-1,0
52,188,-0.375,9.425,-1,0
53,188,-0.325,9.425,-1,0
54,188,-0.275,9.425,-1,0
55,188,-0.225,9.425,-1,0
56,188,-0.175,9.425,-1,0
57,188,-0.125,9.425,-1,0
58,188,-0.075,9.425,-1,0
59,188,-0.025,9.425,-1,0
60,188,0.025,9.425,-1,0
61,188,0.075,9.425,-1,0
62,188,0.125,9.425,-1,0
63,188,0.175,9.425,-1,0
64,188,0.225,9.425,-1,0
65,188,0.275,9.425,-1,0
66,188,0.325,9.425,-1,0
67,188,0.375,9.425,-1,0
68,188,0.425,9.425,-1,0
69,188,0.475,9.425,-1,0
70,188,0.525,9.425,-1,0
71,188,0.575,9.425,-1,0
72,188,0.625,9.425,-1,0
73,188,0.675,9.425,-1,0
74,188,0.725,9.425,-1,0
75,188,0.775,9.425,-1,0
76,188,0.825,9.425,-1,0
77,188,0.875,9.425,-1,0
78,188,0.925,9.425,-1,0
79,188,0.975,9.425,-1,0
80,188,1.025,9.425,-1,0
81,188,1.075,9.425,-1,0
82,188,1.125,9.425,-1,0
83,188,1.175,9.425,-1,0
84,188,1.225,9.425,-1,0
85,188,1.275,9.425,-1,0
86,188,1.325,9.425,-1,0
87,188,1.375,9.425,-1,0
88,188,1.425,9.425,152,44
89,188,1.475,9.425,97,59
90,188,1.525,9.425,17536,4
91,188,1.575,9.425,989,23
92,188,1.625,9.425,4281,28
93,188,1.675,9.425,591,53
94,188,1.725,9.425,1129,24
95,188,1.775,9.425,17262,20
96,188,1.825,9.425,1905,33
97,188,1.875,9.425,1295,48
98,188,1.925,9.425,4563,19
99,188,1.975,9.425,4768,38
100,188,2.025,9.425,2175,64
101,188,2.075,9.425,342,59
102,188,2.125,9.425,910,59
103,188,2.175,9.425,1567,64
104,188,2.225,9.425,2108,71
105,188,2.275,9.425,-1,0
106,188,2.325,9.425,-1,0
107,188,2.375,9.425,-1,0
108,188,2.425,9.425,-1,0
109,188,2.475,9.425,-1,0
110,188,2.525,9.425,-1,0
111,188,2.575,9.425,-1,0
112,188,2.625,9.425,-1,0
113,188,2.675,9.425,-1,0
114,188,2.725,9.425,-1,0
115,188,2.775,9.425,-1,0
116,188,2.825,9.425,-1,0
117,188,2.875,9.425,-1,0
118,188,2.925,9.425,-1,0
119,188,2.975,9.425,-1,0
0,189,-2.975,9.475,-1,0
1,189,-2.925,9.475,-1,0
2,189,-2.875,9.475,-1,0
3,189,-2.825,9.475,-1,0
4,189,-2.775,9.475,-1,0
5,189,-2.725,9.475,-1,0
6,189,-2.675,9.475,-1,0
7,189,-2.625,9.475,-1,0
8,189,-2.575,9.475,-1,0
9,189,-2.525,9.475,-1,0
10,189,-2.475,9.475,-1,0
11,189,-2.425,9.475,-1,0
12,189,-2.375,9.475,-1,0
13,189,-2.325,9.475,-1,0
14,189,-2.275,9.475,-1,0
15,189,-2.225,9.475,-1,0
16,189,-2.175,9.475,-1,0
17,189,-2.125,9.475,-1,0
18,189,-2.075,9.475,-1,0
19,189,-2.025,9.475,-1,0
20,189,-1.975,9.475,-1,0
21,189,-1.925,9.475,-1,0
22,189,-1.875,9.475,-1,0
23,189,-1.825,9.475,-1,0
24,189,-1.775,9.475,-1,0
25,189,-1.725,9.475,-1,0
26,189,-1.675,9.475,-1,0
27,189,-1.625,9.475,-1,0
28,189,-1.575,9.475,-1,0
29,189,-1.525,9.475,-1,0
30,189,-1.475,9.475,-1,0
31,189,-1.425,9.475,-1,0
32,189,-1.375,9.475,-1,0
33,189,-1.325,9.475,-1,0
34,189,-1.275,9.475,-1,0
35,189,-1.225,9.475,-1,0
36,189,-1.175,9.475,-1,0
37,189,-1.125,9.475,-1,0
38,189,-1.075,9.475,-1,0
39,189,-1.025,9.475,-1,0
40,189,-0.975,9.475,-1,0
41,189,-0.925,9.475,-1,0
42,189,-0.875,9.475,-1,0
43,189,-0.825,9.475,-1,0
44,189,-0.775,9.475,-1,0
45,189,-0.725,9.475,-1,0
46,189,-0.675,9.475,-1,0
47,189,-0.625,9.475,-1,0
48,189,-0.575,9.475,-1,0
49,189,-0.525,9.475,-1,0
50,189,-0.475,9.475,-1,0
51,189,-0.425,9.475,-1,0
52,189,-0.375,9.475,-1,0
53,189,-0.325,9.475,-1,0
54,189,-0.275,9.475,-1,0
55,189,-0.225,9.475,-1,0
56,189,-0.175,9.475,-1,0
57,189,-0.125,9.475,-1,0
58,189,-0.075,9.475,-1,0
59,189,-0.025,9.475,-1,0
60,189,0.025,9.475,-1,0
61,189,0.075,9.475,-1,0
62,189,0.125,9.475,-1,0
63,189,0.175,9.475,-1,0
64,189,0.225,9.475,-1,0
65,189,0.275,9.475,-1,0
66,189,0.325,9.475,-1,0
67,189,0.375,9.475,-1,0
68,189,0.425,9.475,-1,0
69,189,0.475,9.475,-1,0
70,189,0.525,9.475,-1,0
71,189,0.575,9.475,-1,0
72,189,0.625,9.475,-1,0
73,189,0.675,9.475,-1,0
74,189,0.725,9.475,-1,0
75,189,0.775,9.475,-1,0
76,189,0.825,9.475,-1,0
77,189,0.875,9.475,-1,0
78,189,0.925,9.475,-1,0
79,189,0.975,9.475,-1,0
80,189,1.025,9.475,-1,0
81,189,1.075,9.475,-1,0
82,189,1.125,9.475,-1,0
83,189,1.175,9.475,-1,0
84,189,1.225,9.475,-1,0
85,189,1.275,9.475,-1,0
86,189,1.325,9.475,-1,0
87,189,1.375,9.475,-1,0
88,189,1.425,9.475,5661,23
89,189,1.475,9.475,3932,60
90,189,1.525,9.475,-1,0
91,189,1.575,9.475,3380,44
92,189,1.625,9.475,2766,44
93,189,1.675,9.475,2806,39
94,189,1.725,9.475,3858,31
95,189,1.775,9.475,2368,27
96,189,1.825,9.475,7,44
97,189,1.875,9.475,3815,23
98,189,1.925,9.475,426,45
99,189,1.975,9.475,1356,27
100,189,2.025,9.475,1879,36
101,189,2.075,9.475,2676,30
102,189,2.125,9.475,719,54
103,189,2.175,9.475,1024,47
104,189,2.225,9.475,750,25
105,189,2.275,9.475,-1,0
106,189,2.325,9.475,-1,0
107,189,2.375,9.475,-1,0
108,189,2.425,9.475,-1,0
109,189,2.475,9.475,-1,0
110,189,2.525,9.475,-1,0
111,189,2.575,9.475,-1,0
112,189,2.625,9.475,-1,0
113,189,2.675,9.475,-1,0
114,189,2.725,9.475,-1,0
115,189,2.775,9.475,-1,0
116,189,2.825,9.475,-1,0
117,189,2.875,9.475,-1,0
118,189,2.925,9.475,-1,0
119,189,2.975,9.475,-1,0
0,190,-2.975,9.525,-1,0
1,190,-2.925,9.525,-1,0
2,190,-2.875,9.525,-1,0
3,190,-2.825,9.525,-1,0
4,190,-2.775,9.525,-1,0
5,190,-2.725,9.525,-1,0
6,190,-2.675,9.525,-1,0
7,190,-2.625,9.525,-1,0
8,190,-2.575,9.525,-1,0
9,190,-2.525,9.525,-1,0
10,190,-2.475,9.525,-1,0
11,190,-2.425,9.525,-1,0
12,190,-2.375,9.525,-1,0
13,190,-2.325,9.525,-1,0
14,190,-2.275,9.525,-1,0
15,190,-2.225,9.525,-1,0
16,190,-2.175,9.525,-1,0
17,190,-2.125,9.525,-1,0
18,190,-2.075,9.525,-1,0
19,190,-2.025,9.525,-1,0
20,190,-1.975,9.525,-1,0
21,190,-1.925,9.525,-1,0
22,190,-1.875,9.525,-1,0
23,190,-1.825,9.525,-1,0
24,190,-1.775,9.525,-1,0
25,190,-1.725,9.525,-1,0
26,190,-1.675,9.525,-1,0
27,190,-1.625,9.525,-1,0
28,190,-1.575,9.525,-1,0
29,190,-1.525,9.525,-1,0
30,190,-1.475,9.525,-1,0
31,190,-1.425,9.525,-1,0
32,190,-1.375,9.525,-1,0
33,190,-1.325,9.525,-1,0
34,190,-1.275,9.525,-1,0
35,190,-1.225,9.525,-1,0
36,190,-1.175,9.525,-1,0
37,190,-1.125,9.525,-1,0
38,190,-1.075,9.525,-1,0
39,190,-1.025,9.525,-1,0
40,190,-0.975,9.525,-1,0
41,190,-0.925,9.525,-1,0
42,190,-0.875,9.525,-1,0
43,190,-0.825,9.525,-1,0
44,190,-0.775,9.525,-1,0
45,190,-0.725,9.525,-1,0
46,190,-0.675,9.525,-1,0
47,190,-0.625,9.525,-1,0
48,190,-0.575,9.525,-1,0
49,190,-0.525,9.525,-1,0
50,190,-0.475,9.525,-1,0
51,190,-0.425,9.525,-1,0
52,190,-0.375,9.525,-1,0
53,190,-0.325,9.525,-1,0
54,190,-0.275,9.525,-1,0
55,190,-0.225,9.525,-1,0
56,190,-0.175,9.525,-1,0
57,190,-0.125,9.525,-1,0
58,190,-0.075,9.525,-1,0
59,190,-0.025,9.525,-1,0
60,190,0.025,9.525,-1,0
61,190,0.075,9.525,-1,0
62,190,0.125,9.525,-1,0
63,190,0.175,9.525,-1,0
64,190,0.225,9.525,-1,0
65,190,0.275,9.525,-1,0
66,190,0.325,9.525,-1,0
67,190,0.375,9.525,-1,0
68,190,0.425,9.525,-1,0
69,190,0.475,9.525,-1,0
70,190,0.525,9.525,-1,0
71,190,0.575,9.525,-1,0
72,190,0.625,9.525,-1,0
73,190,0.675,9.525,-1,0
74,190,0.725,9.525,-1,0
75,190,0.775,9.525,-1,0
76,190,0.825,9.525,-1,0
77,190,0.875,9.525,-1,0
78,190,0.925,9.525,-1,0
79,190,0.975,9.525,-1,0
80,190,1.025,9.525,-1,0
81,190,1.075,9.525,-1,0
82,190,1.125,9.525,-1,0
83,190,1.175,9.525,-1,0
84,190,1.225,9.525,-1,0
85,190,1.275,9.525,-1,0
86,190,1.325,9.525,-1,0
87,190,1.375,9.525,-1,0
88,190,1.425,9.525,-1,0
89,190,1.475,9.525,1041,109
90,190,1.525,9.525,-1,0
91,190,1.575,9.525,1712,41
92,190,1.625,9.525,98,58
93,190,1.675,9.525,10359,21
94,190,1.725,9.525,5627,31
95,190,1.775,9.525,2033,37
96,190,1.825,9.525,380,49
97,190,1.875,9.525,2216,26
98,190,1.925,9.525,178,24
99,190,1.975,9.525,2910,57
100,190,2.025,9.525,2331,27
101,190,2.075,9.525,1193,63
102,190,2.125,9.525,343,78
103,190,2.175,9.525,2893,73
104,190,2.225,9.525,911,74
105,190,2.275,9.525,2109,53
106,190,2.325,9.525,-1,0
107,190,2.375,9.525,-1,0
108,190,2.425,9.525,-1,0
109,190,2.475,9.525,-1,0
110,190,2.525,9.525,-1,0
111,190,2.575,9.525,-1,0
112,190,2.625,9.525,-1,0
113,190,2.675,9.525,-1,0
114,190,2.725,9.525,-1,0
115,190,2.775,9.525,-1,0
116,190,2.825,9.525,-1,0
117,190,2.875,9.525,-1,0
118,190,2.925,9.525,-1,0
119,190,2.975,9.525,-1,0
0,191,-2.975,9.575,-1,0
1,191,-2.925,9.575,-1,0
2,191,-2.875,9.575,-1,0
3,191,-2.825,9.575,-1,0
4,191,-2.775,9.575,-1,0
5,191,-2.725,9.575,-1,0
6,191,-2.675,9.575,-1,0
7,191,-2.625,9.575,-1,0
8,191,-2.575,9.575,-1,0
9,191,-2.525,9.575,-1,0
10,191,-2.475,9.575,-1,0
11,191,-2.425,9.575,-1,0
12,191,-2.375,9.575,-1,0
13,191,-2.325,9.575,-1,0
14,191,-2.275,9.575,-1,0
15,191,-2.225,9.575,-1,0
16,191,-2.175,9.575,-1,0
17,191,-2.125,9.575,-1,0
18,191,-2.075,9.575,-1,0
19,191,-2.025,9.575,-1,0
20,191,-1.975,9.575,-1,0
21,191,-1.925,9.575,-1,0
22,191,-1.875,9.575,-1,0
23,191,-1.825,9.575,-1,0
24,191,-1.775,9.575,-1,0
25,191,-1.725,9.575,-1,0
26,191,-1.675,9.575,-1,0
27,191,-1.625,9.575,-1,0
28,191,-1.575,9.575,-1,0
29,191,-1.525,9.575,-1,0
30,191,-1.475,9.575,-1,0
31,191,-1.425,9.575,-1,0
32,191,-1.375,9.575,-1,0
33,191,-1.325,9.575,-1,0
34,191,-1.275,9.575,-1,0
35,191,-1.225,9.575,-1,0
36,191,-1.175,9.575,-1,0
37,191,-1.125,9.575,-1,0
38,191,-1.075,9.575,-1,0
39,191,-1.025,9.575,-1,0
40,191,-0.975,9.575,-1,0
41,191,-0.925,9.575,-1,0
42,191,-0.875,9.575,-1,0
43,191,-0.825,9.575,-1,0
44,191,-0.775,9.575,-1,0
45,191,-0.725,9.575,-1,0
46,191,-0.675,9.575,-1,0
47,191,-0.625,9.575,-1,0
48,191,-0.575,9.575,-1,0
49,191,-0.525,9.575,-1,0
50,191,-0.475,9.575,-1,0
51,191,-0.425,9.575,-1,0
52,191,-0.375,9.575,-1,0
53,191,-0.325,9.575,-1,0
54,191,-0.275,9.575,-1,0
55,191,-0.225,9.575,-1,0
56,191,-0.175,9.575,-1,0
57,191,-0.125,9.575,-1,0
58,191,-0.075,9.575,-1,0
59,191,-0.025,9.575,-1,0
60,191,0.025,9.575,-1,0
61,191,0.075,9.575,-1,0
62,191,0.125,9.575,-1,0
63,191,0.175,9.575,-1,0
64,191,0.225,9.575,-1,0
65,191,0.275,9.575,-1,0
66,191,0.325,9.575,-1,0
67,191,0.375,9.575,-1,0
68,191,0.425,9.575,-1,0
69,191,0.475,9.575,-1,0
70,191,0.525,9.575,-1,0
71,191,0.575,9.575,-1,0
72,191,0.625,9.575,-1,0
73,191,0.675,9.575,-1,0
74,191,0.725,9.575,-1,0
75,191,0.775,9.575,-1,0
76,191,0.825,9.575,-1,0
77,191,0.875,9.575,-1,0
78,191,0.925,9.575,-1,0
79,191,0.975,9.575,-1,0
80,191,1.025,9.575,-1,0
81,191,1.075,9.575,-1,0
82,191,1.125,9.575,-1,0
83,191,1.175,9.575,-1,0
84,191,1.225,9.575,-1,0
85,191,1.275,9.575,-1,0
86,191,1.325,9.575,-1,0
87,191,1.375,9.575,-1,0
88,191,1.425,9.575,-1,0
89,191,1.475,9.575,-1,0
90,191,1.525,9.575,-1,0
91,191,1.575,9.575,153,19
92,191,1.625,9.575,807,81
93,191,1.675,9.575,18447,1
94,191,1.725,9.575,9899,49
95,191,1.775,9.575,2767,47
96,191,1.825,9.575,1931,47
97,191,1.875,9.575,2369,28
98,191,1.925,9.575,8,42
99,191,1.975,9.575,61,27
100,191,2.025,9.575,471,56
101,191,2.075,9.575,1357,26
102,191,2.125,9.575,1194,51
103,191,2.175,9.575,1531,63
104,191,2.225,9.575,1025,69
105,191,2.275,9.575,751,55
106,191,2.325,9.575,-1,0
107,191,2.375,9.575,-1,0
108,191,2.425,9.575,-1,0
109,191,2.475,9.575,-1,0
110,191,2.525,9.575,-1,0
111,191,2.575,9.575,-1,0
112,191,2.625,9.575,-1,0
113,191,2.675,9.575,-1,0
114,191,2.725,9.575,-1,0
115,191,2.775,9.575,-1,0
116,191,2.825,9.575,-1,0
117,191,2.875,9.575,-1,0
118,191,2.925,9.575,-1,0
119,191,2.975,9.575,-1,0
0,192,-2.975,9.625,-1,0
1,192,-2.925,9.625,-1,0
2,192,-2.875,9.625,-1,0
3,192,-2.825,9.625,-1,0
4,192,-2.775,9.625,-1,0
5,192,-2.725,9.625,-1,0
6,192,-2.675,9.625,-1,0
7,192,-2.625,9.625,-1,0
8,192,-2.575,9.625,-1,0
9,192,-2.525,9.625,-1,0
10,192,-2.475,9.625,-1,0
11,192,-2.425,9.625,-1,0
12,192,-2.375,9.625,-1,0
13,192,-2.325,9.625,-1,0
14,192,-2.275,9.625,-1,0
15,192,-2.225,9.625,-1,0
16,192,-2.175,9.625,-1,0
17,192,-2.125,9.625,-1,0
18,192,-2.075,9.625,-1,0
19,192,-2.025,9.625,-1,0
20,192,-1.975,9.625,-1,0
21,192,-1.925,9.625,-1,0
22,192,-1.875,9.625,-1,0
23,192,-1.825,9.625,-1,0
24,192,-1.775,9.625,-1,0
25,192,-1.725,9.625,-1,0
26,192,-1.675,9.625,-1,0
27,192,-1.625,9.625,-1,0
28,192,-1.575,9.625,-1,0
29,192,-1.525,9.625,-1,0
30,192,-1.475,9.625,-1,0
31,192,-1.425,9.625,-1,0
32,192,-1.375,9.625,-1,0
33,192,-1.325,9.625,-1,0
34,192,-1.275,9.625,-1,0
35,192,-1.225,9.625,-1,0
36,192,-1.175,9.625,-1,0
37,192,-1.125,9.625,-1,0
38,192,-1.075,9.625,-1,0
39,192,-1.025,9.625,-1,0
40,192,-0.975,9.625,-1,0
41,192,-0.925,9.625,-1,0
42,192,-0.875,9.625,-1,0
43,192,-0.825,9.625,-1,0
44,192,-0.775,9.625,-1,0
45,192,-0.725,9.625,-1,0
46,192,-0.675,9.625,-1,0
47,192,-0.625,9.625,-1,0
48,192,-0.575,9.625,-1,0
49,192,-0.525,9.625,-1,0
50,192,-0.475,9.625,-1,0
51,192,-0.425,9.625,-1,0
52,192,-0.375,9.625,-1,0
53,192,-0.325,9.625,-1,0
54,192,-0.275,9.625,-1,0
55,192,-0.225,9.625,-1,0
56,192,-0.175,9.625,-1,0
57,192,-0.125,9.625,-1,0
58,192,-0.075,9.625,-1,0
59,192,-0.025,9.625,-1,0
60,192,0.025,9.625,-1,0
61,192,0.075,9.625,-1,0
62,192,0.125,9.625,-1,0
63,192,0.175,9.625,-1,0
64,192,0.225,9.625,-1,0
65,192,0.275,9.625,-1,0
66,192,0.325,9.625,-1,0
67,192,0.375,9.625,-1,0
68,192,0.425,9.625,-1,0
69,192,0.475,9.625,-1,0
70,192,0.525,9.625,-1,0
71,192,0.575,9.625,-1,0
72,192,0.625,9.625,-1,0
73,192,0.675,9.625,-1,0
74,192,0.725,9.625,-1,0
75,192,0.775,9.625,-1,0
76,192,0.825,9.625,-1,0
77,192,0.875,9.625,-1,0
78,192,0.925,9.625,-1,0
79,192,0.975,9.625,-1,0
80,192,1.025,9.625,-1,0
81,192,1.075,9.625,-1,0
82,192,1.125,9.625,-1,0
83,192,1.175,9.625,-1,0
84,192,1.225,9.625,-1,0
85,192,1.275,9.625,-1,0
86,192,1.325,9.625,-1,0
87,192,1.375,9.625,-1,0
88,192,1.425,9.625,-1,0
89,192,1.475,9.625,-1,0
90,192,1.525,9.625,-1,0
91,192,1.575,9.625,-1,0
92,192,1.625,9.625,1042,111
93,192,1.675,9.625,12782,6
94,192,1.725,9.625,1713,45
95,192,1.775,9.625,99,68
96,192,1.825,9.625,5628,24
97,192,1.875,9.625,2034,44
98,192,1.925,9.625,381,53
99,192,1.975,9.625,2217,29
100,192,2.025,9.625,9,45
101,192,2.075,9.625,2911,44
102,192,2.125,9.625,1358,35
103,192,2.175,9.625,344,77
104,192,2.225,9.625,2894,64
105,192,2.275,9.625,912,66
106,192,2.325,9.625,2110,34
107,192,2.375,9.625,-1,0
108,192,2.425,9.625,-1,0
109,192,2.475,9.625,-1,0
110,192,2.525,9.625,-1,0
111,192,2.575,9.625,-1,0
112,192,2.625,9.625,-1,0
113,192,2.675,9.625,-1,0
114,192,2.725,9.625,-1,0
115,192,2.775,9.625,-1,0
116,192,2.825,9.625,-1,0
117,192,2.875,9.625,-1,0
118,192,2.925,9.625,-1,0
119,192,2.975,9.625,-1,0
0,193,-2.975,9.675,-1,0
1,193,-2.925,9.675,-1,0
2,193,-2.875,9.675,-1,0
3,193,-2.825,9.675,-1,0
4,193,-2.775,9.675,-1,0
5,193,-2.725,9.675,-1,0
6,193,-2.675,9.675,-1,0
7,193,-2.625,9.675,-1,0
8,193,-2.575,9.675,-1,0
9,193,-2.525,9.675,-1,0
10,193,-2.475,9.675,-1,0
11,193,-2.425,9.675,-1,0
12,193,-2.375,9.675,-1,0
13,193,-2.325,9.675,-1,0
14,193,-2.275,9.675,-1,0
15,193,-2.225,9.675,-1,0
16,193,-2.175,9.675,-1,0
17,193,-2.125,9.675,-1,0
18,193,-2.075,9.675,-1,0
19,193,-2.025,9.675,-1,0
20,193,-1.975,9.675,-1,0
21,193,-1.925,9.675,-1,0
22,193,-1.875,9.675,-1,0
23,193,-1.825,9.675,-1,0
24,193,-1.775,9.675,-1,0
25,193,-1.725,9.675,-1,0
26,193,-1.675,9.675,-1,0
27,193,-1.625,9.675,-1,0
28,193,-1.575,9.675,-1,0
29,193,-1.525,9.675,-1,0
30,193,-1.475,9.675,-1,0
31,193,-1.425,9.675,-1,0
32,193,-1.375,9.675,-1,0
33,193,-1.325,9.675,-1,0
34,193,-1.275,9.675,-1,0
35,193,-1.225,9.675,-1,0
36,193,-1.175,9.675,-1,0
37,193,-1.125,9.675,-1,0
38,193,-1.075,9.675,-1,0
39,193,-1.025,9.675,-1,0
40,193,-0.975,9.675,-1,0
41,193,-0.925,9.675,-1,0
42,193,-0.875,9.675,-1,0
43,193,-0.825,9.675,-1,0
44,193,-0.775,9.675,-1,0
45,193,-0.725,9.675,-1,0
46,193,-0.675,9.675,-1,0
47,193,-0.625,9.675,-1,0
48,193,-0.575,9.675,-1,0
49,193,-0.525,9.675,-1,0
50,193,-0.475,9.675,-1,0
51,193,-0.425,9.675,-1,0
52,193,-0.375,9.675,-1,0
53,193,-0.325,9.675,-1,0
54,193,-0.275,9.675,-1,0
55,193,-0.225,9.675,-1,0
56,193,-0.175,9.675,-1,0
57,193,-0.125,9.675,-1,0
58,193,-0.075,9.675,-1,0
59,193,-0.025,9.675,-1,0
60,193,0.025,9.675,-1,0
61,193,0.075,9.675,-1,0
62,193,0.125,9.675,-1,0
63,193,0.175,9.675,-1,0
64,193,0.225,9.675,-1,0
65,193,0.275,9.675,-1,0
66,193,0.325,9.675,-1,0
67,193,0.375,9.675,-1,0
68,193,0.425,9.675,-1,0
69,193,0.475,9.675,-1,0
70,193,0.525,9.675,-1,0
71,193,0.575,9.675,-1,0
72,193,0.625,9.675,-1,0
73,193,0.675,9.675,-1,0
74,193,0.725,9.675,-1,0
75,193,0.775,9.675,-1,0
76,193,0.825,9.675,-1,0
77,193,0.875,9.675,-1,0
78,193,0.925,9.675,-1,0
79,193,0.975,9.675,-1,0
80,193,1.025,9.675,-1,0
81,193,1.075,9.675,-1,0
82,193,1.125,9.675,-1,0
83,193,1.175,9.675,-1,0
84,193,1.225,9.675,-1,0
85,193,1.275,9.675,-1,0
86,193,1.325,9.675,-1,0
87,193,1.375,9.675,-1,0
88,193,1.425,9.675,-1,0
89,193,1.475,9.675,-1,0
90,193,1.525,9.675,-1,0
91,193,1.575,9.675,-1,0
92,193,1.625,9.675,-1,0
93,193,1.675,9.675,-1,0
94,193,1.725,9.675,154,36
95,193,1.775,9.675,808,60
96,193,1.825,9.675,9900,22
97,193,1.875,9.675,2768,62
98,193,1.925,9.675,2808,58
99,193,1.975,9.675,2370,40
100,193,2.025,9.675,382,57
101,193,2.075,9.675,428,28
102,193,2.125,9.675,2530,73
103,193,2.175,9.675,4589,47
104,193,2.225,9.675,1195,92
105,193,2.275,9.675,345,96
106,193,2.325,9.675,913,95
107,193,2.375,9.675,-1,0
108,193,2.425,9.675,-1,0
109,193,2.475,9.675,-1,0
110,193,2.525,9.675,-1,0
111,193,2.575,9.675,-1,0
112,193,2.625,9.675,-1,0
113,193,2.675,9.675,-1,0
114,193,2.725,9.675,-1,0
115,193,2.775,9.675,-1,0
116,193,2.825,9.675,-1,0
117,193,2.875,9.675,-1,0
118,193,2.925,9.675,-1,0
119,193,2.975,9.675,-1,0
0,194,-2.975,9.725,-1,0
1,194,-2.925,9.725,-1,0
2,194,-2.875,9.725,-1,0
3,194,-2.825,9.725,-1,0
4,194,-2.775,9.725,-1,0
5,194,-2.725,9.725,-1,0
6,194,-2.675,9.725,-1,0
7,194,-2.625,9.725,-1,0
8,194,-2.575,9.725,-1,0
9,194,-2.525,9.725,-1,0
10,194,-2.475,9.725,-1,0
11,194,-2.425,9.725,-1,0
12,194,-2.375,9.725,-1,0
13,194,-2.325,9.725,-1,0
14,194,-2.275,9.725,-1,0
15,194,-2.225,9.725,-1,0
16,194,-2.175,9.725,-1,0
17,194,-2.125,9.725,-1,0
18,194,-2.075,9.725,-1,0
19,194,-2.025,9.725,-1,0
20,194,-1.975,9.725,-1,0
21,194,-1.925,9.725,-1,0
22,194,-1.875,9.725,-1,0
23,194,-1.825,9.725,-1,0
24,194,-1.775,9.725,-1,0
25,194,-1.725,9.725,-1,0
26,194,-1.675,9.725,-1,0
27,194,-1.625,9.725,-1,0
28,194,-1.575,9.725,-1,0
29,194,-1.525,9.725,-1,0
30,194,-1.475,9.725,-1,0
31,194,-1.425,9.725,-1,0
32,194,-1.375,9.725,-1,0
33,194,-1.325,9.725,-1,0
34,194,-1.275,9.725,-1,0
35,194,-1.225,9.725,-1,0
36,194,-1.175,9.725,-1,0
37,194,-1.125,9.725,-1,0
38,194,-1.075,9.725,-1,0
39,194,-1.025,9.725,-1,0
40,194,-0.975,9.725,-1,0
41,194,-0.925,9.725,-1,0
42,194,-0.875,9.725,-1,0
43,194,-0.825,9.725,-1,0
44,194,-0.775,9.725,-1,0
45,194,-0.725,9.725,-1,0
46,194,-0.675,9.725,-1,0
47,194,-0.625,9.725,-1,0
48,194,-0.575,9.725,-1,0
49,194,-0.525,9.725,-1,0
50,194,-0.475,9.725,-1,0
51,194,-0.425,9.725,-1,0
52,194,-0.375,9.725,-1,0
53,194,-0.325,9.725,-1,0
54,194,-0.275,9.725,-1,0
55,194,-0.225,9.725,-1,0
56,194,-0.175,9.725,-1,0
57,194,-0.125,9.725,-1,0
58,194,-0.075,9.725,-1,0
59,194,-0.025,9.725,-1,0
60,194,0.025,9.725,-1,0
61,194,0.075,9.725,-1,0
62,194,0.125,9.725,-1,0
63,194,0.175,9.725,-1,0
64,194,0.225,9.725,-1,0
65,194,0.275,9.725,-1,0
66,194,0.325,9.725,-1,0
67,194,0.375,9.725,-1,0
68,194,0.425,9.725,-1,0
69,194,0.475,9.725,-1,0
70,194,0.525,9.725,-1,0
71,194,0.575,9.725,-1,0
72,194,0.625,9.725,-1,0
73,194,0.675,9.725,-1,0
74,194,0.725,9.725,-1,0
75,194,0.775,9.725,-1,0
76,194,0.825,9.725,-1,0
77,194,0.875,9.725,-1,0
78,194,0.925,9.725,-1,0
79,194,0.975,9.725,-1,0
80,194,1.025,9.725,-1,0
81,194,1.075,9.725,-1,0
82,194,1.125,9.725,-1,0
83,194,1.175,9.725,-1,0
84,194,1.225,9.725,-1,0
85,194,1.275,9.725,-1,0
86,194,1.325,9.725,-1,0
87,194,1.375,9.725,-1,0
88,194,1.425,9.725,-1,0
89,194,1.475,9.725,-1,0
90,194,1.525,9.725,-1,0
91,194,1.575,9.725,-1,0
92,194,1.625,9.725,-1,0
93,194,1.675,9.725,-1,0
94,194,1.725,9.725,-1,0
95,194,1.775,9.725,1043,96
96,194,1.825,9.725,54190,8
97,194,1.875,9.725,100,90
98,194,1.925,9.725,5629,29
99,194,1.975,9.725,4119,57
100,194,2.025,9.725,852,64
101,194,2.075,9.725,10,43
102,194,2.125,9.725,2089,53
103,194,2.175,9.725,429,56
104,194,2.225,9.725,1359,47
105,194,2.275,9.725,1533,100
106,194,2.325,9.725,346,108
107,194,2.375,9.725,2112,61
108,194,2.425,9.725,-1,0
109,194,2.475,9.725,-1,0
110,194,2.525,9.725,-1,0
111,194,2.575,9.725,-1,0
112,194,2.625,9.725,-1,0
113,194,2.675,9.725,-1,0
114,194,2.725,9.725,-1,0
115,194,2.775,9.725,-1,0
116,194,2.825,9.725,-1,0
117,194,2.875,9.725,-1,0
118,194,2.925,9.725,-1,0
119,194,2.975,9.725,-1,0
0,195,-2.975,9.775,-1,0
1,195,-2.925,9.775,-1,0
2,195,-2.875,9.775,-1,0
3,195,-2.825,9.775,-1,0
4,195,-2.775,9.775,-1,0
5,195,-2.725,9.775,-1,0
6,195,-2.675,9.775,-1,0
7,195,-2.625,9.775,-1,0
8,195,-2.575,9.775,-1,0
9,195,-2.525,9.775,-1,0
10,195,-2.475,9.775,-1,0
11,195,-2.425,9.775,-1,0
12,195,-2.375,9.775,-1,0
13,195,-2.325,9.775,-1,0
14,195,-2.275,9.775,-1,0
15,195,-2.225,9.775,-1,0
16,195,-2.175,9.775,-1,0
17,195,-2.125,9.775,-1,0
18,195,-2.075,9.775,-1,0
19,195,-2.025,9.775,-1,0
20,195,-1.975,9.775,-1,0
21,195,-1.925,9.775,-1,0
22,195,-1.875,9.775,-1,0
23,195,-1.825,9.775,-1,0
24,195,-1.775,9.775,-1,0
25,195,-1.725,9.775,-1,0
26,195,-1.675,9.775,-1,0
27,195,-1.625,9.775,-1,0
28,195,-1.575,9.775,-1,0
29,195,-1.525,9.775,-1,0
30,195,-1.475,9.775,-1,0
31,195,-1.425,9.775,-1,0
32,195,-1.375,9.775,-1,0
33,195,-1.325,9.775,-1,0
34,195,-1.275,9.775,-1,0
35,195,-1.225,9.775,-1,0
36,195,-1.175,9.775,-1,0
37,195,-1.125,9.775,-1,0
38,195,-1.075,9.775,-1,0
39,195,-1.025,9.775,-1,0
40,195,-0.975,9.775,-1,0
41,195,-0.925,9.775,-1,0
42,195,-0.875,9.775,-1,0
43,195,-0.825,9.775,-1,0
44,195,-0.775,9.775,-1,0
45,195,-0.725,9.775,-1,0
46,195,-0.675,9.775,-1,0
47,195,-0.625,9.775,-1,0
48,195,-0.575,9.775,-1,0
49,195,-0.525,9.775,-1,0
50,195,-0.475,9.775,-1,0
51,195,-0.425,9.775,-1,0
52,195,-0.375,9.775,-1,0
53,195,-0.325,9.775,-1,0
54,195,-0.275,9.775,-1,0
55,195,-0.225,9.775,-1,0
56,195,-0.175,9.775,-1,0
57,195,-0.125,9.775,-1,0
58,195,-0.075,9.775,-1,0
59,195,-0.025,9.775,-1,0
60,195,0.025,9.775,-1,0
61,195,0.075,9.775,-1,0
62,195,0.125,9.775,-1,0
63,195,0.175,9.775,-1,0
64,195,0.225,9.775,-1,0
65,195,0.275,9.775,-1,0
66,195,0.325,9.775,-1,0
67,195,0.375,9.775,-1,0
68,195,0.425,9.775,-1,0
69,195,0.475,9.775,-1,0
70,195,0.525,9.775,-1,0
71,195,0.575,9.775,-1,0
72,195,0.625,9.775,-1,0
73,195,0.675,9.775,-1,0
74,195,0.725,9.775,-1,0
75,195,0.775,9.775,-1,0
76,195,0.825,9.775,-1,0
77,195,0.875,9.775,-1,0
78,195,0.925,9.775,-1,0
79,195,0.975,9.775,-1,0
80,195,1.025,9.775,-1,0
81,195,1.075,9.775,-1,0
82,195,1.125,9.775,-1,0
83,195,1.175,9.775,-1,0
84,195,1.225,9.775,-1,0
85,195,1.275,9.775,-1,0
86,195,1.325,9.775,-1,0
87,195,1.375,9.775,-1,0
88,195,1.425,9.775,-1,0
89,195,1.475,9.775,-1,0
90,195,1.525,9.775,-1,0
91,195,1.575,9.775,-1,0
92,195,1.625,9.775,-1,0
93,195,1.675,9.775,-1,0
94,195,1.725,9.775,-1,0
95,195,1.775,9.775,-1,0
96,195,1.825,9.775,-1,0
97,195,1.875,9.775,155,84
98,195,1.925,9.775,1044,41
99,195,1.975,9.775,101,89
100,195,2.025,9.775,2809,42
101,195,2.075,9.775,2430,68
102,195,2.125,9.775,383,61
103,195,2.175,9.775,11,61
104,195,2.225,9.775,430,60
105,195,2.275,9.775,1360,64
106,195,2.325,9.775,347,105
107,195,2.375,9.775,754,117
108,195,2.425,9.775,2113,38
109,195,2.475,9.775,-1,0
110,195,2.525,9.775,-1,0
111,195,2.575,9.775,-1,0
112,195,2.625,9.775,-1,0
113,195,2.675,9.775,-1,0
114,195,2.725,9.775,-1,0
115,195,2.775,9.775,-1,0
116,195,2.825,9.775,-1,0
117,195,2.875,9.775,-1,0
118,195,2.925,9.775,-1,0
119,195,2.975,9.775,-1,0
0,196,-2.975,9.825,-1,0
1,196,-2.925,9.825,-1,0
2,196,-2.875,9.825,-1,0
3,196,-2.825,9.825,-1,0
4,196,-2.775,9.825,-1,0
5,196,-2.725,9.825,-1,0
6,196,-2.675,9.825,-1,0
7,196,-2.625,9.825,-1,0
8,196,-2.575,9.825,-1,0
9,196,-2.525,9.825,-1,0
10,196,-2.475,9.825,-1,0
11,196,-2.425,9.825,-1,0
12,196,-2.375,9.825,-1,0
13,196,-2.325,9.825,-1,0
14,196,-2.275,9.825,-1,0
15,196,-2.225,9.825,-1,0
16,196,-2.175,9.825,-1,0
17,196,-2.125,9.825,-1,0
18,196,-2.075,9.825,-1,0
19,196,-2.025,9.825,-1,0
20,196,-1.975,9.825,-1,0
21,196,-1.925,9.825,-1,0
22,196,-1.875,9.825,-1,0
23,196,-1.825,9.825,-1,0
24,196,-1.775,9.825,-1,0
25,196,-1.725,9.825,-1,0
26,196,-1.675,9.825,-1,0
27,196,-1.625,9.825,-1,0
28,196,-1.575,9.825,-1,0
29,196,-1.525,9.825,-1,0
30,196,-1.475,9.825,-1,0
31,196,-1.425,9.825,-1,0
32,196,-1.375,9.825,-1,0
33,196,-1.325,9.825,-1,0
34,196,-1.275,9.825,-1,0
35,196,-1.225,9.825,-1,0
36,196,-1.175,9.825,-1,0
37,196,-1.125,9.825,-1,0
38,196,-1.075,9.825,-1,0
39,196,-1.025,9.825,-1,0
40,196,-0.975,9.825,-1,0
41,196,-0.925,9.825,-1,0
42,196,-0.875,9.825,-1,0
43,196,-0.825,9.825,-1,0
44,196,-0.775,9.825,-1,0
45,196,-0.725,9.825,-1,0
46,196,-0.675,9.825,-1,0
47,196,-0.625,9.825,-1,0
48,196,-0.575,9.825,-1,0
49,196,-0.525,9.825,-1,0
50,196,-0.475,9.825,-1,0
51,196,-0.425,9.825,-1,0
52,196,-0.375,9.825,-1,0
53,196,-0.325,9.825,-1,0
54,196,-0.275,9.825,-1,0
55,196,-0.225,9.825,-1,0
56,196,-0.175,9.825,-1,0
57,196,-0.125,9.825,-1,0
58,196,-0.075,9.825,-1,0
59,196,-0.025,9.825,-1,0
60,196,0.025,9.825,-1,0
61,196,0.075,9.825,-1,0
62,196,0.125,9.825,-1,0
63,196,0.175,9.825,-1,0
64,196,0.225,9.825,-1,0
65,196,0.275,9.825,-1,0
66,196,0.325,9.825,-1,0
67,196,0.375,9.825,-1,0
68,196,0.425,9.825,-1,0
69,196,0.475,9.825,-1,0
70,196,0.525,9.825,-1,0
71,196,0.575,9.825,-1,0
72,196,0.625,9.825,-1,0
73,196,0.675,9.825,-1,0
74,196,0.725,9.825,-1,0
75,196,0.775,9.825,-1,0
76,196,0.825,9.825,-1,0
77,196,0.875,9.825,-1,0
78,196,0.925,9.825,-1,0
79,196,0.975,9.825,-1,0
80,196,1.025,9.825,-1,0
81,196,1.075,9.825,-1,0
82,196,1.125,9.825,-1,0
83,196,1.175,9.825,-1,0
84,196,1.225,9.825,-1,0
85,196,1.275,9.825,-1,0
86,196,1.325,9.825,-1,0
87,196,1.375,9.825,-1,0
88,196,1.425,9.825,-1,0
89,196,1.475,9.825,-1,0
90,196,1.525,9.825,-1,0
91,196,1.575,9.825,-1,0
92,196,1.625,9.825,-1,0
93,196,1.675,9.825,-1,0
94,196,1.725,9.825,-1,0
95,196,1.775,9.825,-1,0
96,196,1.825,9.825,-1,0
97,196,1.875,9.825,-1,0
98,196,1.925,9.825,12784,6
99,196,1.975,9.825,156,58
100,196,2.025,9.825,1045,64
101,196,2.075,9.825,102,98
102,196,2.125,9.825,2810,49
103,196,2.175,9.825,384,88
104,196,2.225,9.825,12,60
105,196,2.275,9.825,431,60
106,196,2.325,9.825,5040,82
107,196,2.375,9.825,348,105
108,196,2.425,9.825,755,147
109,196,2.475,9.825,2115,35
110,196,2.525,9.825,-1,0
111,196,2.575,9.825,-1,0
112,196,2.625,9.825,-1,0
113,196,2.675,9.825,-1,0
114,196,2.725,9.825,-1,0
115,196,2.775,9.825,-1,0
116,196,2.825,9.825,-1,0
117,196,2.875,9.825,-1,0
118,196,2.925,9.825,-1,0
119,196,2.975,9.825,-1,0
0,197,-2.975,9.875,-1,0
1,197,-2.925,9.875,-1,0
2,197,-2.875,9.875,-1,0
3,197,-2.825,9.875,-1,0
4,197,-2.775,9.875,-1,0
5,197,-2.725,9.875,-1,0
6,197,-2.675,9.875,-1,0
7,197,-2.625,9.875,-1,0
8,197,-2.575,9.875,-1,0
9,197,-2.525,9.875,-1,0
10,197,-2.475,9.875,-1,0
11,197,-2.425,9.875,-1,0
12,197,-2.375,9.875,-1,0
13,197,-2.325,9.875,-1,0
14,197,-2.275,9.875,-1,0
15,197,-2.225,9.875,-1,0
16,197,-2.175,9.875,-1,0
17,197,-2.125,9.875,-1,0
18,197,-2.075,9.875,-1,0
19,197,-2.025,9.875,-1,0
20,197,-1.975,9.875,-1,0
21,197,-1.925,9.875,-1,0
22,197,-1.875,9.875,-1,0
23,197,-1.825,9.875,-1,0
24,197,-1.775,9.875,-1,0
25,197,-1.725,9.875,-1,0
26,197,-1.675,9.875,-1,0
27,197,-1.625,9.875,-1,0
28,197,-1.575,9.875,-1,0
29,197,-1.525,9.875,-1,0
30,197,-1.475,9.875,-1,0
31,197,-1.425,9.875,-1,0
32,197,-1.375,9.875,-1,0
33,197,-1.325,9.875,-1,0
34,197,-1.275,9.875,-1,0
35,197,-1.225,9.875,-1,0
36,197,-1.175,9.875,-1,0
37,197,-1.125,9.875,-1,0
38,197,-1.075,9.875,-1,0
39,197,-1.025,9.875,-1,0
40,197,-0.975,9.875,-1,0
41,197,-0.925,9.875,-1,0
42,197,-0.875,9.875,-1,0
43,197,-0.825,9.875,-1,0
44,197,-0.775,9.875,-1,0
45,197,-0.725,9.875,-1,0
46,197,-0.675,9.875,-1,0
47,197,-0.625,9.875,-1,0
48,197,-0.575,9.875,-1,0
49,197,-0.525,9.875,-1,0
50,197,-0.475,9.875,-1,0
51,197,-0.425,9.875,-1,0
52,197,-0.375,9.875,-1,0
53,197,-0.325,9.875,-1,0
54,197,-0.275,9.875,-1,0
55,197,-0.225,9.875,-1,0
56,197,-0.175,9.875,-1,0
57,197,-0.125,9.875,-1,0
58,197,-0.075,9.875,-1,0
59,197,-0.025,9.875,-1,0
60,197,0.025,9.875,-1,0
61,197,0.075,9.875,-1,0
62,197,0.125,9.875,-1,0
63,197,0.175,9.875,-1,0
64,197,0.225,9.875,-1,0
65,197,0.275,9.875,-1,0
66,197,0.325,9.875,-1,0
67,197,0.375,9.875,-1,0
68,197,0.425,9.875,-1,0
69,197,0.475,9.875,-1,0
70,197,0.525,9.875,-1,0
71,197,0.575,9.875,-1,0
72,197,0.625,9.875,-1,0
73,197,0.675,9.875,-1,0
74,197,0.725,9.875,-1,0
75,197,0.775,9.875,-1,0
76,197,0.825,9.875,-1,0
77,197,0.875,9.875,-1,0
78,197,0.925,9.875,-1,0
79,197,0.975,9.875,-1,0
80,197,1.025,9.875,-1,0
81,197,1.075,9.875,-1,0
82,197,1.125,9.875,-1,0
83,197,1.175,9.875,-1,0
84,197,1.225,9.875,-1,0
85,197,1.275,9.875,-1,0
86,197,1.325,9.875,-1,0
87,197,1.375,9.875,-1,0
88,197,1.425,9.875,-1,0
89,197,1.475,9.875,-1,0
90,197,1.525,9.875,-1,0
91,197,1.575,9.875,-1,0
92,197,1.625,9.875,-1,0
93,197,1.675,9.875,-1,0
94,197,1.725,9.875,-1,0
95,197,1.775,9.875,-1,0
96,197,1.825,9.875,-1,0
97,197,1.875,9.875,-1,0
98,197,1.925,9.875,-1,0
99,197,1.975,9.875,-1,0
100,197,2.025,9.875,3222,17
101,197,2.075,9.875,157,85
102,197,2.125,9.875,2402,57
103,197,2.175,9.875,103,88
104,197,2.225,9.875,855,92
105,197,2.275,9.875,2221,82
106,197,2.325,9.875,432,76
107,197,2.375,9.875,433,109
108,197,2.425,9.875,349,138
109,197,2.475,9.875,350,159
110,197,2.525,9.875,2117,30
111,197,2.575,9.875,-1,0
112,197,2.625,9.875,-1,0
113,197,2.675,9.875,-1,0
114,197,2.725,9.875,-1,0
115,197,2.775,9.875,-1,0
116,197,2.825,9.875,-1,0
117,197,2.875,9.875,-1,0
118,197,2.925,9.875,-1,0
119,197,2.975,9.875,-1,0
0,198,-2.975,9.925,-1,0
1,198,-2.925,9.925,-1,0
2,198,-2.875,9.925,-1,0
3,198,-2.825,9.925,-1,0
4,198,-2.775,9.925,-1,0
5,198,-2.725,9.925,-1,0
6,198,-2.675,9.925,-1,0
7,198,-2.625,9.925,-1,0
8,198,-2.575,9.925,-1,0
9,198,-2.525,9.925,-1,0
10,198,-2.475,9.925,-1,0
11,198,-2.425,9.925,-1,0
12,198,-2.375,9.925,-1,0
13,198,-2.325,9.925,-1,0
14,198,-2.275,9.925,-1,0
15,198,-2.225,9.925,-1,0
16,198,-2.175,9.925,-1,0
17,198,-2.125,9.925,-1,0
18,198,-2.075,9.925,-1,0
19,198,-2.025,9.925,-1,0
20,198,-1.975,9.925,-1,0
21,198,-1.925,9.925,-1,0
22,198,-1.875,9.925,-1,0
23,198,-1.825,9.925,-1,0
24,198,-1.775,9.925,-1,0
25,198,-1.725,9.925,-1,0
26,198,-1.675,9.925,-1,0
27,198,-1.625,9.925,-1,0
28,198,-1.575,9.925,-1,0
29,198,-1.525,9.925,-1,0
30,198,-1.475,9.925,-1,0
31,198,-1.425,9.925,-1,0
32,198,-1.375,9.925,-1,0
33,198,-1.325,9.925,-1,0
34,198,-1.275,9.925,-1,0
35,198,-1.225,9.925,-1,0
36,198,-1.175,9.925,-1,0
37,198,-1.125,9.925,-1,0
38,198,-1.075,9.925,-1,0
39,198,-1.025,9.925,-1,0
40,198,-0.975,9.925,-1,0
41,198,-0.925,9.925,-1,0
42,198,-0.875,9.925,-1,0
43,198,-0.825,9.925,-1,0
44,198,-0.775,9.925,-1,0
45,198,-0.725,9.925,-1,0
46,198,-0.675,9.925,-1,0
47,198,-0.625,9.925,-1,0
48,198,-0.575,9.925,-1,0
49,198,-0.525,9.925,-1,0
50,198,-0.475,9.925,-1,0
51,198,-0.425,9.925,-1,0
52,198,-0.375,9.925,-1,0
53,198,-0.325,9.925,-1,0
54,198,-0.275,9.925,-1,0
55,198,-0.225,9.925,-1,0
56,198,-0.175,9.925,-1,0
57,198,-0.125,9.925,-1,0
58,198,-0.075,9.925,-1,0
59,198,-0.025,9.925,-1,0
60,198,0.025,9.925,-1,0
61,198,0.075,9.925,-1,0
62,198,0.125,9.925,-1,0
63,198,0.175,9.925,-1,0
64,198,0.225,9.925,-1,0
65,198,0.275,9.925,-1,0
66,198,0.325,9.925,-1,0
67,198,0.375,9.925,-1,0
68,198,0.425,9.925,-1,0
69,198,0.475,9.925,-1,0
70,198,0.525,9.925,-1,0
71,198,0.575,9.925,-1,0
72,198,0.625,9.925,-1,0
73,198,0.675,9.925,-1,0
74,198,0.725,9.925,-1,0
75,198,0.775,9.925,-1,0
76,198,0.825,9.925,-1,0
77,198,0.875,9.925,-1,0
78,198,0.925,9.925,-1,0
79,198,0.975,9.925,-1,0
80,198,1.025,9.925,-1,0
81,198,1.075,9.925,-1,0
82,198,1.125,9.925,-1,0
83,198,1.175,9.925,-1,0
84,198,1.225,9.925,-1,0
85,198,1.275,9.925,-1,0
86,198,1.325,9.925,-1,0
87,198,1.375,9.925,-1,0
88,198,1.425,9.925,-1,0
89,198,1.475,9.925,-1,0
90,198,1.525,9.925,-1,0
91,198,1.575,9.925,-1,0
92,198,1.625,9.925,-1,0
93,198,1.675,9.925,-1,0
94,198,1.725,9.925,-1,0
95,198,1.775,9.925,-1,0
96,198,1.825,9.925,-1,0
97,198,1.875,9.925,-1,0
98,198,1.925,9.925,-1,0
99,198,1.975,9.925,-1,0
100,198,2.025,9.925,-1,0
101,198,2.075,9.925,-1,0
102,198,2.125,9.925,-1,0
103,198,2.175,9.925,1063,69
104,198,2.225,9.925,104,104
105,198,2.275,9.925,1619,93
106,198,2.325,9.925,105,106
107,198,2.375,9.925,2223,120
108,198,2.425,9.925,434,113
109,198,2.475,9.925,351,184
110,198,2.525,9.925,352,235
111,198,2.575,9.925,761,116
112,198,2.625,9.925,-1,0
113,198,2.675,9.925,-1,0
114,198,2.725,9.925,-1,0
115,198,2.775,9.925,-1,0
116,198,2.825,9.925,-1,0
117,198,2.875,9.925,-1,0
118,198,2.925,9.925,-1,0
119,198,2.975,9.925,-1,0
0,199,-2.975,9.975,-1,0
1,199,-2.925,9.975,-1,0
2,199,-2.875,9.975,-1,0
3,199,-2.825,9.975,-1,0
4,199,-2.775,9.975,-1,0
5,199,-2.725,9.975,-1,0
6,199,-2.675,9.975,-1,0
7,199,-2.625,9.975,-1,0
8,199,-2.575,9.975,-1,0
9,199,-2.525,9.975,-1,0
10,199,-2.475,9.975,-1,0
11,199,-2.425,9.975,-1,0
12,199,-2.375,9.975,-1,0
13,199,-2.325,9.975,-1,0
14,199,-2.275,9.975,-1,0
15,199,-2.225,9.975,-1,0
16,199,-2.175,9.975,-1,0
17,199,-2.125,9.975,-1,0
18,199,-2.075,9.975,-1,0
19,199,-2.025,9.975,-1,0
20,199,-1.975,9.975,-1,0
21,199,-1.925,9.975,-1,0
22,199,-1.875,9.975,-1,0
23,199,-1.825,9.975,-1,0
24,199,-1.775,9.975,-1,0
25,199,-1.725,9.975,-1,0
26,199,-1.675,9.975,-1,0
27,199,-1.625,9.975,-1,0
28,199,-1.575,9.975,-1,0
29,199,-1.525,9.975,-1,0
30,199,-1.475,9.975,-1,0
31,199,-1.425,9.975,-1,0
32,199,-1.375,9.975,-1,0
33,199,-1.325,9.975,-1,0
34,199,-1.275,9.975,-1,0
35,199,-1.225,9.975,-1,0
36,199,-1.175,9.975,-1,0
37,199,-1.125,9.975,-1,0
38,199,-1.075,9.975,-1,0
39,199,-1.025,9.975,-1,0
40,199,-0.975,9.975,-1,0
41,199,-0.925,9.975,-1,0
42,199,-0.875,9.975,-1,0
43,199,-0.825,9.975,-1,0
44,199,-0.775,9.975,-1,0
45,199,-0.725,9.975,-1,0
46,199,-0.675,9.975,-1,0
47,199,-0.625,9.975,-1,0
48,199,-0.575,9.975,-1,0
49,199,-0.525,9.975,-1,0
50,199,-0.475,9.975,-1,0
51,199,-0.425,9.975,-1,0
52,199,-0.375,9.975,-1,0
53,199,-0.325,9.975,-1,0
54,199,-0.275,9.975,-1,0
55,199,-0.225,9.975,-1,0
56,199,-0.175,9.975,-1,0
57,199,-0.125,9.975,-1,0
58,199,-0.075,9.975,-1,0
59,199,-0.025,9.975,-1,0
60,199,0.025,9.975,-1,0
61,199,0.075,9.975,-1,0
62,199,0.125,9.975,-1,0
63,199,0.175,9.975,-1,0
64,199,0.225,9.975,-1,0
65,199,0.275,9.975,-1,0
66,199,0.325,9.975,-1,0
67,199,0.375,9.975,-1,0
68,199,0.425,9.975,-1,0
69,199,0.475,9.975,-1,0
70,199,0.525,9.975,-1,0
71,199,0.575,9.975,-1,0
72,199,0.625,9.975,-1,0
73,199,0.675,9.975,-1,0
74,199,0.725,9.975,-1,0
75,199,0.775,9.975,-1,0
76,199,0.825,9.975,-1,0
77,199,0.875,9.975,-1,0
78,199,0.925,9.975,-1,0
79,199,0.975,9.975,-1,0
80,199,1.025,9.975,-1,0
81,199,1.075,9.975,-1,0
82,199,1.125,9.975,-1,0
83,199,1.175,9.975,-1,0
84,199,1.225,9.975,-1,0
85,199,1.275,9.975,-1,0
86,199,1.325,9.975,-1,0
87,199,1.375,9.975,-1,0
88,199,1.425,9.975,-1,0
89,199,1.475,9.975,-1,0
90,199,1.525,9.975,-1,0
91,199,1.575,9.975,-1,0
92,199,1.625,9.975,-1,0
93,199,1.675,9.975,-1,0
94,199,1.725,9.975,-1,0
95,199,1.775,9.975,-1,0
96,199,1.825,9.975,-1,0
97,199,1.875,9.975,-1,0
98,199,1.925,9.975,-1,0
99,199,1.975,9.975,-1,0
100,199,2.025,9.975,-1,0
101,199,2.075,9.975,-1,0
102,199,2.125,9.975,-1,0
103,199,2.175,9.975,-1,0
104,199,2.225,9.975,-1,0
105,199,2.275,9.975,17570,13
106,199,2.325,9.975,1065,70
107,199,2.375,9.975,106,113
108,199,2.425,9.975,108,150
109,199,2.475,9.975,1069,196
110,199,2.525,9.975,437,263
111,199,2.575,9.975,484,382
112,199,2.625,9.975,487,521
113,199,2.675,9.975,500,124
114,199,2.725,9.975,-1,0
115,199,2.775,9.975,-1,0
116,199,2.825,9.975,-1,0
117,199,2.875,9.975,-1,0
118,199,2.925,9.975,-1,0
119,199,2.975,9.975,-1,0
