gx,gy,x_center,y_center,total_hits,entropy_bits,normalized_entropy,dominant_share,share_stem,share_bulk,share_left,share_right
60,0,0.025000,0.025000,1,0.000000,0.000000,1.000000,1.000000,0.000000,0.000000,0.000000
60,1,0.025000,0.075000,5,0.000000,0.000000,1.000000,1.000000,0.000000,0.000000,0.000000
60,2,0.025000,0.125000,13,0.000000,0.000000,1.000000,1.000000,0.000000,0.000000,0.000000
60,3,0.025000,0.175000,9,0.000000,0.000000,1.000000,1.000000,0.000000,0.000000,0.000000
60,4,0.025000,0.225000,11,0.000000,0.000000,1.000000,1.000000,0.000000,0.000000,0.000000
60,5,0.025000,0.275000,17,0.000000,0.000000,1.000000,1.000000,0.000000,0.000000,0.000000
60,6,0.025000,0.325000,33,0.000000,0.000000,1.000000,1.000000,0.000000,0.000000,0.000000
60,7,0.025000,0.375000,34,0.000000,0.000000,1.000000,1.000000,0.000000,0.000000,0.000000
60,8,0.025000,0.425000,44,0.000000,0.000000,1.000000,1.000000,0.000000,0.000000,0.000000
60,9,0.025000,0.475000,43,0.159350,0.079675,0.976744,0.976744,0.000000,0.000000,0.023256
61,9,0.075000,0.475000,2,0.000000,0.000000,1.000000,0.000000,0.000000,0.000000,1.000000
60,10,0.025000,0.525000,60,0.000000,0.000000,1.000000,1.000000,0.000000,0.000000,0.000000
61,10,0.075000,0.525000,3,0.000000,0.000000,1.000000,0.000000,0.000000,0.000000,1.000000
62,10,0.125000,0.525000,9,0.000000,0.000000,1.000000,0.000000,0.000000,0.000000,1.000000
74,10,0.725000,0.525000,6,0.000000,0.000000,1.000000,0.000000,0.000000,0.000000,1.000000
75,10,0.775000,0.525000,6,0.000000,0.000000,1.000000,0.000000,0.000000,0.000000,1.000000
76,10,0.825000,0.525000,4,0.000000,0.000000,1.000000,0.000000,0.000000,0.000000,1.000000
60,11,0.025000,0.575000,44,0.000000,0.000000,1.000000,1.000000,0.000000,0.000000,0.000000
62,11,0.125000,0.575000,10,0.000000,0.000000,1.000000,0.000000,0.000000,0.000000,1.000000
63,11,0.175000,0.575000,6,0.000000,0.000000,1.000000,0.000000,0.000000,0.000000,1.000000
73,11,0.675000,0.575000,3,0.000000,0.000000,1.000000,0.000000,0.000000,0.000000,1.000000
74,11,0.725000,0.575000,5,0.000000,0.000000,1.000000,0.000000,0.000000,0.000000,1.000000
75,11,0.775000,0.575000,2,0.000000,0.000000,1.000000,0.000000,0.000000,0.000000,1.000000
76,11,0.825000,0.575000,3,0.000000,0.000000,1.000000,0.000000,0.000000,0.000000,1.000000
77,11,0.875000,0.575000,6,0.000000,0.000000,1.000000,0.000000,0.000000,0.000000,1.000000
78,11,0.925000,0.575000,6,0.000000,0.000000,1.000000,0.000000,0.000000,0.000000,1.000000
60,12,0.025000,0.625000,51,0.000000,0.000000,1.000000,1.000000,0.000000,0.000000,0.000000
62,12,0.125000,0.625000,3,0.000000,0.000000,1.000000,0.000000,0.000000,0.000000,1.000000
63,12,0.175000,0.625000,3,0.000000,0.000000,1.000000,0.000000,0.000000,0.000000,1.000000
64,12,0.225000,0.625000,14,0.000000,0.000000,1.000000,0.000000,0.000000,0.000000,1.000000
73,12,0.675000,0.625000,4,0.000000,0.000000,1.000000,0.000000,0.000000,0.000000,1.000000
74,12,0.725000,0.625000,4,0.000000,0.000000,1.000000,0.000000,0.000000,0.000000,1.000000
75,12,0.775000,0.625000,3,0.000000,0.000000,1.000000,0.000000,0.000000,0.000000,1.000000
76,12,0.825000,0.625000,3,0.000000,0.000000,1.000000,0.000000,0.000000,0.000000,1.000000
77,12,0.875000,0.625000,7,0.000000,0.000000,1.000000,0.000000,0.000000,0.000000,1.000000
78,12,0.925000,0.625000,2,0.000000,0.000000,1.000000,0.000000,0.000000,0.000000,1.000000
79,12,0.975000,0.625000,5,0.000000,0.000000,1.000000,0.000000,0.000000,0.000000,1.000000
80,12,1.025000,0.625000,8,0.000000,0.000000,1.000000,0.000000,0.000000,0.000000,1.000000
81,12,1.075000,0.625000,4,0.000000,0.000000,1.000000,0.000000,0.000000,0.000000,1.000000
82,12,1.125000,0.625000,2,0.000000,0.000000,1.000000,0.000000,0.000000,0.000000,1.000000
60,13,0.025000,0.675000,55,0.000000,0.000000,1.000000,1.000000,0.000000,0.000000,0.000000
62,13,0.125000,0.675000,2,0.000000,0.000000,1.000000,0.000000,0.000000,0.000000,1.000000
64,13,0.225000,0.675000,3,0.000000,0.000000,1.000000,0.000000,0.000000,0.000000,1.000000
65,13,0.275000,0.675000,13,0.000000,0.000000,1.000000,0.000000,0.000000,0.000000,1.000000
72,13,0.625000,0.675000,2,0.000000,0.000000,1.000000,0.000000,0.000000,0.000000,1.000000
73,13,0.675000,0.675000,1,0.000000,0.000000,1.000000,0.000000,0.000000,0.000000,1.000000
74,13,0.725000,0.675000,5,0.000000,0.000000,1.000000,0.000000,0.000000,0.000000,1.000000
75,13,0.775000,0.675000,3,0.000000,0.000000,1.000000,0.000000,0.000000,0.000000,1.000000
76,13,0.825000,0.675000,1,0.000000,0.000000,1.000000,0.000000,0.000000,0.000000,1.000000
77,13,0.875000,0.675000,7,0.000000,0.000000,1.000000,0.000000,0.000000,0.000000,1.000000
78,13,0.925000,0.675000,4,0.000000,0.000000,1.000000,0.000000,0.000000,0.000000,1.000000
79,13,0.975000,0.675000,3,0.000000,0.000000,1.000000,0.000000,0.000000,0.000000,1.000000
80,13,1.025000,0.675000,1,0.000000,0.000000,1.000000,0.000000,0.000000,0.000000,1.000000
81,13,1.075000,0.675000,8,0.000000,0.000000,1.000000,0.000000,0.000000,0.000000,1.000000
82,13,1.125000,0.675000,6,0.000000,0.000000,1.000000,0.000000,0.000000,0.000000,1.000000
83,13,1.175000,0.675000,11,0.000000,0.000000,1.000000,0.000000,0.000000,0.000000,1.000000
60,14,0.025000,0.725000,41,0.000000,0.000000,1.000000,1.000000,0.000000,0.000000,0.000000
63,14,0.175000,0.725000,2,0.000000,0.000000,1.000000,0.000000,0.000000,0.000000,1.000000
64,14,0.225000,0.725000,4,0.000000,0.000000,1.000000,0.000000,0.000000,0.000000,1.000000
65,14,0.275000,0.725000,3,0.000000,0.000000,1.000000,0.000000,0.000000,0.000000,1.000000
66,14,0.325000,0.725000,10,0.000000,0.000000,1.000000,0.000000,0.000000,0.000000,1.000000
67,14,0.375000,0.725000,3,0.000000,0.000000,1.000000,0.000000,0.000000,0.000000,1.000000
72,14,0.625000,0.725000,1,0.000000,0.000000,1.000000,0.000000,0.000000,0.000000,1.000000
74,14,0.725000,0.725000,1,0.000000,0.000000,1.000000,0.000000,0.000000,0.000000,1.000000
75,14,0.775000,0.725000,1,0.000000,0.000000,1.000000,0.000000,0.000000,0.000000,1.000000
76,14,0.825000,0.725000,4,0.000000,0.000000,1.000000,0.000000,0.000000,0.000000,1.000000
77,14,0.875000,0.725000,4,0.000000,0.000000,1.000000,0.000000,0.000000,0.000000,1.000000
78,14,0.925000,0.725000,5,0.000000,0.000000,1.000000,0.000000,0.000000,0.000000,1.000000
79,14,0.975000,0.725000,2,0.000000,0.000000,1.000000,0.000000,0.000000,0.000000,1.000000
80,14,1.025000,0.725000,4,0.000000,0.000000,1.000000,0.000000,0.000000,0.000000,1.000000
81,14,1.075000,0.725000,7,0.000000,0.000000,1.000000,0.000000,0.000000,0.000000,1.000000
82,14,1.125000,0.725000,6,0.000000,0.000000,1.000000,0.000000,0.000000,0.000000,1.000000
83,14,1.175000,0.725000,7,0.000000,0.000000,1.000000,0.000000,0.000000,0.000000,1.000000
84,14,1.225000,0.725000,18,0.000000,0.000000,1.000000,0.000000,0.000000,0.000000,1.000000
85,14,1.275000,0.725000,10,0.000000,0.000000,1.000000,0.000000,0.000000,0.000000,1.000000
86,14,1.325000,0.725000,3,0.000000,0.000000,1.000000,0.000000,0.000000,0.000000,1.000000
60,15,0.025000,0.775000,50,0.141441,0.070720,0.980000,0.980000,0.000000,0.000000,0.020000
61,15,0.075000,0.775000,2,0.000000,0.000000,1.000000,0.000000,0.000000,0.000000,1.000000
63,15,0.175000,0.775000,2,0.000000,0.000000,1.000000,0.000000,0.000000,0.000000,1.000000
64,15,0.225000,0.775000,4,0.000000,0.000000,1.000000,0.000000,0.000000,0.000000,1.000000
65,15,0.275000,0.775000,5,0.000000,0.000000,1.000000,0.000000,0.000000,0.000000,1.000000
66,15,0.325000,0.775000,2,0.000000,0.000000,1.000000,0.000000,0.000000,0.000000,1.000000
67,15,0.375000,0.775000,10,0.000000,0.000000,1.000000,0.000000,0.000000,0.000000,1.000000
68,15,0.425000,0.775000,6,0.000000,0.000000,1.000000,0.000000,0.000000,0.000000,1.000000
73,15,0.675000,0.775000,4,0.000000,0.000000,1.000000,0.000000,0.000000,0.000000,1.000000
74,15,0.725000,0.775000,5,0.000000,0.000000,1.000000,0.000000,0.000000,0.000000,1.000000
75,15,0.775000,0.775000,4,0.000000,0.000000,1.000000,0.000000,0.000000,0.000000,1.000000
76,15,0.825000,0.775000,6,0.000000,0.000000,1.000000,0.000000,0.000000,0.000000,1.000000
77,15,0.875000,0.775000,2,0.000000,0.000000,1.000000,0.000000,0.000000,0.000000,1.000000
78,15,0.925000,0.775000,4,0.000000,0.000000,1.000000,0.000000,0.000000,0.000000,1.000000
79,15,0.975000,0.775000,1,0.000000,0.000000,1.000000,0.000000,0.000000,0.000000,1.000000
80,15,1.025000,0.775000,2,0.000000,0.000000,1.000000,0.000000,0.000000,0.000000,1.000000
81,15,1.075000,0.775000,5,0.000000,0.000000,1.000000,0.000000,0.000000,0.000000,1.000000
82,15,1.125000,0.775000,8,0.000000,0.000000,1.000000,0.000000,0.000000,0.000000,1.000000
83,15,1.175000,0.775000,6,0.000000,0.000000,1.000000,0.000000,0.000000,0.000000,1.000000
84,15,1.225000,0.775000,4,0.000000,0.000000,1.000000,0.000000,0.000000,0.000000,1.000000
85,15,1.275000,0.775000,9,0.000000,0.000000,1.000000,0.000000,0.000000,0.000000,1.000000
86,15,1.325000,0.775000,13,0.000000,0.000000,1.000000,0.000000,0.000000,0.000000,1.000000
87,15,1.375000,0.775000,5,0.000000,0.000000,1.000000,0.000000,0.000000,0.000000,1.000000
60,16,0.025000,0.825000,49,0.143726,0.071863,0.979592,0.979592,0.000000,0.000000,0.020408
61,16,0.075000,0.825000,3,0.000000,0.000000,1.000000,0.000000,0.000000,0.000000,1.000000
63,16,0.175000,0.825000,2,0.000000,0.000000,1.000000,0.000000,0.000000,0.000000,1.000000
65,16,0.275000,0.825000,3,0.000000,0.000000,1.000000,0.000000,0.000000,0.000000,1.000000
66,16,0.325000,0.825000,2,0.000000,0.000000,1.000000,0.000000,0.000000,0.000000,1.000000
67,16,0.375000,0.825000,1,0.000000,0.000000,1.000000,0.000000,0.000000,0.000000,1.000000
68,16,0.425000,0.825000,10,0.000000,0.000000,1.000000,0.000000,0.000000,0.000000,1.000000
69,16,0.475000,0.825000,3,0.000000,0.000000,1.000000,0.000000,0.000000,0.000000,1.000000
70,16,0.525000,0.825000,4,0.000000,0.000000,1.000000,0.000000,0.000000,0.000000,1.000000
71,16,0.575000,0.825000,3,0.000000,0.000000,1.000000,0.000000,0.000000,0.000000,1.000000
75,16,0.775000,0.825000,1,0.000000,0.000000,1.000000,0.000000,0.000000,0.000000,1.000000
76,16,0.825000,0.825000,2,0.000000,0.000000,1.000000,0.000000,0.000000,0.000000,1.000000
77,16,0.875000,0.825000,7,0.000000,0.000000,1.000000,0.000000,0.000000,0.000000,1.000000
78,16,0.925000,0.825000,8,0.000000,0.000000,1.000000,0.000000,0.000000,0.000000,1.000000
79,16,0.975000,0.825000,2,0.000000,0.000000,1.000000,0.000000,0.000000,0.000000,1.000000
80,16,1.025000,0.825000,7,0.000000,0.000000,1.000000,0.000000,0.000000,0.000000,1.000000
81,16,1.075000,0.825000,5,0.000000,0.000000,1.000000,0.000000,0.000000,0.000000,1.000000
82,16,1.125000,0.825000,4,0.000000,0.000000,1.000000,0.000000,0.000000,0.000000,1.000000
83,16,1.175000,0.825000,3,0.000000,0.000000,1.000000,0.000000,0.000000,0.000000,1.000000
84,16,1.225000,0.825000,7,0.000000,0.000000,1.000000,0.000000,0.000000,0.000000,1.000000
85,16,1.275000,0.825000,9,0.000000,0.000000,1.000000,0.000000,0.000000,0.000000,1.000000
86,16,1.325000,0.825000,9,0.000000,0.000000,1.000000,0.000000,0.000000,0.000000,1.000000
87,16,1.375000,0.825000,12,0.000000,0.000000,1.000000,0.000000,0.000000,0.000000,1.000000
88,16,1.425000,0.825000,15,0.000000,0.000000,1.000000,0.000000,0.000000,0.000000,1.000000
89,16,1.475000,0.825000,3,0.000000,0.000000,1.000000,0.000000,0.000000,0.000000,1.000000
60,17,0.025000,0.875000,43,0.271390,0.135695,0.953488,0.953488,0.000000,0.000000,0.046512
61,17,0.075000,0.875000,4,0.000000,0.000000,1.000000,0.000000,0.000000,0.000000,1.000000
62,17,0.125000,0.875000,4,0.000000,0.000000,1.000000,0.000000,0.000000,0.000000,1.000000
63,17,0.175000,0.875000,3,0.000000,0.000000,1.000000,0.000000,0.000000,0.000000,1.000000
64,17,0.225000,0.875000,4,0.000000,0.000000,1.000000,0.000000,0.000000,0.000000,1.000000
65,17,0.275000,0.875000,4,0.000000,0.000000,1.000000,0.000000,0.000000,0.000000,1.000000
66,17,0.325000,0.875000,4,0.000000,0.000000,1.000000,0.000000,0.000000,0.000000,1.000000
67,17,0.375000,0.875000,4,0.000000,0.000000,1.000000,0.000000,0.000000,0.000000,1.000000
69,17,0.475000,0.875000,3,0.000000,0.000000,1.000000,0.000000,0.000000,0.000000,1.000000
70,17,0.525000,0.875000,2,0.000000,0.000000,1.000000,0.000000,0.000000,0.000000,1.000000
72,17,0.625000,0.875000,4,0.000000,0.000000,1.000000,0.000000,0.000000,0.000000,1.000000
73,17,0.675000,0.875000,4,0.000000,0.000000,1.000000,0.000000,0.000000,0.000000,1.000000
75,17,0.775000,0.875000,1,0.000000,0.000000,1.000000,0.000000,0.000000,0.000000,1.000000
76,17,0.825000,0.875000,6,0.000000,0.000000,1.000000,0.000000,0.000000,0.000000,1.000000
77,17,0.875000,0.875000,1,0.000000,0.000000,1.000000,0.000000,0.000000,0.000000,1.000000
78,17,0.925000,0.875000,1,0.000000,0.000000,1.000000,0.000000,0.000000,0.000000,1.000000
79,17,0.975000,0.875000,5,0.000000,0.000000,1.000000,0.000000,0.000000,0.000000,1.000000
80,17,1.025000,0.875000,5,0.000000,0.000000,1.000000,0.000000,0.000000,0.000000,1.000000
81,17,1.075000,0.875000,5,0.000000,0.000000,1.000000,0.000000,0.000000,0.000000,1.000000
82,17,1.125000,0.875000,6,0.000000,0.000000,1.000000,0.000000,0.000000,0.000000,1.000000
83,17,1.175000,0.875000,8,0.000000,0.000000,1.000000,0.000000,0.000000,0.000000,1.000000
84,17,1.225000,0.875000,7,0.000000,0.000000,1.000000,0.000000,0.000000,0.000000,1.000000
85,17,1.275000,0.875000,12,0.000000,0.000000,1.000000,0.000000,0.000000,0.000000,1.000000
86,17,1.325000,0.875000,7,0.000000,0.000000,1.000000,0.000000,0.000000,0.000000,1.000000
87,17,1.375000,0.875000,11,0.000000,0.000000,1.000000,0.000000,0.000000,0.000000,1.000000
88,17,1.425000,0.875000,13,0.000000,0.000000,1.000000,0.000000,0.000000,0.000000,1.000000
89,17,1.475000,0.875000,15,0.000000,0.000000,1.000000,0.000000,0.000000,0.000000,1.000000
90,17,1.525000,0.875000,1,0.000000,0.000000,1.000000,0.000000,0.000000,0.000000,1.000000
60,18,0.025000,0.925000,57,0.629249,0.314625,0.842105,0.842105,0.000000,0.000000,0.157895
61,18,0.075000,0.925000,6,0.000000,0.000000,1.000000,0.000000,0.000000,0.000000,1.000000
62,18,0.125000,0.925000,3,0.000000,0.000000,1.000000,0.000000,0.000000,0.000000,1.000000
63,18,0.175000,0.925000,1,0.000000,0.000000,1.000000,0.000000,0.000000,0.000000,1.000000
64,18,0.225000,0.925000,2,0.000000,0.000000,1.000000,0.000000,0.000000,0.000000,1.000000
65,18,0.275000,0.925000,3,0.000000,0.000000,1.000000,0.000000,0.000000,0.000000,1.000000
66,18,0.325000,0.925000,5,0.000000,0.000000,1.000000,0.000000,0.000000,0.000000,1.000000
67,18,0.375000,0.925000,7,0.000000,0.000000,1.000000,0.000000,0.000000,0.000000,1.000000
70,18,0.525000,0.925000,2,0.000000,0.000000,1.000000,0.000000,0.000000,0.000000,1.000000
71,18,0.575000,0.925000,12,0.000000,0.000000,1.000000,0.000000,0.000000,0.000000,1.000000
72,18,0.625000,0.925000,1,0.000000,0.000000,1.000000,0.000000,0.000000,0.000000,1.000000
73,18,0.675000,0.925000,5,0.000000,0.000000,1.000000,0.000000,0.000000,0.000000,1.000000
74,18,0.725000,0.925000,2,0.000000,0.000000,1.000000,0.000000,0.000000,0.000000,1.000000
75,18,0.775000,0.925000,7,0.000000,0.000000,1.000000,0.000000,0.000000,0.000000,1.000000
77,18,0.875000,0.925000,2,0.000000,0.000000,1.000000,0.000000,0.000000,0.000000,1.000000
78,18,0.925000,0.925000,3,0.000000,0.000000,1.000000,0.000000,0.000000,0.000000,1.000000
79,18,0.975000,0.925000,6,0.000000,0.000000,1.000000,0.000000,0.000000,0.000000,1.000000
80,18,1.025000,0.925000,3,0.000000,0.000000,1.000000,0.000000,0.000000,0.000000,1.000000
81,18,1.075000,0.925000,8,0.000000,0.000000,1.000000,0.000000,0.000000,0.000000,1.000000
82,18,1.125000,0.925000,12,0.000000,0.000000,1.000000,0.000000,0.000000,0.000000,1.000000
83,18,1.175000,0.925000,7,0.000000,0.000000,1.000000,0.000000,0.000000,0.000000,1.000000
84,18,1.225000,0.925000,5,0.000000,0.000000,1.000000,0.000000,0.000000,0.000000,1.000000
85,18,1.275000,0.925000,3,0.000000,0.000000,1.000000,0.000000,0.000000,0.000000,1.000000
86,18,1.325000,0.925000,3,0.000000,0.000000,1.000000,0.000000,0.000000,0.000000,1.000000
87,18,1.375000,0.925000,8,0.000000,0.000000,1.000000,0.000000,0.000000,0.000000,1.000000
88,18,1.425000,0.925000,11,0.000000,0.000000,1.000000,0.000000,0.000000,0.000000,1.000000
89,18,1.475000,0.925000,15,0.000000,0.000000,1.000000,0.000000,0.000000,0.000000,1.000000
90,18,1.525000,0.925000,38,0.000000,0.000000,1.000000,0.000000,0.000000,0.000000,1.000000
60,19,0.025000,0.975000,66,0.329846,0.164923,0.939394,0.939394,0.000000,0.000000,0.060606
61,19,0.075000,0.975000,4,0.000000,0.000000,1.000000,0.000000,0.000000,0.000000,1.000000
64,19,0.225000,0.975000,3,0.000000,0.000000,1.000000,0.000000,0.000000,0.000000,1.000000
65,19,0.275000,0.975000,6,0.000000,0.000000,1.000000,0.000000,0.000000,0.000000,1.000000
66,19,0.325000,0.975000,3,0.000000,0.000000,1.000000,0.000000,0.000000,0.000000,1.000000
67,19,0.375000,0.975000,7,0.000000,0.000000,1.000000,0.000000,0.000000,0.000000,1.000000
68,19,0.425000,0.975000,3,0.000000,0.000000,1.000000,0.000000,0.000000,0.000000,1.000000
71,19,0.575000,0.975000,4,0.000000,0.000000,1.000000,0.000000,0.000000,0.000000,1.000000
72,19,0.625000,0.975000,10,0.000000,0.000000,1.000000,0.000000,0.000000,0.000000,1.000000
73,19,0.675000,0.975000,4,0.000000,0.000000,1.000000,0.000000,0.000000,0.000000,1.000000
74,19,0.725000,0.975000,4,0.000000,0.000000,1.000000,0.000000,0.000000,0.000000,1.000000
75,19,0.775000,0.975000,2,0.000000,0.000000,1.000000,0.000000,0.000000,0.000000,1.000000
76,19,0.825000,0.975000,4,0.000000,0.000000,1.000000,0.000000,0.000000,0.000000,1.000000
77,19,0.875000,0.975000,6,0.000000,0.000000,1.000000,0.000000,0.000000,0.000000,1.000000
78,19,0.925000,0.975000,7,0.000000,0.000000,1.000000,0.000000,0.000000,0.000000,1.000000
79,19,0.975000,0.975000,12,0.000000,0.000000,1.000000,0.000000,0.000000,0.000000,1.000000
80,19,1.025000,0.975000,8,0.000000,0.000000,1.000000,0.000000,0.000000,0.000000,1.000000
81,19,1.075000,0.975000,9,0.000000,0.000000,1.000000,0.000000,0.000000,0.000000,1.000000
82,19,1.125000,0.975000,5,0.000000,0.000000,1.000000,0.000000,0.000000,0.000000,1.000000
83,19,1.175000,0.975000,3,0.000000,0.000000,1.000000,0.000000,0.000000,0.000000,1.000000
84,19,1.225000,0.975000,11,0.000000,0.000000,1.000000,0.000000,0.000000,0.000000,1.000000
90,19,1.525000,0.975000,8,0.000000,0.000000,1.000000,0.000000,0.000000,0.000000,1.000000
60,20,0.025000,1.025000,52,0.318215,0.159108,0.942308,0.942308,0.000000,0.000000,0.057692
61,20,0.075000,1.025000,2,0.000000,0.000000,1.000000,0.000000,0.000000,0.000000,1.000000
62,20,0.125000,1.025000,2,0.000000,0.000000,1.000000,0.000000,0.000000,0.000000,1.000000
63,20,0.175000,1.025000,2,0.000000,0.000000,1.000000,0.000000,0.000000,0.000000,1.000000
64,20,0.225000,1.025000,4,0.000000,0.000000,1.000000,0.000000,0.000000,0.000000,1.000000
65,20,0.275000,1.025000,2,0.000000,0.000000,1.000000,0.000000,0.000000,0.000000,1.000000
66,20,0.325000,1.025000,10,0.000000,0.000000,1.000000,0.000000,0.000000,0.000000,1.000000
67,20,0.375000,1.025000,6,0.000000,0.000000,1.000000,0.000000,0.000000,0.000000,1.000000
68,20,0.425000,1.025000,5,0.000000,0.000000,1.000000,0.000000,0.000000,0.000000,1.000000
71,20,0.575000,1.025000,4,0.000000,0.000000,1.000000,0.000000,0.000000,0.000000,1.000000
72,20,0.625000,1.025000,4,0.000000,0.000000,1.000000,0.000000,0.000000,0.000000,1.000000
73,20,0.675000,1.025000,11,0.000000,0.000000,1.000000,0.000000,0.000000,0.000000,1.000000
74,20,0.725000,1.025000,3,0.000000,0.000000,1.000000,0.000000,0.000000,0.000000,1.000000
75,20,0.775000,1.025000,5,0.000000,0.000000,1.000000,0.000000,0.000000,0.000000,1.000000
76,20,0.825000,1.025000,11,0.000000,0.000000,1.000000,0.000000,0.000000,0.000000,1.000000
77,20,0.875000,1.025000,5,0.000000,0.000000,1.000000,0.000000,0.000000,0.000000,1.000000
78,20,0.925000,1.025000,1,0.000000,0.000000,1.000000,0.000000,0.000000,0.000000,1.000000
79,20,0.975000,1.025000,8,0.000000,0.000000,1.000000,0.000000,0.000000,0.000000,1.000000
80,20,1.025000,1.025000,3,0.000000,0.000000,1.000000,0.000000,0.000000,0.000000,1.000000
81,20,1.075000,1.025000,5,0.000000,0.000000,1.000000,0.000000,0.000000,0.000000,1.000000
82,20,1.125000,1.025000,4,0.000000,0.000000,1.000000,0.000000,0.000000,0.000000,1.000000
83,20,1.175000,1.025000,6,0.000000,0.000000,1.000000,0.000000,0.000000,0.000000,1.000000
84,20,1.225000,1.025000,6,0.000000,0.000000,1.000000,0.000000,0.000000,0.000000,1.000000
85,20,1.275000,1.025000,4,0.000000,0.000000,1.000000,0.000000,0.000000,0.000000,1.000000
86,20,1.325000,1.025000,4,0.000000,0.000000,1.000000,0.000000,0.000000,0.000000,1.000000
87,20,1.375000,1.025000,1,0.000000,0.000000,1.000000,0.000000,0.000000,0.000000,1.000000
88,20,1.425000,1.025000,1,0.000000,0.000000,1.000000,0.000000,0.000000,0.000000,1.000000
60,21,0.025000,1.075000,52,0.391244,0.195622,0.923077,0.923077,0.000000,0.000000,0.076923
61,21,0.075000,1.075000,1,0.000000,0.000000,1.000000,0.000000,0.000000,0.000000,1.000000
62,21,0.125000,1.075000,5,0.000000,0.000000,1.000000,0.000000,0.000000,0.000000,1.000000
63,21,0.175000,1.075000,5,0.000000,0.000000,1.000000,0.000000,0.000000,0.000000,1.000000
64,21,0.225000,1.075000,4,0.000000,0.000000,1.000000,0.000000,0.000000,0.000000,1.000000
65,21,0.275000,1.075000,3,0.000000,0.000000,1.000000,0.000000,0.000000,0.000000,1.000000
66,21,0.325000,1.075000,1,0.000000,0.000000,1.000000,0.000000,0.000000,0.000000,1.000000
67,21,0.375000,1.075000,4,0.000000,0.000000,1.000000,0.000000,0.000000,0.000000,1.000000
68,21,0.425000,1.075000,3,0.000000,0.000000,1.000000,0.000000,0.000000,0.000000,1.000000
71,21,0.575000,1.075000,2,0.000000,0.000000,1.000000,0.000000,0.000000,0.000000,1.000000
72,21,0.625000,1.075000,2,0.000000,0.000000,1.000000,0.000000,0.000000,0.000000,1.000000
73,21,0.675000,1.075000,2,0.000000,0.000000,1.000000,0.000000,0.000000,0.000000,1.000000
74,21,0.725000,1.075000,11,0.000000,0.000000,1.000000,0.000000,0.000000,0.000000,1.000000
79,21,0.975000,1.075000,1,0.000000,0.000000,1.000000,0.000000,0.000000,0.000000,1.000000
80,21,1.025000,1.075000,3,0.000000,0.000000,1.000000,0.000000,0.000000,0.000000,1.000000
81,21,1.075000,1.075000,5,0.000000,0.000000,1.000000,0.000000,0.000000,0.000000,1.000000
82,21,1.125000,1.075000,1,0.000000,0.000000,1.000000,0.000000,0.000000,0.000000,1.000000
83,21,1.175000,1.075000,5,0.000000,0.000000,1.000000,0.000000,0.000000,0.000000,1.000000
84,21,1.225000,1.075000,7,0.000000,0.000000,1.000000,0.000000,0.000000,0.000000,1.000000
85,21,1.275000,1.075000,7,0.000000,0.000000,1.000000,0.000000,0.000000,0.000000,1.000000
86,21,1.325000,1.075000,5,0.000000,0.000000,1.000000,0.000000,0.000000,0.000000,1.000000
87,21,1.375000,1.075000,10,0.000000,0.000000,1.000000,0.000000,0.000000,0.000000,1.000000
88,21,1.425000,1.075000,9,0.000000,0.000000,1.000000,0.000000,0.000000,0.000000,1.000000
89,21,1.475000,1.075000,3,0.000000,0.000000,1.000000,0.000000,0.000000,0.000000,1.000000
60,22,0.025000,1.125000,52,0.000000,0.000000,1.000000,1.000000,0.000000,0.000000,0.000000
61,22,0.075000,1.125000,2,0.000000,0.000000,1.000000,0.000000,0.000000,0.000000,1.000000
62,22,0.125000,1.125000,6,0.000000,0.000000,1.000000,0.000000,0.000000,0.000000,1.000000
63,22,0.175000,1.125000,3,0.000000,0.000000,1.000000,0.000000,0.000000,0.000000,1.000000
64,22,0.225000,1.125000,2,0.000000,0.000000,1.000000,0.000000,0.000000,0.000000,1.000000
65,22,0.275000,1.125000,3,0.000000,0.000000,1.000000,0.000000,0.000000,0.000000,1.000000
66,22,0.325000,1.125000,4,0.000000,0.000000,1.000000,0.000000,0.000000,0.000000,1.000000
67,22,0.375000,1.125000,3,0.000000,0.000000,1.000000,0.000000,0.000000,0.000000,1.000000
68,22,0.425000,1.125000,5,0.000000,0.000000,1.000000,0.000000,0.000000,0.000000,1.000000
69,22,0.475000,1.125000,3,0.000000,0.000000,1.000000,0.000000,0.000000,0.000000,1.000000
70,22,0.525000,1.125000,3,0.000000,0.000000,1.000000,0.000000,0.000000,0.000000,1.000000
71,22,0.575000,1.125000,3,0.000000,0.000000,1.000000,0.000000,0.000000,0.000000,1.000000
72,22,0.625000,1.125000,1,0.000000,0.000000,1.000000,0.000000,0.000000,0.000000,1.000000
73,22,0.675000,1.125000,3,0.000000,0.000000,1.000000,0.000000,0.000000,0.000000,1.000000
74,22,0.725000,1.125000,2,0.000000,0.000000,1.000000,0.000000,0.000000,0.000000,1.000000
75,22,0.775000,1.125000,18,0.000000,0.000000,1.000000,0.000000,0.000000,0.000000,1.000000
79,22,0.975000,1.125000,1,0.000000,0.000000,1.000000,0.000000,0.000000,0.000000,1.000000
80,22,1.025000,1.125000,1,0.000000,0.000000,1.000000,0.000000,0.000000,0.000000,1.000000
81,22,1.075000,1.125000,2,0.000000,0.000000,1.000000,0.000000,0.000000,0.000000,1.000000
82,22,1.125000,1.125000,4,0.000000,0.000000,1.000000,0.000000,0.000000,0.000000,1.000000
84,22,1.225000,1.125000,3,0.000000,0.000000,1.000000,0.000000,0.000000,0.000000,1.000000
85,22,1.275000,1.125000,1,0.000000,0.000000,1.000000,0.000000,0.000000,0.000000,1.000000
86,22,1.325000,1.125000,3,0.000000,0.000000,1.000000,0.000000,0.000000,0.000000,1.000000
87,22,1.375000,1.125000,1,0.000000,0.000000,1.000000,0.000000,0.000000,0.000000,1.000000
88,22,1.425000,1.125000,5,0.000000,0.000000,1.000000,0.000000,0.000000,0.000000,1.000000
89,22,1.475000,1.125000,12,0.000000,0.000000,1.000000,0.000000,0.000000,0.000000,1.000000
90,22,1.525000,1.125000,7,0.000000,0.000000,1.000000,0.000000,0.000000,0.000000,1.000000
91,22,1.575000,1.125000,3,0.000000,0.000000,1.000000,0.000000,0.000000,0.000000,1.000000
60,23,0.025000,1.175000,52,0.000000,0.000000,1.000000,1.000000,0.000000,0.000000,0.000000
61,23,0.075000,1.175000,2,0.000000,0.000000,1.000000,0.000000,0.000000,0.000000,1.000000
62,23,0.125000,1.175000,3,0.000000,0.000000,1.000000,0.000000,0.000000,0.000000,1.000000
63,23,0.175000,1.175000,7,0.000000,0.000000,1.000000,0.000000,0.000000,0.000000,1.000000
64,23,0.225000,1.175000,1,0.000000,0.000000,1.000000,0.000000,0.000000,0.000000,1.000000
65,23,0.275000,1.175000,2,0.000000,0.000000,1.000000,0.000000,0.000000,0.000000,1.000000
66,23,0.325000,1.175000,3,0.000000,0.000000,1.000000,0.000000,0.000000,0.000000,1.000000
67,23,0.375000,1.175000,6,0.000000,0.000000,1.000000,0.000000,0.000000,0.000000,1.000000
68,23,0.425000,1.175000,5,0.000000,0.000000,1.000000,0.000000,0.000000,0.000000,1.000000
69,23,0.475000,1.175000,2,0.000000,0.000000,1.000000,0.000000,0.000000,0.000000,1.000000
70,23,0.525000,1.175000,1,0.000000,0.000000,1.000000,0.000000,0.000000,0.000000,1.000000
71,23,0.575000,1.175000,5,0.000000,0.000000,1.000000,0.000000,0.000000,0.000000,1.000000
72,23,0.625000,1.175000,2,0.000000,0.000000,1.000000,0.000000,0.000000,0.000000,1.000000
73,23,0.675000,1.175000,5,0.000000,0.000000,1.000000,0.000000,0.000000,0.000000,1.000000
75,23,0.775000,1.175000,2,0.000000,0.000000,1.000000,0.000000,0.000000,0.000000,1.000000
76,23,0.825000,1.175000,7,0.000000,0.000000,1.000000,0.000000,0.000000,0.000000,1.000000
77,23,0.875000,1.175000,3,0.000000,0.000000,1.000000,0.000000,0.000000,0.000000,1.000000
78,23,0.925000,1.175000,3,0.000000,0.000000,1.000000,0.000000,0.000000,0.000000,1.000000
79,23,0.975000,1.175000,1,0.000000,0.000000,1.000000,0.000000,0.000000,0.000000,1.000000
80,23,1.025000,1.175000,4,0.000000,0.000000,1.000000,0.000000,0.000000,0.000000,1.000000
82,23,1.125000,1.175000,5,0.000000,0.000000,1.000000,0.000000,0.000000,0.000000,1.000000
83,23,1.175000,1.175000,7,0.000000,0.000000,1.000000,0.000000,0.000000,0.000000,1.000000
84,23,1.225000,1.175000,7,0.000000,0.000000,1.000000,0.000000,0.000000,0.000000,1.000000
85,23,1.275000,1.175000,7,0.000000,0.000000,1.000000,0.000000,0.000000,0.000000,1.000000
86,23,1.325000,1.175000,10,0.000000,0.000000,1.000000,0.000000,0.000000,0.000000,1.000000
87,23,1.375000,1.175000,3,0.000000,0.000000,1.000000,0.000000,0.000000,0.000000,1.000000
88,23,1.425000,1.175000,5,0.000000,0.000000,1.000000,0.000000,0.000000,0.000000,1.000000
89,23,1.475000,1.175000,10,0.000000,0.000000,1.000000,0.000000,0.000000,0.000000,1.000000
90,23,1.525000,1.175000,9,0.000000,0.000000,1.000000,0.000000,0.000000,0.000000,1.000000
91,23,1.575000,1.175000,14,0.000000,0.000000,1.000000,0.000000,0.000000,0.000000,1.000000
92,23,1.625000,1.175000,13,0.000000,0.000000,1.000000,0.000000,0.000000,0.000000,1.000000
60,24,0.025000,1.225000,42,0.000000,0.000000,1.000000,1.000000,0.000000,0.000000,0.000000
61,24,0.075000,1.225000,1,0.000000,0.000000,1.000000,0.000000,0.000000,0.000000,1.000000
62,24,0.125000,1.225000,5,0.000000,0.000000,1.000000,0.000000,0.000000,0.000000,1.000000
63,24,0.175000,1.225000,7,0.000000,0.000000,1.000000,0.000000,0.000000,0.000000,1.000000
64,24,0.225000,1.225000,3,0.000000,0.000000,1.000000,0.000000,0.000000,0.000000,1.000000
65,24,0.275000,1.225000,5,0.000000,0.000000,1.000000,0.000000,0.000000,0.000000,1.000000
66,24,0.325000,1.225000,3,0.000000,0.000000,1.000000,0.000000,0.000000,0.000000,1.000000
67,24,0.375000,1.225000,3,0.000000,0.000000,1.000000,0.000000,0.000000,0.000000,1.000000
68,24,0.425000,1.225000,8,0.000000,0.000000,1.000000,0.000000,0.000000,0.000000,1.000000
69,24,0.475000,1.225000,5,0.000000,0.000000,1.000000,0.000000,0.000000,0.000000,1.000000
70,24,0.525000,1.225000,3,0.000000,0.000000,1.000000,0.000000,0.000000,0.000000,1.000000
71,24,0.575000,1.225000,7,0.000000,0.000000,1.000000,0.000000,0.000000,0.000000,1.000000
72,24,0.625000,1.225000,4,0.000000,0.000000,1.000000,0.000000,0.000000,0.000000,1.000000
73,24,0.675000,1.225000,5,0.000000,0.000000,1.000000,0.000000,0.000000,0.000000,1.000000
74,24,0.725000,1.225000,5,0.000000,0.000000,1.000000,0.000000,0.000000,0.000000,1.000000
75,24,0.775000,1.225000,3,0.000000,0.000000,1.000000,0.000000,0.000000,0.000000,1.000000
77,24,0.875000,1.225000,11,0.000000,0.000000,1.000000,0.000000,0.000000,0.000000,1.000000
78,24,0.925000,1.225000,3,0.000000,0.000000,1.000000,0.000000,0.000000,0.000000,1.000000
79,24,0.975000,1.225000,1,0.000000,0.000000,1.000000,0.000000,0.000000,0.000000,1.000000
80,24,1.025000,1.225000,4,0.000000,0.000000,1.000000,0.000000,0.000000,0.000000,1.000000
81,24,1.075000,1.225000,2,0.000000,0.000000,1.000000,0.000000,0.000000,0.000000,1.000000
82,24,1.125000,1.225000,2,0.000000,0.000000,1.000000,0.000000,0.000000,0.000000,1.000000
83,24,1.175000,1.225000,2,0.000000,0.000000,1.000000,0.000000,0.000000,0.000000,1.000000
84,24,1.225000,1.225000,7,0.000000,0.000000,1.000000,0.000000,0.000000,0.000000,1.000000
85,24,1.275000,1.225000,7,0.000000,0.000000,1.000000,0.000000,0.000000,0.000000,1.000000
86,24,1.325000,1.225000,1,0.000000,0.000000,1.000000,0.000000,0.000000,0.000000,1.000000
87,24,1.375000,1.225000,7,0.000000,0.000000,1.000000,0.000000,0.000000,0.000000,1.000000
88,24,1.425000,1.225000,11,0.000000,0.000000,1.000000,0.000000,0.000000,0.000000,1.000000
89,24,1.475000,1.225000,6,0.000000,0.000000,1.000000,0.000000,0.000000,0.000000,1.000000
90,24,1.525000,1.225000,12,0.000000,0.000000,1.000000,0.000000,0.000000,0.000000,1.000000
91,24,1.575000,1.225000,9,0.000000,0.000000,1.000000,0.000000,0.000000,0.000000,1.000000
92,24,1.625000,1.225000,11,0.000000,0.000000,1.000000,0.000000,0.000000,0.000000,1.000000
93,24,1.675000,1.225000,11,0.000000,0.000000,1.000000,0.000000,0.000000,0.000000,1.000000
60,25,0.025000,1.275000,46,0.000000,0.000000,1.000000,1.000000,0.000000,0.000000,0.000000
63,25,0.175000,1.275000,9,0.000000,0.000000,1.000000,0.000000,0.000000,0.000000,1.000000
64,25,0.225000,1.275000,4,0.000000,0.000000,1.000000,0.000000,0.000000,0.000000,1.000000
65,25,0.275000,1.275000,1,0.000000,0.000000,1.000000,0.000000,0.000000,0.000000,1.000000
66,25,0.325000,1.275000,1,0.000000,0.000000,1.000000,0.000000,0.000000,0.000000,1.000000
67,25,0.375000,1.275000,2,0.000000,0.000000,1.000000,0.000000,0.000000,0.000000,1.000000
68,25,0.425000,1.275000,11,0.000000,0.000000,1.000000,0.000000,0.000000,0.000000,1.000000
69,25,0.475000,1.275000,6,0.000000,0.000000,1.000000,0.000000,0.000000,0.000000,1.000000
70,25,0.525000,1.275000,9,0.000000,0.000000,1.000000,0.000000,0.000000,0.000000,1.000000
71,25,0.575000,1.275000,3,0.000000,0.000000,1.000000,0.000000,0.000000,0.000000,1.000000
72,25,0.625000,1.275000,3,0.000000,0.000000,1.000000,0.000000,0.000000,0.000000,1.000000
73,25,0.675000,1.275000,4,0.000000,0.000000,1.000000,0.000000,0.000000,0.000000,1.000000
74,25,0.725000,1.275000,1,0.000000,0.000000,1.000000,0.000000,0.000000,0.000000,1.000000
75,25,0.775000,1.275000,4,0.000000,0.000000,1.000000,0.000000,0.000000,0.000000,1.000000
78,25,0.925000,1.275000,10,0.000000,0.000000,1.000000,0.000000,0.000000,0.000000,1.000000
79,25,0.975000,1.275000,5,0.000000,0.000000,1.000000,0.000000,0.000000,0.000000,1.000000
80,25,1.025000,1.275000,3,0.000000,0.000000,1.000000,0.000000,0.000000,0.000000,1.000000
81,25,1.075000,1.275000,1,0.000000,0.000000,1.000000,0.000000,0.000000,0.000000,1.000000
82,25,1.125000,1.275000,1,0.000000,0.000000,1.000000,0.000000,0.000000,0.000000,1.000000
83,25,1.175000,1.275000,5,0.000000,0.000000,1.000000,0.000000,0.000000,0.000000,1.000000
84,25,1.225000,1.275000,3,0.000000,0.000000,1.000000,0.000000,0.000000,0.000000,1.000000
85,25,1.275000,1.275000,12,0.000000,0.000000,1.000000,0.000000,0.000000,0.000000,1.000000
86,25,1.325000,1.275000,2,0.000000,0.000000,1.000000,0.000000,0.000000,0.000000,1.000000
87,25,1.375000,1.275000,13,0.000000,0.000000,1.000000,0.000000,0.000000,0.000000,1.000000
88,25,1.425000,1.275000,13,0.000000,0.000000,1.000000,0.000000,0.000000,0.000000,1.000000
89,25,1.475000,1.275000,9,0.000000,0.000000,1.000000,0.000000,0.000000,0.000000,1.000000
90,25,1.525000,1.275000,8,0.000000,0.000000,1.000000,0.000000,0.000000,0.000000,1.000000
91,25,1.575000,1.275000,15,0.000000,0.000000,1.000000,0.000000,0.000000,0.000000,1.000000
92,25,1.625000,1.275000,11,0.000000,0.000000,1.000000,0.000000,0.000000,0.000000,1.000000
93,25,1.675000,1.275000,22,0.000000,0.000000,1.000000,0.000000,0.000000,0.000000,1.000000
94,25,1.725000,1.275000,34,0.000000,0.000000,1.000000,0.000000,0.000000,0.000000,1.000000
60,26,0.025000,1.325000,48,0.000000,0.000000,1.000000,1.000000,0.000000,0.000000,0.000000
63,26,0.175000,1.325000,4,0.000000,0.000000,1.000000,0.000000,0.000000,0.000000,1.000000
64,26,0.225000,1.325000,6,0.000000,0.000000,1.000000,0.000000,0.000000,0.000000,1.000000
65,26,0.275000,1.325000,1,0.000000,0.000000,1.000000,0.000000,0.000000,0.000000,1.000000
66,26,0.325000,1.325000,7,0.000000,0.000000,1.000000,0.000000,0.000000,0.000000,1.000000
67,26,0.375000,1.325000,6,0.000000,0.000000,1.000000,0.000000,0.000000,0.000000,1.000000
68,26,0.425000,1.325000,9,0.000000,0.000000,1.000000,0.000000,0.000000,0.000000,1.000000
69,26,0.475000,1.325000,11,0.000000,0.000000,1.000000,0.000000,0.000000,0.000000,1.000000
70,26,0.525000,1.325000,7,0.000000,0.000000,1.000000,0.000000,0.000000,0.000000,1.000000
71,26,0.575000,1.325000,3,0.000000,0.000000,1.000000,0.000000,0.000000,0.000000,1.000000
72,26,0.625000,1.325000,2,0.000000,0.000000,1.000000,0.000000,0.000000,0.000000,1.000000
73,26,0.675000,1.325000,4,0.000000,0.000000,1.000000,0.000000,0.000000,0.000000,1.000000
74,26,0.725000,1.325000,5,0.000000,0.000000,1.000000,0.000000,0.000000,0.000000,1.000000
75,26,0.775000,1.325000,9,0.000000,0.000000,1.000000,0.000000,0.000000,0.000000,1.000000
76,26,0.825000,1.325000,1,0.000000,0.000000,1.000000,0.000000,0.000000,0.000000,1.000000
78,26,0.925000,1.325000,4,0.000000,0.000000,1.000000,0.000000,0.000000,0.000000,1.000000
79,26,0.975000,1.325000,12,0.000000,0.000000,1.000000,0.000000,0.000000,0.000000,1.000000
80,26,1.025000,1.325000,6,0.000000,0.000000,1.000000,0.000000,0.000000,0.000000,1.000000
81,26,1.075000,1.325000,3,0.000000,0.000000,1.000000,0.000000,0.000000,0.000000,1.000000
82,26,1.125000,1.325000,11,0.000000,0.000000,1.000000,0.000000,0.000000,0.000000,1.000000
83,26,1.175000,1.325000,1,0.000000,0.000000,1.000000,0.000000,0.000000,0.000000,1.000000
84,26,1.225000,1.325000,15,0.000000,0.000000,1.000000,0.000000,0.000000,0.000000,1.000000
85,26,1.275000,1.325000,4,0.000000,0.000000,1.000000,0.000000,0.000000,0.000000,1.000000
86,26,1.325000,1.325000,11,0.000000,0.000000,1.000000,0.000000,0.000000,0.000000,1.000000
87,26,1.375000,1.325000,5,0.000000,0.000000,1.000000,0.000000,0.000000,0.000000,1.000000
89,26,1.475000,1.325000,1,0.000000,0.000000,1.000000,0.000000,0.000000,0.000000,1.000000
90,26,1.525000,1.325000,2,0.000000,0.000000,1.000000,0.000000,0.000000,0.000000,1.000000
94,26,1.725000,1.325000,19,0.000000,0.000000,1.000000,0.000000,0.000000,0.000000,1.000000
95,26,1.775000,1.325000,13,0.000000,0.000000,1.000000,0.000000,0.000000,0.000000,1.000000
60,27,0.025000,1.375000,57,0.000000,0.000000,1.000000,1.000000,0.000000,0.000000,0.000000
64,27,0.225000,1.375000,7,0.000000,0.000000,1.000000,0.000000,0.000000,0.000000,1.000000
65,27,0.275000,1.375000,3,0.000000,0.000000,1.000000,0.000000,0.000000,0.000000,1.000000
66,27,0.325000,1.375000,2,0.000000,0.000000,1.000000,0.000000,0.000000,0.000000,1.000000
67,27,0.375000,1.375000,5,0.000000,0.000000,1.000000,0.000000,0.000000,0.000000,1.000000
68,27,0.425000,1.375000,8,0.000000,0.000000,1.000000,0.000000,0.000000,0.000000,1.000000
69,27,0.475000,1.375000,6,0.000000,0.000000,1.000000,0.000000,0.000000,0.000000,1.000000
70,27,0.525000,1.375000,9,0.000000,0.000000,1.000000,0.000000,0.000000,0.000000,1.000000
71,27,0.575000,1.375000,7,0.000000,0.000000,1.000000,0.000000,0.000000,0.000000,1.000000
72,27,0.625000,1.375000,1,0.000000,0.000000,1.000000,0.000000,0.000000,0.000000,1.000000
73,27,0.675000,1.375000,6,0.000000,0.000000,1.000000,0.000000,0.000000,0.000000,1.000000
74,27,0.725000,1.375000,4,0.000000,0.000000,1.000000,0.000000,0.000000,0.000000,1.000000
75,27,0.775000,1.375000,3,0.000000,0.000000,1.000000,0.000000,0.000000,0.000000,1.000000
76,27,0.825000,1.375000,4,0.000000,0.000000,1.000000,0.000000,0.000000,0.000000,1.000000
77,27,0.875000,1.375000,1,0.000000,0.000000,1.000000,0.000000,0.000000,0.000000,1.000000
78,27,0.925000,1.375000,3,0.000000,0.000000,1.000000,0.000000,0.000000,0.000000,1.000000
79,27,0.975000,1.375000,4,0.000000,0.000000,1.000000,0.000000,0.000000,0.000000,1.000000
80,27,1.025000,1.375000,14,0.000000,0.000000,1.000000,0.000000,0.000000,0.000000,1.000000
81,27,1.075000,1.375000,1,0.000000,0.000000,1.000000,0.000000,0.000000,0.000000,1.000000
82,27,1.125000,1.375000,3,0.000000,0.000000,1.000000,0.000000,0.000000,0.000000,1.000000
83,27,1.175000,1.375000,6,0.000000,0.000000,1.000000,0.000000,0.000000,0.000000,1.000000
84,27,1.225000,1.375000,1,0.000000,0.000000,1.000000,0.000000,0.000000,0.000000,1.000000
85,27,1.275000,1.375000,3,0.000000,0.000000,1.000000,0.000000,0.000000,0.000000,1.000000
86,27,1.325000,1.375000,3,0.000000,0.000000,1.000000,0.000000,0.000000,0.000000,1.000000
87,27,1.375000,1.375000,4,0.000000,0.000000,1.000000,0.000000,0.000000,0.000000,1.000000
88,27,1.425000,1.375000,9,0.000000,0.000000,1.000000,0.000000,0.000000,0.000000,1.000000
89,27,1.475000,1.375000,5,0.000000,0.000000,1.000000,0.000000,0.000000,0.000000,1.000000
90,27,1.525000,1.375000,4,0.000000,0.000000,1.000000,0.000000,0.000000,0.000000,1.000000
91,27,1.575000,1.375000,7,0.000000,0.000000,1.000000,0.000000,0.000000,0.000000,1.000000
92,27,1.625000,1.375000,6,0.000000,0.000000,1.000000,0.000000,0.000000,0.000000,1.000000
60,28,0.025000,1.425000,43,0.000000,0.000000,1.000000,1.000000,0.000000,0.000000,0.000000
64,28,0.225000,1.425000,5,0.000000,0.000000,1.000000,0.000000,0.000000,0.000000,1.000000
65,28,0.275000,1.425000,6,0.000000,0.000000,1.000000,0.000000,0.000000,0.000000,1.000000
66,28,0.325000,1.425000,3,0.000000,0.000000,1.000000,0.000000,0.000000,0.000000,1.000000
67,28,0.375000,1.425000,3,0.000000,0.000000,1.000000,0.000000,0.000000,0.000000,1.000000
68,28,0.425000,1.425000,5,0.000000,0.000000,1.000000,0.000000,0.000000,0.000000,1.000000
69,28,0.475000,1.425000,3,0.000000,0.000000,1.000000,0.000000,0.000000,0.000000,1.000000
70,28,0.525000,1.425000,5,0.000000,0.000000,1.000000,0.000000,0.000000,0.000000,1.000000
71,28,0.575000,1.425000,3,0.000000,0.000000,1.000000,0.000000,0.000000,0.000000,1.000000
72,28,0.625000,1.425000,1,0.000000,0.000000,1.000000,0.000000,0.000000,0.000000,1.000000
73,28,0.675000,1.425000,2,0.000000,0.000000,1.000000,0.000000,0.000000,0.000000,1.000000
74,28,0.725000,1.425000,7,0.000000,0.000000,1.000000,0.000000,0.000000,0.000000,1.000000
75,28,0.775000,1.425000,9,0.000000,0.000000,1.000000,0.000000,0.000000,0.000000,1.000000
76,28,0.825000,1.425000,4,0.000000,0.000000,1.000000,0.000000,0.000000,0.000000,1.000000
77,28,0.875000,1.425000,1,0.000000,0.000000,1.000000,0.000000,0.000000,0.000000,1.000000
78,28,0.925000,1.425000,1,0.000000,0.000000,1.000000,0.000000,0.000000,0.000000,1.000000
79,28,0.975000,1.425000,1,0.000000,0.000000,1.000000,0.000000,0.000000,0.000000,1.000000
80,28,1.025000,1.425000,6,0.000000,0.000000,1.000000,0.000000,0.000000,0.000000,1.000000
81,28,1.075000,1.425000,17,0.000000,0.000000,1.000000,0.000000,0.000000,0.000000,1.000000
85,28,1.275000,1.425000,1,0.000000,0.000000,1.000000,0.000000,0.000000,0.000000,1.000000
86,28,1.325000,1.425000,2,0.000000,0.000000,1.000000,0.000000,0.000000,0.000000,1.000000
87,28,1.375000,1.425000,3,0.000000,0.000000,1.000000,0.000000,0.000000,0.000000,1.000000
88,28,1.425000,1.425000,5,0.000000,0.000000,1.000000,0.000000,0.000000,0.000000,1.000000
89,28,1.475000,1.425000,1,0.000000,0.000000,1.000000,0.000000,0.000000,0.000000,1.000000
90,28,1.525000,1.425000,6,0.000000,0.000000,1.000000,0.000000,0.000000,0.000000,1.000000
91,28,1.575000,1.425000,8,0.000000,0.000000,1.000000,0.000000,0.000000,0.000000,1.000000
92,28,1.625000,1.425000,7,0.000000,0.000000,1.000000,0.000000,0.000000,0.000000,1.000000
93,28,1.675000,1.425000,7,0.000000,0.000000,1.000000,0.000000,0.000000,0.000000,1.000000
60,29,0.025000,1.475000,58,0.000000,0.000000,1.000000,1.000000,0.000000,0.000000,0.000000
65,29,0.275000,1.475000,6,0.000000,0.000000,1.000000,0.000000,0.000000,0.000000,1.000000
66,29,0.325000,1.475000,6,0.000000,0.000000,1.000000,0.000000,0.000000,0.000000,1.000000
67,29,0.375000,1.475000,8,0.000000,0.000000,1.000000,0.000000,0.000000,0.000000,1.000000
68,29,0.425000,1.475000,8,0.000000,0.000000,1.000000,0.000000,0.000000,0.000000,1.000000
69,29,0.475000,1.475000,8,0.000000,0.000000,1.000000,0.000000,0.000000,0.000000,1.000000
70,29,0.525000,1.475000,6,0.000000,0.000000,1.000000,0.000000,0.000000,0.000000,1.000000
71,29,0.575000,1.475000,6,0.000000,0.000000,1.000000,0.000000,0.000000,0.000000,1.000000
72,29,0.625000,1.475000,4,0.000000,0.000000,1.000000,0.000000,0.000000,0.000000,1.000000
73,29,0.675000,1.475000,4,0.000000,0.000000,1.000000,0.000000,0.000000,0.000000,1.000000
74,29,0.725000,1.475000,8,0.000000,0.000000,1.000000,0.000000,0.000000,0.000000,1.000000
75,29,0.775000,1.475000,4,0.000000,0.000000,1.000000,0.000000,0.000000,0.000000,1.000000
76,29,0.825000,1.475000,7,0.000000,0.000000,1.000000,0.000000,0.000000,0.000000,1.000000
77,29,0.875000,1.475000,4,0.000000,0.000000,1.000000,0.000000,0.000000,0.000000,1.000000
78,29,0.925000,1.475000,5,0.000000,0.000000,1.000000,0.000000,0.000000,0.000000,1.000000
79,29,0.975000,1.475000,2,0.000000,0.000000,1.000000,0.000000,0.000000,0.000000,1.000000
80,29,1.025000,1.475000,3,0.000000,0.000000,1.000000,0.000000,0.000000,0.000000,1.000000
81,29,1.075000,1.475000,1,0.000000,0.000000,1.000000,0.000000,0.000000,0.000000,1.000000
82,29,1.125000,1.475000,15,0.000000,0.000000,1.000000,0.000000,0.000000,0.000000,1.000000
83,29,1.175000,1.475000,3,0.000000,0.000000,1.000000,0.000000,0.000000,0.000000,1.000000
84,29,1.225000,1.475000,6,0.000000,0.000000,1.000000,0.000000,0.000000,0.000000,1.000000
85,29,1.275000,1.475000,3,0.000000,0.000000,1.000000,0.000000,0.000000,0.000000,1.000000
86,29,1.325000,1.475000,5,0.000000,0.000000,1.000000,0.000000,0.000000,0.000000,1.000000
87,29,1.375000,1.475000,4,0.000000,0.000000,1.000000,0.000000,0.000000,0.000000,1.000000
88,29,1.425000,1.475000,6,0.000000,0.000000,1.000000,0.000000,0.000000,0.000000,1.000000
89,29,1.475000,1.475000,5,0.000000,0.000000,1.000000,0.000000,0.000000,0.000000,1.000000
90,29,1.525000,1.475000,2,0.000000,0.000000,1.000000,0.000000,0.000000,0.000000,1.000000
91,29,1.575000,1.475000,9,0.000000,0.000000,1.000000,0.000000,0.000000,0.000000,1.000000
92,29,1.625000,1.475000,4,0.000000,0.000000,1.000000,0.000000,0.000000,0.000000,1.000000
93,29,1.675000,1.475000,8,0.000000,0.000000,1.000000,0.000000,0.000000,0.000000,1.000000
94,29,1.725000,1.475000,10,0.000000,0.000000,1.000000,0.000000,0.000000,0.000000,1.000000
95,29,1.775000,1.475000,7,0.000000,0.000000,1.000000,0.000000,0.000000,0.000000,1.000000
60,30,0.025000,1.525000,94,0.000000,0.000000,1.000000,1.000000,0.000000,0.000000,0.000000
65,30,0.275000,1.525000,1,0.000000,0.000000,1.000000,0.000000,0.000000,0.000000,1.000000
66,30,0.325000,1.525000,11,0.000000,0.000000,1.000000,0.000000,0.000000,0.000000,1.000000
67,30,0.375000,1.525000,14,0.000000,0.000000,1.000000,0.000000,0.000000,0.000000,1.000000
68,30,0.425000,1.525000,5,0.000000,0.000000,1.000000,0.000000,0.000000,0.000000,1.000000
69,30,0.475000,1.525000,10,0.000000,0.000000,1.000000,0.000000,0.000000,0.000000,1.000000
71,30,0.575000,1.525000,10,0.000000,0.000000,1.000000,0.000000,0.000000,0.000000,1.000000
72,30,0.625000,1.525000,4,0.000000,0.000000,1.000000,0.000000,0.000000,0.000000,1.000000
73,30,0.675000,1.525000,7,0.000000,0.000000,1.000000,0.000000,0.000000,0.000000,1.000000
74,30,0.725000,1.525000,5,0.000000,0.000000,1.000000,0.000000,0.000000,0.000000,1.000000
75,30,0.775000,1.525000,11,0.000000,0.000000,1.000000,0.000000,0.000000,0.000000,1.000000
76,30,0.825000,1.525000,8,0.000000,0.000000,1.000000,0.000000,0.000000,0.000000,1.000000
77,30,0.875000,1.525000,6,0.000000,0.000000,1.000000,0.000000,0.000000,0.000000,1.000000
78,30,0.925000,1.525000,3,0.000000,0.000000,1.000000,0.000000,0.000000,0.000000,1.000000
79,30,0.975000,1.525000,2,0.000000,0.000000,1.000000,0.000000,0.000000,0.000000,1.000000
80,30,1.025000,1.525000,6,0.000000,0.000000,1.000000,0.000000,0.000000,0.000000,1.000000
81,30,1.075000,1.525000,8,0.000000,0.000000,1.000000,0.000000,0.000000,0.000000,1.000000
83,30,1.175000,1.525000,7,0.000000,0.000000,1.000000,0.000000,0.000000,0.000000,1.000000
84,30,1.225000,1.525000,1,0.000000,0.000000,1.000000,0.000000,0.000000,0.000000,1.000000
85,30,1.275000,1.525000,3,0.000000,0.000000,1.000000,0.000000,0.000000,0.000000,1.000000
86,30,1.325000,1.525000,2,0.000000,0.000000,1.000000,0.000000,0.000000,0.000000,1.000000
87,30,1.375000,1.525000,6,0.000000,0.000000,1.000000,0.000000,0.000000,0.000000,1.000000
88,30,1.425000,1.525000,6,0.000000,0.000000,1.000000,0.000000,0.000000,0.000000,1.000000
89,30,1.475000,1.525000,5,0.000000,0.000000,1.000000,0.000000,0.000000,0.000000,1.000000
90,30,1.525000,1.525000,5,0.000000,0.000000,1.000000,0.000000,0.000000,0.000000,1.000000
91,30,1.575000,1.525000,2,0.000000,0.000000,1.000000,0.000000,0.000000,0.000000,1.000000
92,30,1.625000,1.525000,6,0.000000,0.000000,1.000000,0.000000,0.000000,0.000000,1.000000
93,30,1.675000,1.525000,5,0.000000,0.000000,1.000000,0.000000,0.000000,0.000000,1.000000
94,30,1.725000,1.525000,8,0.000000,0.000000,1.000000,0.000000,0.000000,0.000000,1.000000
95,30,1.775000,1.525000,13,0.000000,0.000000,1.000000,0.000000,0.000000,0.000000,1.000000
96,30,1.825000,1.525000,10,0.000000,0.000000,1.000000,0.000000,0.000000,0.000000,1.000000
97,30,1.875000,1.525000,1,0.000000,0.000000,1.000000,0.000000,0.000000,0.000000,1.000000
60,31,0.025000,1.575000,89,0.000000,0.000000,1.000000,1.000000,0.000000,0.000000,0.000000
66,31,0.325000,1.575000,3,0.000000,0.000000,1.000000,0.000000,0.000000,0.000000,1.000000
67,31,0.375000,1.575000,10,0.000000,0.000000,1.000000,0.000000,0.000000,0.000000,1.000000
68,31,0.425000,1.575000,4,0.000000,0.000000,1.000000,0.000000,0.000000,0.000000,1.000000
69,31,0.475000,1.575000,12,0.000000,0.000000,1.000000,0.000000,0.000000,0.000000,1.000000
71,31,0.575000,1.575000,5,0.000000,0.000000,1.000000,0.000000,0.000000,0.000000,1.000000
72,31,0.625000,1.575000,5,0.000000,0.000000,1.000000,0.000000,0.000000,0.000000,1.000000
73,31,0.675000,1.575000,4,0.000000,0.000000,1.000000,0.000000,0.000000,0.000000,1.000000
74,31,0.725000,1.575000,4,0.000000,0.000000,1.000000,0.000000,0.000000,0.000000,1.000000
75,31,0.775000,1.575000,6,0.000000,0.000000,1.000000,0.000000,0.000000,0.000000,1.000000
76,31,0.825000,1.575000,8,0.000000,0.000000,1.000000,0.000000,0.000000,0.000000,1.000000
77,31,0.875000,1.575000,5,0.000000,0.000000,1.000000,0.000000,0.000000,0.000000,1.000000
78,31,0.925000,1.575000,3,0.000000,0.000000,1.000000,0.000000,0.000000,0.000000,1.000000
79,31,0.975000,1.575000,1,0.000000,0.000000,1.000000,0.000000,0.000000,0.000000,1.000000
80,31,1.025000,1.575000,5,0.000000,0.000000,1.000000,0.000000,0.000000,0.000000,1.000000
81,31,1.075000,1.575000,3,0.000000,0.000000,1.000000,0.000000,0.000000,0.000000,1.000000
83,31,1.175000,1.575000,5,0.000000,0.000000,1.000000,0.000000,0.000000,0.000000,1.000000
84,31,1.225000,1.575000,7,0.000000,0.000000,1.000000,0.000000,0.000000,0.000000,1.000000
85,31,1.275000,1.575000,6,0.000000,0.000000,1.000000,0.000000,0.000000,0.000000,1.000000
86,31,1.325000,1.575000,6,0.000000,0.000000,1.000000,0.000000,0.000000,0.000000,1.000000
87,31,1.375000,1.575000,5,0.000000,0.000000,1.000000,0.000000,0.000000,0.000000,1.000000
88,31,1.425000,1.575000,8,0.000000,0.000000,1.000000,0.000000,0.000000,0.000000,1.000000
89,31,1.475000,1.575000,7,0.000000,0.000000,1.000000,0.000000,0.000000,0.000000,1.000000
90,31,1.525000,1.575000,8,0.000000,0.000000,1.000000,0.000000,0.000000,0.000000,1.000000
91,31,1.575000,1.575000,5,0.000000,0.000000,1.000000,0.000000,0.000000,0.000000,1.000000
92,31,1.625000,1.575000,9,0.000000,0.000000,1.000000,0.000000,0.000000,0.000000,1.000000
93,31,1.675000,1.575000,13,0.000000,0.000000,1.000000,0.000000,0.000000,0.000000,1.000000
94,31,1.725000,1.575000,15,0.000000,0.000000,1.000000,0.000000,0.000000,0.000000,1.000000
95,31,1.775000,1.575000,18,0.000000,0.000000,1.000000,0.000000,0.000000,0.000000,1.000000
96,31,1.825000,1.575000,22,0.000000,0.000000,1.000000,0.000000,0.000000,0.000000,1.000000
97,31,1.875000,1.575000,18,0.000000,0.000000,1.000000,0.000000,0.000000,0.000000,1.000000
60,32,0.025000,1.625000,1,0.000000,0.000000,1.000000,0.000000,1.000000,0.000000,0.000000
67,32,0.375000,1.625000,12,0.000000,0.000000,1.000000,0.000000,0.000000,0.000000,1.000000
68,32,0.425000,1.625000,4,0.000000,0.000000,1.000000,0.000000,0.000000,0.000000,1.000000
69,32,0.475000,1.625000,11,0.000000,0.000000,1.000000,0.000000,0.000000,0.000000,1.000000
70,32,0.525000,1.625000,1,0.000000,0.000000,1.000000,0.000000,0.000000,0.000000,1.000000
72,32,0.625000,1.625000,10,0.000000,0.000000,1.000000,0.000000,0.000000,0.000000,1.000000
73,32,0.675000,1.625000,3,0.000000,0.000000,1.000000,0.000000,0.000000,0.000000,1.000000
74,32,0.725000,1.625000,9,0.000000,0.000000,1.000000,0.000000,0.000000,0.000000,1.000000
75,32,0.775000,1.625000,6,0.000000,0.000000,1.000000,0.000000,0.000000,0.000000,1.000000
76,32,0.825000,1.625000,6,0.000000,0.000000,1.000000,0.000000,0.000000,0.000000,1.000000
77,32,0.875000,1.625000,4,0.000000,0.000000,1.000000,0.000000,0.000000,0.000000,1.000000
78,32,0.925000,1.625000,5,0.000000,0.000000,1.000000,0.000000,0.000000,0.000000,1.000000
79,32,0.975000,1.625000,4,0.000000,0.000000,1.000000,0.000000,0.000000,0.000000,1.000000
80,32,1.025000,1.625000,4,0.000000,0.000000,1.000000,0.000000,0.000000,0.000000,1.000000
81,32,1.075000,1.625000,4,0.000000,0.000000,1.000000,0.000000,0.000000,0.000000,1.000000
82,32,1.125000,1.625000,1,0.000000,0.000000,1.000000,0.000000,0.000000,0.000000,1.000000
83,32,1.175000,1.625000,4,0.000000,0.000000,1.000000,0.000000,0.000000,0.000000,1.000000
84,32,1.225000,1.625000,8,0.000000,0.000000,1.000000,0.000000,0.000000,0.000000,1.000000
85,32,1.275000,1.625000,11,0.000000,0.000000,1.000000,0.000000,0.000000,0.000000,1.000000
86,32,1.325000,1.625000,2,0.000000,0.000000,1.000000,0.000000,0.000000,0.000000,1.000000
87,32,1.375000,1.625000,7,0.000000,0.000000,1.000000,0.000000,0.000000,0.000000,1.000000
88,32,1.425000,1.625000,4,0.000000,0.000000,1.000000,0.000000,0.000000,0.000000,1.000000
89,32,1.475000,1.625000,4,0.000000,0.000000,1.000000,0.000000,0.000000,0.000000,1.000000
90,32,1.525000,1.625000,6,0.000000,0.000000,1.000000,0.000000,0.000000,0.000000,1.000000
91,32,1.575000,1.625000,10,0.000000,0.000000,1.000000,0.000000,0.000000,0.000000,1.000000
92,32,1.625000,1.625000,12,0.000000,0.000000,1.000000,0.000000,0.000000,0.000000,1.000000
93,32,1.675000,1.625000,6,0.000000,0.000000,1.000000,0.000000,0.000000,0.000000,1.000000
95,32,1.775000,1.625000,2,0.000000,0.000000,1.000000,0.000000,0.000000,0.000000,1.000000
96,32,1.825000,1.625000,7,0.000000,0.000000,1.000000,0.000000,0.000000,0.000000,1.000000
97,32,1.875000,1.625000,16,0.000000,0.000000,1.000000,0.000000,0.000000,0.000000,1.000000
98,32,1.925000,1.625000,26,0.000000,0.000000,1.000000,0.000000,0.000000,0.000000,1.000000
43,33,-0.825000,1.675000,2,0.000000,0.000000,1.000000,0.000000,0.000000,1.000000,0.000000
57,33,-0.125000,1.675000,3,0.000000,0.000000,1.000000,0.000000,0.000000,1.000000,0.000000
58,33,-0.075000,1.675000,7,0.000000,0.000000,1.000000,0.000000,0.000000,1.000000,0.000000
60,33,0.025000,1.675000,6,0.000000,0.000000,1.000000,0.000000,1.000000,0.000000,0.000000
67,33,0.375000,1.675000,6,0.000000,0.000000,1.000000,0.000000,0.000000,0.000000,1.000000
68,33,0.425000,1.675000,9,0.000000,0.000000,1.000000,0.000000,0.000000,0.000000,1.000000
69,33,0.475000,1.675000,9,0.000000,0.000000,1.000000,0.000000,0.000000,0.000000,1.000000
70,33,0.525000,1.675000,5,0.000000,0.000000,1.000000,0.000000,0.000000,0.000000,1.000000
72,33,0.625000,1.675000,9,0.000000,0.000000,1.000000,0.000000,0.000000,0.000000,1.000000
73,33,0.675000,1.675000,6,0.000000,0.000000,1.000000,0.000000,0.000000,0.000000,1.000000
74,33,0.725000,1.675000,6,0.000000,0.000000,1.000000,0.000000,0.000000,0.000000,1.000000
75,33,0.775000,1.675000,8,0.000000,0.000000,1.000000,0.000000,0.000000,0.000000,1.000000
76,33,0.825000,1.675000,8,0.000000,0.000000,1.000000,0.000000,0.000000,0.000000,1.000000
77,33,0.875000,1.675000,6,0.000000,0.000000,1.000000,0.000000,0.000000,0.000000,1.000000
78,33,0.925000,1.675000,2,0.000000,0.000000,1.000000,0.000000,0.000000,0.000000,1.000000
80,33,1.025000,1.675000,7,0.000000,0.000000,1.000000,0.000000,0.000000,0.000000,1.000000
81,33,1.075000,1.675000,8,0.000000,0.000000,1.000000,0.000000,0.000000,0.000000,1.000000
82,33,1.125000,1.675000,2,0.000000,0.000000,1.000000,0.000000,0.000000,0.000000,1.000000
84,33,1.225000,1.675000,6,0.000000,0.000000,1.000000,0.000000,0.000000,0.000000,1.000000
85,33,1.275000,1.675000,5,0.000000,0.000000,1.000000,0.000000,0.000000,0.000000,1.000000
86,33,1.325000,1.675000,10,0.000000,0.000000,1.000000,0.000000,0.000000,0.000000,1.000000
88,33,1.425000,1.675000,5,0.000000,0.000000,1.000000,0.000000,0.000000,0.000000,1.000000
90,33,1.525000,1.675000,3,0.000000,0.000000,1.000000,0.000000,0.000000,0.000000,1.000000
91,33,1.575000,1.675000,8,0.000000,0.000000,1.000000,0.000000,0.000000,0.000000,1.000000
92,33,1.625000,1.675000,5,0.000000,0.000000,1.000000,0.000000,0.000000,0.000000,1.000000
93,33,1.675000,1.675000,13,0.000000,0.000000,1.000000,0.000000,0.000000,0.000000,1.000000
94,33,1.725000,1.675000,11,0.000000,0.000000,1.000000,0.000000,0.000000,0.000000,1.000000
95,33,1.775000,1.675000,4,0.000000,0.000000,1.000000,0.000000,0.000000,0.000000,1.000000
98,33,1.925000,1.675000,1,0.000000,0.000000,1.000000,0.000000,0.000000,0.000000,1.000000
40,34,-0.975000,1.725000,6,0.000000,0.000000,1.000000,0.000000,0.000000,1.000000,0.000000
41,34,-0.925000,1.725000,5,0.000000,0.000000,1.000000,0.000000,0.000000,1.000000,0.000000
42,34,-0.875000,1.725000,1,0.000000,0.000000,1.000000,0.000000,0.000000,1.000000,0.000000
43,34,-0.825000,1.725000,3,0.000000,0.000000,1.000000,0.000000,0.000000,1.000000,0.000000
44,34,-0.775000,1.725000,6,0.000000,0.000000,1.000000,0.000000,0.000000,1.000000,0.000000
45,34,-0.725000,1.725000,3,0.000000,0.000000,1.000000,0.000000,0.000000,1.000000,0.000000
56,34,-0.175000,1.725000,11,0.000000,0.000000,1.000000,0.000000,0.000000,1.000000,0.000000
57,34,-0.125000,1.725000,10,0.000000,0.000000,1.000000,0.000000,0.000000,1.000000,0.000000
60,34,0.025000,1.725000,15,0.000000,0.000000,1.000000,0.000000,1.000000,0.000000,0.000000
68,34,0.425000,1.725000,7,0.000000,0.000000,1.000000,0.000000,0.000000,0.000000,1.000000
69,34,0.475000,1.725000,11,0.000000,0.000000,1.000000,0.000000,0.000000,0.000000,1.000000
70,34,0.525000,1.725000,6,0.000000,0.000000,1.000000,0.000000,0.000000,0.000000,1.000000
72,34,0.625000,1.725000,6,0.000000,0.000000,1.000000,0.000000,0.000000,0.000000,1.000000
73,34,0.675000,1.725000,8,0.000000,0.000000,1.000000,0.000000,0.000000,0.000000,1.000000
74,34,0.725000,1.725000,5,0.000000,0.000000,1.000000,0.000000,0.000000,0.000000,1.000000
75,34,0.775000,1.725000,4,0.000000,0.000000,1.000000,0.000000,0.000000,0.000000,1.000000
76,34,0.825000,1.725000,11,0.000000,0.000000,1.000000,0.000000,0.000000,0.000000,1.000000
77,34,0.875000,1.725000,4,0.000000,0.000000,1.000000,0.000000,0.000000,0.000000,1.000000
78,34,0.925000,1.725000,9,0.000000,0.000000,1.000000,0.000000,0.000000,0.000000,1.000000
79,34,0.975000,1.725000,1,0.000000,0.000000,1.000000,0.000000,0.000000,0.000000,1.000000
80,34,1.025000,1.725000,7,0.000000,0.000000,1.000000,0.000000,0.000000,0.000000,1.000000
81,34,1.075000,1.725000,4,0.000000,0.000000,1.000000,0.000000,0.000000,0.000000,1.000000
82,34,1.125000,1.725000,6,0.000000,0.000000,1.000000,0.000000,0.000000,0.000000,1.000000
83,34,1.175000,1.725000,3,0.000000,0.000000,1.000000,0.000000,0.000000,0.000000,1.000000
84,34,1.225000,1.725000,3,0.000000,0.000000,1.000000,0.000000,0.000000,0.000000,1.000000
85,34,1.275000,1.725000,4,0.000000,0.000000,1.000000,0.000000,0.000000,0.000000,1.000000
86,34,1.325000,1.725000,5,0.000000,0.000000,1.000000,0.000000,0.000000,0.000000,1.000000
87,34,1.375000,1.725000,8,0.000000,0.000000,1.000000,0.000000,0.000000,0.000000,1.000000
88,34,1.425000,1.725000,2,0.000000,0.000000,1.000000,0.000000,0.000000,0.000000,1.000000
89,34,1.475000,1.725000,2,0.000000,0.000000,1.000000,0.000000,0.000000,0.000000,1.000000
90,34,1.525000,1.725000,4,0.000000,0.000000,1.000000,0.000000,0.000000,0.000000,1.000000
91,34,1.575000,1.725000,4,0.000000,0.000000,1.000000,0.000000,0.000000,0.000000,1.000000
92,34,1.625000,1.725000,4,0.000000,0.000000,1.000000,0.000000,0.000000,0.000000,1.000000
93,34,1.675000,1.725000,4,0.000000,0.000000,1.000000,0.000000,0.000000,0.000000,1.000000
94,34,1.725000,1.725000,7,0.000000,0.000000,1.000000,0.000000,0.000000,0.000000,1.000000
95,34,1.775000,1.725000,13,0.000000,0.000000,1.000000,0.000000,0.000000,0.000000,1.000000
96,34,1.825000,1.725000,10,0.000000,0.000000,1.000000,0.000000,0.000000,0.000000,1.000000
97,34,1.875000,1.725000,5,0.000000,0.000000,1.000000,0.000000,0.000000,0.000000,1.000000
37,35,-1.125000,1.775000,1,0.000000,0.000000,1.000000,0.000000,0.000000,1.000000,0.000000
38,35,-1.075000,1.775000,6,0.000000,0.000000,1.000000,0.000000,0.000000,1.000000,0.000000
39,35,-1.025000,1.775000,5,0.000000,0.000000,1.000000,0.000000,0.000000,1.000000,0.000000
40,35,-0.975000,1.775000,4,0.000000,0.000000,1.000000,0.000000,0.000000,1.000000,0.000000
41,35,-0.925000,1.775000,7,0.000000,0.000000,1.000000,0.000000,0.000000,1.000000,0.000000
42,35,-0.875000,1.775000,4,0.000000,0.000000,1.000000,0.000000,0.000000,1.000000,0.000000
43,35,-0.825000,1.775000,2,0.000000,0.000000,1.000000,0.000000,0.000000,1.000000,0.000000
44,35,-0.775000,1.775000,5,0.000000,0.000000,1.000000,0.000000,0.000000,1.000000,0.000000
45,35,-0.725000,1.775000,4,0.000000,0.000000,1.000000,0.000000,0.000000,1.000000,0.000000
46,35,-0.675000,1.775000,2,0.000000,0.000000,1.000000,0.000000,0.000000,1.000000,0.000000
47,35,-0.625000,1.775000,3,0.000000,0.000000,1.000000,0.000000,0.000000,1.000000,0.000000
55,35,-0.225000,1.775000,12,0.000000,0.000000,1.000000,0.000000,0.000000,1.000000,0.000000
56,35,-0.175000,1.775000,6,0.000000,0.000000,1.000000,0.000000,0.000000,1.000000,0.000000
57,35,-0.125000,1.775000,5,0.000000,0.000000,1.000000,0.000000,0.000000,1.000000,0.000000
60,35,0.025000,1.775000,11,0.000000,0.000000,1.000000,0.000000,1.000000,0.000000,0.000000
69,35,0.475000,1.775000,18,0.000000,0.000000,1.000000,0.000000,0.000000,0.000000,1.000000
70,35,0.525000,1.775000,13,0.000000,0.000000,1.000000,0.000000,0.000000,0.000000,1.000000
71,35,0.575000,1.775000,1,0.000000,0.000000,1.000000,0.000000,0.000000,0.000000,1.000000
73,35,0.675000,1.775000,6,0.000000,0.000000,1.000000,0.000000,0.000000,0.000000,1.000000
74,35,0.725000,1.775000,10,0.000000,0.000000,1.000000,0.000000,0.000000,0.000000,1.000000
75,35,0.775000,1.775000,10,0.000000,0.000000,1.000000,0.000000,0.000000,0.000000,1.000000
76,35,0.825000,1.775000,8,0.000000,0.000000,1.000000,0.000000,0.000000,0.000000,1.000000
77,35,0.875000,1.775000,5,0.000000,0.000000,1.000000,0.000000,0.000000,0.000000,1.000000
78,35,0.925000,1.775000,5,0.000000,0.000000,1.000000,0.000000,0.000000,0.000000,1.000000
79,35,0.975000,1.775000,7,0.000000,0.000000,1.000000,0.000000,0.000000,0.000000,1.000000
80,35,1.025000,1.775000,8,0.000000,0.000000,1.000000,0.000000,0.000000,0.000000,1.000000
81,35,1.075000,1.775000,16,0.000000,0.000000,1.000000,0.000000,0.000000,0.000000,1.000000
82,35,1.125000,1.775000,11,0.000000,0.000000,1.000000,0.000000,0.000000,0.000000,1.000000
83,35,1.175000,1.775000,5,0.000000,0.000000,1.000000,0.000000,0.000000,0.000000,1.000000
84,35,1.225000,1.775000,2,0.000000,0.000000,1.000000,0.000000,0.000000,0.000000,1.000000
85,35,1.275000,1.775000,4,0.000000,0.000000,1.000000,0.000000,0.000000,0.000000,1.000000
86,35,1.325000,1.775000,2,0.000000,0.000000,1.000000,0.000000,0.000000,0.000000,1.000000
88,35,1.425000,1.775000,7,0.000000,0.000000,1.000000,0.000000,0.000000,0.000000,1.000000
89,35,1.475000,1.775000,5,0.000000,0.000000,1.000000,0.000000,0.000000,0.000000,1.000000
91,35,1.575000,1.775000,4,0.000000,0.000000,1.000000,0.000000,0.000000,0.000000,1.000000
92,35,1.625000,1.775000,3,0.000000,0.000000,1.000000,0.000000,0.000000,0.000000,1.000000
93,35,1.675000,1.775000,5,0.000000,0.000000,1.000000,0.000000,0.000000,0.000000,1.000000
94,35,1.725000,1.775000,3,0.000000,0.000000,1.000000,0.000000,0.000000,0.000000,1.000000
95,35,1.775000,1.775000,7,0.000000,0.000000,1.000000,0.000000,0.000000,0.000000,1.000000
96,35,1.825000,1.775000,7,0.000000,0.000000,1.000000,0.000000,0.000000,0.000000,1.000000
97,35,1.875000,1.775000,12,0.000000,0.000000,1.000000,0.000000,0.000000,0.000000,1.000000
98,35,1.925000,1.775000,6,0.000000,0.000000,1.000000,0.000000,0.000000,0.000000,1.000000
99,35,1.975000,1.775000,1,0.000000,0.000000,1.000000,0.000000,0.000000,0.000000,1.000000
35,36,-1.225000,1.825000,7,0.000000,0.000000,1.000000,0.000000,0.000000,1.000000,0.000000
36,36,-1.175000,1.825000,6,0.000000,0.000000,1.000000,0.000000,0.000000,1.000000,0.000000
37,36,-1.125000,1.825000,7,0.000000,0.000000,1.000000,0.000000,0.000000,1.000000,0.000000
38,36,-1.075000,1.825000,3,0.000000,0.000000,1.000000,0.000000,0.000000,1.000000,0.000000
39,36,-1.025000,1.825000,4,0.000000,0.000000,1.000000,0.000000,0.000000,1.000000,0.000000
40,36,-0.975000,1.825000,6,0.000000,0.000000,1.000000,0.000000,0.000000,1.000000,0.000000
41,36,-0.925000,1.825000,5,0.000000,0.000000,1.000000,0.000000,0.000000,1.000000,0.000000
42,36,-0.875000,1.825000,3,0.000000,0.000000,1.000000,0.000000,0.000000,1.000000,0.000000
43,36,-0.825000,1.825000,1,0.000000,0.000000,1.000000,0.000000,0.000000,1.000000,0.000000
44,36,-0.775000,1.825000,3,0.000000,0.000000,1.000000,0.000000,0.000000,1.000000,0.000000
45,36,-0.725000,1.825000,5,0.000000,0.000000,1.000000,0.000000,0.000000,1.000000,0.000000
46,36,-0.675000,1.825000,2,0.000000,0.000000,1.000000,0.000000,0.000000,1.000000,0.000000
47,36,-0.625000,1.825000,3,0.000000,0.000000,1.000000,0.000000,0.000000,1.000000,0.000000
54,36,-0.275000,1.825000,11,0.000000,0.000000,1.000000,0.000000,0.000000,1.000000,0.000000
55,36,-0.225000,1.825000,8,0.000000,0.000000,1.000000,0.000000,0.000000,1.000000,0.000000
56,36,-0.175000,1.825000,2,0.000000,0.000000,1.000000,0.000000,0.000000,1.000000,0.000000
57,36,-0.125000,1.825000,1,0.000000,0.000000,1.000000,0.000000,0.000000,1.000000,0.000000
60,36,0.025000,1.825000,13,0.000000,0.000000,1.000000,0.000000,1.000000,0.000000,0.000000
69,36,0.475000,1.825000,5,0.000000,0.000000,1.000000,0.000000,0.000000,0.000000,1.000000
70,36,0.525000,1.825000,12,0.000000,0.000000,1.000000,0.000000,0.000000,0.000000,1.000000
71,36,0.575000,1.825000,14,0.000000,0.000000,1.000000,0.000000,0.000000,0.000000,1.000000
73,36,0.675000,1.825000,1,0.000000,0.000000,1.000000,0.000000,0.000000,0.000000,1.000000
74,36,0.725000,1.825000,9,0.000000,0.000000,1.000000,0.000000,0.000000,0.000000,1.000000
75,36,0.775000,1.825000,4,0.000000,0.000000,1.000000,0.000000,0.000000,0.000000,1.000000
76,36,0.825000,1.825000,3,0.000000,0.000000,1.000000,0.000000,0.000000,0.000000,1.000000
77,36,0.875000,1.825000,2,0.000000,0.000000,1.000000,0.000000,0.000000,0.000000,1.000000
78,36,0.925000,1.825000,5,0.000000,0.000000,1.000000,0.000000,0.000000,0.000000,1.000000
79,36,0.975000,1.825000,7,0.000000,0.000000,1.000000,0.000000,0.000000,0.000000,1.000000
80,36,1.025000,1.825000,4,0.000000,0.000000,1.000000,0.000000,0.000000,0.000000,1.000000
81,36,1.075000,1.825000,11,0.000000,0.000000,1.000000,0.000000,0.000000,0.000000,1.000000
82,36,1.125000,1.825000,7,0.000000,0.000000,1.000000,0.000000,0.000000,0.000000,1.000000
83,36,1.175000,1.825000,5,0.000000,0.000000,1.000000,0.000000,0.000000,0.000000,1.000000
84,36,1.225000,1.825000,2,0.000000,0.000000,1.000000,0.000000,0.000000,0.000000,1.000000
85,36,1.275000,1.825000,7,0.000000,0.000000,1.000000,0.000000,0.000000,0.000000,1.000000
86,36,1.325000,1.825000,8,0.000000,0.000000,1.000000,0.000000,0.000000,0.000000,1.000000
88,36,1.425000,1.825000,6,0.000000,0.000000,1.000000,0.000000,0.000000,0.000000,1.000000
89,36,1.475000,1.825000,15,0.000000,0.000000,1.000000,0.000000,0.000000,0.000000,1.000000
90,36,1.525000,1.825000,5,0.000000,0.000000,1.000000,0.000000,0.000000,0.000000,1.000000
91,36,1.575000,1.825000,6,0.000000,0.000000,1.000000,0.000000,0.000000,0.000000,1.000000
92,36,1.625000,1.825000,9,0.000000,0.000000,1.000000,0.000000,0.000000,0.000000,1.000000
93,36,1.675000,1.825000,9,0.000000,0.000000,1.000000,0.000000,0.000000,0.000000,1.000000
94,36,1.725000,1.825000,7,0.000000,0.000000,1.000000,0.000000,0.000000,0.000000,1.000000
95,36,1.775000,1.825000,7,0.000000,0.000000,1.000000,0.000000,0.000000,0.000000,1.000000
96,36,1.825000,1.825000,11,0.000000,0.000000,1.000000,0.000000,0.000000,0.000000,1.000000
97,36,1.875000,1.825000,8,0.000000,0.000000,1.000000,0.000000,0.000000,0.000000,1.000000
98,36,1.925000,1.825000,10,0.000000,0.000000,1.000000,0.000000,0.000000,0.000000,1.000000
99,36,1.975000,1.825000,23,0.000000,0.000000,1.000000,0.000000,0.000000,0.000000,1.000000
33,37,-1.325000,1.875000,8,0.000000,0.000000,1.000000,0.000000,0.000000,1.000000,0.000000
34,37,-1.275000,1.875000,5,0.000000,0.000000,1.000000,0.000000,0.000000,1.000000,0.000000
35,37,-1.225000,1.875000,4,0.000000,0.000000,1.000000,0.000000,0.000000,1.000000,0.000000
36,37,-1.175000,1.875000,6,0.000000,0.000000,1.000000,0.000000,0.000000,1.000000,0.000000
37,37,-1.125000,1.875000,7,0.000000,0.000000,1.000000,0.000000,0.000000,1.000000,0.000000
38,37,-1.075000,1.875000,6,0.000000,0.000000,1.000000,0.000000,0.000000,1.000000,0.000000
39,37,-1.025000,1.875000,2,0.000000,0.000000,1.000000,0.000000,0.000000,1.000000,0.000000
40,37,-0.975000,1.875000,1,0.000000,0.000000,1.000000,0.000000,0.000000,1.000000,0.000000
41,37,-0.925000,1.875000,3,0.000000,0.000000,1.000000,0.000000,0.000000,1.000000,0.000000
42,37,-0.875000,1.875000,2,0.000000,0.000000,1.000000,0.000000,0.000000,1.000000,0.000000
43,37,-0.825000,1.875000,1,0.000000,0.000000,1.000000,0.000000,0.000000,1.000000,0.000000
44,37,-0.775000,1.875000,5,0.000000,0.000000,1.000000,0.000000,0.000000,1.000000,0.000000
45,37,-0.725000,1.875000,2,0.000000,0.000000,1.000000,0.000000,0.000000,1.000000,0.000000
46,37,-0.675000,1.875000,3,0.000000,0.000000,1.000000,0.000000,0.000000,1.000000,0.000000
47,37,-0.625000,1.875000,2,0.000000,0.000000,1.000000,0.000000,0.000000,1.000000,0.000000
53,37,-0.325000,1.875000,15,0.000000,0.000000,1.000000,0.000000,0.000000,1.000000,0.000000
54,37,-0.275000,1.875000,5,0.000000,0.000000,1.000000,0.000000,0.000000,1.000000,0.000000
55,37,-0.225000,1.875000,1,0.000000,0.000000,1.000000,0.000000,0.000000,1.000000,0.000000
56,37,-0.175000,1.875000,4,0.000000,0.000000,1.000000,0.000000,0.000000,1.000000,0.000000
57,37,-0.125000,1.875000,1,0.000000,0.000000,1.000000,0.000000,0.000000,1.000000,0.000000
59,37,-0.025000,1.875000,1,0.000000,0.000000,1.000000,0.000000,0.000000,1.000000,0.000000
60,37,0.025000,1.875000,32,0.000000,0.000000,1.000000,0.000000,1.000000,0.000000,0.000000
70,37,0.525000,1.875000,2,0.000000,0.000000,1.000000,0.000000,0.000000,0.000000,1.000000
71,37,0.575000,1.875000,38,0.000000,0.000000,1.000000,0.000000,0.000000,0.000000,1.000000
72,37,0.625000,1.875000,4,0.000000,0.000000,1.000000,0.000000,0.000000,0.000000,1.000000
74,37,0.725000,1.875000,12,0.000000,0.000000,1.000000,0.000000,0.000000,0.000000,1.000000
75,37,0.775000,1.875000,8,0.000000,0.000000,1.000000,0.000000,0.000000,0.000000,1.000000
76,37,0.825000,1.875000,7,0.000000,0.000000,1.000000,0.000000,0.000000,0.000000,1.000000
78,37,0.925000,1.875000,7,0.000000,0.000000,1.000000,0.000000,0.000000,0.000000,1.000000
79,37,0.975000,1.875000,13,0.000000,0.000000,1.000000,0.000000,0.000000,0.000000,1.000000
80,37,1.025000,1.875000,7,0.000000,0.000000,1.000000,0.000000,0.000000,0.000000,1.000000
81,37,1.075000,1.875000,17,0.000000,0.000000,1.000000,0.000000,0.000000,0.000000,1.000000
82,37,1.125000,1.875000,3,0.000000,0.000000,1.000000,0.000000,0.000000,0.000000,1.000000
83,37,1.175000,1.875000,4,0.000000,0.000000,1.000000,0.000000,0.000000,0.000000,1.000000
84,37,1.225000,1.875000,6,0.000000,0.000000,1.000000,0.000000,0.000000,0.000000,1.000000
85,37,1.275000,1.875000,4,0.000000,0.000000,1.000000,0.000000,0.000000,0.000000,1.000000
86,37,1.325000,1.875000,6,0.000000,0.000000,1.000000,0.000000,0.000000,0.000000,1.000000
87,37,1.375000,1.875000,5,0.000000,0.000000,1.000000,0.000000,0.000000,0.000000,1.000000
88,37,1.425000,1.875000,5,0.000000,0.000000,1.000000,0.000000,0.000000,0.000000,1.000000
89,37,1.475000,1.875000,6,0.000000,0.000000,1.000000,0.000000,0.000000,0.000000,1.000000
90,37,1.525000,1.875000,9,0.000000,0.000000,1.000000,0.000000,0.000000,0.000000,1.000000
91,37,1.575000,1.875000,7,0.000000,0.000000,1.000000,0.000000,0.000000,0.000000,1.000000
92,37,1.625000,1.875000,3,0.000000,0.000000,1.000000,0.000000,0.000000,0.000000,1.000000
93,37,1.675000,1.875000,7,0.000000,0.000000,1.000000,0.000000,0.000000,0.000000,1.000000
94,37,1.725000,1.875000,17,0.000000,0.000000,1.000000,0.000000,0.000000,0.000000,1.000000
95,37,1.775000,1.875000,22,0.000000,0.000000,1.000000,0.000000,0.000000,0.000000,1.000000
96,37,1.825000,1.875000,9,0.000000,0.000000,1.000000,0.000000,0.000000,0.000000,1.000000
97,37,1.875000,1.875000,11,0.000000,0.000000,1.000000,0.000000,0.000000,0.000000,1.000000
98,37,1.925000,1.875000,9,0.000000,0.000000,1.000000,0.000000,0.000000,0.000000,1.000000
99,37,1.975000,1.875000,18,0.000000,0.000000,1.000000,0.000000,0.000000,0.000000,1.000000
100,37,2.025000,1.875000,35,0.000000,0.000000,1.000000,0.000000,0.000000,0.000000,1.000000
31,38,-1.425000,1.925000,4,0.000000,0.000000,1.000000,0.000000,0.000000,1.000000,0.000000
32,38,-1.375000,1.925000,14,0.000000,0.000000,1.000000,0.000000,0.000000,1.000000,0.000000
33,38,-1.325000,1.925000,8,0.000000,0.000000,1.000000,0.000000,0.000000,1.000000,0.000000
34,38,-1.275000,1.925000,9,0.000000,0.000000,1.000000,0.000000,0.000000,1.000000,0.000000
35,38,-1.225000,1.925000,13,0.000000,0.000000,1.000000,0.000000,0.000000,1.000000,0.000000
36,38,-1.175000,1.925000,4,0.000000,0.000000,1.000000,0.000000,0.000000,1.000000,0.000000
37,38,-1.125000,1.925000,8,0.000000,0.000000,1.000000,0.000000,0.000000,1.000000,0.000000
38,38,-1.075000,1.925000,3,0.000000,0.000000,1.000000,0.000000,0.000000,1.000000,0.000000
39,38,-1.025000,1.925000,3,0.000000,0.000000,1.000000,0.000000,0.000000,1.000000,0.000000
40,38,-0.975000,1.925000,4,0.000000,0.000000,1.000000,0.000000,0.000000,1.000000,0.000000
41,38,-0.925000,1.925000,6,0.000000,0.000000,1.000000,0.000000,0.000000,1.000000,0.000000
42,38,-0.875000,1.925000,4,0.000000,0.000000,1.000000,0.000000,0.000000,1.000000,0.000000
43,38,-0.825000,1.925000,8,0.000000,0.000000,1.000000,0.000000,0.000000,1.000000,0.000000
44,38,-0.775000,1.925000,3,0.000000,0.000000,1.000000,0.000000,0.000000,1.000000,0.000000
45,38,-0.725000,1.925000,1,0.000000,0.000000,1.000000,0.000000,0.000000,1.000000,0.000000
46,38,-0.675000,1.925000,1,0.000000,0.000000,1.000000,0.000000,0.000000,1.000000,0.000000
48,38,-0.575000,1.925000,3,0.000000,0.000000,1.000000,0.000000,0.000000,1.000000,0.000000
49,38,-0.525000,1.925000,1,0.000000,0.000000,1.000000,0.000000,0.000000,1.000000,0.000000
50,38,-0.475000,1.925000,1,0.000000,0.000000,1.000000,0.000000,0.000000,1.000000,0.000000
51,38,-0.425000,1.925000,8,0.000000,0.000000,1.000000,0.000000,0.000000,1.000000,0.000000
52,38,-0.375000,1.925000,16,0.000000,0.000000,1.000000,0.000000,0.000000,1.000000,0.000000
54,38,-0.275000,1.925000,4,0.000000,0.000000,1.000000,0.000000,0.000000,1.000000,0.000000
55,38,-0.225000,1.925000,1,0.000000,0.000000,1.000000,0.000000,0.000000,1.000000,0.000000
56,38,-0.175000,1.925000,2,0.000000,0.000000,1.000000,0.000000,0.000000,1.000000,0.000000
57,38,-0.125000,1.925000,5,0.000000,0.000000,1.000000,0.000000,0.000000,1.000000,0.000000
58,38,-0.075000,1.925000,1,0.000000,0.000000,1.000000,0.000000,0.000000,1.000000,0.000000
60,38,0.025000,1.925000,35,0.315997,0.157999,0.942857,0.000000,0.942857,0.057143,0.000000
72,38,0.625000,1.925000,15,0.000000,0.000000,1.000000,0.000000,0.000000,0.000000,1.000000
75,38,0.775000,1.925000,13,0.000000,0.000000,1.000000,0.000000,0.000000,0.000000,1.000000
76,38,0.825000,1.925000,14,0.000000,0.000000,1.000000,0.000000,0.000000,0.000000,1.000000
77,38,0.875000,1.925000,8,0.000000,0.000000,1.000000,0.000000,0.000000,0.000000,1.000000
78,38,0.925000,1.925000,1,0.000000,0.000000,1.000000,0.000000,0.000000,0.000000,1.000000
79,38,0.975000,1.925000,10,0.000000,0.000000,1.000000,0.000000,0.000000,0.000000,1.000000
80,38,1.025000,1.925000,4,0.000000,0.000000,1.000000,0.000000,0.000000,0.000000,1.000000
81,38,1.075000,1.925000,13,0.000000,0.000000,1.000000,0.000000,0.000000,0.000000,1.000000
82,38,1.125000,1.925000,6,0.000000,0.000000,1.000000,0.000000,0.000000,0.000000,1.000000
83,38,1.175000,1.925000,7,0.000000,0.000000,1.000000,0.000000,0.000000,0.000000,1.000000
84,38,1.225000,1.925000,3,0.000000,0.000000,1.000000,0.000000,0.000000,0.000000,1.000000
85,38,1.275000,1.925000,5,0.000000,0.000000,1.000000,0.000000,0.000000,0.000000,1.000000
86,38,1.325000,1.925000,10,0.000000,0.000000,1.000000,0.000000,0.000000,0.000000,1.000000
87,38,1.375000,1.925000,4,0.000000,0.000000,1.000000,0.000000,0.000000,0.000000,1.000000
88,38,1.425000,1.925000,2,0.000000,0.000000,1.000000,0.000000,0.000000,0.000000,1.000000
89,38,1.475000,1.925000,5,0.000000,0.000000,1.000000,0.000000,0.000000,0.000000,1.000000
90,38,1.525000,1.925000,19,0.000000,0.000000,1.000000,0.000000,0.000000,0.000000,1.000000
91,38,1.575000,1.925000,3,0.000000,0.000000,1.000000,0.000000,0.000000,0.000000,1.000000
92,38,1.625000,1.925000,4,0.000000,0.000000,1.000000,0.000000,0.000000,0.000000,1.000000
93,38,1.675000,1.925000,3,0.000000,0.000000,1.000000,0.000000,0.000000,0.000000,1.000000
94,38,1.725000,1.925000,4,0.000000,0.000000,1.000000,0.000000,0.000000,0.000000,1.000000
95,38,1.775000,1.925000,6,0.000000,0.000000,1.000000,0.000000,0.000000,0.000000,1.000000
96,38,1.825000,1.925000,11,0.000000,0.000000,1.000000,0.000000,0.000000,0.000000,1.000000
97,38,1.875000,1.925000,6,0.000000,0.000000,1.000000,0.000000,0.000000,0.000000,1.000000
98,38,1.925000,1.925000,4,0.000000,0.000000,1.000000,0.000000,0.000000,0.000000,1.000000
100,38,2.025000,1.925000,7,0.000000,0.000000,1.000000,0.000000,0.000000,0.000000,1.000000
101,38,2.075000,1.925000,15,0.000000,0.000000,1.000000,0.000000,0.000000,0.000000,1.000000
30,39,-1.475000,1.975000,8,0.000000,0.000000,1.000000,0.000000,0.000000,1.000000,0.000000
31,39,-1.425000,1.975000,21,0.000000,0.000000,1.000000,0.000000,0.000000,1.000000,0.000000
32,39,-1.375000,1.975000,10,0.000000,0.000000,1.000000,0.000000,0.000000,1.000000,0.000000
33,39,-1.325000,1.975000,7,0.000000,0.000000,1.000000,0.000000,0.000000,1.000000,0.000000
34,39,-1.275000,1.975000,9,0.000000,0.000000,1.000000,0.000000,0.000000,1.000000,0.000000
35,39,-1.225000,1.975000,6,0.000000,0.000000,1.000000,0.000000,0.000000,1.000000,0.000000
36,39,-1.175000,1.975000,3,0.000000,0.000000,1.000000,0.000000,0.000000,1.000000,0.000000
37,39,-1.125000,1.975000,2,0.000000,0.000000,1.000000,0.000000,0.000000,1.000000,0.000000
38,39,-1.075000,1.975000,8,0.000000,0.000000,1.000000,0.000000,0.000000,1.000000,0.000000
40,39,-0.975000,1.975000,4,0.000000,0.000000,1.000000,0.000000,0.000000,1.000000,0.000000
41,39,-0.925000,1.975000,2,0.000000,0.000000,1.000000,0.000000,0.000000,1.000000,0.000000
42,39,-0.875000,1.975000,1,0.000000,0.000000,1.000000,0.000000,0.000000,1.000000,0.000000
43,39,-0.825000,1.975000,2,0.000000,0.000000,1.000000,0.000000,0.000000,1.000000,0.000000
44,39,-0.775000,1.975000,5,0.000000,0.000000,1.000000,0.000000,0.000000,1.000000,0.000000
45,39,-0.725000,1.975000,4,0.000000,0.000000,1.000000,0.000000,0.000000,1.000000,0.000000
46,39,-0.675000,1.975000,1,0.000000,0.000000,1.000000,0.000000,0.000000,1.000000,0.000000
47,39,-0.625000,1.975000,1,0.000000,0.000000,1.000000,0.000000,0.000000,1.000000,0.000000
48,39,-0.575000,1.975000,1,0.000000,0.000000,1.000000,0.000000,0.000000,1.000000,0.000000
50,39,-0.475000,1.975000,3,0.000000,0.000000,1.000000,0.000000,0.000000,1.000000,0.000000
51,39,-0.425000,1.975000,5,0.000000,0.000000,1.000000,0.000000,0.000000,1.000000,0.000000
53,39,-0.325000,1.975000,5,0.000000,0.000000,1.000000,0.000000,0.000000,1.000000,0.000000
54,39,-0.275000,1.975000,4,0.000000,0.000000,1.000000,0.000000,0.000000,1.000000,0.000000
55,39,-0.225000,1.975000,7,0.000000,0.000000,1.000000,0.000000,0.000000,1.000000,0.000000
56,39,-0.175000,1.975000,3,0.000000,0.000000,1.000000,0.000000,0.000000,1.000000,0.000000
57,39,-0.125000,1.975000,4,0.000000,0.000000,1.000000,0.000000,0.000000,1.000000,0.000000
58,39,-0.075000,1.975000,1,0.000000,0.000000,1.000000,0.000000,0.000000,1.000000,0.000000
59,39,-0.025000,1.975000,4,0.000000,0.000000,1.000000,0.000000,0.000000,1.000000,0.000000
60,39,0.025000,1.975000,51,0.322757,0.161378,0.941176,0.000000,0.941176,0.058824,0.000000
61,39,0.075000,1.975000,1,0.000000,0.000000,1.000000,0.000000,0.000000,1.000000,0.000000
75,39,0.775000,1.975000,3,0.000000,0.000000,1.000000,0.000000,0.000000,0.000000,1.000000
76,39,0.825000,1.975000,11,0.000000,0.000000,1.000000,0.000000,0.000000,0.000000,1.000000
77,39,0.875000,1.975000,10,0.000000,0.000000,1.000000,0.000000,0.000000,0.000000,1.000000
79,39,0.975000,1.975000,8,0.000000,0.000000,1.000000,0.000000,0.000000,0.000000,1.000000
80,39,1.025000,1.975000,8,0.000000,0.000000,1.000000,0.000000,0.000000,0.000000,1.000000
81,39,1.075000,1.975000,10,0.000000,0.000000,1.000000,0.000000,0.000000,0.000000,1.000000
82,39,1.125000,1.975000,3,0.000000,0.000000,1.000000,0.000000,0.000000,0.000000,1.000000
83,39,1.175000,1.975000,4,0.000000,0.000000,1.000000,0.000000,0.000000,0.000000,1.000000
84,39,1.225000,1.975000,1,0.000000,0.000000,1.000000,0.000000,0.000000,0.000000,1.000000
85,39,1.275000,1.975000,10,0.000000,0.000000,1.000000,0.000000,0.000000,0.000000,1.000000
86,39,1.325000,1.975000,9,0.000000,0.000000,1.000000,0.000000,0.000000,0.000000,1.000000
87,39,1.375000,1.975000,7,0.000000,0.000000,1.000000,0.000000,0.000000,0.000000,1.000000
88,39,1.425000,1.975000,7,0.000000,0.000000,1.000000,0.000000,0.000000,0.000000,1.000000
89,39,1.475000,1.975000,4,0.000000,0.000000,1.000000,0.000000,0.000000,0.000000,1.000000
90,39,1.525000,1.975000,7,0.000000,0.000000,1.000000,0.000000,0.000000,0.000000,1.000000
91,39,1.575000,1.975000,13,0.000000,0.000000,1.000000,0.000000,0.000000,0.000000,1.000000
92,39,1.625000,1.975000,4,0.000000,0.000000,1.000000,0.000000,0.000000,0.000000,1.000000
93,39,1.675000,1.975000,4,0.000000,0.000000,1.000000,0.000000,0.000000,0.000000,1.000000
94,39,1.725000,1.975000,5,0.000000,0.000000,1.000000,0.000000,0.000000,0.000000,1.000000
95,39,1.775000,1.975000,3,0.000000,0.000000,1.000000,0.000000,0.000000,0.000000,1.000000
96,39,1.825000,1.975000,14,0.000000,0.000000,1.000000,0.000000,0.000000,0.000000,1.000000
97,39,1.875000,1.975000,5,0.000000,0.000000,1.000000,0.000000,0.000000,0.000000,1.000000
98,39,1.925000,1.975000,13,0.000000,0.000000,1.000000,0.000000,0.000000,0.000000,1.000000
99,39,1.975000,1.975000,5,0.000000,0.000000,1.000000,0.000000,0.000000,0.000000,1.000000
100,39,2.025000,1.975000,1,0.000000,0.000000,1.000000,0.000000,0.000000,0.000000,1.000000
29,40,-1.525000,2.025000,15,0.000000,0.000000,1.000000,0.000000,0.000000,1.000000,0.000000
30,40,-1.475000,2.025000,18,0.000000,0.000000,1.000000,0.000000,0.000000,1.000000,0.000000
31,40,-1.425000,2.025000,23,0.000000,0.000000,1.000000,0.000000,0.000000,1.000000,0.000000
32,40,-1.375000,2.025000,15,0.000000,0.000000,1.000000,0.000000,0.000000,1.000000,0.000000
33,40,-1.325000,2.025000,14,0.000000,0.000000,1.000000,0.000000,0.000000,1.000000,0.000000
34,40,-1.275000,2.025000,9,0.000000,0.000000,1.000000,0.000000,0.000000,1.000000,0.000000
35,40,-1.225000,2.025000,6,0.000000,0.000000,1.000000,0.000000,0.000000,1.000000,0.000000
36,40,-1.175000,2.025000,6,0.000000,0.000000,1.000000,0.000000,0.000000,1.000000,0.000000
37,40,-1.125000,2.025000,2,0.000000,0.000000,1.000000,0.000000,0.000000,1.000000,0.000000
38,40,-1.075000,2.025000,3,0.000000,0.000000,1.000000,0.000000,0.000000,1.000000,0.000000
39,40,-1.025000,2.025000,4,0.000000,0.000000,1.000000,0.000000,0.000000,1.000000,0.000000
40,40,-0.975000,2.025000,7,0.000000,0.000000,1.000000,0.000000,0.000000,1.000000,0.000000
41,40,-0.925000,2.025000,7,0.000000,0.000000,1.000000,0.000000,0.000000,1.000000,0.000000
42,40,-0.875000,2.025000,5,0.000000,0.000000,1.000000,0.000000,0.000000,1.000000,0.000000
43,40,-0.825000,2.025000,1,0.000000,0.000000,1.000000,0.000000,0.000000,1.000000,0.000000
44,40,-0.775000,2.025000,3,0.000000,0.000000,1.000000,0.000000,0.000000,1.000000,0.000000
45,40,-0.725000,2.025000,4,0.000000,0.000000,1.000000,0.000000,0.000000,1.000000,0.000000
46,40,-0.675000,2.025000,6,0.000000,0.000000,1.000000,0.000000,0.000000,1.000000,0.000000
47,40,-0.625000,2.025000,2,0.000000,0.000000,1.000000,0.000000,0.000000,1.000000,0.000000
48,40,-0.575000,2.025000,2,0.000000,0.000000,1.000000,0.000000,0.000000,1.000000,0.000000
49,40,-0.525000,2.025000,7,0.000000,0.000000,1.000000,0.000000,0.000000,1.000000,0.000000
50,40,-0.475000,2.025000,7,0.000000,0.000000,1.000000,0.000000,0.000000,1.000000,0.000000
52,40,-0.375000,2.025000,1,0.000000,0.000000,1.000000,0.000000,0.000000,1.000000,0.000000
53,40,-0.325000,2.025000,2,0.000000,0.000000,1.000000,0.000000,0.000000,1.000000,0.000000
54,40,-0.275000,2.025000,2,0.000000,0.000000,1.000000,0.000000,0.000000,1.000000,0.000000
55,40,-0.225000,2.025000,3,0.000000,0.000000,1.000000,0.000000,0.000000,1.000000,0.000000
56,40,-0.175000,2.025000,4,0.000000,0.000000,1.000000,0.000000,0.000000,1.000000,0.000000
57,40,-0.125000,2.025000,2,0.000000,0.000000,1.000000,0.000000,0.000000,1.000000,0.000000
58,40,-0.075000,2.025000,1,0.000000,0.000000,1.000000,0.000000,0.000000,1.000000,0.000000
59,40,-0.025000,2.025000,2,0.000000,0.000000,1.000000,0.000000,0.000000,1.000000,0.000000
60,40,0.025000,2.025000,45,0.566510,0.283255,0.866667,0.000000,0.866667,0.133333,0.000000
61,40,0.075000,2.025000,7,0.863121,0.431560,0.714286,0.000000,0.714286,0.285714,0.000000
62,40,0.125000,2.025000,2,0.000000,0.000000,1.000000,0.000000,1.000000,0.000000,0.000000
72,40,0.625000,2.025000,5,0.000000,0.000000,1.000000,0.000000,1.000000,0.000000,0.000000
73,40,0.675000,2.025000,10,0.000000,0.000000,1.000000,0.000000,1.000000,0.000000,0.000000
74,40,0.725000,2.025000,4,0.000000,0.000000,1.000000,0.000000,1.000000,0.000000,0.000000
76,40,0.825000,2.025000,10,0.721928,0.360964,0.800000,0.000000,0.200000,0.000000,0.800000
77,40,0.875000,2.025000,31,0.000000,0.000000,1.000000,0.000000,0.000000,0.000000,1.000000
79,40,0.975000,2.025000,1,0.000000,0.000000,1.000000,0.000000,0.000000,0.000000,1.000000
80,40,1.025000,2.025000,8,0.000000,0.000000,1.000000,0.000000,0.000000,0.000000,1.000000
81,40,1.075000,2.025000,7,0.000000,0.000000,1.000000,0.000000,0.000000,0.000000,1.000000
82,40,1.125000,2.025000,5,0.000000,0.000000,1.000000,0.000000,0.000000,0.000000,1.000000
83,40,1.175000,2.025000,5,0.000000,0.000000,1.000000,0.000000,0.000000,0.000000,1.000000
84,40,1.225000,2.025000,11,0.000000,0.000000,1.000000,0.000000,0.000000,0.000000,1.000000
85,40,1.275000,2.025000,7,0.000000,0.000000,1.000000,0.000000,0.000000,0.000000,1.000000
86,40,1.325000,2.025000,19,0.000000,0.000000,1.000000,0.000000,0.000000,0.000000,1.000000
87,40,1.375000,2.025000,5,0.000000,0.000000,1.000000,0.000000,0.000000,0.000000,1.000000
88,40,1.425000,2.025000,5,0.000000,0.000000,1.000000,0.000000,0.000000,0.000000,1.000000
89,40,1.475000,2.025000,3,0.000000,0.000000,1.000000,0.000000,0.000000,0.000000,1.000000
90,40,1.525000,2.025000,6,0.000000,0.000000,1.000000,0.000000,0.000000,0.000000,1.000000
92,40,1.625000,2.025000,2,0.000000,0.000000,1.000000,0.000000,0.000000,0.000000,1.000000
93,40,1.675000,2.025000,3,0.000000,0.000000,1.000000,0.000000,0.000000,0.000000,1.000000
94,40,1.725000,2.025000,5,0.000000,0.000000,1.000000,0.000000,0.000000,0.000000,1.000000
95,40,1.775000,2.025000,5,0.000000,0.000000,1.000000,0.000000,0.000000,0.000000,1.000000
96,40,1.825000,2.025000,8,0.000000,0.000000,1.000000,0.000000,0.000000,0.000000,1.000000
97,40,1.875000,2.025000,3,0.000000,0.000000,1.000000,0.000000,0.000000,0.000000,1.000000
98,40,1.925000,2.025000,2,0.000000,0.000000,1.000000,0.000000,0.000000,0.000000,1.000000
99,40,1.975000,2.025000,10,0.000000,0.000000,1.000000,0.000000,0.000000,0.000000,1.000000
100,40,2.025000,2.025000,13,0.000000,0.000000,1.000000,0.000000,0.000000,0.000000,1.000000
101,40,2.075000,2.025000,2,0.000000,0.000000,1.000000,0.000000,0.000000,0.000000,1.000000
28,41,-1.575000,2.075000,17,0.000000,0.000000,1.000000,0.000000,0.000000,1.000000,0.000000
29,41,-1.525000,2.075000,31,0.000000,0.000000,1.000000,0.000000,0.000000,1.000000,0.000000
30,41,-1.475000,2.075000,2,0.000000,0.000000,1.000000,0.000000,0.000000,1.000000,0.000000
36,41,-1.175000,2.075000,6,0.000000,0.000000,1.000000,0.000000,0.000000,1.000000,0.000000
37,41,-1.125000,2.075000,13,0.000000,0.000000,1.000000,0.000000,0.000000,1.000000,0.000000
38,41,-1.075000,2.075000,13,0.000000,0.000000,1.000000,0.000000,0.000000,1.000000,0.000000
39,41,-1.025000,2.075000,12,0.000000,0.000000,1.000000,0.000000,0.000000,1.000000,0.000000
40,41,-0.975000,2.075000,13,0.000000,0.000000,1.000000,0.000000,0.000000,1.000000,0.000000
41,41,-0.925000,2.075000,5,0.000000,0.000000,1.000000,0.000000,0.000000,1.000000,0.000000
42,41,-0.875000,2.075000,7,0.000000,0.000000,1.000000,0.000000,0.000000,1.000000,0.000000
43,41,-0.825000,2.075000,5,0.000000,0.000000,1.000000,0.000000,0.000000,1.000000,0.000000
44,41,-0.775000,2.075000,3,0.000000,0.000000,1.000000,0.000000,0.000000,1.000000,0.000000
45,41,-0.725000,2.075000,5,0.000000,0.000000,1.000000,0.000000,0.000000,1.000000,0.000000
46,41,-0.675000,2.075000,1,0.000000,0.000000,1.000000,0.000000,0.000000,1.000000,0.000000
47,41,-0.625000,2.075000,2,0.000000,0.000000,1.000000,0.000000,0.000000,1.000000,0.000000
48,41,-0.575000,2.075000,7,0.000000,0.000000,1.000000,0.000000,0.000000,1.000000,0.000000
49,41,-0.525000,2.075000,15,0.000000,0.000000,1.000000,0.000000,0.000000,1.000000,0.000000
52,41,-0.375000,2.075000,2,0.000000,0.000000,1.000000,0.000000,0.000000,1.000000,0.000000
53,41,-0.325000,2.075000,4,0.000000,0.000000,1.000000,0.000000,0.000000,1.000000,0.000000
54,41,-0.275000,2.075000,1,0.000000,0.000000,1.000000,0.000000,0.000000,1.000000,0.000000
55,41,-0.225000,2.075000,4,0.000000,0.000000,1.000000,0.000000,0.000000,1.000000,0.000000
56,41,-0.175000,2.075000,1,0.000000,0.000000,1.000000,0.000000,0.000000,1.000000,0.000000
57,41,-0.125000,2.075000,4,0.000000,0.000000,1.000000,0.000000,0.000000,1.000000,0.000000
58,41,-0.075000,2.075000,2,0.000000,0.000000,1.000000,0.000000,0.000000,1.000000,0.000000
59,41,-0.025000,2.075000,4,0.000000,0.000000,1.000000,0.000000,0.000000,1.000000,0.000000
60,41,0.025000,2.075000,58,0.293676,0.146838,0.948276,0.000000,0.948276,0.051724,0.000000
61,41,0.075000,2.075000,4,0.000000,0.000000,1.000000,0.000000,0.000000,1.000000,0.000000
62,41,0.125000,2.075000,12,0.000000,0.000000,1.000000,0.000000,1.000000,0.000000,0.000000
63,41,0.175000,2.075000,6,0.000000,0.000000,1.000000,0.000000,1.000000,0.000000,0.000000
71,41,0.575000,2.075000,3,0.000000,0.000000,1.000000,0.000000,1.000000,0.000000,0.000000
72,41,0.625000,2.075000,3,0.000000,0.000000,1.000000,0.000000,1.000000,0.000000,0.000000
73,41,0.675000,2.075000,4,0.000000,0.000000,1.000000,0.000000,1.000000,0.000000,0.000000
74,41,0.725000,2.075000,4,0.000000,0.000000,1.000000,0.000000,1.000000,0.000000,0.000000
75,41,0.775000,2.075000,9,0.000000,0.000000,1.000000,0.000000,1.000000,0.000000,0.000000
76,41,0.825000,2.075000,2,0.000000,0.000000,1.000000,0.000000,1.000000,0.000000,0.000000
77,41,0.875000,2.075000,15,0.836641,0.418320,0.733333,0.000000,0.266667,0.000000,0.733333
78,41,0.925000,2.075000,28,0.491237,0.245619,0.892857,0.000000,0.107143,0.000000,0.892857
79,41,0.975000,2.075000,2,0.000000,0.000000,1.000000,0.000000,1.000000,0.000000,0.000000
80,41,1.025000,2.075000,9,0.000000,0.000000,1.000000,0.000000,0.000000,0.000000,1.000000
81,41,1.075000,2.075000,21,0.000000,0.000000,1.000000,0.000000,0.000000,0.000000,1.000000
82,41,1.125000,2.075000,12,0.000000,0.000000,1.000000,0.000000,0.000000,0.000000,1.000000
83,41,1.175000,2.075000,4,0.000000,0.000000,1.000000,0.000000,0.000000,0.000000,1.000000
84,41,1.225000,2.075000,9,0.000000,0.000000,1.000000,0.000000,0.000000,0.000000,1.000000
85,41,1.275000,2.075000,7,0.000000,0.000000,1.000000,0.000000,0.000000,0.000000,1.000000
86,41,1.325000,2.075000,8,0.000000,0.000000,1.000000,0.000000,0.000000,0.000000,1.000000
87,41,1.375000,2.075000,3,0.000000,0.000000,1.000000,0.000000,0.000000,0.000000,1.000000
88,41,1.425000,2.075000,6,0.000000,0.000000,1.000000,0.000000,0.000000,0.000000,1.000000
89,41,1.475000,2.075000,3,0.000000,0.000000,1.000000,0.000000,0.000000,0.000000,1.000000
90,41,1.525000,2.075000,10,0.000000,0.000000,1.000000,0.000000,0.000000,0.000000,1.000000
91,41,1.575000,2.075000,3,0.000000,0.000000,1.000000,0.000000,0.000000,0.000000,1.000000
92,41,1.625000,2.075000,5,0.000000,0.000000,1.000000,0.000000,0.000000,0.000000,1.000000
93,41,1.675000,2.075000,9,0.000000,0.000000,1.000000,0.000000,0.000000,0.000000,1.000000
94,41,1.725000,2.075000,6,0.000000,0.000000,1.000000,0.000000,0.000000,0.000000,1.000000
95,41,1.775000,2.075000,3,0.000000,0.000000,1.000000,0.000000,0.000000,0.000000,1.000000
96,41,1.825000,2.075000,7,0.000000,0.000000,1.000000,0.000000,0.000000,0.000000,1.000000
97,41,1.875000,2.075000,11,0.000000,0.000000,1.000000,0.000000,0.000000,0.000000,1.000000
98,41,1.925000,2.075000,8,0.000000,0.000000,1.000000,0.000000,0.000000,0.000000,1.000000
99,41,1.975000,2.075000,8,0.000000,0.000000,1.000000,0.000000,0.000000,0.000000,1.000000
100,41,2.025000,2.075000,13,0.000000,0.000000,1.000000,0.000000,0.000000,0.000000,1.000000
101,41,2.075000,2.075000,15,0.000000,0.000000,1.000000,0.000000,0.000000,0.000000,1.000000
102,41,2.125000,2.075000,6,0.000000,0.000000,1.000000,0.000000,0.000000,0.000000,1.000000
33,42,-1.325000,2.125000,10,0.000000,0.000000,1.000000,0.000000,0.000000,1.000000,0.000000
34,42,-1.275000,2.125000,3,0.000000,0.000000,1.000000,0.000000,0.000000,1.000000,0.000000
35,42,-1.225000,2.125000,8,0.000000,0.000000,1.000000,0.000000,0.000000,1.000000,0.000000
36,42,-1.175000,2.125000,8,0.000000,0.000000,1.000000,0.000000,0.000000,1.000000,0.000000
37,42,-1.125000,2.125000,5,0.000000,0.000000,1.000000,0.000000,0.000000,1.000000,0.000000
38,42,-1.075000,2.125000,4,0.000000,0.000000,1.000000,0.000000,0.000000,1.000000,0.000000
39,42,-1.025000,2.125000,6,0.000000,0.000000,1.000000,0.000000,0.000000,1.000000,0.000000
40,42,-0.975000,2.125000,2,0.000000,0.000000,1.000000,0.000000,0.000000,1.000000,0.000000
41,42,-0.925000,2.125000,7,0.000000,0.000000,1.000000,0.000000,0.000000,1.000000,0.000000
42,42,-0.875000,2.125000,1,0.000000,0.000000,1.000000,0.000000,0.000000,1.000000,0.000000
43,42,-0.825000,2.125000,6,0.000000,0.000000,1.000000,0.000000,0.000000,1.000000,0.000000
44,42,-0.775000,2.125000,11,0.000000,0.000000,1.000000,0.000000,0.000000,1.000000,0.000000
45,42,-0.725000,2.125000,3,0.000000,0.000000,1.000000,0.000000,0.000000,1.000000,0.000000
46,42,-0.675000,2.125000,2,0.000000,0.000000,1.000000,0.000000,0.000000,1.000000,0.000000
47,42,-0.625000,2.125000,10,0.000000,0.000000,1.000000,0.000000,0.000000,1.000000,0.000000
48,42,-0.575000,2.125000,7,0.000000,0.000000,1.000000,0.000000,0.000000,1.000000,0.000000
49,42,-0.525000,2.125000,2,0.000000,0.000000,1.000000,0.000000,0.000000,1.000000,0.000000
52,42,-0.375000,2.125000,6,0.000000,0.000000,1.000000,0.000000,0.000000,1.000000,0.000000
53,42,-0.325000,2.125000,1,0.000000,0.000000,1.000000,0.000000,0.000000,1.000000,0.000000
54,42,-0.275000,2.125000,2,0.000000,0.000000,1.000000,0.000000,0.000000,1.000000,0.000000
55,42,-0.225000,2.125000,5,0.000000,0.000000,1.000000,0.000000,0.000000,1.000000,0.000000
56,42,-0.175000,2.125000,1,0.000000,0.000000,1.000000,0.000000,0.000000,1.000000,0.000000
57,42,-0.125000,2.125000,3,0.000000,0.000000,1.000000,0.000000,0.000000,1.000000,0.000000
58,42,-0.075000,2.125000,5,0.000000,0.000000,1.000000,0.000000,0.000000,1.000000,0.000000
59,42,-0.025000,2.125000,3,0.000000,0.000000,1.000000,0.000000,0.000000,1.000000,0.000000
60,42,0.025000,2.125000,55,0.439497,0.219748,0.909091,0.000000,0.909091,0.090909,0.000000
61,42,0.075000,2.125000,7,0.000000,0.000000,1.000000,0.000000,0.000000,1.000000,0.000000
62,42,0.125000,2.125000,2,0.000000,0.000000,1.000000,0.000000,1.000000,0.000000,0.000000
63,42,0.175000,2.125000,1,0.000000,0.000000,1.000000,0.000000,1.000000,0.000000,0.000000
64,42,0.225000,2.125000,14,0.000000,0.000000,1.000000,0.000000,1.000000,0.000000,0.000000
71,42,0.575000,2.125000,1,0.000000,0.000000,1.000000,0.000000,1.000000,0.000000,0.000000
72,42,0.625000,2.125000,3,0.000000,0.000000,1.000000,0.000000,1.000000,0.000000,0.000000
73,42,0.675000,2.125000,6,0.000000,0.000000,1.000000,0.000000,1.000000,0.000000,0.000000
74,42,0.725000,2.125000,1,0.000000,0.000000,1.000000,0.000000,1.000000,0.000000,0.000000
75,42,0.775000,2.125000,9,0.000000,0.000000,1.000000,0.000000,1.000000,0.000000,0.000000
76,42,0.825000,2.125000,6,0.000000,0.000000,1.000000,0.000000,1.000000,0.000000,0.000000
77,42,0.875000,2.125000,5,0.000000,0.000000,1.000000,0.000000,1.000000,0.000000,0.000000
78,42,0.925000,2.125000,9,0.000000,0.000000,1.000000,0.000000,1.000000,0.000000,0.000000
79,42,0.975000,2.125000,7,0.000000,0.000000,1.000000,0.000000,1.000000,0.000000,0.000000
80,42,1.025000,2.125000,9,0.000000,0.000000,1.000000,0.000000,1.000000,0.000000,0.000000
81,42,1.075000,2.125000,20,0.721928,0.360964,0.800000,0.000000,0.200000,0.000000,0.800000
82,42,1.125000,2.125000,16,0.000000,0.000000,1.000000,0.000000,0.000000,0.000000,1.000000
84,42,1.225000,2.125000,7,0.000000,0.000000,1.000000,0.000000,0.000000,0.000000,1.000000
85,42,1.275000,2.125000,8,0.000000,0.000000,1.000000,0.000000,0.000000,0.000000,1.000000
86,42,1.325000,2.125000,13,0.000000,0.000000,1.000000,0.000000,0.000000,0.000000,1.000000
87,42,1.375000,2.125000,9,0.000000,0.000000,1.000000,0.000000,0.000000,0.000000,1.000000
88,42,1.425000,2.125000,10,0.000000,0.000000,1.000000,0.000000,0.000000,0.000000,1.000000
89,42,1.475000,2.125000,5,0.000000,0.000000,1.000000,0.000000,0.000000,0.000000,1.000000
90,42,1.525000,2.125000,6,0.000000,0.000000,1.000000,0.000000,0.000000,0.000000,1.000000
91,42,1.575000,2.125000,2,0.000000,0.000000,1.000000,0.000000,0.000000,0.000000,1.000000
92,42,1.625000,2.125000,3,0.000000,0.000000,1.000000,0.000000,0.000000,0.000000,1.000000
93,42,1.675000,2.125000,6,0.000000,0.000000,1.000000,0.000000,0.000000,0.000000,1.000000
94,42,1.725000,2.125000,7,0.000000,0.000000,1.000000,0.000000,0.000000,0.000000,1.000000
95,42,1.775000,2.125000,12,0.000000,0.000000,1.000000,0.000000,0.000000,0.000000,1.000000
96,42,1.825000,2.125000,7,0.000000,0.000000,1.000000,0.000000,0.000000,0.000000,1.000000
97,42,1.875000,2.125000,12,0.000000,0.000000,1.000000,0.000000,0.000000,0.000000,1.000000
98,42,1.925000,2.125000,15,0.000000,0.000000,1.000000,0.000000,0.000000,0.000000,1.000000
99,42,1.975000,2.125000,9,0.000000,0.000000,1.000000,0.000000,0.000000,0.000000,1.000000
100,42,2.025000,2.125000,7,0.000000,0.000000,1.000000,0.000000,0.000000,0.000000,1.000000
101,42,2.075000,2.125000,12,0.000000,0.000000,1.000000,0.000000,0.000000,0.000000,1.000000
102,42,2.125000,2.125000,40,0.000000,0.000000,1.000000,0.000000,0.000000,0.000000,1.000000
103,42,2.175000,2.125000,4,0.000000,0.000000,1.000000,0.000000,0.000000,0.000000,1.000000
30,43,-1.475000,2.175000,4,0.000000,0.000000,1.000000,0.000000,0.000000,1.000000,0.000000
31,43,-1.425000,2.175000,2,0.000000,0.000000,1.000000,0.000000,0.000000,1.000000,0.000000
32,43,-1.375000,2.175000,6,0.000000,0.000000,1.000000,0.000000,0.000000,1.000000,0.000000
33,43,-1.325000,2.175000,6,0.000000,0.000000,1.000000,0.000000,0.000000,1.000000,0.000000
34,43,-1.275000,2.175000,11,0.000000,0.000000,1.000000,0.000000,0.000000,1.000000,0.000000
35,43,-1.225000,2.175000,5,0.000000,0.000000,1.000000,0.000000,0.000000,1.000000,0.000000
36,43,-1.175000,2.175000,4,0.000000,0.000000,1.000000,0.000000,0.000000,1.000000,0.000000
37,43,-1.125000,2.175000,2,0.000000,0.000000,1.000000,0.000000,0.000000,1.000000,0.000000
38,43,-1.075000,2.175000,4,0.000000,0.000000,1.000000,0.000000,0.000000,1.000000,0.000000
39,43,-1.025000,2.175000,7,0.000000,0.000000,1.000000,0.000000,0.000000,1.000000,0.000000
40,43,-0.975000,2.175000,1,0.000000,0.000000,1.000000,0.000000,0.000000,1.000000,0.000000
41,43,-0.925000,2.175000,2,0.000000,0.000000,1.000000,0.000000,0.000000,1.000000,0.000000
43,43,-0.825000,2.175000,1,0.000000,0.000000,1.000000,0.000000,0.000000,1.000000,0.000000
46,43,-0.675000,2.175000,12,0.000000,0.000000,1.000000,0.000000,0.000000,1.000000,0.000000
47,43,-0.625000,2.175000,5,0.000000,0.000000,1.000000,0.000000,0.000000,1.000000,0.000000
48,43,-0.575000,2.175000,3,0.000000,0.000000,1.000000,0.000000,0.000000,1.000000,0.000000
49,43,-0.525000,2.175000,4,0.000000,0.000000,1.000000,0.000000,0.000000,1.000000,0.000000
52,43,-0.375000,2.175000,1,0.000000,0.000000,1.000000,0.000000,0.000000,1.000000,0.000000
53,43,-0.325000,2.175000,2,0.000000,0.000000,1.000000,0.000000,0.000000,1.000000,0.000000
54,43,-0.275000,2.175000,4,0.000000,0.000000,1.000000,0.000000,0.000000,1.000000,0.000000
56,43,-0.175000,2.175000,3,0.000000,0.000000,1.000000,0.000000,0.000000,1.000000,0.000000
57,43,-0.125000,2.175000,1,0.000000,0.000000,1.000000,0.000000,0.000000,1.000000,0.000000
58,43,-0.075000,2.175000,3,0.000000,0.000000,1.000000,0.000000,0.000000,1.000000,0.000000
59,43,-0.025000,2.175000,3,0.000000,0.000000,1.000000,0.000000,0.000000,1.000000,0.000000
60,43,0.025000,2.175000,56,0.222285,0.111142,0.964286,0.000000,0.964286,0.035714,0.000000
61,43,0.075000,2.175000,3,0.000000,0.000000,1.000000,0.000000,0.000000,1.000000,0.000000
63,43,0.175000,2.175000,3,0.000000,0.000000,1.000000,0.000000,1.000000,0.000000,0.000000
64,43,0.225000,2.175000,5,0.000000,0.000000,1.000000,0.000000,1.000000,0.000000,0.000000
65,43,0.275000,2.175000,13,0.000000,0.000000,1.000000,0.000000,1.000000,0.000000,0.000000
66,43,0.325000,2.175000,1,0.000000,0.000000,1.000000,0.000000,1.000000,0.000000,0.000000
70,43,0.525000,2.175000,2,0.000000,0.000000,1.000000,0.000000,1.000000,0.000000,0.000000
71,43,0.575000,2.175000,1,0.000000,0.000000,1.000000,0.000000,1.000000,0.000000,0.000000
72,43,0.625000,2.175000,3,0.000000,0.000000,1.000000,0.000000,1.000000,0.000000,0.000000
73,43,0.675000,2.175000,2,0.000000,0.000000,1.000000,0.000000,1.000000,0.000000,0.000000
74,43,0.725000,2.175000,3,0.000000,0.000000,1.000000,0.000000,1.000000,0.000000,0.000000
75,43,0.775000,2.175000,3,0.000000,0.000000,1.000000,0.000000,1.000000,0.000000,0.000000
76,43,0.825000,2.175000,5,0.000000,0.000000,1.000000,0.000000,1.000000,0.000000,0.000000
77,43,0.875000,2.175000,2,0.000000,0.000000,1.000000,0.000000,1.000000,0.000000,0.000000
78,43,0.925000,2.175000,8,0.000000,0.000000,1.000000,0.000000,1.000000,0.000000,0.000000
79,43,0.975000,2.175000,2,0.000000,0.000000,1.000000,0.000000,1.000000,0.000000,0.000000
80,43,1.025000,2.175000,8,0.000000,0.000000,1.000000,0.000000,1.000000,0.000000,0.000000
81,43,1.075000,2.175000,15,0.000000,0.000000,1.000000,0.000000,1.000000,0.000000,0.000000
82,43,1.125000,2.175000,35,0.951763,0.475881,0.628571,0.000000,0.371429,0.000000,0.628571
83,43,1.175000,2.175000,4,1.000000,0.500000,0.500000,0.000000,0.500000,0.000000,0.500000
84,43,1.225000,2.175000,7,0.000000,0.000000,1.000000,0.000000,0.000000,0.000000,1.000000
85,43,1.275000,2.175000,11,0.000000,0.000000,1.000000,0.000000,0.000000,0.000000,1.000000
86,43,1.325000,2.175000,14,0.000000,0.000000,1.000000,0.000000,0.000000,0.000000,1.000000
87,43,1.375000,2.175000,9,0.000000,0.000000,1.000000,0.000000,0.000000,0.000000,1.000000
88,43,1.425000,2.175000,7,0.000000,0.000000,1.000000,0.000000,0.000000,0.000000,1.000000
89,43,1.475000,2.175000,10,0.000000,0.000000,1.000000,0.000000,0.000000,0.000000,1.000000
90,43,1.525000,2.175000,17,0.000000,0.000000,1.000000,0.000000,0.000000,0.000000,1.000000
91,43,1.575000,2.175000,7,0.000000,0.000000,1.000000,0.000000,0.000000,0.000000,1.000000
92,43,1.625000,2.175000,3,0.000000,0.000000,1.000000,0.000000,0.000000,0.000000,1.000000
93,43,1.675000,2.175000,5,0.000000,0.000000,1.000000,0.000000,0.000000,0.000000,1.000000
94,43,1.725000,2.175000,11,0.000000,0.000000,1.000000,0.000000,0.000000,0.000000,1.000000
96,43,1.825000,2.175000,1,0.000000,0.000000,1.000000,0.000000,0.000000,0.000000,1.000000
97,43,1.875000,2.175000,6,0.000000,0.000000,1.000000,0.000000,0.000000,0.000000,1.000000
98,43,1.925000,2.175000,5,0.000000,0.000000,1.000000,0.000000,0.000000,0.000000,1.000000
99,43,1.975000,2.175000,5,0.000000,0.000000,1.000000,0.000000,0.000000,0.000000,1.000000
100,43,2.025000,2.175000,9,0.000000,0.000000,1.000000,0.000000,0.000000,0.000000,1.000000
101,43,2.075000,2.175000,4,0.000000,0.000000,1.000000,0.000000,0.000000,0.000000,1.000000
102,43,2.125000,2.175000,2,0.000000,0.000000,1.000000,0.000000,0.000000,0.000000,1.000000
103,43,2.175000,2.175000,20,0.000000,0.000000,1.000000,0.000000,0.000000,0.000000,1.000000
29,44,-1.525000,2.225000,10,0.000000,0.000000,1.000000,0.000000,0.000000,1.000000,0.000000
30,44,-1.475000,2.225000,13,0.000000,0.000000,1.000000,0.000000,0.000000,1.000000,0.000000
31,44,-1.425000,2.225000,13,0.000000,0.000000,1.000000,0.000000,0.000000,1.000000,0.000000
32,44,-1.375000,2.225000,8,0.000000,0.000000,1.000000,0.000000,0.000000,1.000000,0.000000
33,44,-1.325000,2.225000,4,0.000000,0.000000,1.000000,0.000000,0.000000,1.000000,0.000000
34,44,-1.275000,2.225000,7,0.000000,0.000000,1.000000,0.000000,0.000000,1.000000,0.000000
35,44,-1.225000,2.225000,4,0.000000,0.000000,1.000000,0.000000,0.000000,1.000000,0.000000
37,44,-1.125000,2.225000,3,0.000000,0.000000,1.000000,0.000000,0.000000,1.000000,0.000000
38,44,-1.075000,2.225000,3,0.000000,0.000000,1.000000,0.000000,0.000000,1.000000,0.000000
39,44,-1.025000,2.225000,3,0.000000,0.000000,1.000000,0.000000,0.000000,1.000000,0.000000
40,44,-0.975000,2.225000,6,0.000000,0.000000,1.000000,0.000000,0.000000,1.000000,0.000000
41,44,-0.925000,2.225000,1,0.000000,0.000000,1.000000,0.000000,0.000000,1.000000,0.000000
45,44,-0.725000,2.225000,12,0.000000,0.000000,1.000000,0.000000,0.000000,1.000000,0.000000
46,44,-0.675000,2.225000,6,0.000000,0.000000,1.000000,0.000000,0.000000,1.000000,0.000000
47,44,-0.625000,2.225000,2,0.000000,0.000000,1.000000,0.000000,0.000000,1.000000,0.000000
48,44,-0.575000,2.225000,2,0.000000,0.000000,1.000000,0.000000,0.000000,1.000000,0.000000
49,44,-0.525000,2.225000,4,0.000000,0.000000,1.000000,0.000000,0.000000,1.000000,0.000000
50,44,-0.475000,2.225000,3,0.000000,0.000000,1.000000,0.000000,0.000000,1.000000,0.000000
53,44,-0.325000,2.225000,4,0.000000,0.000000,1.000000,0.000000,0.000000,1.000000,0.000000
54,44,-0.275000,2.225000,6,0.000000,0.000000,1.000000,0.000000,0.000000,1.000000,0.000000
55,44,-0.225000,2.225000,7,0.000000,0.000000,1.000000,0.000000,0.000000,1.000000,0.000000
56,44,-0.175000,2.225000,4,0.000000,0.000000,1.000000,0.000000,0.000000,1.000000,0.000000
57,44,-0.125000,2.225000,1,0.000000,0.000000,1.000000,0.000000,0.000000,1.000000,0.000000
58,44,-0.075000,2.225000,2,0.000000,0.000000,1.000000,0.000000,0.000000,1.000000,0.000000
59,44,-0.025000,2.225000,7,0.000000,0.000000,1.000000,0.000000,0.000000,1.000000,0.000000
60,44,0.025000,2.225000,41,0.281194,0.140597,0.951220,0.000000,0.951220,0.048780,0.000000
63,44,0.175000,2.225000,2,0.000000,0.000000,1.000000,0.000000,1.000000,0.000000,0.000000
64,44,0.225000,2.225000,5,0.000000,0.000000,1.000000,0.000000,1.000000,0.000000,0.000000
65,44,0.275000,2.225000,5,0.000000,0.000000,1.000000,0.000000,1.000000,0.000000,0.000000
66,44,0.325000,2.225000,14,0.000000,0.000000,1.000000,0.000000,1.000000,0.000000,0.000000
67,44,0.375000,2.225000,4,0.000000,0.000000,1.000000,0.000000,1.000000,0.000000,0.000000
71,44,0.575000,2.225000,1,0.000000,0.000000,1.000000,0.000000,1.000000,0.000000,0.000000
72,44,0.625000,2.225000,4,0.000000,0.000000,1.000000,0.000000,1.000000,0.000000,0.000000
73,44,0.675000,2.225000,5,0.000000,0.000000,1.000000,0.000000,1.000000,0.000000,0.000000
74,44,0.725000,2.225000,9,0.000000,0.000000,1.000000,0.000000,1.000000,0.000000,0.000000
75,44,0.775000,2.225000,1,0.000000,0.000000,1.000000,0.000000,1.000000,0.000000,0.000000
76,44,0.825000,2.225000,4,0.000000,0.000000,1.000000,0.000000,1.000000,0.000000,0.000000
77,44,0.875000,2.225000,1,0.000000,0.000000,1.000000,0.000000,1.000000,0.000000,0.000000
78,44,0.925000,2.225000,7,0.000000,0.000000,1.000000,0.000000,1.000000,0.000000,0.000000
79,44,0.975000,2.225000,7,0.000000,0.000000,1.000000,0.000000,1.000000,0.000000,0.000000
80,44,1.025000,2.225000,7,0.000000,0.000000,1.000000,0.000000,1.000000,0.000000,0.000000
81,44,1.075000,2.225000,9,0.000000,0.000000,1.000000,0.000000,1.000000,0.000000,0.000000
82,44,1.125000,2.225000,17,0.873981,0.436991,0.705882,0.000000,0.705882,0.000000,0.294118
83,44,1.175000,2.225000,44,0.902393,0.451197,0.681818,0.000000,0.318182,0.000000,0.681818
84,44,1.225000,2.225000,10,0.000000,0.000000,1.000000,0.000000,1.000000,0.000000,0.000000
85,44,1.275000,2.225000,18,0.764205,0.382102,0.777778,0.000000,0.222222,0.000000,0.777778
86,44,1.325000,2.225000,18,0.000000,0.000000,1.000000,0.000000,0.000000,0.000000,1.000000
88,44,1.425000,2.225000,9,0.000000,0.000000,1.000000,0.000000,0.000000,0.000000,1.000000
89,44,1.475000,2.225000,4,0.000000,0.000000,1.000000,0.000000,0.000000,0.000000,1.000000
90,44,1.525000,2.225000,17,0.000000,0.000000,1.000000,0.000000,0.000000,0.000000,1.000000
91,44,1.575000,2.225000,8,0.000000,0.000000,1.000000,0.000000,0.000000,0.000000,1.000000
92,44,1.625000,2.225000,3,0.000000,0.000000,1.000000,0.000000,0.000000,0.000000,1.000000
93,44,1.675000,2.225000,4,0.000000,0.000000,1.000000,0.000000,0.000000,0.000000,1.000000
94,44,1.725000,2.225000,4,0.000000,0.000000,1.000000,0.000000,0.000000,0.000000,1.000000
95,44,1.775000,2.225000,4,0.000000,0.000000,1.000000,0.000000,0.000000,0.000000,1.000000
96,44,1.825000,2.225000,3,0.000000,0.000000,1.000000,0.000000,0.000000,0.000000,1.000000
97,44,1.875000,2.225000,5,0.000000,0.000000,1.000000,0.000000,0.000000,0.000000,1.000000
98,44,1.925000,2.225000,7,0.000000,0.000000,1.000000,0.000000,0.000000,0.000000,1.000000
99,44,1.975000,2.225000,6,0.000000,0.000000,1.000000,0.000000,0.000000,0.000000,1.000000
100,44,2.025000,2.225000,10,0.000000,0.000000,1.000000,0.000000,0.000000,0.000000,1.000000
101,44,2.075000,2.225000,8,0.000000,0.000000,1.000000,0.000000,0.000000,0.000000,1.000000
102,44,2.125000,2.225000,10,0.000000,0.000000,1.000000,0.000000,0.000000,0.000000,1.000000
27,45,-1.625000,2.275000,2,0.000000,0.000000,1.000000,0.000000,0.000000,1.000000,0.000000
28,45,-1.575000,2.275000,9,0.000000,0.000000,1.000000,0.000000,0.000000,1.000000,0.000000
29,45,-1.525000,2.275000,8,0.000000,0.000000,1.000000,0.000000,0.000000,1.000000,0.000000
30,45,-1.475000,2.275000,6,0.000000,0.000000,1.000000,0.000000,0.000000,1.000000,0.000000
31,45,-1.425000,2.275000,9,0.000000,0.000000,1.000000,0.000000,0.000000,1.000000,0.000000
32,45,-1.375000,2.275000,5,0.000000,0.000000,1.000000,0.000000,0.000000,1.000000,0.000000
33,45,-1.325000,2.275000,6,0.000000,0.000000,1.000000,0.000000,0.000000,1.000000,0.000000
34,45,-1.275000,2.275000,6,0.000000,0.000000,1.000000,0.000000,0.000000,1.000000,0.000000
35,45,-1.225000,2.275000,6,0.000000,0.000000,1.000000,0.000000,0.000000,1.000000,0.000000
37,45,-1.125000,2.275000,4,0.000000,0.000000,1.000000,0.000000,0.000000,1.000000,0.000000
38,45,-1.075000,2.275000,2,0.000000,0.000000,1.000000,0.000000,0.000000,1.000000,0.000000
39,45,-1.025000,2.275000,1,0.000000,0.000000,1.000000,0.000000,0.000000,1.000000,0.000000
40,45,-0.975000,2.275000,5,0.000000,0.000000,1.000000,0.000000,0.000000,1.000000,0.000000
41,45,-0.925000,2.275000,3,0.000000,0.000000,1.000000,0.000000,0.000000,1.000000,0.000000
42,45,-0.875000,2.275000,7,0.000000,0.000000,1.000000,0.000000,0.000000,1.000000,0.000000
43,45,-0.825000,2.275000,5,0.000000,0.000000,1.000000,0.000000,0.000000,1.000000,0.000000
44,45,-0.775000,2.275000,7,0.000000,0.000000,1.000000,0.000000,0.000000,1.000000,0.000000
45,45,-0.725000,2.275000,7,0.000000,0.000000,1.000000,0.000000,0.000000,1.000000,0.000000
46,45,-0.675000,2.275000,3,0.000000,0.000000,1.000000,0.000000,0.000000,1.000000,0.000000
47,45,-0.625000,2.275000,1,0.000000,0.000000,1.000000,0.000000,0.000000,1.000000,0.000000
48,45,-0.575000,2.275000,5,0.000000,0.000000,1.000000,0.000000,0.000000,1.000000,0.000000
49,45,-0.525000,2.275000,4,0.000000,0.000000,1.000000,0.000000,0.000000,1.000000,0.000000
50,45,-0.475000,2.275000,1,0.000000,0.000000,1.000000,0.000000,0.000000,1.000000,0.000000
51,45,-0.425000,2.275000,1,0.000000,0.000000,1.000000,0.000000,0.000000,1.000000,0.000000
52,45,-0.375000,2.275000,9,0.000000,0.000000,1.000000,0.000000,0.000000,1.000000,0.000000
53,45,-0.325000,2.275000,3,0.000000,0.000000,1.000000,0.000000,0.000000,1.000000,0.000000
54,45,-0.275000,2.275000,5,0.000000,0.000000,1.000000,0.000000,0.000000,1.000000,0.000000
55,45,-0.225000,2.275000,3,0.000000,0.000000,1.000000,0.000000,0.000000,1.000000,0.000000
56,45,-0.175000,2.275000,6,0.000000,0.000000,1.000000,0.000000,0.000000,1.000000,0.000000
57,45,-0.125000,2.275000,4,0.000000,0.000000,1.000000,0.000000,0.000000,1.000000,0.000000
59,45,-0.025000,2.275000,1,0.000000,0.000000,1.000000,0.000000,0.000000,1.000000,0.000000
60,45,0.025000,2.275000,55,0.497168,0.248584,0.890909,0.000000,0.890909,0.109091,0.000000
61,45,0.075000,2.275000,5,0.000000,0.000000,1.000000,0.000000,1.000000,0.000000,0.000000
63,45,0.175000,2.275000,2,0.000000,0.000000,1.000000,0.000000,1.000000,0.000000,0.000000
64,45,0.225000,2.275000,2,0.000000,0.000000,1.000000,0.000000,1.000000,0.000000,0.000000
65,45,0.275000,2.275000,2,0.000000,0.000000,1.000000,0.000000,1.000000,0.000000,0.000000
66,45,0.325000,2.275000,2,0.000000,0.000000,1.000000,0.000000,1.000000,0.000000,0.000000
67,45,0.375000,2.275000,11,0.000000,0.000000,1.000000,0.000000,1.000000,0.000000,0.000000
68,45,0.425000,2.275000,5,0.000000,0.000000,1.000000,0.000000,1.000000,0.000000,0.000000
69,45,0.475000,2.275000,3,0.000000,0.000000,1.000000,0.000000,1.000000,0.000000,0.000000
70,45,0.525000,2.275000,3,0.000000,0.000000,1.000000,0.000000,1.000000,0.000000,0.000000
71,45,0.575000,2.275000,1,0.000000,0.000000,1.000000,0.000000,1.000000,0.000000,0.000000
73,45,0.675000,2.275000,1,0.000000,0.000000,1.000000,0.000000,1.000000,0.000000,0.000000
74,45,0.725000,2.275000,1,0.000000,0.000000,1.000000,0.000000,1.000000,0.000000,0.000000
75,45,0.775000,2.275000,5,0.000000,0.000000,1.000000,0.000000,1.000000,0.000000,0.000000
76,45,0.825000,2.275000,6,0.000000,0.000000,1.000000,0.000000,1.000000,0.000000,0.000000
77,45,0.875000,2.275000,5,0.000000,0.000000,1.000000,0.000000,1.000000,0.000000,0.000000
78,45,0.925000,2.275000,3,0.000000,0.000000,1.000000,0.000000,1.000000,0.000000,0.000000
79,45,0.975000,2.275000,10,0.000000,0.000000,1.000000,0.000000,1.000000,0.000000,0.000000
80,45,1.025000,2.275000,6,0.000000,0.000000,1.000000,0.000000,1.000000,0.000000,0.000000
81,45,1.075000,2.275000,6,0.000000,0.000000,1.000000,0.000000,1.000000,0.000000,0.000000
82,45,1.125000,2.275000,10,0.000000,0.000000,1.000000,0.000000,1.000000,0.000000,0.000000
83,45,1.175000,2.275000,14,0.000000,0.000000,1.000000,0.000000,1.000000,0.000000,0.000000
84,45,1.225000,2.275000,13,0.000000,0.000000,1.000000,0.000000,1.000000,0.000000,0.000000
85,45,1.275000,2.275000,26,0.890492,0.445246,0.692308,0.000000,0.692308,0.000000,0.307692
86,45,1.325000,2.275000,18,0.309543,0.154772,0.944444,0.000000,0.055556,0.000000,0.944444
87,45,1.375000,2.275000,5,0.000000,0.000000,1.000000,0.000000,0.000000,0.000000,1.000000
88,45,1.425000,2.275000,8,0.000000,0.000000,1.000000,0.000000,0.000000,0.000000,1.000000
89,45,1.475000,2.275000,9,0.000000,0.000000,1.000000,0.000000,0.000000,0.000000,1.000000
90,45,1.525000,2.275000,10,0.000000,0.000000,1.000000,0.000000,0.000000,0.000000,1.000000
91,45,1.575000,2.275000,12,0.000000,0.000000,1.000000,0.000000,0.000000,0.000000,1.000000
92,45,1.625000,2.275000,6,0.000000,0.000000,1.000000,0.000000,0.000000,0.000000,1.000000
93,45,1.675000,2.275000,6,0.000000,0.000000,1.000000,0.000000,0.000000,0.000000,1.000000
94,45,1.725000,2.275000,9,0.000000,0.000000,1.000000,0.000000,0.000000,0.000000,1.000000
96,45,1.825000,2.275000,13,0.000000,0.000000,1.000000,0.000000,0.000000,0.000000,1.000000
97,45,1.875000,2.275000,5,0.000000,0.000000,1.000000,0.000000,0.000000,0.000000,1.000000
98,45,1.925000,2.275000,7,0.000000,0.000000,1.000000,0.000000,0.000000,0.000000,1.000000
99,45,1.975000,2.275000,4,0.000000,0.000000,1.000000,0.000000,0.000000,0.000000,1.000000
100,45,2.025000,2.275000,11,0.000000,0.000000,1.000000,0.000000,0.000000,0.000000,1.000000
101,45,2.075000,2.275000,13,0.000000,0.000000,1.000000,0.000000,0.000000,0.000000,1.000000
102,45,2.125000,2.275000,19,0.000000,0.000000,1.000000,0.000000,0.000000,0.000000,1.000000
103,45,2.175000,2.275000,11,0.000000,0.000000,1.000000,0.000000,0.000000,0.000000,1.000000
26,46,-1.675000,2.325000,9,0.000000,0.000000,1.000000,0.000000,0.000000,1.000000,0.000000
27,46,-1.625000,2.325000,13,0.000000,0.000000,1.000000,0.000000,0.000000,1.000000,0.000000
28,46,-1.575000,2.325000,10,0.000000,0.000000,1.000000,0.000000,0.000000,1.000000,0.000000
29,46,-1.525000,2.325000,11,0.000000,0.000000,1.000000,0.000000,0.000000,1.000000,0.000000
30,46,-1.475000,2.325000,10,0.000000,0.000000,1.000000,0.000000,0.000000,1.000000,0.000000
31,46,-1.425000,2.325000,5,0.000000,0.000000,1.000000,0.000000,0.000000,1.000000,0.000000
32,46,-1.375000,2.325000,8,0.000000,0.000000,1.000000,0.000000,0.000000,1.000000,0.000000
33,46,-1.325000,2.325000,6,0.000000,0.000000,1.000000,0.000000,0.000000,1.000000,0.000000
34,46,-1.275000,2.325000,6,0.000000,0.000000,1.000000,0.000000,0.000000,1.000000,0.000000
35,46,-1.225000,2.325000,7,0.000000,0.000000,1.000000,0.000000,0.000000,1.000000,0.000000
36,46,-1.175000,2.325000,1,0.000000,0.000000,1.000000,0.000000,0.000000,1.000000,0.000000
37,46,-1.125000,2.325000,4,0.000000,0.000000,1.000000,0.000000,0.000000,1.000000,0.000000
38,46,-1.075000,2.325000,2,0.000000,0.000000,1.000000,0.000000,0.000000,1.000000,0.000000
39,46,-1.025000,2.325000,5,0.000000,0.000000,1.000000,0.000000,0.000000,1.000000,0.000000
40,46,-0.975000,2.325000,2,0.000000,0.000000,1.000000,0.000000,0.000000,1.000000,0.000000
41,46,-0.925000,2.325000,4,0.000000,0.000000,1.000000,0.000000,0.000000,1.000000,0.000000
42,46,-0.875000,2.325000,1,0.000000,0.000000,1.000000,0.000000,0.000000,1.000000,0.000000
43,46,-0.825000,2.325000,7,0.000000,0.000000,1.000000,0.000000,0.000000,1.000000,0.000000
46,46,-0.675000,2.325000,7,0.000000,0.000000,1.000000,0.000000,0.000000,1.000000,0.000000
47,46,-0.625000,2.325000,2,0.000000,0.000000,1.000000,0.000000,0.000000,1.000000,0.000000
49,46,-0.525000,2.325000,9,0.000000,0.000000,1.000000,0.000000,0.000000,1.000000,0.000000
50,46,-0.475000,2.325000,2,0.000000,0.000000,1.000000,0.000000,0.000000,1.000000,0.000000
51,46,-0.425000,2.325000,7,0.000000,0.000000,1.000000,0.000000,0.000000,1.000000,0.000000
52,46,-0.375000,2.325000,4,0.000000,0.000000,1.000000,0.000000,0.000000,1.000000,0.000000
53,46,-0.325000,2.325000,11,0.000000,0.000000,1.000000,0.000000,0.000000,1.000000,0.000000
54,46,-0.275000,2.325000,6,0.000000,0.000000,1.000000,0.000000,0.000000,1.000000,0.000000
55,46,-0.225000,2.325000,4,0.000000,0.000000,1.000000,0.000000,0.000000,1.000000,0.000000
56,46,-0.175000,2.325000,2,0.000000,0.000000,1.000000,0.000000,0.000000,1.000000,0.000000
57,46,-0.125000,2.325000,6,0.000000,0.000000,1.000000,0.000000,0.000000,1.000000,0.000000
58,46,-0.075000,2.325000,7,0.000000,0.000000,1.000000,0.000000,0.000000,1.000000,0.000000
59,46,-0.025000,2.325000,3,0.000000,0.000000,1.000000,0.000000,0.000000,1.000000,0.000000
60,46,0.025000,2.325000,45,0.000000,0.000000,1.000000,0.000000,1.000000,0.000000,0.000000
61,46,0.075000,2.325000,3,0.000000,0.000000,1.000000,0.000000,1.000000,0.000000,0.000000
62,46,0.125000,2.325000,3,0.000000,0.000000,1.000000,0.000000,1.000000,0.000000,0.000000
63,46,0.175000,2.325000,4,0.000000,0.000000,1.000000,0.000000,1.000000,0.000000,0.000000
64,46,0.225000,2.325000,3,0.000000,0.000000,1.000000,0.000000,1.000000,0.000000,0.000000
65,46,0.275000,2.325000,3,0.000000,0.000000,1.000000,0.000000,1.000000,0.000000,0.000000
66,46,0.325000,2.325000,4,0.000000,0.000000,1.000000,0.000000,1.000000,0.000000,0.000000
67,46,0.375000,2.325000,1,0.000000,0.000000,1.000000,0.000000,1.000000,0.000000,0.000000
68,46,0.425000,2.325000,3,0.000000,0.000000,1.000000,0.000000,1.000000,0.000000,0.000000
69,46,0.475000,2.325000,3,0.000000,0.000000,1.000000,0.000000,1.000000,0.000000,0.000000
70,46,0.525000,2.325000,1,0.000000,0.000000,1.000000,0.000000,1.000000,0.000000,0.000000
71,46,0.575000,2.325000,5,0.000000,0.000000,1.000000,0.000000,1.000000,0.000000,0.000000
72,46,0.625000,2.325000,1,0.000000,0.000000,1.000000,0.000000,1.000000,0.000000,0.000000
73,46,0.675000,2.325000,3,0.000000,0.000000,1.000000,0.000000,1.000000,0.000000,0.000000
74,46,0.725000,2.325000,6,0.000000,0.000000,1.000000,0.000000,1.000000,0.000000,0.000000
75,46,0.775000,2.325000,2,0.000000,0.000000,1.000000,0.000000,1.000000,0.000000,0.000000
76,46,0.825000,2.325000,4,0.000000,0.000000,1.000000,0.000000,1.000000,0.000000,0.000000
77,46,0.875000,2.325000,6,0.000000,0.000000,1.000000,0.000000,1.000000,0.000000,0.000000
78,46,0.925000,2.325000,6,0.000000,0.000000,1.000000,0.000000,1.000000,0.000000,0.000000
79,46,0.975000,2.325000,2,0.000000,0.000000,1.000000,0.000000,1.000000,0.000000,0.000000
80,46,1.025000,2.325000,8,0.000000,0.000000,1.000000,0.000000,1.000000,0.000000,0.000000
81,46,1.075000,2.325000,8,0.000000,0.000000,1.000000,0.000000,1.000000,0.000000,0.000000
82,46,1.125000,2.325000,6,0.000000,0.000000,1.000000,0.000000,1.000000,0.000000,0.000000
83,46,1.175000,2.325000,5,0.000000,0.000000,1.000000,0.000000,1.000000,0.000000,0.000000
84,46,1.225000,2.325000,10,0.000000,0.000000,1.000000,0.000000,1.000000,0.000000,0.000000
85,46,1.275000,2.325000,12,0.000000,0.000000,1.000000,0.000000,1.000000,0.000000,0.000000
86,46,1.325000,2.325000,58,0.767652,0.383826,0.775862,0.000000,0.775862,0.000000,0.224138
87,46,1.375000,2.325000,18,0.000000,0.000000,1.000000,0.000000,0.000000,0.000000,1.000000
88,46,1.425000,2.325000,4,0.000000,0.000000,1.000000,0.000000,0.000000,0.000000,1.000000
89,46,1.475000,2.325000,16,0.000000,0.000000,1.000000,0.000000,0.000000,0.000000,1.000000
90,46,1.525000,2.325000,19,0.000000,0.000000,1.000000,0.000000,0.000000,0.000000,1.000000
91,46,1.575000,2.325000,4,0.000000,0.000000,1.000000,0.000000,0.000000,0.000000,1.000000
92,46,1.625000,2.325000,9,0.000000,0.000000,1.000000,0.000000,0.000000,0.000000,1.000000
93,46,1.675000,2.325000,11,0.000000,0.000000,1.000000,0.000000,0.000000,0.000000,1.000000
94,46,1.725000,2.325000,11,0.000000,0.000000,1.000000,0.000000,0.000000,0.000000,1.000000
95,46,1.775000,2.325000,5,0.000000,0.000000,1.000000,0.000000,0.000000,0.000000,1.000000
96,46,1.825000,2.325000,11,0.000000,0.000000,1.000000,0.000000,0.000000,0.000000,1.000000
97,46,1.875000,2.325000,10,0.000000,0.000000,1.000000,0.000000,0.000000,0.000000,1.000000
98,46,1.925000,2.325000,4,0.000000,0.000000,1.000000,0.000000,0.000000,0.000000,1.000000
99,46,1.975000,2.325000,6,0.000000,0.000000,1.000000,0.000000,0.000000,0.000000,1.000000
100,46,2.025000,2.325000,18,0.000000,0.000000,1.000000,0.000000,0.000000,0.000000,1.000000
101,46,2.075000,2.325000,19,0.000000,0.000000,1.000000,0.000000,0.000000,0.000000,1.000000
102,46,2.125000,2.325000,14,0.000000,0.000000,1.000000,0.000000,0.000000,0.000000,1.000000
103,46,2.175000,2.325000,20,0.000000,0.000000,1.000000,0.000000,0.000000,0.000000,1.000000
104,46,2.225000,2.325000,31,0.000000,0.000000,1.000000,0.000000,0.000000,0.000000,1.000000
25,47,-1.725000,2.375000,5,0.000000,0.000000,1.000000,0.000000,0.000000,1.000000,0.000000
26,47,-1.675000,2.375000,37,0.000000,0.000000,1.000000,0.000000,0.000000,1.000000,0.000000
27,47,-1.625000,2.375000,16,0.000000,0.000000,1.000000,0.000000,0.000000,1.000000,0.000000
28,47,-1.575000,2.375000,12,0.000000,0.000000,1.000000,0.000000,0.000000,1.000000,0.000000
29,47,-1.525000,2.375000,11,0.000000,0.000000,1.000000,0.000000,0.000000,1.000000,0.000000
30,47,-1.475000,2.375000,10,0.000000,0.000000,1.000000,0.000000,0.000000,1.000000,0.000000
31,47,-1.425000,2.375000,10,0.000000,0.000000,1.000000,0.000000,0.000000,1.000000,0.000000
32,47,-1.375000,2.375000,13,0.000000,0.000000,1.000000,0.000000,0.000000,1.000000,0.000000
33,47,-1.325000,2.375000,14,0.000000,0.000000,1.000000,0.000000,0.000000,1.000000,0.000000
34,47,-1.275000,2.375000,7,0.000000,0.000000,1.000000,0.000000,0.000000,1.000000,0.000000
35,47,-1.225000,2.375000,7,0.000000,0.000000,1.000000,0.000000,0.000000,1.000000,0.000000
36,47,-1.175000,2.375000,4,0.000000,0.000000,1.000000,0.000000,0.000000,1.000000,0.000000
37,47,-1.125000,2.375000,5,0.000000,0.000000,1.000000,0.000000,0.000000,1.000000,0.000000
38,47,-1.075000,2.375000,1,0.000000,0.000000,1.000000,0.000000,0.000000,1.000000,0.000000
39,47,-1.025000,2.375000,7,0.000000,0.000000,1.000000,0.000000,0.000000,1.000000,0.000000
40,47,-0.975000,2.375000,3,0.000000,0.000000,1.000000,0.000000,0.000000,1.000000,0.000000
41,47,-0.925000,2.375000,4,0.000000,0.000000,1.000000,0.000000,0.000000,1.000000,0.000000
42,47,-0.875000,2.375000,17,0.000000,0.000000,1.000000,0.000000,0.000000,1.000000,0.000000
43,47,-0.825000,2.375000,3,0.000000,0.000000,1.000000,0.000000,0.000000,1.000000,0.000000
45,47,-0.725000,2.375000,3,0.000000,0.000000,1.000000,0.000000,0.000000,1.000000,0.000000
46,47,-0.675000,2.375000,4,0.000000,0.000000,1.000000,0.000000,0.000000,1.000000,0.000000
47,47,-0.625000,2.375000,2,0.000000,0.000000,1.000000,0.000000,0.000000,1.000000,0.000000
48,47,-0.575000,2.375000,1,0.000000,0.000000,1.000000,0.000000,0.000000,1.000000,0.000000
49,47,-0.525000,2.375000,4,0.000000,0.000000,1.000000,0.000000,0.000000,1.000000,0.000000
50,47,-0.475000,2.375000,2,0.000000,0.000000,1.000000,0.000000,0.000000,1.000000,0.000000
51,47,-0.425000,2.375000,3,0.000000,0.000000,1.000000,0.000000,0.000000,1.000000,0.000000
52,47,-0.375000,2.375000,5,0.000000,0.000000,1.000000,0.000000,0.000000,1.000000,0.000000
53,47,-0.325000,2.375000,10,0.000000,0.000000,1.000000,0.000000,0.000000,1.000000,0.000000
54,47,-0.275000,2.375000,5,0.000000,0.000000,1.000000,0.000000,0.000000,1.000000,0.000000
55,47,-0.225000,2.375000,3,0.000000,0.000000,1.000000,0.000000,0.000000,1.000000,0.000000
56,47,-0.175000,2.375000,8,0.000000,0.000000,1.000000,0.000000,0.000000,1.000000,0.000000
57,47,-0.125000,2.375000,4,0.000000,0.000000,1.000000,0.000000,0.000000,1.000000,0.000000
58,47,-0.075000,2.375000,5,0.000000,0.000000,1.000000,0.000000,0.000000,1.000000,0.000000
59,47,-0.025000,2.375000,6,0.000000,0.000000,1.000000,0.000000,0.000000,1.000000,0.000000
60,47,0.025000,2.375000,45,0.000000,0.000000,1.000000,0.000000,1.000000,0.000000,0.000000
61,47,0.075000,2.375000,7,0.000000,0.000000,1.000000,0.000000,1.000000,0.000000,0.000000
62,47,0.125000,2.375000,4,0.000000,0.000000,1.000000,0.000000,1.000000,0.000000,0.000000
63,47,0.175000,2.375000,2,0.000000,0.000000,1.000000,0.000000,1.000000,0.000000,0.000000
64,47,0.225000,2.375000,3,0.000000,0.000000,1.000000,0.000000,1.000000,0.000000,0.000000
65,47,0.275000,2.375000,3,0.000000,0.000000,1.000000,0.000000,1.000000,0.000000,0.000000
66,47,0.325000,2.375000,7,0.000000,0.000000,1.000000,0.000000,1.000000,0.000000,0.000000
67,47,0.375000,2.375000,5,0.000000,0.000000,1.000000,0.000000,1.000000,0.000000,0.000000
70,47,0.525000,2.375000,12,0.000000,0.000000,1.000000,0.000000,1.000000,0.000000,0.000000
71,47,0.575000,2.375000,6,0.000000,0.000000,1.000000,0.000000,1.000000,0.000000,0.000000
72,47,0.625000,2.375000,6,0.000000,0.000000,1.000000,0.000000,1.000000,0.000000,0.000000
73,47,0.675000,2.375000,1,0.000000,0.000000,1.000000,0.000000,1.000000,0.000000,0.000000
74,47,0.725000,2.375000,5,0.000000,0.000000,1.000000,0.000000,1.000000,0.000000,0.000000
75,47,0.775000,2.375000,6,0.000000,0.000000,1.000000,0.000000,1.000000,0.000000,0.000000
76,47,0.825000,2.375000,4,0.000000,0.000000,1.000000,0.000000,1.000000,0.000000,0.000000
77,47,0.875000,2.375000,6,0.000000,0.000000,1.000000,0.000000,1.000000,0.000000,0.000000
78,47,0.925000,2.375000,10,0.000000,0.000000,1.000000,0.000000,1.000000,0.000000,0.000000
79,47,0.975000,2.375000,14,0.000000,0.000000,1.000000,0.000000,1.000000,0.000000,0.000000
80,47,1.025000,2.375000,6,0.000000,0.000000,1.000000,0.000000,1.000000,0.000000,0.000000
81,47,1.075000,2.375000,8,0.000000,0.000000,1.000000,0.000000,1.000000,0.000000,0.000000
82,47,1.125000,2.375000,1,0.000000,0.000000,1.000000,0.000000,1.000000,0.000000,0.000000
86,47,1.325000,2.375000,2,0.000000,0.000000,1.000000,0.000000,1.000000,0.000000,0.000000
87,47,1.375000,2.375000,32,0.000000,0.000000,1.000000,0.000000,0.000000,0.000000,1.000000
88,47,1.425000,2.375000,6,0.000000,0.000000,1.000000,0.000000,0.000000,0.000000,1.000000
89,47,1.475000,2.375000,15,0.000000,0.000000,1.000000,0.000000,0.000000,0.000000,1.000000
90,47,1.525000,2.375000,17,0.000000,0.000000,1.000000,0.000000,0.000000,0.000000,1.000000
91,47,1.575000,2.375000,6,0.000000,0.000000,1.000000,0.000000,0.000000,0.000000,1.000000
92,47,1.625000,2.375000,9,0.000000,0.000000,1.000000,0.000000,0.000000,0.000000,1.000000
93,47,1.675000,2.375000,13,0.000000,0.000000,1.000000,0.000000,0.000000,0.000000,1.000000
94,47,1.725000,2.375000,14,0.000000,0.000000,1.000000,0.000000,0.000000,0.000000,1.000000
95,47,1.775000,2.375000,4,0.000000,0.000000,1.000000,0.000000,0.000000,0.000000,1.000000
96,47,1.825000,2.375000,14,0.000000,0.000000,1.000000,0.000000,0.000000,0.000000,1.000000
97,47,1.875000,2.375000,4,0.000000,0.000000,1.000000,0.000000,0.000000,0.000000,1.000000
98,47,1.925000,2.375000,3,0.000000,0.000000,1.000000,0.000000,0.000000,0.000000,1.000000
99,47,1.975000,2.375000,6,0.000000,0.000000,1.000000,0.000000,0.000000,0.000000,1.000000
100,47,2.025000,2.375000,9,0.000000,0.000000,1.000000,0.000000,0.000000,0.000000,1.000000
101,47,2.075000,2.375000,11,0.000000,0.000000,1.000000,0.000000,0.000000,0.000000,1.000000
102,47,2.125000,2.375000,13,0.000000,0.000000,1.000000,0.000000,0.000000,0.000000,1.000000
103,47,2.175000,2.375000,3,0.000000,0.000000,1.000000,0.000000,0.000000,0.000000,1.000000
104,47,2.225000,2.375000,18,0.000000,0.000000,1.000000,0.000000,0.000000,0.000000,1.000000
25,48,-1.725000,2.425000,25,0.000000,0.000000,1.000000,0.000000,0.000000,1.000000,0.000000
26,48,-1.675000,2.425000,6,0.000000,0.000000,1.000000,0.000000,0.000000,1.000000,0.000000
30,48,-1.475000,2.425000,2,0.000000,0.000000,1.000000,0.000000,0.000000,1.000000,0.000000
31,48,-1.425000,2.425000,14,0.000000,0.000000,1.000000,0.000000,0.000000,1.000000,0.000000
32,48,-1.375000,2.425000,4,0.000000,0.000000,1.000000,0.000000,0.000000,1.000000,0.000000
33,48,-1.325000,2.425000,7,0.000000,0.000000,1.000000,0.000000,0.000000,1.000000,0.000000
34,48,-1.275000,2.425000,9,0.000000,0.000000,1.000000,0.000000,0.000000,1.000000,0.000000
35,48,-1.225000,2.425000,4,0.000000,0.000000,1.000000,0.000000,0.000000,1.000000,0.000000
36,48,-1.175000,2.425000,5,0.000000,0.000000,1.000000,0.000000,0.000000,1.000000,0.000000
37,48,-1.125000,2.425000,6,0.000000,0.000000,1.000000,0.000000,0.000000,1.000000,0.000000
38,48,-1.075000,2.425000,6,0.000000,0.000000,1.000000,0.000000,0.000000,1.000000,0.000000
39,48,-1.025000,2.425000,8,0.000000,0.000000,1.000000,0.000000,0.000000,1.000000,0.000000
40,48,-0.975000,2.425000,5,0.000000,0.000000,1.000000,0.000000,0.000000,1.000000,0.000000
41,48,-0.925000,2.425000,18,0.000000,0.000000,1.000000,0.000000,0.000000,1.000000,0.000000
42,48,-0.875000,2.425000,4,0.000000,0.000000,1.000000,0.000000,0.000000,1.000000,0.000000
43,48,-0.825000,2.425000,4,0.000000,0.000000,1.000000,0.000000,0.000000,1.000000,0.000000
45,48,-0.725000,2.425000,4,0.000000,0.000000,1.000000,0.000000,0.000000,1.000000,0.000000
46,48,-0.675000,2.425000,3,0.000000,0.000000,1.000000,0.000000,0.000000,1.000000,0.000000
47,48,-0.625000,2.425000,7,0.000000,0.000000,1.000000,0.000000,0.000000,1.000000,0.000000
48,48,-0.575000,2.425000,2,0.000000,0.000000,1.000000,0.000000,0.000000,1.000000,0.000000
49,48,-0.525000,2.425000,4,0.000000,0.000000,1.000000,0.000000,0.000000,1.000000,0.000000
50,48,-0.475000,2.425000,3,0.000000,0.000000,1.000000,0.000000,0.000000,1.000000,0.000000
51,48,-0.425000,2.425000,6,0.000000,0.000000,1.000000,0.000000,0.000000,1.000000,0.000000
52,48,-0.375000,2.425000,5,0.000000,0.000000,1.000000,0.000000,0.000000,1.000000,0.000000
53,48,-0.325000,2.425000,10,0.000000,0.000000,1.000000,0.000000,0.000000,1.000000,0.000000
54,48,-0.275000,2.425000,9,0.000000,0.000000,1.000000,0.000000,0.000000,1.000000,0.000000
55,48,-0.225000,2.425000,2,0.000000,0.000000,1.000000,0.000000,0.000000,1.000000,0.000000
56,48,-0.175000,2.425000,2,0.000000,0.000000,1.000000,0.000000,0.000000,1.000000,0.000000
57,48,-0.125000,2.425000,4,0.000000,0.000000,1.000000,0.000000,0.000000,1.000000,0.000000
58,48,-0.075000,2.425000,4,0.000000,0.000000,1.000000,0.000000,0.000000,1.000000,0.000000
59,48,-0.025000,2.425000,2,0.000000,0.000000,1.000000,0.000000,0.000000,1.000000,0.000000
60,48,0.025000,2.425000,58,0.000000,0.000000,1.000000,0.000000,1.000000,0.000000,0.000000
61,48,0.075000,2.425000,6,0.000000,0.000000,1.000000,0.000000,1.000000,0.000000,0.000000
62,48,0.125000,2.425000,3,0.000000,0.000000,1.000000,0.000000,1.000000,0.000000,0.000000
64,48,0.225000,2.425000,3,0.000000,0.000000,1.000000,0.000000,1.000000,0.000000,0.000000
65,48,0.275000,2.425000,8,0.000000,0.000000,1.000000,0.000000,1.000000,0.000000,0.000000
66,48,0.325000,2.425000,7,0.000000,0.000000,1.000000,0.000000,1.000000,0.000000,0.000000
67,48,0.375000,2.425000,4,0.000000,0.000000,1.000000,0.000000,1.000000,0.000000,0.000000
68,48,0.425000,2.425000,1,0.000000,0.000000,1.000000,0.000000,1.000000,0.000000,0.000000
70,48,0.525000,2.425000,2,0.000000,0.000000,1.000000,0.000000,1.000000,0.000000,0.000000
71,48,0.575000,2.425000,12,0.000000,0.000000,1.000000,0.000000,1.000000,0.000000,0.000000
72,48,0.625000,2.425000,5,0.000000,0.000000,1.000000,0.000000,1.000000,0.000000,0.000000
73,48,0.675000,2.425000,5,0.000000,0.000000,1.000000,0.000000,1.000000,0.000000,0.000000
74,48,0.725000,2.425000,12,0.000000,0.000000,1.000000,0.000000,1.000000,0.000000,0.000000
75,48,0.775000,2.425000,7,0.000000,0.000000,1.000000,0.000000,1.000000,0.000000,0.000000
76,48,0.825000,2.425000,7,0.000000,0.000000,1.000000,0.000000,1.000000,0.000000,0.000000
77,48,0.875000,2.425000,14,0.000000,0.000000,1.000000,0.000000,1.000000,0.000000,0.000000
78,48,0.925000,2.425000,3,0.000000,0.000000,1.000000,0.000000,1.000000,0.000000,0.000000
79,48,0.975000,2.425000,9,0.000000,0.000000,1.000000,0.000000,1.000000,0.000000,0.000000
80,48,1.025000,2.425000,6,0.000000,0.000000,1.000000,0.000000,1.000000,0.000000,0.000000
81,48,1.075000,2.425000,10,0.000000,0.000000,1.000000,0.000000,1.000000,0.000000,0.000000
82,48,1.125000,2.425000,4,0.000000,0.000000,1.000000,0.000000,1.000000,0.000000,0.000000
83,48,1.175000,2.425000,3,0.000000,0.000000,1.000000,0.000000,1.000000,0.000000,0.000000
84,48,1.225000,2.425000,7,0.000000,0.000000,1.000000,0.000000,1.000000,0.000000,0.000000
89,48,1.475000,2.425000,4,0.000000,0.000000,1.000000,0.000000,0.000000,0.000000,1.000000
90,48,1.525000,2.425000,24,0.000000,0.000000,1.000000,0.000000,0.000000,0.000000,1.000000
91,48,1.575000,2.425000,6,0.000000,0.000000,1.000000,0.000000,0.000000,0.000000,1.000000
92,48,1.625000,2.425000,8,0.000000,0.000000,1.000000,0.000000,0.000000,0.000000,1.000000
93,48,1.675000,2.425000,17,0.000000,0.000000,1.000000,0.000000,0.000000,0.000000,1.000000
94,48,1.725000,2.425000,17,0.000000,0.000000,1.000000,0.000000,0.000000,0.000000,1.000000
95,48,1.775000,2.425000,5,0.000000,0.000000,1.000000,0.000000,0.000000,0.000000,1.000000
96,48,1.825000,2.425000,3,0.000000,0.000000,1.000000,0.000000,0.000000,0.000000,1.000000
97,48,1.875000,2.425000,5,0.000000,0.000000,1.000000,0.000000,0.000000,0.000000,1.000000
98,48,1.925000,2.425000,15,0.000000,0.000000,1.000000,0.000000,0.000000,0.000000,1.000000
99,48,1.975000,2.425000,6,0.000000,0.000000,1.000000,0.000000,0.000000,0.000000,1.000000
100,48,2.025000,2.425000,6,0.000000,0.000000,1.000000,0.000000,0.000000,0.000000,1.000000
101,48,2.075000,2.425000,10,0.000000,0.000000,1.000000,0.000000,0.000000,0.000000,1.000000
102,48,2.125000,2.425000,14,0.000000,0.000000,1.000000,0.000000,0.000000,0.000000,1.000000
103,48,2.175000,2.425000,15,0.000000,0.000000,1.000000,0.000000,0.000000,0.000000,1.000000
104,48,2.225000,2.425000,8,0.000000,0.000000,1.000000,0.000000,0.000000,0.000000,1.000000
28,49,-1.575000,2.475000,3,0.000000,0.000000,1.000000,0.000000,0.000000,1.000000,0.000000
29,49,-1.525000,2.475000,6,0.000000,0.000000,1.000000,0.000000,0.000000,1.000000,0.000000
30,49,-1.475000,2.475000,7,0.000000,0.000000,1.000000,0.000000,0.000000,1.000000,0.000000
31,49,-1.425000,2.475000,7,0.000000,0.000000,1.000000,0.000000,0.000000,1.000000,0.000000
32,49,-1.375000,2.475000,8,0.000000,0.000000,1.000000,0.000000,0.000000,1.000000,0.000000
33,49,-1.325000,2.475000,4,0.000000,0.000000,1.000000,0.000000,0.000000,1.000000,0.000000
34,49,-1.275000,2.475000,7,0.000000,0.000000,1.000000,0.000000,0.000000,1.000000,0.000000
35,49,-1.225000,2.475000,2,0.000000,0.000000,1.000000,0.000000,0.000000,1.000000,0.000000
36,49,-1.175000,2.475000,3,0.000000,0.000000,1.000000,0.000000,0.000000,1.000000,0.000000
40,49,-0.975000,2.475000,10,0.000000,0.000000,1.000000,0.000000,0.000000,1.000000,0.000000
41,49,-0.925000,2.475000,5,0.000000,0.000000,1.000000,0.000000,0.000000,1.000000,0.000000
42,49,-0.875000,2.475000,2,0.000000,0.000000,1.000000,0.000000,0.000000,1.000000,0.000000
43,49,-0.825000,2.475000,1,0.000000,0.000000,1.000000,0.000000,0.000000,1.000000,0.000000
44,49,-0.775000,2.475000,1,0.000000,0.000000,1.000000,0.000000,0.000000,1.000000,0.000000
45,49,-0.725000,2.475000,1,0.000000,0.000000,1.000000,0.000000,0.000000,1.000000,0.000000
46,49,-0.675000,2.475000,7,0.000000,0.000000,1.000000,0.000000,0.000000,1.000000,0.000000
47,49,-0.625000,2.475000,1,0.000000,0.000000,1.000000,0.000000,0.000000,1.000000,0.000000
48,49,-0.575000,2.475000,4,0.000000,0.000000,1.000000,0.000000,0.000000,1.000000,0.000000
49,49,-0.525000,2.475000,5,0.000000,0.000000,1.000000,0.000000,0.000000,1.000000,0.000000
50,49,-0.475000,2.475000,4,0.000000,0.000000,1.000000,0.000000,0.000000,1.000000,0.000000
51,49,-0.425000,2.475000,3,0.000000,0.000000,1.000000,0.000000,0.000000,1.000000,0.000000
52,49,-0.375000,2.475000,8,0.000000,0.000000,1.000000,0.000000,0.000000,1.000000,0.000000
53,49,-0.325000,2.475000,4,0.000000,0.000000,1.000000,0.000000,0.000000,1.000000,0.000000
54,49,-0.275000,2.475000,4,0.000000,0.000000,1.000000,0.000000,0.000000,1.000000,0.000000
55,49,-0.225000,2.475000,4,0.000000,0.000000,1.000000,0.000000,0.000000,1.000000,0.000000
56,49,-0.175000,2.475000,5,0.000000,0.000000,1.000000,0.000000,0.000000,1.000000,0.000000
57,49,-0.125000,2.475000,5,0.000000,0.000000,1.000000,0.000000,0.000000,1.000000,0.000000
58,49,-0.075000,2.475000,4,0.000000,0.000000,1.000000,0.000000,0.000000,1.000000,0.000000
60,49,0.025000,2.475000,50,0.000000,0.000000,1.000000,0.000000,1.000000,0.000000,0.000000
61,49,0.075000,2.475000,5,0.000000,0.000000,1.000000,0.000000,1.000000,0.000000,0.000000
62,49,0.125000,2.475000,2,0.000000,0.000000,1.000000,0.000000,1.000000,0.000000,0.000000
63,49,0.175000,2.475000,6,0.000000,0.000000,1.000000,0.000000,1.000000,0.000000,0.000000
64,49,0.225000,2.475000,4,0.000000,0.000000,1.000000,0.000000,1.000000,0.000000,0.000000
66,49,0.325000,2.475000,6,0.000000,0.000000,1.000000,0.000000,1.000000,0.000000,0.000000
67,49,0.375000,2.475000,7,0.000000,0.000000,1.000000,0.000000,1.000000,0.000000,0.000000
68,49,0.425000,2.475000,4,0.000000,0.000000,1.000000,0.000000,1.000000,0.000000,0.000000
70,49,0.525000,2.475000,4,0.000000,0.000000,1.000000,0.000000,1.000000,0.000000,0.000000
71,49,0.575000,2.475000,1,0.000000,0.000000,1.000000,0.000000,1.000000,0.000000,0.000000
72,49,0.625000,2.475000,8,0.000000,0.000000,1.000000,0.000000,1.000000,0.000000,0.000000
73,49,0.675000,2.475000,4,0.000000,0.000000,1.000000,0.000000,1.000000,0.000000,0.000000
76,49,0.825000,2.475000,1,0.000000,0.000000,1.000000,0.000000,1.000000,0.000000,0.000000
77,49,0.875000,2.475000,2,0.000000,0.000000,1.000000,0.000000,1.000000,0.000000,0.000000
78,49,0.925000,2.475000,6,0.000000,0.000000,1.000000,0.000000,1.000000,0.000000,0.000000
79,49,0.975000,2.475000,2,0.000000,0.000000,1.000000,0.000000,1.000000,0.000000,0.000000
80,49,1.025000,2.475000,3,0.000000,0.000000,1.000000,0.000000,1.000000,0.000000,0.000000
81,49,1.075000,2.475000,6,0.000000,0.000000,1.000000,0.000000,1.000000,0.000000,0.000000
82,49,1.125000,2.475000,8,0.000000,0.000000,1.000000,0.000000,1.000000,0.000000,0.000000
83,49,1.175000,2.475000,4,0.000000,0.000000,1.000000,0.000000,1.000000,0.000000,0.000000
84,49,1.225000,2.475000,9,0.000000,0.000000,1.000000,0.000000,1.000000,0.000000,0.000000
85,49,1.275000,2.475000,10,0.000000,0.000000,1.000000,0.000000,1.000000,0.000000,0.000000
86,49,1.325000,2.475000,6,0.000000,0.000000,1.000000,0.000000,1.000000,0.000000,0.000000
87,49,1.375000,2.475000,1,0.000000,0.000000,1.000000,0.000000,1.000000,0.000000,0.000000
90,49,1.525000,2.475000,21,0.000000,0.000000,1.000000,0.000000,0.000000,0.000000,1.000000
91,49,1.575000,2.475000,10,0.000000,0.000000,1.000000,0.000000,0.000000,0.000000,1.000000
92,49,1.625000,2.475000,10,0.000000,0.000000,1.000000,0.000000,0.000000,0.000000,1.000000
93,49,1.675000,2.475000,10,0.000000,0.000000,1.000000,0.000000,0.000000,0.000000,1.000000
94,49,1.725000,2.475000,8,0.000000,0.000000,1.000000,0.000000,0.000000,0.000000,1.000000
95,49,1.775000,2.475000,9,0.000000,0.000000,1.000000,0.000000,0.000000,0.000000,1.000000
96,49,1.825000,2.475000,8,0.000000,0.000000,1.000000,0.000000,0.000000,0.000000,1.000000
97,49,1.875000,2.475000,4,0.000000,0.000000,1.000000,0.000000,0.000000,0.000000,1.000000
98,49,1.925000,2.475000,7,0.000000,0.000000,1.000000,0.000000,0.000000,0.000000,1.000000
99,49,1.975000,2.475000,20,0.000000,0.000000,1.000000,0.000000,0.000000,0.000000,1.000000
100,49,2.025000,2.475000,8,0.000000,0.000000,1.000000,0.000000,0.000000,0.000000,1.000000
101,49,2.075000,2.475000,12,0.000000,0.000000,1.000000,0.000000,0.000000,0.000000,1.000000
102,49,2.125000,2.475000,19,0.000000,0.000000,1.000000,0.000000,0.000000,0.000000,1.000000
103,49,2.175000,2.475000,17,0.000000,0.000000,1.000000,0.000000,0.000000,0.000000,1.000000
104,49,2.225000,2.475000,25,0.000000,0.000000,1.000000,0.000000,0.000000,0.000000,1.000000
105,49,2.275000,2.475000,11,0.000000,0.000000,1.000000,0.000000,0.000000,0.000000,1.000000
26,50,-1.675000,2.525000,3,0.000000,0.000000,1.000000,0.000000,0.000000,1.000000,0.000000
27,50,-1.625000,2.525000,13,0.000000,0.000000,1.000000,0.000000,0.000000,1.000000,0.000000
28,50,-1.575000,2.525000,7,0.000000,0.000000,1.000000,0.000000,0.000000,1.000000,0.000000
29,50,-1.525000,2.525000,6,0.000000,0.000000,1.000000,0.000000,0.000000,1.000000,0.000000
30,50,-1.475000,2.525000,7,0.000000,0.000000,1.000000,0.000000,0.000000,1.000000,0.000000
31,50,-1.425000,2.525000,6,0.000000,0.000000,1.000000,0.000000,0.000000,1.000000,0.000000
32,50,-1.375000,2.525000,3,0.000000,0.000000,1.000000,0.000000,0.000000,1.000000,0.000000
34,50,-1.275000,2.525000,4,0.000000,0.000000,1.000000,0.000000,0.000000,1.000000,0.000000
35,50,-1.225000,2.525000,2,0.000000,0.000000,1.000000,0.000000,0.000000,1.000000,0.000000
36,50,-1.175000,2.525000,5,0.000000,0.000000,1.000000,0.000000,0.000000,1.000000,0.000000
37,50,-1.125000,2.525000,3,0.000000,0.000000,1.000000,0.000000,0.000000,1.000000,0.000000
38,50,-1.075000,2.525000,1,0.000000,0.000000,1.000000,0.000000,0.000000,1.000000,0.000000
39,50,-1.025000,2.525000,14,0.000000,0.000000,1.000000,0.000000,0.000000,1.000000,0.000000
40,50,-0.975000,2.525000,4,0.000000,0.000000,1.000000,0.000000,0.000000,1.000000,0.000000
41,50,-0.925000,2.525000,5,0.000000,0.000000,1.000000,0.000000,0.000000,1.000000,0.000000
42,50,-0.875000,2.525000,3,0.000000,0.000000,1.000000,0.000000,0.000000,1.000000,0.000000
43,50,-0.825000,2.525000,3,0.000000,0.000000,1.000000,0.000000,0.000000,1.000000,0.000000
44,50,-0.775000,2.525000,2,0.000000,0.000000,1.000000,0.000000,0.000000,1.000000,0.000000
45,50,-0.725000,2.525000,6,0.000000,0.000000,1.000000,0.000000,0.000000,1.000000,0.000000
46,50,-0.675000,2.525000,15,0.000000,0.000000,1.000000,0.000000,0.000000,1.000000,0.000000
47,50,-0.625000,2.525000,4,0.000000,0.000000,1.000000,0.000000,0.000000,1.000000,0.000000
48,50,-0.575000,2.525000,6,0.000000,0.000000,1.000000,0.000000,0.000000,1.000000,0.000000
49,50,-0.525000,2.525000,5,0.000000,0.000000,1.000000,0.000000,0.000000,1.000000,0.000000
50,50,-0.475000,2.525000,4,0.000000,0.000000,1.000000,0.000000,0.000000,1.000000,0.000000
51,50,-0.425000,2.525000,2,0.000000,0.000000,1.000000,0.000000,0.000000,1.000000,0.000000
52,50,-0.375000,2.525000,11,0.000000,0.000000,1.000000,0.000000,0.000000,1.000000,0.000000
53,50,-0.325000,2.525000,7,0.000000,0.000000,1.000000,0.000000,0.000000,1.000000,0.000000
54,50,-0.275000,2.525000,11,0.000000,0.000000,1.000000,0.000000,0.000000,1.000000,0.000000
55,50,-0.225000,2.525000,3,0.000000,0.000000,1.000000,0.000000,0.000000,1.000000,0.000000
56,50,-0.175000,2.525000,7,0.000000,0.000000,1.000000,0.000000,0.000000,1.000000,0.000000
57,50,-0.125000,2.525000,1,0.000000,0.000000,1.000000,0.000000,0.000000,1.000000,0.000000
60,50,0.025000,2.525000,51,0.000000,0.000000,1.000000,0.000000,1.000000,0.000000,0.000000
61,50,0.075000,2.525000,1,0.000000,0.000000,1.000000,0.000000,1.000000,0.000000,0.000000
62,50,0.125000,2.525000,5,0.000000,0.000000,1.000000,0.000000,1.000000,0.000000,0.000000
63,50,0.175000,2.525000,3,0.000000,0.000000,1.000000,0.000000,1.000000,0.000000,0.000000
64,50,0.225000,2.525000,3,0.000000,0.000000,1.000000,0.000000,1.000000,0.000000,0.000000
65,50,0.275000,2.525000,5,0.000000,0.000000,1.000000,0.000000,1.000000,0.000000,0.000000
66,50,0.325000,2.525000,3,0.000000,0.000000,1.000000,0.000000,1.000000,0.000000,0.000000
67,50,0.375000,2.525000,3,0.000000,0.000000,1.000000,0.000000,1.000000,0.000000,0.000000
68,50,0.425000,2.525000,4,0.000000,0.000000,1.000000,0.000000,1.000000,0.000000,0.000000
69,50,0.475000,2.525000,1,0.000000,0.000000,1.000000,0.000000,1.000000,0.000000,0.000000
70,50,0.525000,2.525000,4,0.000000,0.000000,1.000000,0.000000,1.000000,0.000000,0.000000
72,50,0.625000,2.525000,4,0.000000,0.000000,1.000000,0.000000,1.000000,0.000000,0.000000
73,50,0.675000,2.525000,5,0.000000,0.000000,1.000000,0.000000,1.000000,0.000000,0.000000
74,50,0.725000,2.525000,11,0.000000,0.000000,1.000000,0.000000,1.000000,0.000000,0.000000
76,50,0.825000,2.525000,2,0.000000,0.000000,1.000000,0.000000,1.000000,0.000000,0.000000
77,50,0.875000,2.525000,3,0.000000,0.000000,1.000000,0.000000,1.000000,0.000000,0.000000
78,50,0.925000,2.525000,3,0.000000,0.000000,1.000000,0.000000,1.000000,0.000000,0.000000
79,50,0.975000,2.525000,3,0.000000,0.000000,1.000000,0.000000,1.000000,0.000000,0.000000
80,50,1.025000,2.525000,8,0.000000,0.000000,1.000000,0.000000,1.000000,0.000000,0.000000
81,50,1.075000,2.525000,6,0.000000,0.000000,1.000000,0.000000,1.000000,0.000000,0.000000
82,50,1.125000,2.525000,7,0.000000,0.000000,1.000000,0.000000,1.000000,0.000000,0.000000
83,50,1.175000,2.525000,13,0.000000,0.000000,1.000000,0.000000,1.000000,0.000000,0.000000
84,50,1.225000,2.525000,4,0.000000,0.000000,1.000000,0.000000,1.000000,0.000000,0.000000
85,50,1.275000,2.525000,4,0.000000,0.000000,1.000000,0.000000,1.000000,0.000000,0.000000
86,50,1.325000,2.525000,12,0.000000,0.000000,1.000000,0.000000,1.000000,0.000000,0.000000
87,50,1.375000,2.525000,17,0.000000,0.000000,1.000000,0.000000,1.000000,0.000000,0.000000
88,50,1.425000,2.525000,9,0.000000,0.000000,1.000000,0.000000,1.000000,0.000000,0.000000
91,50,1.575000,2.525000,32,0.000000,0.000000,1.000000,0.000000,0.000000,0.000000,1.000000
92,50,1.625000,2.525000,6,0.000000,0.000000,1.000000,0.000000,0.000000,0.000000,1.000000
93,50,1.675000,2.525000,30,0.000000,0.000000,1.000000,0.000000,0.000000,0.000000,1.000000
94,50,1.725000,2.525000,10,0.000000,0.000000,1.000000,0.000000,0.000000,0.000000,1.000000
95,50,1.775000,2.525000,10,0.000000,0.000000,1.000000,0.000000,0.000000,0.000000,1.000000
96,50,1.825000,2.525000,15,0.000000,0.000000,1.000000,0.000000,0.000000,0.000000,1.000000
97,50,1.875000,2.525000,9,0.000000,0.000000,1.000000,0.000000,0.000000,0.000000,1.000000
98,50,1.925000,2.525000,7,0.000000,0.000000,1.000000,0.000000,0.000000,0.000000,1.000000
99,50,1.975000,2.525000,18,0.000000,0.000000,1.000000,0.000000,0.000000,0.000000,1.000000
100,50,2.025000,2.525000,7,0.000000,0.000000,1.000000,0.000000,0.000000,0.000000,1.000000
101,50,2.075000,2.525000,2,0.000000,0.000000,1.000000,0.000000,0.000000,0.000000,1.000000
102,50,2.125000,2.525000,15,0.000000,0.000000,1.000000,0.000000,0.000000,0.000000,1.000000
103,50,2.175000,2.525000,10,0.000000,0.000000,1.000000,0.000000,0.000000,0.000000,1.000000
104,50,2.225000,2.525000,13,0.000000,0.000000,1.000000,0.000000,0.000000,0.000000,1.000000
105,50,2.275000,2.525000,35,0.000000,0.000000,1.000000,0.000000,0.000000,0.000000,1.000000
106,50,2.325000,2.525000,9,0.000000,0.000000,1.000000,0.000000,0.000000,0.000000,1.000000
24,51,-1.775000,2.575000,2,0.000000,0.000000,1.000000,0.000000,0.000000,1.000000,0.000000
25,51,-1.725000,2.575000,5,0.000000,0.000000,1.000000,0.000000,0.000000,1.000000,0.000000
26,51,-1.675000,2.575000,19,0.000000,0.000000,1.000000,0.000000,0.000000,1.000000,0.000000
27,51,-1.625000,2.575000,9,0.000000,0.000000,1.000000,0.000000,0.000000,1.000000,0.000000
28,51,-1.575000,2.575000,11,0.000000,0.000000,1.000000,0.000000,0.000000,1.000000,0.000000
29,51,-1.525000,2.575000,11,0.000000,0.000000,1.000000,0.000000,0.000000,1.000000,0.000000
30,51,-1.475000,2.575000,7,0.000000,0.000000,1.000000,0.000000,0.000000,1.000000,0.000000
31,51,-1.425000,2.575000,5,0.000000,0.000000,1.000000,0.000000,0.000000,1.000000,0.000000
32,51,-1.375000,2.575000,7,0.000000,0.000000,1.000000,0.000000,0.000000,1.000000,0.000000
33,51,-1.325000,2.575000,1,0.000000,0.000000,1.000000,0.000000,0.000000,1.000000,0.000000
34,51,-1.275000,2.575000,1,0.000000,0.000000,1.000000,0.000000,0.000000,1.000000,0.000000
35,51,-1.225000,2.575000,5,0.000000,0.000000,1.000000,0.000000,0.000000,1.000000,0.000000
37,51,-1.125000,2.575000,1,0.000000,0.000000,1.000000,0.000000,0.000000,1.000000,0.000000
38,51,-1.075000,2.575000,6,0.000000,0.000000,1.000000,0.000000,0.000000,1.000000,0.000000
39,51,-1.025000,2.575000,1,0.000000,0.000000,1.000000,0.000000,0.000000,1.000000,0.000000
40,51,-0.975000,2.575000,2,0.000000,0.000000,1.000000,0.000000,0.000000,1.000000,0.000000
41,51,-0.925000,2.575000,9,0.000000,0.000000,1.000000,0.000000,0.000000,1.000000,0.000000
42,51,-0.875000,2.575000,2,0.000000,0.000000,1.000000,0.000000,0.000000,1.000000,0.000000
43,51,-0.825000,2.575000,5,0.000000,0.000000,1.000000,0.000000,0.000000,1.000000,0.000000
44,51,-0.775000,2.575000,5,0.000000,0.000000,1.000000,0.000000,0.000000,1.000000,0.000000
45,51,-0.725000,2.575000,1,0.000000,0.000000,1.000000,0.000000,0.000000,1.000000,0.000000
46,51,-0.675000,2.575000,9,0.000000,0.000000,1.000000,0.000000,0.000000,1.000000,0.000000
47,51,-0.625000,2.575000,4,0.000000,0.000000,1.000000,0.000000,0.000000,1.000000,0.000000
48,51,-0.575000,2.575000,5,0.000000,0.000000,1.000000,0.000000,0.000000,1.000000,0.000000
49,51,-0.525000,2.575000,5,0.000000,0.000000,1.000000,0.000000,0.000000,1.000000,0.000000
50,51,-0.475000,2.575000,7,0.000000,0.000000,1.000000,0.000000,0.000000,1.000000,0.000000
51,51,-0.425000,2.575000,12,0.000000,0.000000,1.000000,0.000000,0.000000,1.000000,0.000000
53,51,-0.325000,2.575000,6,0.000000,0.000000,1.000000,0.000000,0.000000,1.000000,0.000000
54,51,-0.275000,2.575000,7,0.000000,0.000000,1.000000,0.000000,0.000000,1.000000,0.000000
55,51,-0.225000,2.575000,2,0.000000,0.000000,1.000000,0.000000,0.000000,1.000000,0.000000
56,51,-0.175000,2.575000,11,0.000000,0.000000,1.000000,0.000000,0.000000,1.000000,0.000000
57,51,-0.125000,2.575000,3,0.000000,0.000000,1.000000,0.000000,0.000000,1.000000,0.000000
60,51,0.025000,2.575000,50,0.000000,0.000000,1.000000,0.000000,1.000000,0.000000,0.000000
62,51,0.125000,2.575000,4,0.000000,0.000000,1.000000,0.000000,1.000000,0.000000,0.000000
63,51,0.175000,2.575000,5,0.000000,0.000000,1.000000,0.000000,1.000000,0.000000,0.000000
64,51,0.225000,2.575000,1,0.000000,0.000000,1.000000,0.000000,1.000000,0.000000,0.000000
65,51,0.275000,2.575000,2,0.000000,0.000000,1.000000,0.000000,1.000000,0.000000,0.000000
66,51,0.325000,2.575000,6,0.000000,0.000000,1.000000,0.000000,1.000000,0.000000,0.000000
67,51,0.375000,2.575000,5,0.000000,0.000000,1.000000,0.000000,1.000000,0.000000,0.000000
68,51,0.425000,2.575000,4,0.000000,0.000000,1.000000,0.000000,1.000000,0.000000,0.000000
69,51,0.475000,2.575000,3,0.000000,0.000000,1.000000,0.000000,1.000000,0.000000,0.000000
70,51,0.525000,2.575000,3,0.000000,0.000000,1.000000,0.000000,1.000000,0.000000,0.000000
71,51,0.575000,2.575000,2,0.000000,0.000000,1.000000,0.000000,1.000000,0.000000,0.000000
72,51,0.625000,2.575000,6,0.000000,0.000000,1.000000,0.000000,1.000000,0.000000,0.000000
73,51,0.675000,2.575000,2,0.000000,0.000000,1.000000,0.000000,1.000000,0.000000,0.000000
74,51,0.725000,2.575000,3,0.000000,0.000000,1.000000,0.000000,1.000000,0.000000,0.000000
75,51,0.775000,2.575000,3,0.000000,0.000000,1.000000,0.000000,1.000000,0.000000,0.000000
76,51,0.825000,2.575000,3,0.000000,0.000000,1.000000,0.000000,1.000000,0.000000,0.000000
77,51,0.875000,2.575000,1,0.000000,0.000000,1.000000,0.000000,1.000000,0.000000,0.000000
78,51,0.925000,2.575000,1,0.000000,0.000000,1.000000,0.000000,1.000000,0.000000,0.000000
79,51,0.975000,2.575000,2,0.000000,0.000000,1.000000,0.000000,1.000000,0.000000,0.000000
80,51,1.025000,2.575000,3,0.000000,0.000000,1.000000,0.000000,1.000000,0.000000,0.000000
81,51,1.075000,2.575000,2,0.000000,0.000000,1.000000,0.000000,1.000000,0.000000,0.000000
82,51,1.125000,2.575000,6,0.000000,0.000000,1.000000,0.000000,1.000000,0.000000,0.000000
83,51,1.175000,2.575000,1,0.000000,0.000000,1.000000,0.000000,1.000000,0.000000,0.000000
84,51,1.225000,2.575000,5,0.000000,0.000000,1.000000,0.000000,1.000000,0.000000,0.000000
85,51,1.275000,2.575000,12,0.000000,0.000000,1.000000,0.000000,1.000000,0.000000,0.000000
86,51,1.325000,2.575000,7,0.000000,0.000000,1.000000,0.000000,1.000000,0.000000,0.000000
87,51,1.375000,2.575000,13,0.000000,0.000000,1.000000,0.000000,1.000000,0.000000,0.000000
88,51,1.425000,2.575000,17,0.000000,0.000000,1.000000,0.000000,1.000000,0.000000,0.000000
89,51,1.475000,2.575000,15,0.000000,0.000000,1.000000,0.000000,1.000000,0.000000,0.000000
90,51,1.525000,2.575000,1,0.000000,0.000000,1.000000,0.000000,1.000000,0.000000,0.000000
93,51,1.675000,2.575000,17,0.000000,0.000000,1.000000,0.000000,0.000000,0.000000,1.000000
94,51,1.725000,2.575000,9,0.000000,0.000000,1.000000,0.000000,0.000000,0.000000,1.000000
95,51,1.775000,2.575000,14,0.000000,0.000000,1.000000,0.000000,0.000000,0.000000,1.000000
96,51,1.825000,2.575000,17,0.000000,0.000000,1.000000,0.000000,0.000000,0.000000,1.000000
97,51,1.875000,2.575000,8,0.000000,0.000000,1.000000,0.000000,0.000000,0.000000,1.000000
98,51,1.925000,2.575000,12,0.000000,0.000000,1.000000,0.000000,0.000000,0.000000,1.000000
99,51,1.975000,2.575000,9,0.000000,0.000000,1.000000,0.000000,0.000000,0.000000,1.000000
100,51,2.025000,2.575000,9,0.000000,0.000000,1.000000,0.000000,0.000000,0.000000,1.000000
101,51,2.075000,2.575000,10,0.000000,0.000000,1.000000,0.000000,0.000000,0.000000,1.000000
102,51,2.125000,2.575000,5,0.000000,0.000000,1.000000,0.000000,0.000000,0.000000,1.000000
103,51,2.175000,2.575000,9,0.000000,0.000000,1.000000,0.000000,0.000000,0.000000,1.000000
104,51,2.225000,2.575000,15,0.000000,0.000000,1.000000,0.000000,0.000000,0.000000,1.000000
105,51,2.275000,2.575000,3,0.000000,0.000000,1.000000,0.000000,0.000000,0.000000,1.000000
106,51,2.325000,2.575000,2,0.000000,0.000000,1.000000,0.000000,0.000000,0.000000,1.000000
23,52,-1.825000,2.625000,3,0.000000,0.000000,1.000000,0.000000,0.000000,1.000000,0.000000
24,52,-1.775000,2.625000,20,0.000000,0.000000,1.000000,0.000000,0.000000,1.000000,0.000000
25,52,-1.725000,2.625000,4,0.000000,0.000000,1.000000,0.000000,0.000000,1.000000,0.000000
26,52,-1.675000,2.625000,10,0.000000,0.000000,1.000000,0.000000,0.000000,1.000000,0.000000
27,52,-1.625000,2.625000,19,0.000000,0.000000,1.000000,0.000000,0.000000,1.000000,0.000000
28,52,-1.575000,2.625000,11,0.000000,0.000000,1.000000,0.000000,0.000000,1.000000,0.000000
29,52,-1.525000,2.625000,11,0.000000,0.000000,1.000000,0.000000,0.000000,1.000000,0.000000
30,52,-1.475000,2.625000,6,0.000000,0.000000,1.000000,0.000000,0.000000,1.000000,0.000000
31,52,-1.425000,2.625000,12,0.000000,0.000000,1.000000,0.000000,0.000000,1.000000,0.000000
32,52,-1.375000,2.625000,5,0.000000,0.000000,1.000000,0.000000,0.000000,1.000000,0.000000
33,52,-1.325000,2.625000,8,0.000000,0.000000,1.000000,0.000000,0.000000,1.000000,0.000000
34,52,-1.275000,2.625000,5,0.000000,0.000000,1.000000,0.000000,0.000000,1.000000,0.000000
35,52,-1.225000,2.625000,7,0.000000,0.000000,1.000000,0.000000,0.000000,1.000000,0.000000
36,52,-1.175000,2.625000,2,0.000000,0.000000,1.000000,0.000000,0.000000,1.000000,0.000000
37,52,-1.125000,2.625000,18,0.000000,0.000000,1.000000,0.000000,0.000000,1.000000,0.000000
38,52,-1.075000,2.625000,6,0.000000,0.000000,1.000000,0.000000,0.000000,1.000000,0.000000
40,52,-0.975000,2.625000,10,0.000000,0.000000,1.000000,0.000000,0.000000,1.000000,0.000000
41,52,-0.925000,2.625000,3,0.000000,0.000000,1.000000,0.000000,0.000000,1.000000,0.000000
42,52,-0.875000,2.625000,3,0.000000,0.000000,1.000000,0.000000,0.000000,1.000000,0.000000
43,52,-0.825000,2.625000,6,0.000000,0.000000,1.000000,0.000000,0.000000,1.000000,0.000000
44,52,-0.775000,2.625000,1,0.000000,0.000000,1.000000,0.000000,0.000000,1.000000,0.000000
45,52,-0.725000,2.625000,4,0.000000,0.000000,1.000000,0.000000,0.000000,1.000000,0.000000
46,52,-0.675000,2.625000,11,0.000000,0.000000,1.000000,0.000000,0.000000,1.000000,0.000000
47,52,-0.625000,2.625000,7,0.000000,0.000000,1.000000,0.000000,0.000000,1.000000,0.000000
48,52,-0.575000,2.625000,5,0.000000,0.000000,1.000000,0.000000,0.000000,1.000000,0.000000
49,52,-0.525000,2.625000,8,0.000000,0.000000,1.000000,0.000000,0.000000,1.000000,0.000000
50,52,-0.475000,2.625000,6,0.000000,0.000000,1.000000,0.000000,0.000000,1.000000,0.000000
51,52,-0.425000,2.625000,5,0.000000,0.000000,1.000000,0.000000,0.000000,1.000000,0.000000
53,52,-0.325000,2.625000,14,0.000000,0.000000,1.000000,0.000000,0.000000,1.000000,0.000000
54,52,-0.275000,2.625000,4,0.000000,0.000000,1.000000,0.000000,0.000000,1.000000,0.000000
55,52,-0.225000,2.625000,2,0.000000,0.000000,1.000000,0.000000,0.000000,1.000000,0.000000
56,52,-0.175000,2.625000,13,0.000000,0.000000,1.000000,0.000000,0.000000,1.000000,0.000000
60,52,0.025000,2.625000,46,0.000000,0.000000,1.000000,0.000000,1.000000,0.000000,0.000000
62,52,0.125000,2.625000,8,0.000000,0.000000,1.000000,0.000000,1.000000,0.000000,0.000000
63,52,0.175000,2.625000,9,0.000000,0.000000,1.000000,0.000000,1.000000,0.000000,0.000000
64,52,0.225000,2.625000,4,0.000000,0.000000,1.000000,0.000000,1.000000,0.000000,0.000000
65,52,0.275000,2.625000,5,0.000000,0.000000,1.000000,0.000000,1.000000,0.000000,0.000000
66,52,0.325000,2.625000,4,0.000000,0.000000,1.000000,0.000000,1.000000,0.000000,0.000000
67,52,0.375000,2.625000,5,0.000000,0.000000,1.000000,0.000000,1.000000,0.000000,0.000000
68,52,0.425000,2.625000,8,0.000000,0.000000,1.000000,0.000000,1.000000,0.000000,0.000000
69,52,0.475000,2.625000,5,0.000000,0.000000,1.000000,0.000000,1.000000,0.000000,0.000000
70,52,0.525000,2.625000,4,0.000000,0.000000,1.000000,0.000000,1.000000,0.000000,0.000000
71,52,0.575000,2.625000,5,0.000000,0.000000,1.000000,0.000000,1.000000,0.000000,0.000000
72,52,0.625000,2.625000,5,0.000000,0.000000,1.000000,0.000000,1.000000,0.000000,0.000000
73,52,0.675000,2.625000,10,0.000000,0.000000,1.000000,0.000000,1.000000,0.000000,0.000000
75,52,0.775000,2.625000,2,0.000000,0.000000,1.000000,0.000000,1.000000,0.000000,0.000000
76,52,0.825000,2.625000,14,0.000000,0.000000,1.000000,0.000000,1.000000,0.000000,0.000000
77,52,0.875000,2.625000,4,0.000000,0.000000,1.000000,0.000000,1.000000,0.000000,0.000000
78,52,0.925000,2.625000,6,0.000000,0.000000,1.000000,0.000000,1.000000,0.000000,0.000000
80,52,1.025000,2.625000,1,0.000000,0.000000,1.000000,0.000000,1.000000,0.000000,0.000000
81,52,1.075000,2.625000,5,0.000000,0.000000,1.000000,0.000000,1.000000,0.000000,0.000000
82,52,1.125000,2.625000,11,0.000000,0.000000,1.000000,0.000000,1.000000,0.000000,0.000000
83,52,1.175000,2.625000,4,0.000000,0.000000,1.000000,0.000000,1.000000,0.000000,0.000000
84,52,1.225000,2.625000,16,0.000000,0.000000,1.000000,0.000000,1.000000,0.000000,0.000000
85,52,1.275000,2.625000,13,0.000000,0.000000,1.000000,0.000000,1.000000,0.000000,0.000000
86,52,1.325000,2.625000,9,0.000000,0.000000,1.000000,0.000000,1.000000,0.000000,0.000000
87,52,1.375000,2.625000,10,0.000000,0.000000,1.000000,0.000000,1.000000,0.000000,0.000000
88,52,1.425000,2.625000,15,0.000000,0.000000,1.000000,0.000000,1.000000,0.000000,0.000000
89,52,1.475000,2.625000,20,0.000000,0.000000,1.000000,0.000000,1.000000,0.000000,0.000000
90,52,1.525000,2.625000,40,0.000000,0.000000,1.000000,0.000000,1.000000,0.000000,0.000000
93,52,1.675000,2.625000,4,0.000000,0.000000,1.000000,0.000000,0.000000,0.000000,1.000000
94,52,1.725000,2.625000,21,0.000000,0.000000,1.000000,0.000000,0.000000,0.000000,1.000000
95,52,1.775000,2.625000,14,0.000000,0.000000,1.000000,0.000000,0.000000,0.000000,1.000000
96,52,1.825000,2.625000,14,0.000000,0.000000,1.000000,0.000000,0.000000,0.000000,1.000000
97,52,1.875000,2.625000,10,0.000000,0.000000,1.000000,0.000000,0.000000,0.000000,1.000000
98,52,1.925000,2.625000,16,0.000000,0.000000,1.000000,0.000000,0.000000,0.000000,1.000000
99,52,1.975000,2.625000,6,0.000000,0.000000,1.000000,0.000000,0.000000,0.000000,1.000000
100,52,2.025000,2.625000,2,0.000000,0.000000,1.000000,0.000000,0.000000,0.000000,1.000000
101,52,2.075000,2.625000,16,0.000000,0.000000,1.000000,0.000000,0.000000,0.000000,1.000000
102,52,2.125000,2.625000,5,0.000000,0.000000,1.000000,0.000000,0.000000,0.000000,1.000000
103,52,2.175000,2.625000,13,0.000000,0.000000,1.000000,0.000000,0.000000,0.000000,1.000000
104,52,2.225000,2.625000,23,0.000000,0.000000,1.000000,0.000000,0.000000,0.000000,1.000000
105,52,2.275000,2.625000,18,0.000000,0.000000,1.000000,0.000000,0.000000,0.000000,1.000000
106,52,2.325000,2.625000,10,0.000000,0.000000,1.000000,0.000000,0.000000,0.000000,1.000000
22,53,-1.875000,2.675000,1,0.000000,0.000000,1.000000,0.000000,0.000000,1.000000,0.000000
23,53,-1.825000,2.675000,35,0.000000,0.000000,1.000000,0.000000,0.000000,1.000000,0.000000
24,53,-1.775000,2.675000,15,0.000000,0.000000,1.000000,0.000000,0.000000,1.000000,0.000000
25,53,-1.725000,2.675000,15,0.000000,0.000000,1.000000,0.000000,0.000000,1.000000,0.000000
26,53,-1.675000,2.675000,9,0.000000,0.000000,1.000000,0.000000,0.000000,1.000000,0.000000
27,53,-1.625000,2.675000,6,0.000000,0.000000,1.000000,0.000000,0.000000,1.000000,0.000000
28,53,-1.575000,2.675000,11,0.000000,0.000000,1.000000,0.000000,0.000000,1.000000,0.000000
29,53,-1.525000,2.675000,10,0.000000,0.000000,1.000000,0.000000,0.000000,1.000000,0.000000
30,53,-1.475000,2.675000,12,0.000000,0.000000,1.000000,0.000000,0.000000,1.000000,0.000000
31,53,-1.425000,2.675000,5,0.000000,0.000000,1.000000,0.000000,0.000000,1.000000,0.000000
32,53,-1.375000,2.675000,4,0.000000,0.000000,1.000000,0.000000,0.000000,1.000000,0.000000
33,53,-1.325000,2.675000,5,0.000000,0.000000,1.000000,0.000000,0.000000,1.000000,0.000000
34,53,-1.275000,2.675000,7,0.000000,0.000000,1.000000,0.000000,0.000000,1.000000,0.000000
35,53,-1.225000,2.675000,4,0.000000,0.000000,1.000000,0.000000,0.000000,1.000000,0.000000
36,53,-1.175000,2.675000,14,0.000000,0.000000,1.000000,0.000000,0.000000,1.000000,0.000000
37,53,-1.125000,2.675000,7,0.000000,0.000000,1.000000,0.000000,0.000000,1.000000,0.000000
38,53,-1.075000,2.675000,3,0.000000,0.000000,1.000000,0.000000,0.000000,1.000000,0.000000
40,53,-0.975000,2.675000,6,0.000000,0.000000,1.000000,0.000000,0.000000,1.000000,0.000000
41,53,-0.925000,2.675000,5,0.000000,0.000000,1.000000,0.000000,0.000000,1.000000,0.000000
42,53,-0.875000,2.675000,6,0.000000,0.000000,1.000000,0.000000,0.000000,1.000000,0.000000
43,53,-0.825000,2.675000,4,0.000000,0.000000,1.000000,0.000000,0.000000,1.000000,0.000000
44,53,-0.775000,2.675000,6,0.000000,0.000000,1.000000,0.000000,0.000000,1.000000,0.000000
45,53,-0.725000,2.675000,3,0.000000,0.000000,1.000000,0.000000,0.000000,1.000000,0.000000
46,53,-0.675000,2.675000,5,0.000000,0.000000,1.000000,0.000000,0.000000,1.000000,0.000000
47,53,-0.625000,2.675000,6,0.000000,0.000000,1.000000,0.000000,0.000000,1.000000,0.000000
48,53,-0.575000,2.675000,2,0.000000,0.000000,1.000000,0.000000,0.000000,1.000000,0.000000
49,53,-0.525000,2.675000,3,0.000000,0.000000,1.000000,0.000000,0.000000,1.000000,0.000000
50,53,-0.475000,2.675000,14,0.000000,0.000000,1.000000,0.000000,0.000000,1.000000,0.000000
53,53,-0.325000,2.675000,12,0.000000,0.000000,1.000000,0.000000,0.000000,1.000000,0.000000
54,53,-0.275000,2.675000,9,0.000000,0.000000,1.000000,0.000000,0.000000,1.000000,0.000000
55,53,-0.225000,2.675000,8,0.000000,0.000000,1.000000,0.000000,0.000000,1.000000,0.000000
56,53,-0.175000,2.675000,5,0.000000,0.000000,1.000000,0.000000,0.000000,1.000000,0.000000
60,53,0.025000,2.675000,10,0.000000,0.000000,1.000000,0.000000,1.000000,0.000000,0.000000
61,53,0.075000,2.675000,29,0.000000,0.000000,1.000000,0.000000,1.000000,0.000000,0.000000
63,53,0.175000,2.675000,5,0.000000,0.000000,1.000000,0.000000,1.000000,0.000000,0.000000
64,53,0.225000,2.675000,7,0.000000,0.000000,1.000000,0.000000,1.000000,0.000000,0.000000
65,53,0.275000,2.675000,1,0.000000,0.000000,1.000000,0.000000,1.000000,0.000000,0.000000
66,53,0.325000,2.675000,2,0.000000,0.000000,1.000000,0.000000,1.000000,0.000000,0.000000
67,53,0.375000,2.675000,8,0.000000,0.000000,1.000000,0.000000,1.000000,0.000000,0.000000
68,53,0.425000,2.675000,12,0.000000,0.000000,1.000000,0.000000,1.000000,0.000000,0.000000
69,53,0.475000,2.675000,8,0.000000,0.000000,1.000000,0.000000,1.000000,0.000000,0.000000
70,53,0.525000,2.675000,4,0.000000,0.000000,1.000000,0.000000,1.000000,0.000000,0.000000
71,53,0.575000,2.675000,2,0.000000,0.000000,1.000000,0.000000,1.000000,0.000000,0.000000
72,53,0.625000,2.675000,1,0.000000,0.000000,1.000000,0.000000,1.000000,0.000000,0.000000
73,53,0.675000,2.675000,2,0.000000,0.000000,1.000000,0.000000,1.000000,0.000000,0.000000
74,53,0.725000,2.675000,7,0.000000,0.000000,1.000000,0.000000,1.000000,0.000000,0.000000
76,53,0.825000,2.675000,3,0.000000,0.000000,1.000000,0.000000,1.000000,0.000000,0.000000
77,53,0.875000,2.675000,11,0.000000,0.000000,1.000000,0.000000,1.000000,0.000000,0.000000
78,53,0.925000,2.675000,4,0.000000,0.000000,1.000000,0.000000,1.000000,0.000000,0.000000
79,53,0.975000,2.675000,4,0.000000,0.000000,1.000000,0.000000,1.000000,0.000000,0.000000
80,53,1.025000,2.675000,7,0.000000,0.000000,1.000000,0.000000,1.000000,0.000000,0.000000
81,53,1.075000,2.675000,14,0.000000,0.000000,1.000000,0.000000,1.000000,0.000000,0.000000
82,53,1.125000,2.675000,8,0.000000,0.000000,1.000000,0.000000,1.000000,0.000000,0.000000
83,53,1.175000,2.675000,10,0.000000,0.000000,1.000000,0.000000,1.000000,0.000000,0.000000
84,53,1.225000,2.675000,5,0.000000,0.000000,1.000000,0.000000,1.000000,0.000000,0.000000
85,53,1.275000,2.675000,2,0.000000,0.000000,1.000000,0.000000,1.000000,0.000000,0.000000
86,53,1.325000,2.675000,3,0.000000,0.000000,1.000000,0.000000,1.000000,0.000000,0.000000
87,53,1.375000,2.675000,5,0.000000,0.000000,1.000000,0.000000,1.000000,0.000000,0.000000
90,53,1.525000,2.675000,10,0.000000,0.000000,1.000000,0.000000,1.000000,0.000000,0.000000
94,53,1.725000,2.675000,6,0.000000,0.000000,1.000000,0.000000,0.000000,0.000000,1.000000
95,53,1.775000,2.675000,2,0.000000,0.000000,1.000000,0.000000,0.000000,0.000000,1.000000
96,53,1.825000,2.675000,29,0.000000,0.000000,1.000000,0.000000,0.000000,0.000000,1.000000
97,53,1.875000,2.675000,11,0.000000,0.000000,1.000000,0.000000,0.000000,0.000000,1.000000
98,53,1.925000,2.675000,19,0.000000,0.000000,1.000000,0.000000,0.000000,0.000000,1.000000
99,53,1.975000,2.675000,16,0.000000,0.000000,1.000000,0.000000,0.000000,0.000000,1.000000
100,53,2.025000,2.675000,9,0.000000,0.000000,1.000000,0.000000,0.000000,0.000000,1.000000
101,53,2.075000,2.675000,14,0.000000,0.000000,1.000000,0.000000,0.000000,0.000000,1.000000
102,53,2.125000,2.675000,5,0.000000,0.000000,1.000000,0.000000,0.000000,0.000000,1.000000
103,53,2.175000,2.675000,9,0.000000,0.000000,1.000000,0.000000,0.000000,0.000000,1.000000
104,53,2.225000,2.675000,21,0.000000,0.000000,1.000000,0.000000,0.000000,0.000000,1.000000
105,53,2.275000,2.675000,22,0.000000,0.000000,1.000000,0.000000,0.000000,0.000000,1.000000
106,53,2.325000,2.675000,39,0.000000,0.000000,1.000000,0.000000,0.000000,0.000000,1.000000
107,53,2.375000,2.675000,6,0.000000,0.000000,1.000000,0.000000,0.000000,0.000000,1.000000
22,54,-1.875000,2.725000,12,0.000000,0.000000,1.000000,0.000000,0.000000,1.000000,0.000000
23,54,-1.825000,2.725000,10,0.000000,0.000000,1.000000,0.000000,0.000000,1.000000,0.000000
26,54,-1.675000,2.725000,4,0.000000,0.000000,1.000000,0.000000,0.000000,1.000000,0.000000
27,54,-1.625000,2.725000,14,0.000000,0.000000,1.000000,0.000000,0.000000,1.000000,0.000000
28,54,-1.575000,2.725000,6,0.000000,0.000000,1.000000,0.000000,0.000000,1.000000,0.000000
29,54,-1.525000,2.725000,5,0.000000,0.000000,1.000000,0.000000,0.000000,1.000000,0.000000
30,54,-1.475000,2.725000,9,0.000000,0.000000,1.000000,0.000000,0.000000,1.000000,0.000000
31,54,-1.425000,2.725000,5,0.000000,0.000000,1.000000,0.000000,0.000000,1.000000,0.000000
33,54,-1.325000,2.725000,4,0.000000,0.000000,1.000000,0.000000,0.000000,1.000000,0.000000
34,54,-1.275000,2.725000,1,0.000000,0.000000,1.000000,0.000000,0.000000,1.000000,0.000000
35,54,-1.225000,2.725000,7,0.000000,0.000000,1.000000,0.000000,0.000000,1.000000,0.000000
36,54,-1.175000,2.725000,8,0.000000,0.000000,1.000000,0.000000,0.000000,1.000000,0.000000
37,54,-1.125000,2.725000,2,0.000000,0.000000,1.000000,0.000000,0.000000,1.000000,0.000000
38,54,-1.075000,2.725000,3,0.000000,0.000000,1.000000,0.000000,0.000000,1.000000,0.000000
39,54,-1.025000,2.725000,1,0.000000,0.000000,1.000000,0.000000,0.000000,1.000000,0.000000
40,54,-0.975000,2.725000,7,0.000000,0.000000,1.000000,0.000000,0.000000,1.000000,0.000000
41,54,-0.925000,2.725000,3,0.000000,0.000000,1.000000,0.000000,0.000000,1.000000,0.000000
42,54,-0.875000,2.725000,4,0.000000,0.000000,1.000000,0.000000,0.000000,1.000000,0.000000
43,54,-0.825000,2.725000,6,0.000000,0.000000,1.000000,0.000000,0.000000,1.000000,0.000000
44,54,-0.775000,2.725000,5,0.000000,0.000000,1.000000,0.000000,0.000000,1.000000,0.000000
45,54,-0.725000,2.725000,8,0.000000,0.000000,1.000000,0.000000,0.000000,1.000000,0.000000
46,54,-0.675000,2.725000,3,0.000000,0.000000,1.000000,0.000000,0.000000,1.000000,0.000000
47,54,-0.625000,2.725000,9,0.000000,0.000000,1.000000,0.000000,0.000000,1.000000,0.000000
48,54,-0.575000,2.725000,5,0.000000,0.000000,1.000000,0.000000,0.000000,1.000000,0.000000
49,54,-0.525000,2.725000,9,0.000000,0.000000,1.000000,0.000000,0.000000,1.000000,0.000000
50,54,-0.475000,2.725000,9,0.000000,0.000000,1.000000,0.000000,0.000000,1.000000,0.000000
52,54,-0.375000,2.725000,5,0.000000,0.000000,1.000000,0.000000,0.000000,1.000000,0.000000
53,54,-0.325000,2.725000,16,0.000000,0.000000,1.000000,0.000000,0.000000,1.000000,0.000000
54,54,-0.275000,2.725000,15,0.000000,0.000000,1.000000,0.000000,0.000000,1.000000,0.000000
55,54,-0.225000,2.725000,8,0.000000,0.000000,1.000000,0.000000,0.000000,1.000000,0.000000
61,54,0.075000,2.725000,52,0.000000,0.000000,1.000000,0.000000,1.000000,0.000000,0.000000
63,54,0.175000,2.725000,3,0.000000,0.000000,1.000000,0.000000,1.000000,0.000000,0.000000
64,54,0.225000,2.725000,9,0.000000,0.000000,1.000000,0.000000,1.000000,0.000000,0.000000
65,54,0.275000,2.725000,2,0.000000,0.000000,1.000000,0.000000,1.000000,0.000000,0.000000
66,54,0.325000,2.725000,6,0.000000,0.000000,1.000000,0.000000,1.000000,0.000000,0.000000
67,54,0.375000,2.725000,7,0.000000,0.000000,1.000000,0.000000,1.000000,0.000000,0.000000
68,54,0.425000,2.725000,14,0.000000,0.000000,1.000000,0.000000,1.000000,0.000000,0.000000
69,54,0.475000,2.725000,5,0.000000,0.000000,1.000000,0.000000,1.000000,0.000000,0.000000
70,54,0.525000,2.725000,5,0.000000,0.000000,1.000000,0.000000,1.000000,0.000000,0.000000
71,54,0.575000,2.725000,6,0.000000,0.000000,1.000000,0.000000,1.000000,0.000000,0.000000
72,54,0.625000,2.725000,7,0.000000,0.000000,1.000000,0.000000,1.000000,0.000000,0.000000
73,54,0.675000,2.725000,6,0.000000,0.000000,1.000000,0.000000,1.000000,0.000000,0.000000
74,54,0.725000,2.725000,6,0.000000,0.000000,1.000000,0.000000,1.000000,0.000000,0.000000
76,54,0.825000,2.725000,4,0.000000,0.000000,1.000000,0.000000,1.000000,0.000000,0.000000
77,54,0.875000,2.725000,5,0.000000,0.000000,1.000000,0.000000,1.000000,0.000000,0.000000
78,54,0.925000,2.725000,16,0.000000,0.000000,1.000000,0.000000,1.000000,0.000000,0.000000
79,54,0.975000,2.725000,3,0.000000,0.000000,1.000000,0.000000,1.000000,0.000000,0.000000
80,54,1.025000,2.725000,7,0.000000,0.000000,1.000000,0.000000,1.000000,0.000000,0.000000
81,54,1.075000,2.725000,2,0.000000,0.000000,1.000000,0.000000,1.000000,0.000000,0.000000
82,54,1.125000,2.725000,1,0.000000,0.000000,1.000000,0.000000,1.000000,0.000000,0.000000
83,54,1.175000,2.725000,3,0.000000,0.000000,1.000000,0.000000,1.000000,0.000000,0.000000
84,54,1.225000,2.725000,3,0.000000,0.000000,1.000000,0.000000,1.000000,0.000000,0.000000
85,54,1.275000,2.725000,9,0.000000,0.000000,1.000000,0.000000,1.000000,0.000000,0.000000
86,54,1.325000,2.725000,4,0.000000,0.000000,1.000000,0.000000,1.000000,0.000000,0.000000
87,54,1.375000,2.725000,7,0.000000,0.000000,1.000000,0.000000,1.000000,0.000000,0.000000
88,54,1.425000,2.725000,12,0.000000,0.000000,1.000000,0.000000,1.000000,0.000000,0.000000
89,54,1.475000,2.725000,5,0.000000,0.000000,1.000000,0.000000,1.000000,0.000000,0.000000
96,54,1.825000,2.725000,38,0.000000,0.000000,1.000000,0.000000,0.000000,0.000000,1.000000
97,54,1.875000,2.725000,2,0.000000,0.000000,1.000000,0.000000,0.000000,0.000000,1.000000
98,54,1.925000,2.725000,23,0.000000,0.000000,1.000000,0.000000,0.000000,0.000000,1.000000
99,54,1.975000,2.725000,20,0.000000,0.000000,1.000000,0.000000,0.000000,0.000000,1.000000
100,54,2.025000,2.725000,14,0.000000,0.000000,1.000000,0.000000,0.000000,0.000000,1.000000
101,54,2.075000,2.725000,10,0.000000,0.000000,1.000000,0.000000,0.000000,0.000000,1.000000
102,54,2.125000,2.725000,10,0.000000,0.000000,1.000000,0.000000,0.000000,0.000000,1.000000
103,54,2.175000,2.725000,7,0.000000,0.000000,1.000000,0.000000,0.000000,0.000000,1.000000
104,54,2.225000,2.725000,12,0.000000,0.000000,1.000000,0.000000,0.000000,0.000000,1.000000
105,54,2.275000,2.725000,23,0.000000,0.000000,1.000000,0.000000,0.000000,0.000000,1.000000
106,54,2.325000,2.725000,15,0.000000,0.000000,1.000000,0.000000,0.000000,0.000000,1.000000
107,54,2.375000,2.725000,6,0.000000,0.000000,1.000000,0.000000,0.000000,0.000000,1.000000
24,55,-1.775000,2.775000,7,0.000000,0.000000,1.000000,0.000000,0.000000,1.000000,0.000000
25,55,-1.725000,2.775000,10,0.000000,0.000000,1.000000,0.000000,0.000000,1.000000,0.000000
26,55,-1.675000,2.775000,14,0.000000,0.000000,1.000000,0.000000,0.000000,1.000000,0.000000
27,55,-1.625000,2.775000,9,0.000000,0.000000,1.000000,0.000000,0.000000,1.000000,0.000000
28,55,-1.575000,2.775000,4,0.000000,0.000000,1.000000,0.000000,0.000000,1.000000,0.000000
29,55,-1.525000,2.775000,4,0.000000,0.000000,1.000000,0.000000,0.000000,1.000000,0.000000
30,55,-1.475000,2.775000,5,0.000000,0.000000,1.000000,0.000000,0.000000,1.000000,0.000000
31,55,-1.425000,2.775000,3,0.000000,0.000000,1.000000,0.000000,0.000000,1.000000,0.000000
32,55,-1.375000,2.775000,3,0.000000,0.000000,1.000000,0.000000,0.000000,1.000000,0.000000
33,55,-1.325000,2.775000,1,0.000000,0.000000,1.000000,0.000000,0.000000,1.000000,0.000000
34,55,-1.275000,2.775000,9,0.000000,0.000000,1.000000,0.000000,0.000000,1.000000,0.000000
35,55,-1.225000,2.775000,6,0.000000,0.000000,1.000000,0.000000,0.000000,1.000000,0.000000
36,55,-1.175000,2.775000,2,0.000000,0.000000,1.000000,0.000000,0.000000,1.000000,0.000000
37,55,-1.125000,2.775000,2,0.000000,0.000000,1.000000,0.000000,0.000000,1.000000,0.000000
38,55,-1.075000,2.775000,6,0.000000,0.000000,1.000000,0.000000,0.000000,1.000000,0.000000
39,55,-1.025000,2.775000,4,0.000000,0.000000,1.000000,0.000000,0.000000,1.000000,0.000000
40,55,-0.975000,2.775000,6,0.000000,0.000000,1.000000,0.000000,0.000000,1.000000,0.000000
41,55,-0.925000,2.775000,6,0.000000,0.000000,1.000000,0.000000,0.000000,1.000000,0.000000
42,55,-0.875000,2.775000,3,0.000000,0.000000,1.000000,0.000000,0.000000,1.000000,0.000000
43,55,-0.825000,2.775000,1,0.000000,0.000000,1.000000,0.000000,0.000000,1.000000,0.000000
44,55,-0.775000,2.775000,4,0.000000,0.000000,1.000000,0.000000,0.000000,1.000000,0.000000
45,55,-0.725000,2.775000,4,0.000000,0.000000,1.000000,0.000000,0.000000,1.000000,0.000000
46,55,-0.675000,2.775000,3,0.000000,0.000000,1.000000,0.000000,0.000000,1.000000,0.000000
47,55,-0.625000,2.775000,9,0.000000,0.000000,1.000000,0.000000,0.000000,1.000000,0.000000
48,55,-0.575000,2.775000,7,0.000000,0.000000,1.000000,0.000000,0.000000,1.000000,0.000000
49,55,-0.525000,2.775000,7,0.000000,0.000000,1.000000,0.000000,0.000000,1.000000,0.000000
50,55,-0.475000,2.775000,4,0.000000,0.000000,1.000000,0.000000,0.000000,1.000000,0.000000
52,55,-0.375000,2.775000,8,0.000000,0.000000,1.000000,0.000000,0.000000,1.000000,0.000000
53,55,-0.325000,2.775000,17,0.000000,0.000000,1.000000,0.000000,0.000000,1.000000,0.000000
54,55,-0.275000,2.775000,16,0.000000,0.000000,1.000000,0.000000,0.000000,1.000000,0.000000
61,55,0.075000,2.775000,60,0.000000,0.000000,1.000000,0.000000,1.000000,0.000000,0.000000
64,55,0.225000,2.775000,4,0.000000,0.000000,1.000000,0.000000,1.000000,0.000000,0.000000
65,55,0.275000,2.775000,6,0.000000,0.000000,1.000000,0.000000,1.000000,0.000000,0.000000
66,55,0.325000,2.775000,4,0.000000,0.000000,1.000000,0.000000,1.000000,0.000000,0.000000
67,55,0.375000,2.775000,3,0.000000,0.000000,1.000000,0.000000,1.000000,0.000000,0.000000
68,55,0.425000,2.775000,10,0.000000,0.000000,1.000000,0.000000,1.000000,0.000000,0.000000
69,55,0.475000,2.775000,2,0.000000,0.000000,1.000000,0.000000,1.000000,0.000000,0.000000
70,55,0.525000,2.775000,10,0.000000,0.000000,1.000000,0.000000,1.000000,0.000000,0.000000
71,55,0.575000,2.775000,1,0.000000,0.000000,1.000000,0.000000,1.000000,0.000000,0.000000
72,55,0.625000,2.775000,3,0.000000,0.000000,1.000000,0.000000,1.000000,0.000000,0.000000
73,55,0.675000,2.775000,8,0.000000,0.000000,1.000000,0.000000,1.000000,0.000000,0.000000
74,55,0.725000,2.775000,5,0.000000,0.000000,1.000000,0.000000,1.000000,0.000000,0.000000
75,55,0.775000,2.775000,4,0.000000,0.000000,1.000000,0.000000,1.000000,0.000000,0.000000
76,55,0.825000,2.775000,1,0.000000,0.000000,1.000000,0.000000,1.000000,0.000000,0.000000
77,55,0.875000,2.775000,1,0.000000,0.000000,1.000000,0.000000,1.000000,0.000000,0.000000
78,55,0.925000,2.775000,5,0.000000,0.000000,1.000000,0.000000,1.000000,0.000000,0.000000
79,55,0.975000,2.775000,19,0.000000,0.000000,1.000000,0.000000,1.000000,0.000000,0.000000
80,55,1.025000,2.775000,4,0.000000,0.000000,1.000000,0.000000,1.000000,0.000000,0.000000
81,55,1.075000,2.775000,1,0.000000,0.000000,1.000000,0.000000,1.000000,0.000000,0.000000
82,55,1.125000,2.775000,3,0.000000,0.000000,1.000000,0.000000,1.000000,0.000000,0.000000
83,55,1.175000,2.775000,4,0.000000,0.000000,1.000000,0.000000,1.000000,0.000000,0.000000
84,55,1.225000,2.775000,8,0.000000,0.000000,1.000000,0.000000,1.000000,0.000000,0.000000
85,55,1.275000,2.775000,7,0.000000,0.000000,1.000000,0.000000,1.000000,0.000000,0.000000
86,55,1.325000,2.775000,5,0.000000,0.000000,1.000000,0.000000,1.000000,0.000000,0.000000
87,55,1.375000,2.775000,8,0.000000,0.000000,1.000000,0.000000,1.000000,0.000000,0.000000
88,55,1.425000,2.775000,4,0.000000,0.000000,1.000000,0.000000,1.000000,0.000000,0.000000
89,55,1.475000,2.775000,9,0.000000,0.000000,1.000000,0.000000,1.000000,0.000000,0.000000
90,55,1.525000,2.775000,8,0.000000,0.000000,1.000000,0.000000,1.000000,0.000000,0.000000
91,55,1.575000,2.775000,2,0.000000,0.000000,1.000000,0.000000,1.000000,0.000000,0.000000
96,55,1.825000,2.775000,3,0.000000,0.000000,1.000000,0.000000,0.000000,0.000000,1.000000
97,55,1.875000,2.775000,9,0.000000,0.000000,1.000000,0.000000,0.000000,0.000000,1.000000
98,55,1.925000,2.775000,29,0.000000,0.000000,1.000000,0.000000,0.000000,0.000000,1.000000
99,55,1.975000,2.775000,7,0.000000,0.000000,1.000000,0.000000,0.000000,0.000000,1.000000
100,55,2.025000,2.775000,22,0.000000,0.000000,1.000000,0.000000,0.000000,0.000000,1.000000
101,55,2.075000,2.775000,14,0.000000,0.000000,1.000000,0.000000,0.000000,0.000000,1.000000
102,55,2.125000,2.775000,19,0.000000,0.000000,1.000000,0.000000,0.000000,0.000000,1.000000
103,55,2.175000,2.775000,14,0.000000,0.000000,1.000000,0.000000,0.000000,0.000000,1.000000
104,55,2.225000,2.775000,13,0.000000,0.000000,1.000000,0.000000,0.000000,0.000000,1.000000
105,55,2.275000,2.775000,15,0.000000,0.000000,1.000000,0.000000,0.000000,0.000000,1.000000
106,55,2.325000,2.775000,29,0.000000,0.000000,1.000000,0.000000,0.000000,0.000000,1.000000
107,55,2.375000,2.775000,13,0.000000,0.000000,1.000000,0.000000,0.000000,0.000000,1.000000
22,56,-1.875000,2.825000,1,0.000000,0.000000,1.000000,0.000000,0.000000,1.000000,0.000000
23,56,-1.825000,2.825000,12,0.000000,0.000000,1.000000,0.000000,0.000000,1.000000,0.000000
24,56,-1.775000,2.825000,10,0.000000,0.000000,1.000000,0.000000,0.000000,1.000000,0.000000
25,56,-1.725000,2.825000,3,0.000000,0.000000,1.000000,0.000000,0.000000,1.000000,0.000000
26,56,-1.675000,2.825000,3,0.000000,0.000000,1.000000,0.000000,0.000000,1.000000,0.000000
27,56,-1.625000,2.825000,3,0.000000,0.000000,1.000000,0.000000,0.000000,1.000000,0.000000
28,56,-1.575000,2.825000,1,0.000000,0.000000,1.000000,0.000000,0.000000,1.000000,0.000000
29,56,-1.525000,2.825000,7,0.000000,0.000000,1.000000,0.000000,0.000000,1.000000,0.000000
30,56,-1.475000,2.825000,12,0.000000,0.000000,1.000000,0.000000,0.000000,1.000000,0.000000
31,56,-1.425000,2.825000,4,0.000000,0.000000,1.000000,0.000000,0.000000,1.000000,0.000000
32,56,-1.375000,2.825000,5,0.000000,0.000000,1.000000,0.000000,0.000000,1.000000,0.000000
33,56,-1.325000,2.825000,9,0.000000,0.000000,1.000000,0.000000,0.000000,1.000000,0.000000
34,56,-1.275000,2.825000,3,0.000000,0.000000,1.000000,0.000000,0.000000,1.000000,0.000000
35,56,-1.225000,2.825000,1,0.000000,0.000000,1.000000,0.000000,0.000000,1.000000,0.000000
36,56,-1.175000,2.825000,5,0.000000,0.000000,1.000000,0.000000,0.000000,1.000000,0.000000
37,56,-1.125000,2.825000,3,0.000000,0.000000,1.000000,0.000000,0.000000,1.000000,0.000000
38,56,-1.075000,2.825000,6,0.000000,0.000000,1.000000,0.000000,0.000000,1.000000,0.000000
39,56,-1.025000,2.825000,8,0.000000,0.000000,1.000000,0.000000,0.000000,1.000000,0.000000
40,56,-0.975000,2.825000,11,0.000000,0.000000,1.000000,0.000000,0.000000,1.000000,0.000000
41,56,-0.925000,2.825000,4,0.000000,0.000000,1.000000,0.000000,0.000000,1.000000,0.000000
42,56,-0.875000,2.825000,2,0.000000,0.000000,1.000000,0.000000,0.000000,1.000000,0.000000
43,56,-0.825000,2.825000,5,0.000000,0.000000,1.000000,0.000000,0.000000,1.000000,0.000000
44,56,-0.775000,2.825000,11,0.000000,0.000000,1.000000,0.000000,0.000000,1.000000,0.000000
45,56,-0.725000,2.825000,6,0.000000,0.000000,1.000000,0.000000,0.000000,1.000000,0.000000
46,56,-0.675000,2.825000,8,0.000000,0.000000,1.000000,0.000000,0.000000,1.000000,0.000000
47,56,-0.625000,2.825000,14,0.000000,0.000000,1.000000,0.000000,0.000000,1.000000,0.000000
48,56,-0.575000,2.825000,10,0.000000,0.000000,1.000000,0.000000,0.000000,1.000000,0.000000
49,56,-0.525000,2.825000,8,0.000000,0.000000,1.000000,0.000000,0.000000,1.000000,0.000000
52,56,-0.375000,2.825000,10,0.000000,0.000000,1.000000,0.000000,0.000000,1.000000,0.000000
53,56,-0.325000,2.825000,18,0.000000,0.000000,1.000000,0.000000,0.000000,1.000000,0.000000
54,56,-0.275000,2.825000,4,0.000000,0.000000,1.000000,0.000000,0.000000,1.000000,0.000000
61,56,0.075000,2.825000,43,0.000000,0.000000,1.000000,0.000000,1.000000,0.000000,0.000000
64,56,0.225000,2.825000,1,0.000000,0.000000,1.000000,0.000000,1.000000,0.000000,0.000000
65,56,0.275000,2.825000,5,0.000000,0.000000,1.000000,0.000000,1.000000,0.000000,0.000000
66,56,0.325000,2.825000,3,0.000000,0.000000,1.000000,0.000000,1.000000,0.000000,0.000000
67,56,0.375000,2.825000,8,0.000000,0.000000,1.000000,0.000000,1.000000,0.000000,0.000000
68,56,0.425000,2.825000,11,0.000000,0.000000,1.000000,0.000000,1.000000,0.000000,0.000000
69,56,0.475000,2.825000,5,0.000000,0.000000,1.000000,0.000000,1.000000,0.000000,0.000000
70,56,0.525000,2.825000,4,0.000000,0.000000,1.000000,0.000000,1.000000,0.000000,0.000000
71,56,0.575000,2.825000,8,0.000000,0.000000,1.000000,0.000000,1.000000,0.000000,0.000000
72,56,0.625000,2.825000,5,0.000000,0.000000,1.000000,0.000000,1.000000,0.000000,0.000000
73,56,0.675000,2.825000,7,0.000000,0.000000,1.000000,0.000000,1.000000,0.000000,0.000000
74,56,0.725000,2.825000,8,0.000000,0.000000,1.000000,0.000000,1.000000,0.000000,0.000000
75,56,0.775000,2.825000,5,0.000000,0.000000,1.000000,0.000000,1.000000,0.000000,0.000000
76,56,0.825000,2.825000,7,0.000000,0.000000,1.000000,0.000000,1.000000,0.000000,0.000000
77,56,0.875000,2.825000,3,0.000000,0.000000,1.000000,0.000000,1.000000,0.000000,0.000000
78,56,0.925000,2.825000,6,0.000000,0.000000,1.000000,0.000000,1.000000,0.000000,0.000000
79,56,0.975000,2.825000,3,0.000000,0.000000,1.000000,0.000000,1.000000,0.000000,0.000000
80,56,1.025000,2.825000,6,0.000000,0.000000,1.000000,0.000000,1.000000,0.000000,0.000000
81,56,1.075000,2.825000,7,0.000000,0.000000,1.000000,0.000000,1.000000,0.000000,0.000000
82,56,1.125000,2.825000,4,0.000000,0.000000,1.000000,0.000000,1.000000,0.000000,0.000000
83,56,1.175000,2.825000,4,0.000000,0.000000,1.000000,0.000000,1.000000,0.000000,0.000000
84,56,1.225000,2.825000,6,0.000000,0.000000,1.000000,0.000000,1.000000,0.000000,0.000000
85,56,1.275000,2.825000,5,0.000000,0.000000,1.000000,0.000000,1.000000,0.000000,0.000000
86,56,1.325000,2.825000,4,0.000000,0.000000,1.000000,0.000000,1.000000,0.000000,0.000000
87,56,1.375000,2.825000,3,0.000000,0.000000,1.000000,0.000000,1.000000,0.000000,0.000000
88,56,1.425000,2.825000,5,0.000000,0.000000,1.000000,0.000000,1.000000,0.000000,0.000000
89,56,1.475000,2.825000,7,0.000000,0.000000,1.000000,0.000000,1.000000,0.000000,0.000000
90,56,1.525000,2.825000,6,0.000000,0.000000,1.000000,0.000000,1.000000,0.000000,0.000000
91,56,1.575000,2.825000,20,0.000000,0.000000,1.000000,0.000000,1.000000,0.000000,0.000000
92,56,1.625000,2.825000,7,0.000000,0.000000,1.000000,0.000000,1.000000,0.000000,0.000000
98,56,1.925000,2.825000,26,0.000000,0.000000,1.000000,0.000000,0.000000,0.000000,1.000000
99,56,1.975000,2.825000,13,0.000000,0.000000,1.000000,0.000000,0.000000,0.000000,1.000000
100,56,2.025000,2.825000,23,0.000000,0.000000,1.000000,0.000000,0.000000,0.000000,1.000000
101,56,2.075000,2.825000,16,0.000000,0.000000,1.000000,0.000000,0.000000,0.000000,1.000000
102,56,2.125000,2.825000,14,0.000000,0.000000,1.000000,0.000000,0.000000,0.000000,1.000000
103,56,2.175000,2.825000,11,0.000000,0.000000,1.000000,0.000000,0.000000,0.000000,1.000000
104,56,2.225000,2.825000,8,0.000000,0.000000,1.000000,0.000000,0.000000,0.000000,1.000000
105,56,2.275000,2.825000,13,0.000000,0.000000,1.000000,0.000000,0.000000,0.000000,1.000000
106,56,2.325000,2.825000,17,0.000000,0.000000,1.000000,0.000000,0.000000,0.000000,1.000000
107,56,2.375000,2.825000,39,0.000000,0.000000,1.000000,0.000000,0.000000,0.000000,1.000000
22,57,-1.875000,2.875000,13,0.000000,0.000000,1.000000,0.000000,0.000000,1.000000,0.000000
23,57,-1.825000,2.875000,20,0.000000,0.000000,1.000000,0.000000,0.000000,1.000000,0.000000
24,57,-1.775000,2.875000,10,0.000000,0.000000,1.000000,0.000000,0.000000,1.000000,0.000000
25,57,-1.725000,2.875000,8,0.000000,0.000000,1.000000,0.000000,0.000000,1.000000,0.000000
26,57,-1.675000,2.875000,11,0.000000,0.000000,1.000000,0.000000,0.000000,1.000000,0.000000
27,57,-1.625000,2.875000,16,0.000000,0.000000,1.000000,0.000000,0.000000,1.000000,0.000000
28,57,-1.575000,2.875000,7,0.000000,0.000000,1.000000,0.000000,0.000000,1.000000,0.000000
29,57,-1.525000,2.875000,6,0.000000,0.000000,1.000000,0.000000,0.000000,1.000000,0.000000
30,57,-1.475000,2.875000,3,0.000000,0.000000,1.000000,0.000000,0.000000,1.000000,0.000000
31,57,-1.425000,2.875000,5,0.000000,0.000000,1.000000,0.000000,0.000000,1.000000,0.000000
32,57,-1.375000,2.875000,4,0.000000,0.000000,1.000000,0.000000,0.000000,1.000000,0.000000
33,57,-1.325000,2.875000,25,0.000000,0.000000,1.000000,0.000000,0.000000,1.000000,0.000000
35,57,-1.225000,2.875000,5,0.000000,0.000000,1.000000,0.000000,0.000000,1.000000,0.000000
36,57,-1.175000,2.875000,5,0.000000,0.000000,1.000000,0.000000,0.000000,1.000000,0.000000
37,57,-1.125000,2.875000,1,0.000000,0.000000,1.000000,0.000000,0.000000,1.000000,0.000000
38,57,-1.075000,2.875000,8,0.000000,0.000000,1.000000,0.000000,0.000000,1.000000,0.000000
39,57,-1.025000,2.875000,2,0.000000,0.000000,1.000000,0.000000,0.000000,1.000000,0.000000
40,57,-0.975000,2.875000,5,0.000000,0.000000,1.000000,0.000000,0.000000,1.000000,0.000000
41,57,-0.925000,2.875000,16,0.000000,0.000000,1.000000,0.000000,0.000000,1.000000,0.000000
42,57,-0.875000,2.875000,11,0.000000,0.000000,1.000000,0.000000,0.000000,1.000000,0.000000
43,57,-0.825000,2.875000,7,0.000000,0.000000,1.000000,0.000000,0.000000,1.000000,0.000000
44,57,-0.775000,2.875000,18,0.000000,0.000000,1.000000,0.000000,0.000000,1.000000,0.000000
46,57,-0.675000,2.875000,7,0.000000,0.000000,1.000000,0.000000,0.000000,1.000000,0.000000
47,57,-0.625000,2.875000,12,0.000000,0.000000,1.000000,0.000000,0.000000,1.000000,0.000000
48,57,-0.575000,2.875000,6,0.000000,0.000000,1.000000,0.000000,0.000000,1.000000,0.000000
49,57,-0.525000,2.875000,4,0.000000,0.000000,1.000000,0.000000,0.000000,1.000000,0.000000
51,57,-0.425000,2.875000,6,0.000000,0.000000,1.000000,0.000000,0.000000,1.000000,0.000000
52,57,-0.375000,2.875000,33,0.000000,0.000000,1.000000,0.000000,0.000000,1.000000,0.000000
53,57,-0.325000,2.875000,7,0.000000,0.000000,1.000000,0.000000,0.000000,1.000000,0.000000
61,57,0.075000,2.875000,72,0.000000,0.000000,1.000000,0.000000,1.000000,0.000000,0.000000
65,57,0.275000,2.875000,2,0.000000,0.000000,1.000000,0.000000,1.000000,0.000000,0.000000
66,57,0.325000,2.875000,8,0.000000,0.000000,1.000000,0.000000,1.000000,0.000000,0.000000
67,57,0.375000,2.875000,13,0.000000,0.000000,1.000000,0.000000,1.000000,0.000000,0.000000
68,57,0.425000,2.875000,8,0.000000,0.000000,1.000000,0.000000,1.000000,0.000000,0.000000
69,57,0.475000,2.875000,5,0.000000,0.000000,1.000000,0.000000,1.000000,0.000000,0.000000
70,57,0.525000,2.875000,8,0.000000,0.000000,1.000000,0.000000,1.000000,0.000000,0.000000
71,57,0.575000,2.875000,8,0.000000,0.000000,1.000000,0.000000,1.000000,0.000000,0.000000
72,57,0.625000,2.875000,6,0.000000,0.000000,1.000000,0.000000,1.000000,0.000000,0.000000
73,57,0.675000,2.875000,5,0.000000,0.000000,1.000000,0.000000,1.000000,0.000000,0.000000
74,57,0.725000,2.875000,9,0.000000,0.000000,1.000000,0.000000,1.000000,0.000000,0.000000
75,57,0.775000,2.875000,7,0.000000,0.000000,1.000000,0.000000,1.000000,0.000000,0.000000
76,57,0.825000,2.875000,4,0.000000,0.000000,1.000000,0.000000,1.000000,0.000000,0.000000
77,57,0.875000,2.875000,2,0.000000,0.000000,1.000000,0.000000,1.000000,0.000000,0.000000
78,57,0.925000,2.875000,3,0.000000,0.000000,1.000000,0.000000,1.000000,0.000000,0.000000
79,57,0.975000,2.875000,9,0.000000,0.000000,1.000000,0.000000,1.000000,0.000000,0.000000
81,57,1.075000,2.875000,7,0.000000,0.000000,1.000000,0.000000,1.000000,0.000000,0.000000
82,57,1.125000,2.875000,5,0.000000,0.000000,1.000000,0.000000,1.000000,0.000000,0.000000
83,57,1.175000,2.875000,4,0.000000,0.000000,1.000000,0.000000,1.000000,0.000000,0.000000
84,57,1.225000,2.875000,7,0.000000,0.000000,1.000000,0.000000,1.000000,0.000000,0.000000
85,57,1.275000,2.875000,11,0.000000,0.000000,1.000000,0.000000,1.000000,0.000000,0.000000
86,57,1.325000,2.875000,10,0.000000,0.000000,1.000000,0.000000,1.000000,0.000000,0.000000
87,57,1.375000,2.875000,9,0.000000,0.000000,1.000000,0.000000,1.000000,0.000000,0.000000
88,57,1.425000,2.875000,7,0.000000,0.000000,1.000000,0.000000,1.000000,0.000000,0.000000
89,57,1.475000,2.875000,16,0.000000,0.000000,1.000000,0.000000,1.000000,0.000000,0.000000
90,57,1.525000,2.875000,15,0.000000,0.000000,1.000000,0.000000,1.000000,0.000000,0.000000
91,57,1.575000,2.875000,22,0.000000,0.000000,1.000000,0.000000,1.000000,0.000000,0.000000
92,57,1.625000,2.875000,30,0.000000,0.000000,1.000000,0.000000,1.000000,0.000000,0.000000
93,57,1.675000,2.875000,18,0.000000,0.000000,1.000000,0.000000,1.000000,0.000000,0.000000
98,57,1.925000,2.875000,1,0.000000,0.000000,1.000000,0.000000,0.000000,0.000000,1.000000
99,57,1.975000,2.875000,5,0.000000,0.000000,1.000000,0.000000,0.000000,0.000000,1.000000
100,57,2.025000,2.875000,32,0.000000,0.000000,1.000000,0.000000,0.000000,0.000000,1.000000
101,57,2.075000,2.875000,17,0.000000,0.000000,1.000000,0.000000,0.000000,0.000000,1.000000
102,57,2.125000,2.875000,24,0.000000,0.000000,1.000000,0.000000,0.000000,0.000000,1.000000
103,57,2.175000,2.875000,10,0.000000,0.000000,1.000000,0.000000,0.000000,0.000000,1.000000
104,57,2.225000,2.875000,21,0.000000,0.000000,1.000000,0.000000,0.000000,0.000000,1.000000
105,57,2.275000,2.875000,21,0.000000,0.000000,1.000000,0.000000,0.000000,0.000000,1.000000
106,57,2.325000,2.875000,25,0.000000,0.000000,1.000000,0.000000,0.000000,0.000000,1.000000
107,57,2.375000,2.875000,15,0.000000,0.000000,1.000000,0.000000,0.000000,0.000000,1.000000
21,58,-1.925000,2.925000,47,0.000000,0.000000,1.000000,0.000000,0.000000,1.000000,0.000000
22,58,-1.875000,2.925000,16,0.000000,0.000000,1.000000,0.000000,0.000000,1.000000,0.000000
23,58,-1.825000,2.925000,12,0.000000,0.000000,1.000000,0.000000,0.000000,1.000000,0.000000
24,58,-1.775000,2.925000,7,0.000000,0.000000,1.000000,0.000000,0.000000,1.000000,0.000000
25,58,-1.725000,2.925000,12,0.000000,0.000000,1.000000,0.000000,0.000000,1.000000,0.000000
26,58,-1.675000,2.925000,13,0.000000,0.000000,1.000000,0.000000,0.000000,1.000000,0.000000
27,58,-1.625000,2.925000,11,0.000000,0.000000,1.000000,0.000000,0.000000,1.000000,0.000000
28,58,-1.575000,2.925000,10,0.000000,0.000000,1.000000,0.000000,0.000000,1.000000,0.000000
29,58,-1.525000,2.925000,11,0.000000,0.000000,1.000000,0.000000,0.000000,1.000000,0.000000
30,58,-1.475000,2.925000,11,0.000000,0.000000,1.000000,0.000000,0.000000,1.000000,0.000000
31,58,-1.425000,2.925000,3,0.000000,0.000000,1.000000,0.000000,0.000000,1.000000,0.000000
32,58,-1.375000,2.925000,10,0.000000,0.000000,1.000000,0.000000,0.000000,1.000000,0.000000
33,58,-1.325000,2.925000,7,0.000000,0.000000,1.000000,0.000000,0.000000,1.000000,0.000000
34,58,-1.275000,2.925000,1,0.000000,0.000000,1.000000,0.000000,0.000000,1.000000,0.000000
35,58,-1.225000,2.925000,5,0.000000,0.000000,1.000000,0.000000,0.000000,1.000000,0.000000
36,58,-1.175000,2.925000,8,0.000000,0.000000,1.000000,0.000000,0.000000,1.000000,0.000000
37,58,-1.125000,2.925000,4,0.000000,0.000000,1.000000,0.000000,0.000000,1.000000,0.000000
38,58,-1.075000,2.925000,5,0.000000,0.000000,1.000000,0.000000,0.000000,1.000000,0.000000
39,58,-1.025000,2.925000,6,0.000000,0.000000,1.000000,0.000000,0.000000,1.000000,0.000000
40,58,-0.975000,2.925000,7,0.000000,0.000000,1.000000,0.000000,0.000000,1.000000,0.000000
41,58,-0.925000,2.925000,10,0.000000,0.000000,1.000000,0.000000,0.000000,1.000000,0.000000
42,58,-0.875000,2.925000,6,0.000000,0.000000,1.000000,0.000000,0.000000,1.000000,0.000000
43,58,-0.825000,2.925000,9,0.000000,0.000000,1.000000,0.000000,0.000000,1.000000,0.000000
44,58,-0.775000,2.925000,2,0.000000,0.000000,1.000000,0.000000,0.000000,1.000000,0.000000
46,58,-0.675000,2.925000,13,0.000000,0.000000,1.000000,0.000000,0.000000,1.000000,0.000000
47,58,-0.625000,2.925000,12,0.000000,0.000000,1.000000,0.000000,0.000000,1.000000,0.000000
48,58,-0.575000,2.925000,8,0.000000,0.000000,1.000000,0.000000,0.000000,1.000000,0.000000
51,58,-0.425000,2.925000,26,0.000000,0.000000,1.000000,0.000000,0.000000,1.000000,0.000000
52,58,-0.375000,2.925000,3,0.000000,0.000000,1.000000,0.000000,0.000000,1.000000,0.000000
61,58,0.075000,2.925000,86,0.000000,0.000000,1.000000,0.000000,1.000000,0.000000,0.000000
66,58,0.325000,2.925000,4,0.000000,0.000000,1.000000,0.000000,1.000000,0.000000,0.000000
67,58,0.375000,2.925000,13,0.000000,0.000000,1.000000,0.000000,1.000000,0.000000,0.000000
68,58,0.425000,2.925000,5,0.000000,0.000000,1.000000,0.000000,1.000000,0.000000,0.000000
69,58,0.475000,2.925000,9,0.000000,0.000000,1.000000,0.000000,1.000000,0.000000,0.000000
70,58,0.525000,2.925000,2,0.000000,0.000000,1.000000,0.000000,1.000000,0.000000,0.000000
71,58,0.575000,2.925000,4,0.000000,0.000000,1.000000,0.000000,1.000000,0.000000,0.000000
72,58,0.625000,2.925000,5,0.000000,0.000000,1.000000,0.000000,1.000000,0.000000,0.000000
73,58,0.675000,2.925000,7,0.000000,0.000000,1.000000,0.000000,1.000000,0.000000,0.000000
74,58,0.725000,2.925000,12,0.000000,0.000000,1.000000,0.000000,1.000000,0.000000,0.000000
75,58,0.775000,2.925000,4,0.000000,0.000000,1.000000,0.000000,1.000000,0.000000,0.000000
76,58,0.825000,2.925000,6,0.000000,0.000000,1.000000,0.000000,1.000000,0.000000,0.000000
77,58,0.875000,2.925000,3,0.000000,0.000000,1.000000,0.000000,1.000000,0.000000,0.000000
78,58,0.925000,2.925000,2,0.000000,0.000000,1.000000,0.000000,1.000000,0.000000,0.000000
79,58,0.975000,2.925000,1,0.000000,0.000000,1.000000,0.000000,1.000000,0.000000,0.000000
80,58,1.025000,2.925000,1,0.000000,0.000000,1.000000,0.000000,1.000000,0.000000,0.000000
81,58,1.075000,2.925000,7,0.000000,0.000000,1.000000,0.000000,1.000000,0.000000,0.000000
82,58,1.125000,2.925000,8,0.000000,0.000000,1.000000,0.000000,1.000000,0.000000,0.000000
83,58,1.175000,2.925000,6,0.000000,0.000000,1.000000,0.000000,1.000000,0.000000,0.000000
84,58,1.225000,2.925000,6,0.000000,0.000000,1.000000,0.000000,1.000000,0.000000,0.000000
85,58,1.275000,2.925000,9,0.000000,0.000000,1.000000,0.000000,1.000000,0.000000,0.000000
86,58,1.325000,2.925000,5,0.000000,0.000000,1.000000,0.000000,1.000000,0.000000,0.000000
87,58,1.375000,2.925000,10,0.000000,0.000000,1.000000,0.000000,1.000000,0.000000,0.000000
88,58,1.425000,2.925000,10,0.000000,0.000000,1.000000,0.000000,1.000000,0.000000,0.000000
89,58,1.475000,2.925000,6,0.000000,0.000000,1.000000,0.000000,1.000000,0.000000,0.000000
90,58,1.525000,2.925000,2,0.000000,0.000000,1.000000,0.000000,1.000000,0.000000,0.000000
91,58,1.575000,2.925000,1,0.000000,0.000000,1.000000,0.000000,1.000000,0.000000,0.000000
93,58,1.675000,2.925000,17,0.000000,0.000000,1.000000,0.000000,1.000000,0.000000,0.000000
94,58,1.725000,2.925000,4,0.000000,0.000000,1.000000,0.000000,1.000000,0.000000,0.000000
100,58,2.025000,2.925000,30,0.000000,0.000000,1.000000,0.000000,0.000000,0.000000,1.000000
101,58,2.075000,2.925000,20,0.000000,0.000000,1.000000,0.000000,0.000000,0.000000,1.000000
102,58,2.125000,2.925000,36,0.000000,0.000000,1.000000,0.000000,0.000000,0.000000,1.000000
103,58,2.175000,2.925000,17,0.000000,0.000000,1.000000,0.000000,0.000000,0.000000,1.000000
104,58,2.225000,2.925000,14,0.000000,0.000000,1.000000,0.000000,0.000000,0.000000,1.000000
105,58,2.275000,2.925000,15,0.000000,0.000000,1.000000,0.000000,0.000000,0.000000,1.000000
106,58,2.325000,2.925000,19,0.000000,0.000000,1.000000,0.000000,0.000000,0.000000,1.000000
107,58,2.375000,2.925000,18,0.000000,0.000000,1.000000,0.000000,0.000000,0.000000,1.000000
108,58,2.425000,2.925000,20,0.000000,0.000000,1.000000,0.000000,0.000000,0.000000,1.000000
20,59,-1.975000,2.975000,9,0.000000,0.000000,1.000000,0.000000,0.000000,1.000000,0.000000
21,59,-1.925000,2.975000,10,0.000000,0.000000,1.000000,0.000000,0.000000,1.000000,0.000000
23,59,-1.825000,2.975000,3,0.000000,0.000000,1.000000,0.000000,0.000000,1.000000,0.000000
24,59,-1.775000,2.975000,9,0.000000,0.000000,1.000000,0.000000,0.000000,1.000000,0.000000
25,59,-1.725000,2.975000,3,0.000000,0.000000,1.000000,0.000000,0.000000,1.000000,0.000000
26,59,-1.675000,2.975000,3,0.000000,0.000000,1.000000,0.000000,0.000000,1.000000,0.000000
27,59,-1.625000,2.975000,3,0.000000,0.000000,1.000000,0.000000,0.000000,1.000000,0.000000
28,59,-1.575000,2.975000,9,0.000000,0.000000,1.000000,0.000000,0.000000,1.000000,0.000000
31,59,-1.425000,2.975000,19,0.000000,0.000000,1.000000,0.000000,0.000000,1.000000,0.000000
32,59,-1.375000,2.975000,4,0.000000,0.000000,1.000000,0.000000,0.000000,1.000000,0.000000
33,59,-1.325000,2.975000,6,0.000000,0.000000,1.000000,0.000000,0.000000,1.000000,0.000000
34,59,-1.275000,2.975000,4,0.000000,0.000000,1.000000,0.000000,0.000000,1.000000,0.000000
35,59,-1.225000,2.975000,4,0.000000,0.000000,1.000000,0.000000,0.000000,1.000000,0.000000
36,59,-1.175000,2.975000,9,0.000000,0.000000,1.000000,0.000000,0.000000,1.000000,0.000000
37,59,-1.125000,2.975000,5,0.000000,0.000000,1.000000,0.000000,0.000000,1.000000,0.000000
38,59,-1.075000,2.975000,3,0.000000,0.000000,1.000000,0.000000,0.000000,1.000000,0.000000
39,59,-1.025000,2.975000,9,0.000000,0.000000,1.000000,0.000000,0.000000,1.000000,0.000000
40,59,-0.975000,2.975000,6,0.000000,0.000000,1.000000,0.000000,0.000000,1.000000,0.000000
41,59,-0.925000,2.975000,5,0.000000,0.000000,1.000000,0.000000,0.000000,1.000000,0.000000
42,59,-0.875000,2.975000,5,0.000000,0.000000,1.000000,0.000000,0.000000,1.000000,0.000000
43,59,-0.825000,2.975000,14,0.000000,0.000000,1.000000,0.000000,0.000000,1.000000,0.000000
44,59,-0.775000,2.975000,6,0.000000,0.000000,1.000000,0.000000,0.000000,1.000000,0.000000
46,59,-0.675000,2.975000,15,0.000000,0.000000,1.000000,0.000000,0.000000,1.000000,0.000000
47,59,-0.625000,2.975000,18,0.000000,0.000000,1.000000,0.000000,0.000000,1.000000,0.000000
61,59,0.075000,2.975000,28,0.000000,0.000000,1.000000,0.000000,1.000000,0.000000,0.000000
67,59,0.375000,2.975000,10,0.000000,0.000000,1.000000,0.000000,1.000000,0.000000,0.000000
68,59,0.425000,2.975000,6,0.000000,0.000000,1.000000,0.000000,1.000000,0.000000,0.000000
69,59,0.475000,2.975000,10,0.000000,0.000000,1.000000,0.000000,1.000000,0.000000,0.000000
71,59,0.575000,2.975000,9,0.000000,0.000000,1.000000,0.000000,1.000000,0.000000,0.000000
72,59,0.625000,2.975000,6,0.000000,0.000000,1.000000,0.000000,1.000000,0.000000,0.000000
73,59,0.675000,2.975000,7,0.000000,0.000000,1.000000,0.000000,1.000000,0.000000,0.000000
74,59,0.725000,2.975000,13,0.000000,0.000000,1.000000,0.000000,1.000000,0.000000,0.000000
75,59,0.775000,2.975000,5,0.000000,0.000000,1.000000,0.000000,1.000000,0.000000,0.000000
76,59,0.825000,2.975000,12,0.000000,0.000000,1.000000,0.000000,1.000000,0.000000,0.000000
77,59,0.875000,2.975000,1,0.000000,0.000000,1.000000,0.000000,1.000000,0.000000,0.000000
78,59,0.925000,2.975000,5,0.000000,0.000000,1.000000,0.000000,1.000000,0.000000,0.000000
79,59,0.975000,2.975000,9,0.000000,0.000000,1.000000,0.000000,1.000000,0.000000,0.000000
80,59,1.025000,2.975000,3,0.000000,0.000000,1.000000,0.000000,1.000000,0.000000,0.000000
81,59,1.075000,2.975000,4,0.000000,0.000000,1.000000,0.000000,1.000000,0.000000,0.000000
82,59,1.125000,2.975000,3,0.000000,0.000000,1.000000,0.000000,1.000000,0.000000,0.000000
83,59,1.175000,2.975000,11,0.000000,0.000000,1.000000,0.000000,1.000000,0.000000,0.000000
84,59,1.225000,2.975000,4,0.000000,0.000000,1.000000,0.000000,1.000000,0.000000,0.000000
86,59,1.325000,2.975000,1,0.000000,0.000000,1.000000,0.000000,1.000000,0.000000,0.000000
87,59,1.375000,2.975000,5,0.000000,0.000000,1.000000,0.000000,1.000000,0.000000,0.000000
88,59,1.425000,2.975000,6,0.000000,0.000000,1.000000,0.000000,1.000000,0.000000,0.000000
89,59,1.475000,2.975000,8,0.000000,0.000000,1.000000,0.000000,1.000000,0.000000,0.000000
90,59,1.525000,2.975000,14,0.000000,0.000000,1.000000,0.000000,1.000000,0.000000,0.000000
91,59,1.575000,2.975000,9,0.000000,0.000000,1.000000,0.000000,1.000000,0.000000,0.000000
92,59,1.625000,2.975000,8,0.000000,0.000000,1.000000,0.000000,1.000000,0.000000,0.000000
93,59,1.675000,2.975000,1,0.000000,0.000000,1.000000,0.000000,1.000000,0.000000,0.000000
101,59,2.075000,2.975000,18,0.000000,0.000000,1.000000,0.000000,0.000000,0.000000,1.000000
102,59,2.125000,2.975000,25,0.000000,0.000000,1.000000,0.000000,0.000000,0.000000,1.000000
103,59,2.175000,2.975000,24,0.000000,0.000000,1.000000,0.000000,0.000000,0.000000,1.000000
104,59,2.225000,2.975000,16,0.000000,0.000000,1.000000,0.000000,0.000000,0.000000,1.000000
105,59,2.275000,2.975000,16,0.000000,0.000000,1.000000,0.000000,0.000000,0.000000,1.000000
106,59,2.325000,2.975000,27,0.000000,0.000000,1.000000,0.000000,0.000000,0.000000,1.000000
107,59,2.375000,2.975000,25,0.000000,0.000000,1.000000,0.000000,0.000000,0.000000,1.000000
108,59,2.425000,2.975000,8,0.000000,0.000000,1.000000,0.000000,0.000000,0.000000,1.000000
21,60,-1.925000,3.025000,3,0.000000,0.000000,1.000000,0.000000,0.000000,1.000000,0.000000
22,60,-1.875000,3.025000,8,0.000000,0.000000,1.000000,0.000000,0.000000,1.000000,0.000000
23,60,-1.825000,3.025000,12,0.000000,0.000000,1.000000,0.000000,0.000000,1.000000,0.000000
24,60,-1.775000,3.025000,14,0.000000,0.000000,1.000000,0.000000,0.000000,1.000000,0.000000
25,60,-1.725000,3.025000,9,0.000000,0.000000,1.000000,0.000000,0.000000,1.000000,0.000000
26,60,-1.675000,3.025000,4,0.000000,0.000000,1.000000,0.000000,0.000000,1.000000,0.000000
27,60,-1.625000,3.025000,1,0.000000,0.000000,1.000000,0.000000,0.000000,1.000000,0.000000
28,60,-1.575000,3.025000,5,0.000000,0.000000,1.000000,0.000000,0.000000,1.000000,0.000000
29,60,-1.525000,3.025000,4,0.000000,0.000000,1.000000,0.000000,0.000000,1.000000,0.000000
30,60,-1.475000,3.025000,7,0.000000,0.000000,1.000000,0.000000,0.000000,1.000000,0.000000
31,60,-1.425000,3.025000,4,0.000000,0.000000,1.000000,0.000000,0.000000,1.000000,0.000000
32,60,-1.375000,3.025000,10,0.000000,0.000000,1.000000,0.000000,0.000000,1.000000,0.000000
33,60,-1.325000,3.025000,1,0.000000,0.000000,1.000000,0.000000,0.000000,1.000000,0.000000
34,60,-1.275000,3.025000,4,0.000000,0.000000,1.000000,0.000000,0.000000,1.000000,0.000000
35,60,-1.225000,3.025000,6,0.000000,0.000000,1.000000,0.000000,0.000000,1.000000,0.000000
36,60,-1.175000,3.025000,13,0.000000,0.000000,1.000000,0.000000,0.000000,1.000000,0.000000
37,60,-1.125000,3.025000,11,0.000000,0.000000,1.000000,0.000000,0.000000,1.000000,0.000000
38,60,-1.075000,3.025000,8,0.000000,0.000000,1.000000,0.000000,0.000000,1.000000,0.000000
39,60,-1.025000,3.025000,10,0.000000,0.000000,1.000000,0.000000,0.000000,1.000000,0.000000
40,60,-0.975000,3.025000,8,0.000000,0.000000,1.000000,0.000000,0.000000,1.000000,0.000000
41,60,-0.925000,3.025000,10,0.000000,0.000000,1.000000,0.000000,0.000000,1.000000,0.000000
42,60,-0.875000,3.025000,16,0.000000,0.000000,1.000000,0.000000,0.000000,1.000000,0.000000
43,60,-0.825000,3.025000,13,0.000000,0.000000,1.000000,0.000000,0.000000,1.000000,0.000000
45,60,-0.725000,3.025000,3,0.000000,0.000000,1.000000,0.000000,0.000000,1.000000,0.000000
46,60,-0.675000,3.025000,28,0.000000,0.000000,1.000000,0.000000,0.000000,1.000000,0.000000
47,60,-0.625000,3.025000,6,0.000000,0.000000,1.000000,0.000000,0.000000,1.000000,0.000000
59,60,-0.025000,3.025000,7,0.000000,0.000000,1.000000,0.000000,1.000000,0.000000,0.000000
60,60,0.025000,3.025000,1,0.000000,0.000000,1.000000,0.000000,1.000000,0.000000,0.000000
61,60,0.075000,3.025000,7,0.000000,0.000000,1.000000,0.000000,1.000000,0.000000,0.000000
67,60,0.375000,3.025000,2,0.000000,0.000000,1.000000,0.000000,1.000000,0.000000,0.000000
68,60,0.425000,3.025000,10,0.000000,0.000000,1.000000,0.000000,1.000000,0.000000,0.000000
69,60,0.475000,3.025000,12,0.000000,0.000000,1.000000,0.000000,1.000000,0.000000,0.000000
70,60,0.525000,3.025000,7,0.000000,0.000000,1.000000,0.000000,1.000000,0.000000,0.000000
72,60,0.625000,3.025000,8,0.000000,0.000000,1.000000,0.000000,1.000000,0.000000,0.000000
73,60,0.675000,3.025000,6,0.000000,0.000000,1.000000,0.000000,1.000000,0.000000,0.000000
74,60,0.725000,3.025000,5,0.000000,0.000000,1.000000,0.000000,1.000000,0.000000,0.000000
75,60,0.775000,3.025000,10,0.000000,0.000000,1.000000,0.000000,1.000000,0.000000,0.000000
76,60,0.825000,3.025000,5,0.000000,0.000000,1.000000,0.000000,1.000000,0.000000,0.000000
77,60,0.875000,3.025000,4,0.000000,0.000000,1.000000,0.000000,1.000000,0.000000,0.000000
78,60,0.925000,3.025000,5,0.000000,0.000000,1.000000,0.000000,1.000000,0.000000,0.000000
79,60,0.975000,3.025000,10,0.000000,0.000000,1.000000,0.000000,1.000000,0.000000,0.000000
80,60,1.025000,3.025000,5,0.000000,0.000000,1.000000,0.000000,1.000000,0.000000,0.000000
81,60,1.075000,3.025000,9,0.000000,0.000000,1.000000,0.000000,1.000000,0.000000,0.000000
82,60,1.125000,3.025000,1,0.000000,0.000000,1.000000,0.000000,1.000000,0.000000,0.000000
83,60,1.175000,3.025000,6,0.000000,0.000000,1.000000,0.000000,1.000000,0.000000,0.000000
84,60,1.225000,3.025000,5,0.000000,0.000000,1.000000,0.000000,1.000000,0.000000,0.000000
85,60,1.275000,3.025000,1,0.000000,0.000000,1.000000,0.000000,1.000000,0.000000,0.000000
86,60,1.325000,3.025000,3,0.000000,0.000000,1.000000,0.000000,1.000000,0.000000,0.000000
87,60,1.375000,3.025000,4,0.000000,0.000000,1.000000,0.000000,1.000000,0.000000,0.000000
88,60,1.425000,3.025000,4,0.000000,0.000000,1.000000,0.000000,1.000000,0.000000,0.000000
89,60,1.475000,3.025000,3,0.000000,0.000000,1.000000,0.000000,1.000000,0.000000,0.000000
90,60,1.525000,3.025000,6,0.000000,0.000000,1.000000,0.000000,1.000000,0.000000,0.000000
91,60,1.575000,3.025000,9,0.000000,0.000000,1.000000,0.000000,1.000000,0.000000,0.000000
92,60,1.625000,3.025000,5,0.000000,0.000000,1.000000,0.000000,1.000000,0.000000,0.000000
93,60,1.675000,3.025000,12,0.000000,0.000000,1.000000,0.000000,1.000000,0.000000,0.000000
94,60,1.725000,3.025000,2,0.000000,0.000000,1.000000,0.000000,1.000000,0.000000,0.000000
101,60,2.075000,3.025000,2,0.000000,0.000000,1.000000,0.000000,0.000000,0.000000,1.000000
102,60,2.125000,3.025000,22,0.000000,0.000000,1.000000,0.000000,0.000000,0.000000,1.000000
103,60,2.175000,3.025000,23,0.000000,0.000000,1.000000,0.000000,0.000000,0.000000,1.000000
104,60,2.225000,3.025000,15,0.000000,0.000000,1.000000,0.000000,0.000000,0.000000,1.000000
105,60,2.275000,3.025000,21,0.000000,0.000000,1.000000,0.000000,0.000000,0.000000,1.000000
106,60,2.325000,3.025000,19,0.000000,0.000000,1.000000,0.000000,0.000000,0.000000,1.000000
107,60,2.375000,3.025000,23,0.000000,0.000000,1.000000,0.000000,0.000000,0.000000,1.000000
108,60,2.425000,3.025000,30,0.000000,0.000000,1.000000,0.000000,0.000000,0.000000,1.000000
20,61,-1.975000,3.075000,4,0.000000,0.000000,1.000000,0.000000,0.000000,1.000000,0.000000
21,61,-1.925000,3.075000,7,0.000000,0.000000,1.000000,0.000000,0.000000,1.000000,0.000000
22,61,-1.875000,3.075000,10,0.000000,0.000000,1.000000,0.000000,0.000000,1.000000,0.000000
23,61,-1.825000,3.075000,6,0.000000,0.000000,1.000000,0.000000,0.000000,1.000000,0.000000
24,61,-1.775000,3.075000,9,0.000000,0.000000,1.000000,0.000000,0.000000,1.000000,0.000000
25,61,-1.725000,3.075000,3,0.000000,0.000000,1.000000,0.000000,0.000000,1.000000,0.000000
26,61,-1.675000,3.075000,9,0.000000,0.000000,1.000000,0.000000,0.000000,1.000000,0.000000
27,61,-1.625000,3.075000,11,0.000000,0.000000,1.000000,0.000000,0.000000,1.000000,0.000000
28,61,-1.575000,3.075000,7,0.000000,0.000000,1.000000,0.000000,0.000000,1.000000,0.000000
29,61,-1.525000,3.075000,5,0.000000,0.000000,1.000000,0.000000,0.000000,1.000000,0.000000
30,61,-1.475000,3.075000,9,0.000000,0.000000,1.000000,0.000000,0.000000,1.000000,0.000000
32,61,-1.375000,3.075000,5,0.000000,0.000000,1.000000,0.000000,0.000000,1.000000,0.000000
33,61,-1.325000,3.075000,7,0.000000,0.000000,1.000000,0.000000,0.000000,1.000000,0.000000
34,61,-1.275000,3.075000,8,0.000000,0.000000,1.000000,0.000000,0.000000,1.000000,0.000000
35,61,-1.225000,3.075000,3,0.000000,0.000000,1.000000,0.000000,0.000000,1.000000,0.000000
36,61,-1.175000,3.075000,8,0.000000,0.000000,1.000000,0.000000,0.000000,1.000000,0.000000
37,61,-1.125000,3.075000,7,0.000000,0.000000,1.000000,0.000000,0.000000,1.000000,0.000000
38,61,-1.075000,3.075000,9,0.000000,0.000000,1.000000,0.000000,0.000000,1.000000,0.000000
39,61,-1.025000,3.075000,10,0.000000,0.000000,1.000000,0.000000,0.000000,1.000000,0.000000
41,61,-0.925000,3.075000,21,0.000000,0.000000,1.000000,0.000000,0.000000,1.000000,0.000000
42,61,-0.875000,3.075000,13,0.000000,0.000000,1.000000,0.000000,0.000000,1.000000,0.000000
43,61,-0.825000,3.075000,7,0.000000,0.000000,1.000000,0.000000,0.000000,1.000000,0.000000
45,61,-0.725000,3.075000,29,0.000000,0.000000,1.000000,0.000000,0.000000,1.000000,0.000000
46,61,-0.675000,3.075000,8,0.000000,0.000000,1.000000,0.000000,0.000000,1.000000,0.000000
47,61,-0.625000,3.075000,6,0.000000,0.000000,1.000000,0.000000,1.000000,0.000000,0.000000
48,61,-0.575000,3.075000,2,0.000000,0.000000,1.000000,0.000000,1.000000,0.000000,0.000000
58,61,-0.075000,3.075000,18,0.000000,0.000000,1.000000,0.000000,1.000000,0.000000,0.000000
59,61,-0.025000,3.075000,7,0.000000,0.000000,1.000000,0.000000,1.000000,0.000000,0.000000
61,61,0.075000,3.075000,11,0.000000,0.000000,1.000000,0.000000,1.000000,0.000000,0.000000
68,61,0.425000,3.075000,3,0.000000,0.000000,1.000000,0.000000,1.000000,0.000000,0.000000
69,61,0.475000,3.075000,19,0.000000,0.000000,1.000000,0.000000,1.000000,0.000000,0.000000
70,61,0.525000,3.075000,9,0.000000,0.000000,1.000000,0.000000,1.000000,0.000000,0.000000
72,61,0.625000,3.075000,7,0.000000,0.000000,1.000000,0.000000,1.000000,0.000000,0.000000
73,61,0.675000,3.075000,13,0.000000,0.000000,1.000000,0.000000,1.000000,0.000000,0.000000
74,61,0.725000,3.075000,14,0.000000,0.000000,1.000000,0.000000,1.000000,0.000000,0.000000
75,61,0.775000,3.075000,7,0.000000,0.000000,1.000000,0.000000,1.000000,0.000000,0.000000
76,61,0.825000,3.075000,9,0.000000,0.000000,1.000000,0.000000,1.000000,0.000000,0.000000
77,61,0.875000,3.075000,9,0.000000,0.000000,1.000000,0.000000,1.000000,0.000000,0.000000
78,61,0.925000,3.075000,7,0.000000,0.000000,1.000000,0.000000,1.000000,0.000000,0.000000
79,61,0.975000,3.075000,9,0.000000,0.000000,1.000000,0.000000,1.000000,0.000000,0.000000
80,61,1.025000,3.075000,19,0.000000,0.000000,1.000000,0.000000,1.000000,0.000000,0.000000
81,61,1.075000,3.075000,2,0.000000,0.000000,1.000000,0.000000,1.000000,0.000000,0.000000
82,61,1.125000,3.075000,2,0.000000,0.000000,1.000000,0.000000,1.000000,0.000000,0.000000
83,61,1.175000,3.075000,7,0.000000,0.000000,1.000000,0.000000,1.000000,0.000000,0.000000
84,61,1.225000,3.075000,6,0.000000,0.000000,1.000000,0.000000,1.000000,0.000000,0.000000
85,61,1.275000,3.075000,10,0.000000,0.000000,1.000000,0.000000,1.000000,0.000000,0.000000
86,61,1.325000,3.075000,13,0.000000,0.000000,1.000000,0.000000,1.000000,0.000000,0.000000
87,61,1.375000,3.075000,6,0.000000,0.000000,1.000000,0.000000,1.000000,0.000000,0.000000
88,61,1.425000,3.075000,5,0.000000,0.000000,1.000000,0.000000,1.000000,0.000000,0.000000
89,61,1.475000,3.075000,8,0.000000,0.000000,1.000000,0.000000,1.000000,0.000000,0.000000
90,61,1.525000,3.075000,7,0.000000,0.000000,1.000000,0.000000,1.000000,0.000000,0.000000
91,61,1.575000,3.075000,11,0.000000,0.000000,1.000000,0.000000,1.000000,0.000000,0.000000
92,61,1.625000,3.075000,10,0.000000,0.000000,1.000000,0.000000,1.000000,0.000000,0.000000
93,61,1.675000,3.075000,10,0.000000,0.000000,1.000000,0.000000,1.000000,0.000000,0.000000
94,61,1.725000,3.075000,24,0.000000,0.000000,1.000000,0.000000,1.000000,0.000000,0.000000
95,61,1.775000,3.075000,10,0.000000,0.000000,1.000000,0.000000,1.000000,0.000000,0.000000
103,61,2.175000,3.075000,36,0.000000,0.000000,1.000000,0.000000,0.000000,0.000000,1.000000
104,61,2.225000,3.075000,35,0.000000,0.000000,1.000000,0.000000,0.000000,0.000000,1.000000
105,61,2.275000,3.075000,29,0.000000,0.000000,1.000000,0.000000,0.000000,0.000000,1.000000
106,61,2.325000,3.075000,12,0.000000,0.000000,1.000000,0.000000,0.000000,0.000000,1.000000
107,61,2.375000,3.075000,23,0.000000,0.000000,1.000000,0.000000,0.000000,0.000000,1.000000
108,61,2.425000,3.075000,23,0.000000,0.000000,1.000000,0.000000,0.000000,0.000000,1.000000
19,62,-2.025000,3.125000,14,0.000000,0.000000,1.000000,0.000000,0.000000,1.000000,0.000000
20,62,-1.975000,3.125000,26,0.000000,0.000000,1.000000,0.000000,0.000000,1.000000,0.000000
21,62,-1.925000,3.125000,16,0.000000,0.000000,1.000000,0.000000,0.000000,1.000000,0.000000
22,62,-1.875000,3.125000,19,0.000000,0.000000,1.000000,0.000000,0.000000,1.000000,0.000000
23,62,-1.825000,3.125000,11,0.000000,0.000000,1.000000,0.000000,0.000000,1.000000,0.000000
24,62,-1.775000,3.125000,17,0.000000,0.000000,1.000000,0.000000,0.000000,1.000000,0.000000
25,62,-1.725000,3.125000,10,0.000000,0.000000,1.000000,0.000000,0.000000,1.000000,0.000000
26,62,-1.675000,3.125000,11,0.000000,0.000000,1.000000,0.000000,0.000000,1.000000,0.000000
27,62,-1.625000,3.125000,13,0.000000,0.000000,1.000000,0.000000,0.000000,1.000000,0.000000
28,62,-1.575000,3.125000,6,0.000000,0.000000,1.000000,0.000000,0.000000,1.000000,0.000000
29,62,-1.525000,3.125000,20,0.000000,0.000000,1.000000,0.000000,0.000000,1.000000,0.000000
30,62,-1.475000,3.125000,2,0.000000,0.000000,1.000000,0.000000,0.000000,1.000000,0.000000
31,62,-1.425000,3.125000,6,0.000000,0.000000,1.000000,0.000000,0.000000,1.000000,0.000000
32,62,-1.375000,3.125000,11,0.000000,0.000000,1.000000,0.000000,0.000000,1.000000,0.000000
33,62,-1.325000,3.125000,9,0.000000,0.000000,1.000000,0.000000,0.000000,1.000000,0.000000
34,62,-1.275000,3.125000,8,0.000000,0.000000,1.000000,0.000000,0.000000,1.000000,0.000000
35,62,-1.225000,3.125000,6,0.000000,0.000000,1.000000,0.000000,0.000000,1.000000,0.000000
36,62,-1.175000,3.125000,12,0.000000,0.000000,1.000000,0.000000,0.000000,1.000000,0.000000
37,62,-1.125000,3.125000,7,0.000000,0.000000,1.000000,0.000000,0.000000,1.000000,0.000000
38,62,-1.075000,3.125000,5,0.000000,0.000000,1.000000,0.000000,0.000000,1.000000,0.000000
39,62,-1.025000,3.125000,7,0.000000,0.000000,1.000000,0.000000,0.000000,1.000000,0.000000
41,62,-0.925000,3.125000,23,0.000000,0.000000,1.000000,0.000000,0.000000,1.000000,0.000000
42,62,-0.875000,3.125000,6,0.000000,0.000000,1.000000,0.000000,0.000000,1.000000,0.000000
43,62,-0.825000,3.125000,4,0.000000,0.000000,1.000000,0.000000,1.000000,0.000000,0.000000
44,62,-0.775000,3.125000,1,0.000000,0.000000,1.000000,0.000000,1.000000,0.000000,0.000000
45,62,-0.725000,3.125000,12,0.000000,0.000000,1.000000,0.000000,1.000000,0.000000,0.000000
46,62,-0.675000,3.125000,3,0.000000,0.000000,1.000000,0.000000,1.000000,0.000000,0.000000
47,62,-0.625000,3.125000,3,0.000000,0.000000,1.000000,0.000000,1.000000,0.000000,0.000000
48,62,-0.575000,3.125000,8,0.000000,0.000000,1.000000,0.000000,1.000000,0.000000,0.000000
49,62,-0.525000,3.125000,3,0.000000,0.000000,1.000000,0.000000,1.000000,0.000000,0.000000
50,62,-0.475000,3.125000,3,0.000000,0.000000,1.000000,0.000000,1.000000,0.000000,0.000000
57,62,-0.125000,3.125000,18,0.000000,0.000000,1.000000,0.000000,1.000000,0.000000,0.000000
58,62,-0.075000,3.125000,4,0.000000,0.000000,1.000000,0.000000,1.000000,0.000000,0.000000
59,62,-0.025000,3.125000,2,0.000000,0.000000,1.000000,0.000000,1.000000,0.000000,0.000000
61,62,0.075000,3.125000,12,0.000000,0.000000,1.000000,0.000000,1.000000,0.000000,0.000000
69,62,0.475000,3.125000,5,0.000000,0.000000,1.000000,0.000000,1.000000,0.000000,0.000000
70,62,0.525000,3.125000,15,0.000000,0.000000,1.000000,0.000000,1.000000,0.000000,0.000000
71,62,0.575000,3.125000,9,0.000000,0.000000,1.000000,0.000000,1.000000,0.000000,0.000000
73,62,0.675000,3.125000,8,0.000000,0.000000,1.000000,0.000000,1.000000,0.000000,0.000000
74,62,0.725000,3.125000,7,0.000000,0.000000,1.000000,0.000000,1.000000,0.000000,0.000000
75,62,0.775000,3.125000,4,0.000000,0.000000,1.000000,0.000000,1.000000,0.000000,0.000000
77,62,0.875000,3.125000,12,0.000000,0.000000,1.000000,0.000000,1.000000,0.000000,0.000000
78,62,0.925000,3.125000,5,0.000000,0.000000,1.000000,0.000000,1.000000,0.000000,0.000000
79,62,0.975000,3.125000,12,0.000000,0.000000,1.000000,0.000000,1.000000,0.000000,0.000000
80,62,1.025000,3.125000,10,0.000000,0.000000,1.000000,0.000000,1.000000,0.000000,0.000000
81,62,1.075000,3.125000,8,0.000000,0.000000,1.000000,0.000000,1.000000,0.000000,0.000000
82,62,1.125000,3.125000,5,0.000000,0.000000,1.000000,0.000000,1.000000,0.000000,0.000000
83,62,1.175000,3.125000,7,0.000000,0.000000,1.000000,0.000000,1.000000,0.000000,0.000000
84,62,1.225000,3.125000,6,0.000000,0.000000,1.000000,0.000000,1.000000,0.000000,0.000000
85,62,1.275000,3.125000,5,0.000000,0.000000,1.000000,0.000000,1.000000,0.000000,0.000000
86,62,1.325000,3.125000,12,0.000000,0.000000,1.000000,0.000000,1.000000,0.000000,0.000000
87,62,1.375000,3.125000,8,0.000000,0.000000,1.000000,0.000000,1.000000,0.000000,0.000000
88,62,1.425000,3.125000,8,0.000000,0.000000,1.000000,0.000000,1.000000,0.000000,0.000000
89,62,1.475000,3.125000,11,0.000000,0.000000,1.000000,0.000000,1.000000,0.000000,0.000000
90,62,1.525000,3.125000,14,0.000000,0.000000,1.000000,0.000000,1.000000,0.000000,0.000000
91,62,1.575000,3.125000,20,0.000000,0.000000,1.000000,0.000000,1.000000,0.000000,0.000000
92,62,1.625000,3.125000,12,0.000000,0.000000,1.000000,0.000000,1.000000,0.000000,0.000000
93,62,1.675000,3.125000,10,0.000000,0.000000,1.000000,0.000000,1.000000,0.000000,0.000000
94,62,1.725000,3.125000,11,0.000000,0.000000,1.000000,0.000000,1.000000,0.000000,0.000000
95,62,1.775000,3.125000,33,0.000000,0.000000,1.000000,0.000000,1.000000,0.000000,0.000000
96,62,1.825000,3.125000,16,0.000000,0.000000,1.000000,0.000000,1.000000,0.000000,0.000000
103,62,2.175000,3.125000,1,0.000000,0.000000,1.000000,0.000000,0.000000,0.000000,1.000000
104,62,2.225000,3.125000,38,0.000000,0.000000,1.000000,0.000000,0.000000,0.000000,1.000000
105,62,2.275000,3.125000,29,0.000000,0.000000,1.000000,0.000000,0.000000,0.000000,1.000000
106,62,2.325000,3.125000,27,0.000000,0.000000,1.000000,0.000000,0.000000,0.000000,1.000000
107,62,2.375000,3.125000,29,0.000000,0.000000,1.000000,0.000000,0.000000,0.000000,1.000000
108,62,2.425000,3.125000,45,0.000000,0.000000,1.000000,0.000000,0.000000,0.000000,1.000000
19,63,-2.025000,3.175000,38,0.000000,0.000000,1.000000,0.000000,0.000000,1.000000,0.000000
20,63,-1.975000,3.175000,7,0.000000,0.000000,1.000000,0.000000,0.000000,1.000000,0.000000
21,63,-1.925000,3.175000,1,0.000000,0.000000,1.000000,0.000000,0.000000,1.000000,0.000000
22,63,-1.875000,3.175000,13,0.000000,0.000000,1.000000,0.000000,0.000000,1.000000,0.000000
23,63,-1.825000,3.175000,15,0.000000,0.000000,1.000000,0.000000,0.000000,1.000000,0.000000
24,63,-1.775000,3.175000,8,0.000000,0.000000,1.000000,0.000000,0.000000,1.000000,0.000000
25,63,-1.725000,3.175000,6,0.000000,0.000000,1.000000,0.000000,0.000000,1.000000,0.000000
26,63,-1.675000,3.175000,2,0.000000,0.000000,1.000000,0.000000,0.000000,1.000000,0.000000
28,63,-1.575000,3.175000,17,0.000000,0.000000,1.000000,0.000000,0.000000,1.000000,0.000000
29,63,-1.525000,3.175000,5,0.000000,0.000000,1.000000,0.000000,0.000000,1.000000,0.000000
30,63,-1.475000,3.175000,6,0.000000,0.000000,1.000000,0.000000,0.000000,1.000000,0.000000
31,63,-1.425000,3.175000,8,0.000000,0.000000,1.000000,0.000000,0.000000,1.000000,0.000000
32,63,-1.375000,3.175000,11,0.000000,0.000000,1.000000,0.000000,0.000000,1.000000,0.000000
33,63,-1.325000,3.175000,4,0.000000,0.000000,1.000000,0.000000,0.000000,1.000000,0.000000
34,63,-1.275000,3.175000,7,0.000000,0.000000,1.000000,0.000000,0.000000,1.000000,0.000000
35,63,-1.225000,3.175000,13,0.000000,0.000000,1.000000,0.000000,0.000000,1.000000,0.000000
36,63,-1.175000,3.175000,2,0.000000,0.000000,1.000000,0.000000,0.000000,1.000000,0.000000
37,63,-1.125000,3.175000,14,0.000000,0.000000,1.000000,0.000000,0.000000,1.000000,0.000000
38,63,-1.075000,3.175000,12,0.000000,0.000000,1.000000,0.000000,0.000000,1.000000,0.000000
39,63,-1.025000,3.175000,4,0.000000,0.000000,1.000000,0.000000,0.000000,1.000000,0.000000
40,63,-0.975000,3.175000,1,0.000000,0.000000,1.000000,0.000000,0.000000,1.000000,0.000000
41,63,-0.925000,3.175000,27,0.691290,0.345645,0.814815,0.000000,0.185185,0.814815,0.000000
42,63,-0.875000,3.175000,7,0.863121,0.431560,0.714286,0.000000,0.714286,0.285714,0.000000
43,63,-0.825000,3.175000,8,0.000000,0.000000,1.000000,0.000000,1.000000,0.000000,0.000000
44,63,-0.775000,3.175000,7,0.000000,0.000000,1.000000,0.000000,1.000000,0.000000,0.000000
45,63,-0.725000,3.175000,6,0.000000,0.000000,1.000000,0.000000,1.000000,0.000000,0.000000
46,63,-0.675000,3.175000,4,0.000000,0.000000,1.000000,0.000000,1.000000,0.000000,0.000000
47,63,-0.625000,3.175000,2,0.000000,0.000000,1.000000,0.000000,1.000000,0.000000,0.000000
48,63,-0.575000,3.175000,5,0.000000,0.000000,1.000000,0.000000,1.000000,0.000000,0.000000
49,63,-0.525000,3.175000,6,0.000000,0.000000,1.000000,0.000000,1.000000,0.000000,0.000000
50,63,-0.475000,3.175000,3,0.000000,0.000000,1.000000,0.000000,1.000000,0.000000,0.000000
56,63,-0.175000,3.175000,17,0.000000,0.000000,1.000000,0.000000,1.000000,0.000000,0.000000
57,63,-0.125000,3.175000,2,0.000000,0.000000,1.000000,0.000000,1.000000,0.000000,0.000000
58,63,-0.075000,3.175000,3,0.000000,0.000000,1.000000,0.000000,1.000000,0.000000,0.000000
61,63,0.075000,3.175000,23,0.000000,0.000000,1.000000,0.000000,1.000000,0.000000,0.000000
70,63,0.525000,3.175000,8,0.000000,0.000000,1.000000,0.000000,1.000000,0.000000,0.000000
71,63,0.575000,3.175000,35,0.000000,0.000000,1.000000,0.000000,1.000000,0.000000,0.000000
72,63,0.625000,3.175000,10,0.000000,0.000000,1.000000,0.000000,1.000000,0.000000,0.000000
73,63,0.675000,3.175000,1,0.000000,0.000000,1.000000,0.000000,1.000000,0.000000,0.000000
74,63,0.725000,3.175000,18,0.000000,0.000000,1.000000,0.000000,1.000000,0.000000,0.000000
75,63,0.775000,3.175000,9,0.000000,0.000000,1.000000,0.000000,1.000000,0.000000,0.000000
76,63,0.825000,3.175000,1,0.000000,0.000000,1.000000,0.000000,1.000000,0.000000,0.000000
77,63,0.875000,3.175000,7,0.000000,0.000000,1.000000,0.000000,1.000000,0.000000,0.000000
78,63,0.925000,3.175000,10,0.000000,0.000000,1.000000,0.000000,1.000000,0.000000,0.000000
79,63,0.975000,3.175000,9,0.000000,0.000000,1.000000,0.000000,1.000000,0.000000,0.000000
80,63,1.025000,3.175000,9,0.000000,0.000000,1.000000,0.000000,1.000000,0.000000,0.000000
81,63,1.075000,3.175000,4,0.000000,0.000000,1.000000,0.000000,1.000000,0.000000,0.000000
82,63,1.125000,3.175000,5,0.000000,0.000000,1.000000,0.000000,1.000000,0.000000,0.000000
83,63,1.175000,3.175000,5,0.000000,0.000000,1.000000,0.000000,1.000000,0.000000,0.000000
84,63,1.225000,3.175000,9,0.000000,0.000000,1.000000,0.000000,1.000000,0.000000,0.000000
85,63,1.275000,3.175000,1,0.000000,0.000000,1.000000,0.000000,1.000000,0.000000,0.000000
86,63,1.325000,3.175000,6,0.000000,0.000000,1.000000,0.000000,1.000000,0.000000,0.000000
87,63,1.375000,3.175000,20,0.000000,0.000000,1.000000,0.000000,1.000000,0.000000,0.000000
88,63,1.425000,3.175000,3,0.000000,0.000000,1.000000,0.000000,1.000000,0.000000,0.000000
89,63,1.475000,3.175000,2,0.000000,0.000000,1.000000,0.000000,1.000000,0.000000,0.000000
90,63,1.525000,3.175000,5,0.000000,0.000000,1.000000,0.000000,1.000000,0.000000,0.000000
91,63,1.575000,3.175000,6,0.000000,0.000000,1.000000,0.000000,1.000000,0.000000,0.000000
92,63,1.625000,3.175000,18,0.000000,0.000000,1.000000,0.000000,1.000000,0.000000,0.000000
93,63,1.675000,3.175000,7,0.000000,0.000000,1.000000,0.000000,1.000000,0.000000,0.000000
94,63,1.725000,3.175000,7,0.000000,0.000000,1.000000,0.000000,1.000000,0.000000,0.000000
96,63,1.825000,3.175000,9,0.000000,0.000000,1.000000,0.000000,1.000000,0.000000,0.000000
104,63,2.225000,3.175000,8,0.000000,0.000000,1.000000,0.000000,0.000000,0.000000,1.000000
105,63,2.275000,3.175000,41,0.000000,0.000000,1.000000,0.000000,0.000000,0.000000,1.000000
106,63,2.325000,3.175000,28,0.000000,0.000000,1.000000,0.000000,0.000000,0.000000,1.000000
107,63,2.375000,3.175000,28,0.000000,0.000000,1.000000,0.000000,0.000000,0.000000,1.000000
108,63,2.425000,3.175000,40,0.000000,0.000000,1.000000,0.000000,0.000000,0.000000,1.000000
109,63,2.475000,3.175000,4,0.000000,0.000000,1.000000,0.000000,0.000000,0.000000,1.000000
20,64,-1.975000,3.225000,6,0.000000,0.000000,1.000000,0.000000,0.000000,1.000000,0.000000
21,64,-1.925000,3.225000,10,0.000000,0.000000,1.000000,0.000000,0.000000,1.000000,0.000000
22,64,-1.875000,3.225000,10,0.000000,0.000000,1.000000,0.000000,0.000000,1.000000,0.000000
23,64,-1.825000,3.225000,10,0.000000,0.000000,1.000000,0.000000,0.000000,1.000000,0.000000
24,64,-1.775000,3.225000,8,0.000000,0.000000,1.000000,0.000000,0.000000,1.000000,0.000000
25,64,-1.725000,3.225000,6,0.000000,0.000000,1.000000,0.000000,0.000000,1.000000,0.000000
26,64,-1.675000,3.225000,8,0.000000,0.000000,1.000000,0.000000,0.000000,1.000000,0.000000
27,64,-1.625000,3.225000,10,0.000000,0.000000,1.000000,0.000000,0.000000,1.000000,0.000000
28,64,-1.575000,3.225000,2,0.000000,0.000000,1.000000,0.000000,0.000000,1.000000,0.000000
29,64,-1.525000,3.225000,8,0.000000,0.000000,1.000000,0.000000,0.000000,1.000000,0.000000
30,64,-1.475000,3.225000,8,0.000000,0.000000,1.000000,0.000000,0.000000,1.000000,0.000000
31,64,-1.425000,3.225000,9,0.000000,0.000000,1.000000,0.000000,0.000000,1.000000,0.000000
32,64,-1.375000,3.225000,9,0.000000,0.000000,1.000000,0.000000,0.000000,1.000000,0.000000
33,64,-1.325000,3.225000,11,0.000000,0.000000,1.000000,0.000000,0.000000,1.000000,0.000000
34,64,-1.275000,3.225000,3,0.000000,0.000000,1.000000,0.000000,0.000000,1.000000,0.000000
35,64,-1.225000,3.225000,7,0.000000,0.000000,1.000000,0.000000,0.000000,1.000000,0.000000
36,64,-1.175000,3.225000,1,0.000000,0.000000,1.000000,0.000000,0.000000,1.000000,0.000000
37,64,-1.125000,3.225000,12,0.000000,0.000000,1.000000,0.000000,0.000000,1.000000,0.000000
38,64,-1.075000,3.225000,17,0.000000,0.000000,1.000000,0.000000,0.000000,1.000000,0.000000
39,64,-1.025000,3.225000,2,0.000000,0.000000,1.000000,0.000000,1.000000,0.000000,0.000000
40,64,-0.975000,3.225000,43,0.782444,0.391222,0.767442,0.000000,0.232558,0.767442,0.000000
41,64,-0.925000,3.225000,17,0.936667,0.468334,0.647059,0.000000,0.352941,0.647059,0.000000
42,64,-0.875000,3.225000,6,0.000000,0.000000,1.000000,0.000000,1.000000,0.000000,0.000000
43,64,-0.825000,3.225000,4,0.000000,0.000000,1.000000,0.000000,1.000000,0.000000,0.000000
44,64,-0.775000,3.225000,5,0.000000,0.000000,1.000000,0.000000,1.000000,0.000000,0.000000
45,64,-0.725000,3.225000,2,0.000000,0.000000,1.000000,0.000000,1.000000,0.000000,0.000000
46,64,-0.675000,3.225000,4,0.000000,0.000000,1.000000,0.000000,1.000000,0.000000,0.000000
47,64,-0.625000,3.225000,1,0.000000,0.000000,1.000000,0.000000,1.000000,0.000000,0.000000
48,64,-0.575000,3.225000,4,0.000000,0.000000,1.000000,0.000000,1.000000,0.000000,0.000000
49,64,-0.525000,3.225000,1,0.000000,0.000000,1.000000,0.000000,1.000000,0.000000,0.000000
50,64,-0.475000,3.225000,2,0.000000,0.000000,1.000000,0.000000,1.000000,0.000000,0.000000
51,64,-0.425000,3.225000,1,0.000000,0.000000,1.000000,0.000000,1.000000,0.000000,0.000000
55,64,-0.225000,3.225000,12,0.000000,0.000000,1.000000,0.000000,1.000000,0.000000,0.000000
56,64,-0.175000,3.225000,2,0.000000,0.000000,1.000000,0.000000,1.000000,0.000000,0.000000
57,64,-0.125000,3.225000,3,0.000000,0.000000,1.000000,0.000000,1.000000,0.000000,0.000000
58,64,-0.075000,3.225000,3,0.000000,0.000000,1.000000,0.000000,1.000000,0.000000,0.000000
59,64,-0.025000,3.225000,3,0.000000,0.000000,1.000000,0.000000,1.000000,0.000000,0.000000
60,64,0.025000,3.225000,2,0.000000,0.000000,1.000000,0.000000,1.000000,0.000000,0.000000
61,64,0.075000,3.225000,32,0.000000,0.000000,1.000000,0.000000,1.000000,0.000000,0.000000
62,64,0.125000,3.225000,1,0.000000,0.000000,1.000000,0.000000,1.000000,0.000000,0.000000
74,64,0.725000,3.225000,4,0.000000,0.000000,1.000000,0.000000,1.000000,0.000000,0.000000
75,64,0.775000,3.225000,20,0.000000,0.000000,1.000000,0.000000,1.000000,0.000000,0.000000
76,64,0.825000,3.225000,11,0.000000,0.000000,1.000000,0.000000,1.000000,0.000000,0.000000
77,64,0.875000,3.225000,4,0.000000,0.000000,1.000000,0.000000,1.000000,0.000000,0.000000
78,64,0.925000,3.225000,11,0.000000,0.000000,1.000000,0.000000,1.000000,0.000000,0.000000
79,64,0.975000,3.225000,6,0.000000,0.000000,1.000000,0.000000,1.000000,0.000000,0.000000
80,64,1.025000,3.225000,7,0.000000,0.000000,1.000000,0.000000,1.000000,0.000000,0.000000
81,64,1.075000,3.225000,6,0.000000,0.000000,1.000000,0.000000,1.000000,0.000000,0.000000
82,64,1.125000,3.225000,2,0.000000,0.000000,1.000000,0.000000,1.000000,0.000000,0.000000
83,64,1.175000,3.225000,14,0.000000,0.000000,1.000000,0.000000,1.000000,0.000000,0.000000
84,64,1.225000,3.225000,11,0.000000,0.000000,1.000000,0.000000,1.000000,0.000000,0.000000
85,64,1.275000,3.225000,7,0.000000,0.000000,1.000000,0.000000,1.000000,0.000000,0.000000
86,64,1.325000,3.225000,6,0.000000,0.000000,1.000000,0.000000,1.000000,0.000000,0.000000
87,64,1.375000,3.225000,7,0.000000,0.000000,1.000000,0.000000,1.000000,0.000000,0.000000
88,64,1.425000,3.225000,10,0.000000,0.000000,1.000000,0.000000,1.000000,0.000000,0.000000
89,64,1.475000,3.225000,7,0.000000,0.000000,1.000000,0.000000,1.000000,0.000000,0.000000
90,64,1.525000,3.225000,4,0.000000,0.000000,1.000000,0.000000,1.000000,0.000000,0.000000
91,64,1.575000,3.225000,8,0.000000,0.000000,1.000000,0.000000,1.000000,0.000000,0.000000
92,64,1.625000,3.225000,12,0.000000,0.000000,1.000000,0.000000,1.000000,0.000000,0.000000
93,64,1.675000,3.225000,6,0.000000,0.000000,1.000000,0.000000,1.000000,0.000000,0.000000
94,64,1.725000,3.225000,7,0.000000,0.000000,1.000000,0.000000,1.000000,0.000000,0.000000
95,64,1.775000,3.225000,12,0.000000,0.000000,1.000000,0.000000,1.000000,0.000000,0.000000
96,64,1.825000,3.225000,3,0.000000,0.000000,1.000000,0.000000,1.000000,0.000000,0.000000
105,64,2.275000,3.225000,21,0.000000,0.000000,1.000000,0.000000,0.000000,0.000000,1.000000
106,64,2.325000,3.225000,40,0.000000,0.000000,1.000000,0.000000,0.000000,0.000000,1.000000
107,64,2.375000,3.225000,35,0.000000,0.000000,1.000000,0.000000,0.000000,0.000000,1.000000
108,64,2.425000,3.225000,42,0.000000,0.000000,1.000000,0.000000,0.000000,0.000000,1.000000
109,64,2.475000,3.225000,11,0.000000,0.000000,1.000000,0.000000,0.000000,0.000000,1.000000
19,65,-2.025000,3.275000,14,0.000000,0.000000,1.000000,0.000000,0.000000,1.000000,0.000000
20,65,-1.975000,3.275000,16,0.000000,0.000000,1.000000,0.000000,0.000000,1.000000,0.000000
21,65,-1.925000,3.275000,14,0.000000,0.000000,1.000000,0.000000,0.000000,1.000000,0.000000
22,65,-1.875000,3.275000,14,0.000000,0.000000,1.000000,0.000000,0.000000,1.000000,0.000000
23,65,-1.825000,3.275000,7,0.000000,0.000000,1.000000,0.000000,0.000000,1.000000,0.000000
24,65,-1.775000,3.275000,9,0.000000,0.000000,1.000000,0.000000,0.000000,1.000000,0.000000
25,65,-1.725000,3.275000,9,0.000000,0.000000,1.000000,0.000000,0.000000,1.000000,0.000000
26,65,-1.675000,3.275000,8,0.000000,0.000000,1.000000,0.000000,0.000000,1.000000,0.000000
27,65,-1.625000,3.275000,12,0.000000,0.000000,1.000000,0.000000,0.000000,1.000000,0.000000
29,65,-1.525000,3.275000,9,0.000000,0.000000,1.000000,0.000000,0.000000,1.000000,0.000000
30,65,-1.475000,3.275000,6,0.000000,0.000000,1.000000,0.000000,0.000000,1.000000,0.000000
31,65,-1.425000,3.275000,9,0.000000,0.000000,1.000000,0.000000,0.000000,1.000000,0.000000
32,65,-1.375000,3.275000,7,0.000000,0.000000,1.000000,0.000000,0.000000,1.000000,0.000000
33,65,-1.325000,3.275000,16,0.000000,0.000000,1.000000,0.000000,0.000000,1.000000,0.000000
34,65,-1.275000,3.275000,5,0.000000,0.000000,1.000000,0.000000,0.000000,1.000000,0.000000
35,65,-1.225000,3.275000,4,0.000000,0.000000,1.000000,0.000000,0.000000,1.000000,0.000000
36,65,-1.175000,3.275000,6,0.000000,0.000000,1.000000,0.000000,0.000000,1.000000,0.000000
37,65,-1.125000,3.275000,23,0.426229,0.213114,0.913043,0.000000,0.086957,0.913043,0.000000
38,65,-1.075000,3.275000,17,0.787127,0.393563,0.764706,0.000000,0.764706,0.235294,0.000000
39,65,-1.025000,3.275000,8,0.000000,0.000000,1.000000,0.000000,1.000000,0.000000,0.000000
40,65,-0.975000,3.275000,8,0.000000,0.000000,1.000000,0.000000,1.000000,0.000000,0.000000
41,65,-0.925000,3.275000,5,0.000000,0.000000,1.000000,0.000000,1.000000,0.000000,0.000000
42,65,-0.875000,3.275000,10,0.000000,0.000000,1.000000,0.000000,1.000000,0.000000,0.000000
43,65,-0.825000,3.275000,1,0.000000,0.000000,1.000000,0.000000,1.000000,0.000000,0.000000
44,65,-0.775000,3.275000,5,0.000000,0.000000,1.000000,0.000000,1.000000,0.000000,0.000000
45,65,-0.725000,3.275000,5,0.000000,0.000000,1.000000,0.000000,1.000000,0.000000,0.000000
46,65,-0.675000,3.275000,4,0.000000,0.000000,1.000000,0.000000,1.000000,0.000000,0.000000
47,65,-0.625000,3.275000,9,0.000000,0.000000,1.000000,0.000000,1.000000,0.000000,0.000000
48,65,-0.575000,3.275000,3,0.000000,0.000000,1.000000,0.000000,1.000000,0.000000,0.000000
49,65,-0.525000,3.275000,2,0.000000,0.000000,1.000000,0.000000,1.000000,0.000000,0.000000
50,65,-0.475000,3.275000,2,0.000000,0.000000,1.000000,0.000000,1.000000,0.000000,0.000000
51,65,-0.425000,3.275000,2,0.000000,0.000000,1.000000,0.000000,1.000000,0.000000,0.000000
52,65,-0.375000,3.275000,1,0.000000,0.000000,1.000000,0.000000,1.000000,0.000000,0.000000
53,65,-0.325000,3.275000,2,0.000000,0.000000,1.000000,0.000000,1.000000,0.000000,0.000000
54,65,-0.275000,3.275000,19,0.000000,0.000000,1.000000,0.000000,1.000000,0.000000,0.000000
55,65,-0.225000,3.275000,1,0.000000,0.000000,1.000000,0.000000,1.000000,0.000000,0.000000
56,65,-0.175000,3.275000,3,0.000000,0.000000,1.000000,0.000000,1.000000,0.000000,0.000000
57,65,-0.125000,3.275000,7,0.000000,0.000000,1.000000,0.000000,1.000000,0.000000,0.000000
58,65,-0.075000,3.275000,3,0.000000,0.000000,1.000000,0.000000,1.000000,0.000000,0.000000
59,65,-0.025000,3.275000,6,0.000000,0.000000,1.000000,0.000000,1.000000,0.000000,0.000000
60,65,0.025000,3.275000,1,0.000000,0.000000,1.000000,0.000000,1.000000,0.000000,0.000000
61,65,0.075000,3.275000,49,0.000000,0.000000,1.000000,0.000000,1.000000,0.000000,0.000000
62,65,0.125000,3.275000,2,0.000000,0.000000,1.000000,0.000000,1.000000,0.000000,0.000000
72,65,0.625000,3.275000,1,0.000000,0.000000,1.000000,0.000000,1.000000,0.000000,0.000000
73,65,0.675000,3.275000,7,0.000000,0.000000,1.000000,0.000000,1.000000,0.000000,0.000000
75,65,0.775000,3.275000,9,0.000000,0.000000,1.000000,0.000000,1.000000,0.000000,0.000000
76,65,0.825000,3.275000,28,0.000000,0.000000,1.000000,0.000000,1.000000,0.000000,0.000000
78,65,0.925000,3.275000,7,0.000000,0.000000,1.000000,0.000000,1.000000,0.000000,0.000000
79,65,0.975000,3.275000,12,0.000000,0.000000,1.000000,0.000000,1.000000,0.000000,0.000000
80,65,1.025000,3.275000,8,0.000000,0.000000,1.000000,0.000000,1.000000,0.000000,0.000000
81,65,1.075000,3.275000,4,0.000000,0.000000,1.000000,0.000000,1.000000,0.000000,0.000000
82,65,1.125000,3.275000,10,0.000000,0.000000,1.000000,0.000000,1.000000,0.000000,0.000000
83,65,1.175000,3.275000,9,0.000000,0.000000,1.000000,0.000000,1.000000,0.000000,0.000000
84,65,1.225000,3.275000,16,0.000000,0.000000,1.000000,0.000000,1.000000,0.000000,0.000000
85,65,1.275000,3.275000,7,0.000000,0.000000,1.000000,0.000000,1.000000,0.000000,0.000000
86,65,1.325000,3.275000,6,0.000000,0.000000,1.000000,0.000000,1.000000,0.000000,0.000000
87,65,1.375000,3.275000,7,0.000000,0.000000,1.000000,0.000000,1.000000,0.000000,0.000000
89,65,1.475000,3.275000,6,0.000000,0.000000,1.000000,0.000000,1.000000,0.000000,0.000000
90,65,1.525000,3.275000,7,0.000000,0.000000,1.000000,0.000000,1.000000,0.000000,0.000000
91,65,1.575000,3.275000,5,0.000000,0.000000,1.000000,0.000000,1.000000,0.000000,0.000000
92,65,1.625000,3.275000,6,0.000000,0.000000,1.000000,0.000000,1.000000,0.000000,0.000000
93,65,1.675000,3.275000,7,0.000000,0.000000,1.000000,0.000000,1.000000,0.000000,0.000000
94,65,1.725000,3.275000,6,0.000000,0.000000,1.000000,0.000000,1.000000,0.000000,0.000000
95,65,1.775000,3.275000,12,0.000000,0.000000,1.000000,0.000000,1.000000,0.000000,0.000000
96,65,1.825000,3.275000,15,0.000000,0.000000,1.000000,0.000000,1.000000,0.000000,0.000000
97,65,1.875000,3.275000,14,0.000000,0.000000,1.000000,0.000000,1.000000,0.000000,0.000000
106,65,2.325000,3.275000,60,0.000000,0.000000,1.000000,0.000000,0.000000,0.000000,1.000000
107,65,2.375000,3.275000,39,0.000000,0.000000,1.000000,0.000000,0.000000,0.000000,1.000000
108,65,2.425000,3.275000,58,0.000000,0.000000,1.000000,0.000000,0.000000,0.000000,1.000000
109,65,2.475000,3.275000,12,0.000000,0.000000,1.000000,0.000000,0.000000,0.000000,1.000000
18,66,-2.075000,3.325000,17,0.000000,0.000000,1.000000,0.000000,0.000000,1.000000,0.000000
19,66,-2.025000,3.325000,24,0.000000,0.000000,1.000000,0.000000,0.000000,1.000000,0.000000
20,66,-1.975000,3.325000,15,0.000000,0.000000,1.000000,0.000000,0.000000,1.000000,0.000000
21,66,-1.925000,3.325000,16,0.000000,0.000000,1.000000,0.000000,0.000000,1.000000,0.000000
22,66,-1.875000,3.325000,15,0.000000,0.000000,1.000000,0.000000,0.000000,1.000000,0.000000
23,66,-1.825000,3.325000,13,0.000000,0.000000,1.000000,0.000000,0.000000,1.000000,0.000000
24,66,-1.775000,3.325000,3,0.000000,0.000000,1.000000,0.000000,0.000000,1.000000,0.000000
25,66,-1.725000,3.325000,3,0.000000,0.000000,1.000000,0.000000,0.000000,1.000000,0.000000
26,66,-1.675000,3.325000,14,0.000000,0.000000,1.000000,0.000000,0.000000,1.000000,0.000000
27,66,-1.625000,3.325000,6,0.000000,0.000000,1.000000,0.000000,0.000000,1.000000,0.000000
28,66,-1.575000,3.325000,2,0.000000,0.000000,1.000000,0.000000,0.000000,1.000000,0.000000
29,66,-1.525000,3.325000,11,0.000000,0.000000,1.000000,0.000000,0.000000,1.000000,0.000000
30,66,-1.475000,3.325000,5,0.000000,0.000000,1.000000,0.000000,0.000000,1.000000,0.000000
31,66,-1.425000,3.325000,10,0.000000,0.000000,1.000000,0.000000,0.000000,1.000000,0.000000
32,66,-1.375000,3.325000,5,0.000000,0.000000,1.000000,0.000000,0.000000,1.000000,0.000000
33,66,-1.325000,3.325000,14,0.000000,0.000000,1.000000,0.000000,0.000000,1.000000,0.000000
34,66,-1.275000,3.325000,15,0.000000,0.000000,1.000000,0.000000,0.000000,1.000000,0.000000
35,66,-1.225000,3.325000,4,0.000000,0.000000,1.000000,0.000000,0.000000,1.000000,0.000000
36,66,-1.175000,3.325000,22,0.574636,0.287318,0.863636,0.000000,0.136364,0.863636,0.000000
37,66,-1.125000,3.325000,43,0.980798,0.490399,0.581395,0.000000,0.418605,0.581395,0.000000
38,66,-1.075000,3.325000,10,0.000000,0.000000,1.000000,0.000000,1.000000,0.000000,0.000000
39,66,-1.025000,3.325000,14,0.000000,0.000000,1.000000,0.000000,1.000000,0.000000,0.000000
40,66,-0.975000,3.325000,7,0.000000,0.000000,1.000000,0.000000,1.000000,0.000000,0.000000
41,66,-0.925000,3.325000,6,0.000000,0.000000,1.000000,0.000000,1.000000,0.000000,0.000000
42,66,-0.875000,3.325000,3,0.000000,0.000000,1.000000,0.000000,1.000000,0.000000,0.000000
43,66,-0.825000,3.325000,8,0.000000,0.000000,1.000000,0.000000,1.000000,0.000000,0.000000
44,66,-0.775000,3.325000,3,0.000000,0.000000,1.000000,0.000000,1.000000,0.000000,0.000000
45,66,-0.725000,3.325000,5,0.000000,0.000000,1.000000,0.000000,1.000000,0.000000,0.000000
46,66,-0.675000,3.325000,2,0.000000,0.000000,1.000000,0.000000,1.000000,0.000000,0.000000
47,66,-0.625000,3.325000,1,0.000000,0.000000,1.000000,0.000000,1.000000,0.000000,0.000000
48,66,-0.575000,3.325000,6,0.000000,0.000000,1.000000,0.000000,1.000000,0.000000,0.000000
49,66,-0.525000,3.325000,7,0.000000,0.000000,1.000000,0.000000,1.000000,0.000000,0.000000
50,66,-0.475000,3.325000,2,0.000000,0.000000,1.000000,0.000000,1.000000,0.000000,0.000000
51,66,-0.425000,3.325000,4,0.000000,0.000000,1.000000,0.000000,1.000000,0.000000,0.000000
52,66,-0.375000,3.325000,2,0.000000,0.000000,1.000000,0.000000,1.000000,0.000000,0.000000
53,66,-0.325000,3.325000,10,0.000000,0.000000,1.000000,0.000000,1.000000,0.000000,0.000000
56,66,-0.175000,3.325000,3,0.000000,0.000000,1.000000,0.000000,1.000000,0.000000,0.000000
57,66,-0.125000,3.325000,3,0.000000,0.000000,1.000000,0.000000,1.000000,0.000000,0.000000
58,66,-0.075000,3.325000,7,0.000000,0.000000,1.000000,0.000000,1.000000,0.000000,0.000000
59,66,-0.025000,3.325000,3,0.000000,0.000000,1.000000,0.000000,1.000000,0.000000,0.000000
60,66,0.025000,3.325000,3,0.000000,0.000000,1.000000,0.000000,1.000000,0.000000,0.000000
61,66,0.075000,3.325000,38,0.000000,0.000000,1.000000,0.000000,1.000000,0.000000,0.000000
62,66,0.125000,3.325000,21,0.000000,0.000000,1.000000,0.000000,1.000000,0.000000,0.000000
63,66,0.175000,3.325000,10,0.000000,0.000000,1.000000,0.000000,1.000000,0.000000,0.000000
71,66,0.575000,3.325000,3,0.000000,0.000000,1.000000,0.000000,1.000000,0.000000,0.000000
72,66,0.625000,3.325000,10,0.000000,0.000000,1.000000,0.000000,1.000000,0.000000,0.000000
73,66,0.675000,3.325000,3,0.000000,0.000000,1.000000,0.000000,1.000000,0.000000,0.000000
74,66,0.725000,3.325000,7,0.000000,0.000000,1.000000,0.000000,1.000000,0.000000,0.000000
75,66,0.775000,3.325000,4,0.000000,0.000000,1.000000,0.000000,1.000000,0.000000,0.000000
76,66,0.825000,3.325000,19,0.000000,0.000000,1.000000,0.000000,1.000000,0.000000,0.000000
77,66,0.875000,3.325000,24,0.000000,0.000000,1.000000,0.000000,1.000000,0.000000,0.000000
78,66,0.925000,3.325000,1,0.000000,0.000000,1.000000,0.000000,1.000000,0.000000,0.000000
79,66,0.975000,3.325000,15,0.000000,0.000000,1.000000,0.000000,1.000000,0.000000,0.000000
80,66,1.025000,3.325000,22,0.000000,0.000000,1.000000,0.000000,1.000000,0.000000,0.000000
81,66,1.075000,3.325000,3,0.000000,0.000000,1.000000,0.000000,1.000000,0.000000,0.000000
82,66,1.125000,3.325000,12,0.000000,0.000000,1.000000,0.000000,1.000000,0.000000,0.000000
83,66,1.175000,3.325000,4,0.000000,0.000000,1.000000,0.000000,1.000000,0.000000,0.000000
84,66,1.225000,3.325000,11,0.000000,0.000000,1.000000,0.000000,1.000000,0.000000,0.000000
85,66,1.275000,3.325000,6,0.000000,0.000000,1.000000,0.000000,1.000000,0.000000,0.000000
86,66,1.325000,3.325000,6,0.000000,0.000000,1.000000,0.000000,1.000000,0.000000,0.000000
87,66,1.375000,3.325000,8,0.000000,0.000000,1.000000,0.000000,1.000000,0.000000,0.000000
88,66,1.425000,3.325000,3,0.000000,0.000000,1.000000,0.000000,1.000000,0.000000,0.000000
89,66,1.475000,3.325000,5,0.000000,0.000000,1.000000,0.000000,1.000000,0.000000,0.000000
90,66,1.525000,3.325000,10,0.000000,0.000000,1.000000,0.000000,1.000000,0.000000,0.000000
91,66,1.575000,3.325000,7,0.000000,0.000000,1.000000,0.000000,1.000000,0.000000,0.000000
92,66,1.625000,3.325000,11,0.000000,0.000000,1.000000,0.000000,1.000000,0.000000,0.000000
93,66,1.675000,3.325000,19,0.000000,0.000000,1.000000,0.000000,1.000000,0.000000,0.000000
94,66,1.725000,3.325000,11,0.000000,0.000000,1.000000,0.000000,1.000000,0.000000,0.000000
95,66,1.775000,3.325000,10,0.000000,0.000000,1.000000,0.000000,1.000000,0.000000,0.000000
96,66,1.825000,3.325000,11,0.000000,0.000000,1.000000,0.000000,1.000000,0.000000,0.000000
97,66,1.875000,3.325000,32,0.000000,0.000000,1.000000,0.000000,1.000000,0.000000,0.000000
98,66,1.925000,3.325000,25,0.000000,0.000000,1.000000,0.000000,1.000000,0.000000,0.000000
106,66,2.325000,3.325000,26,0.000000,0.000000,1.000000,0.000000,0.000000,0.000000,1.000000
107,66,2.375000,3.325000,52,0.000000,0.000000,1.000000,0.000000,0.000000,0.000000,1.000000
108,66,2.425000,3.325000,60,0.000000,0.000000,1.000000,0.000000,0.000000,0.000000,1.000000
109,66,2.475000,3.325000,15,0.000000,0.000000,1.000000,0.000000,0.000000,0.000000,1.000000
18,67,-2.075000,3.375000,24,0.000000,0.000000,1.000000,0.000000,0.000000,1.000000,0.000000
19,67,-2.025000,3.375000,2,0.000000,0.000000,1.000000,0.000000,0.000000,1.000000,0.000000
20,67,-1.975000,3.375000,8,0.000000,0.000000,1.000000,0.000000,0.000000,1.000000,0.000000
21,67,-1.925000,3.375000,9,0.000000,0.000000,1.000000,0.000000,0.000000,1.000000,0.000000
22,67,-1.875000,3.375000,10,0.000000,0.000000,1.000000,0.000000,0.000000,1.000000,0.000000
23,67,-1.825000,3.375000,11,0.000000,0.000000,1.000000,0.000000,0.000000,1.000000,0.000000
24,67,-1.775000,3.375000,2,0.000000,0.000000,1.000000,0.000000,0.000000,1.000000,0.000000
25,67,-1.725000,3.375000,12,0.000000,0.000000,1.000000,0.000000,0.000000,1.000000,0.000000
26,67,-1.675000,3.375000,4,0.000000,0.000000,1.000000,0.000000,0.000000,1.000000,0.000000
27,67,-1.625000,3.375000,7,0.000000,0.000000,1.000000,0.000000,0.000000,1.000000,0.000000
28,67,-1.575000,3.375000,10,0.000000,0.000000,1.000000,0.000000,0.000000,1.000000,0.000000
29,67,-1.525000,3.375000,14,0.000000,0.000000,1.000000,0.000000,0.000000,1.000000,0.000000
30,67,-1.475000,3.375000,15,0.000000,0.000000,1.000000,0.000000,0.000000,1.000000,0.000000
31,67,-1.425000,3.375000,10,0.000000,0.000000,1.000000,0.000000,0.000000,1.000000,0.000000
32,67,-1.375000,3.375000,5,0.000000,0.000000,1.000000,0.000000,0.000000,1.000000,0.000000
33,67,-1.325000,3.375000,16,0.000000,0.000000,1.000000,0.000000,0.000000,1.000000,0.000000
34,67,-1.275000,3.375000,13,0.000000,0.000000,1.000000,0.000000,0.000000,1.000000,0.000000
35,67,-1.225000,3.375000,3,0.000000,0.000000,1.000000,0.000000,1.000000,0.000000,0.000000
36,67,-1.175000,3.375000,55,0.988284,0.494142,0.563636,0.000000,0.436364,0.563636,0.000000
37,67,-1.125000,3.375000,28,0.371232,0.185616,0.928571,0.000000,0.928571,0.071429,0.000000
38,67,-1.075000,3.375000,19,0.000000,0.000000,1.000000,0.000000,1.000000,0.000000,0.000000
39,67,-1.025000,3.375000,7,0.000000,0.000000,1.000000,0.000000,1.000000,0.000000,0.000000
40,67,-0.975000,3.375000,10,0.000000,0.000000,1.000000,0.000000,1.000000,0.000000,0.000000
41,67,-0.925000,3.375000,13,0.000000,0.000000,1.000000,0.000000,1.000000,0.000000,0.000000
42,67,-0.875000,3.375000,4,0.000000,0.000000,1.000000,0.000000,1.000000,0.000000,0.000000
43,67,-0.825000,3.375000,7,0.000000,0.000000,1.000000,0.000000,1.000000,0.000000,0.000000
44,67,-0.775000,3.375000,5,0.000000,0.000000,1.000000,0.000000,1.000000,0.000000,0.000000
45,67,-0.725000,3.375000,14,0.000000,0.000000,1.000000,0.000000,1.000000,0.000000,0.000000
46,67,-0.675000,3.375000,6,0.000000,0.000000,1.000000,0.000000,1.000000,0.000000,0.000000
47,67,-0.625000,3.375000,4,0.000000,0.000000,1.000000,0.000000,1.000000,0.000000,0.000000
48,67,-0.575000,3.375000,5,0.000000,0.000000,1.000000,0.000000,1.000000,0.000000,0.000000
49,67,-0.525000,3.375000,3,0.000000,0.000000,1.000000,0.000000,1.000000,0.000000,0.000000
50,67,-0.475000,3.375000,3,0.000000,0.000000,1.000000,0.000000,1.000000,0.000000,0.000000
52,67,-0.375000,3.375000,22,0.000000,0.000000,1.000000,0.000000,1.000000,0.000000,0.000000
53,67,-0.325000,3.375000,3,0.000000,0.000000,1.000000,0.000000,1.000000,0.000000,0.000000
55,67,-0.225000,3.375000,3,0.000000,0.000000,1.000000,0.000000,1.000000,0.000000,0.000000
56,67,-0.175000,3.375000,3,0.000000,0.000000,1.000000,0.000000,1.000000,0.000000,0.000000
57,67,-0.125000,3.375000,1,0.000000,0.000000,1.000000,0.000000,1.000000,0.000000,0.000000
58,67,-0.075000,3.375000,4,0.000000,0.000000,1.000000,0.000000,1.000000,0.000000,0.000000
59,67,-0.025000,3.375000,5,0.000000,0.000000,1.000000,0.000000,1.000000,0.000000,0.000000
60,67,0.025000,3.375000,3,0.000000,0.000000,1.000000,0.000000,1.000000,0.000000,0.000000
61,67,0.075000,3.375000,8,0.000000,0.000000,1.000000,0.000000,1.000000,0.000000,0.000000
62,67,0.125000,3.375000,53,0.000000,0.000000,1.000000,0.000000,1.000000,0.000000,0.000000
64,67,0.225000,3.375000,12,0.000000,0.000000,1.000000,0.000000,1.000000,0.000000,0.000000
65,67,0.275000,3.375000,5,0.000000,0.000000,1.000000,0.000000,1.000000,0.000000,0.000000
71,67,0.575000,3.375000,1,0.000000,0.000000,1.000000,0.000000,1.000000,0.000000,0.000000
72,67,0.625000,3.375000,6,0.000000,0.000000,1.000000,0.000000,1.000000,0.000000,0.000000
73,67,0.675000,3.375000,5,0.000000,0.000000,1.000000,0.000000,1.000000,0.000000,0.000000
74,67,0.725000,3.375000,9,0.000000,0.000000,1.000000,0.000000,1.000000,0.000000,0.000000
75,67,0.775000,3.375000,5,0.000000,0.000000,1.000000,0.000000,1.000000,0.000000,0.000000
76,67,0.825000,3.375000,5,0.000000,0.000000,1.000000,0.000000,1.000000,0.000000,0.000000
77,67,0.875000,3.375000,10,0.000000,0.000000,1.000000,0.000000,1.000000,0.000000,0.000000
78,67,0.925000,3.375000,8,0.000000,0.000000,1.000000,0.000000,1.000000,0.000000,0.000000
79,67,0.975000,3.375000,13,0.000000,0.000000,1.000000,0.000000,1.000000,0.000000,0.000000
80,67,1.025000,3.375000,28,0.000000,0.000000,1.000000,0.000000,1.000000,0.000000,0.000000
81,67,1.075000,3.375000,5,0.000000,0.000000,1.000000,0.000000,1.000000,0.000000,0.000000
82,67,1.125000,3.375000,10,0.000000,0.000000,1.000000,0.000000,1.000000,0.000000,0.000000
83,67,1.175000,3.375000,10,0.000000,0.000000,1.000000,0.000000,1.000000,0.000000,0.000000
84,67,1.225000,3.375000,13,0.000000,0.000000,1.000000,0.000000,1.000000,0.000000,0.000000
85,67,1.275000,3.375000,14,0.000000,0.000000,1.000000,0.000000,1.000000,0.000000,0.000000
86,67,1.325000,3.375000,8,0.000000,0.000000,1.000000,0.000000,1.000000,0.000000,0.000000
87,67,1.375000,3.375000,16,0.000000,0.000000,1.000000,0.000000,1.000000,0.000000,0.000000
88,67,1.425000,3.375000,6,0.000000,0.000000,1.000000,0.000000,1.000000,0.000000,0.000000
89,67,1.475000,3.375000,5,0.000000,0.000000,1.000000,0.000000,1.000000,0.000000,0.000000
90,67,1.525000,3.375000,8,0.000000,0.000000,1.000000,0.000000,1.000000,0.000000,0.000000
91,67,1.575000,3.375000,8,0.000000,0.000000,1.000000,0.000000,1.000000,0.000000,0.000000
92,67,1.625000,3.375000,1,0.000000,0.000000,1.000000,0.000000,1.000000,0.000000,0.000000
93,67,1.675000,3.375000,6,0.000000,0.000000,1.000000,0.000000,1.000000,0.000000,0.000000
94,67,1.725000,3.375000,8,0.000000,0.000000,1.000000,0.000000,1.000000,0.000000,0.000000
95,67,1.775000,3.375000,3,0.000000,0.000000,1.000000,0.000000,1.000000,0.000000,0.000000
96,67,1.825000,3.375000,10,0.000000,0.000000,1.000000,0.000000,1.000000,0.000000,0.000000
97,67,1.875000,3.375000,2,0.000000,0.000000,1.000000,0.000000,1.000000,0.000000,0.000000
98,67,1.925000,3.375000,9,0.000000,0.000000,1.000000,0.000000,1.000000,0.000000,0.000000
107,67,2.375000,3.375000,78,0.000000,0.000000,1.000000,0.000000,0.000000,0.000000,1.000000
108,67,2.425000,3.375000,82,0.000000,0.000000,1.000000,0.000000,0.000000,0.000000,1.000000
109,67,2.475000,3.375000,18,0.000000,0.000000,1.000000,0.000000,0.000000,0.000000,1.000000
18,68,-2.075000,3.425000,4,0.000000,0.000000,1.000000,0.000000,0.000000,1.000000,0.000000
19,68,-2.025000,3.425000,17,0.000000,0.000000,1.000000,0.000000,0.000000,1.000000,0.000000
20,68,-1.975000,3.425000,11,0.000000,0.000000,1.000000,0.000000,0.000000,1.000000,0.000000
21,68,-1.925000,3.425000,9,0.000000,0.000000,1.000000,0.000000,0.000000,1.000000,0.000000
22,68,-1.875000,3.425000,10,0.000000,0.000000,1.000000,0.000000,0.000000,1.000000,0.000000
23,68,-1.825000,3.425000,7,0.000000,0.000000,1.000000,0.000000,0.000000,1.000000,0.000000
24,68,-1.775000,3.425000,13,0.000000,0.000000,1.000000,0.000000,0.000000,1.000000,0.000000
25,68,-1.725000,3.425000,11,0.000000,0.000000,1.000000,0.000000,0.000000,1.000000,0.000000
26,68,-1.675000,3.425000,3,0.000000,0.000000,1.000000,0.000000,0.000000,1.000000,0.000000
27,68,-1.625000,3.425000,7,0.000000,0.000000,1.000000,0.000000,0.000000,1.000000,0.000000
28,68,-1.575000,3.425000,16,0.000000,0.000000,1.000000,0.000000,0.000000,1.000000,0.000000
29,68,-1.525000,3.425000,12,0.000000,0.000000,1.000000,0.000000,0.000000,1.000000,0.000000
30,68,-1.475000,3.425000,17,0.000000,0.000000,1.000000,0.000000,0.000000,1.000000,0.000000
31,68,-1.425000,3.425000,12,0.000000,0.000000,1.000000,0.000000,0.000000,1.000000,0.000000
32,68,-1.375000,3.425000,5,0.000000,0.000000,1.000000,0.000000,0.000000,1.000000,0.000000
33,68,-1.325000,3.425000,29,0.000000,0.000000,1.000000,0.000000,0.000000,1.000000,0.000000
34,68,-1.275000,3.425000,10,0.000000,0.000000,1.000000,0.000000,0.000000,1.000000,0.000000
35,68,-1.225000,3.425000,43,0.000000,0.000000,1.000000,0.000000,1.000000,0.000000,0.000000
36,68,-1.175000,3.425000,6,0.000000,0.000000,1.000000,0.000000,1.000000,0.000000,0.000000
40,68,-0.975000,3.425000,5,0.000000,0.000000,1.000000,0.000000,1.000000,0.000000,0.000000
41,68,-0.925000,3.425000,4,0.000000,0.000000,1.000000,0.000000,1.000000,0.000000,0.000000
42,68,-0.875000,3.425000,13,0.000000,0.000000,1.000000,0.000000,1.000000,0.000000,0.000000
43,68,-0.825000,3.425000,11,0.000000,0.000000,1.000000,0.000000,1.000000,0.000000,0.000000
44,68,-0.775000,3.425000,14,0.000000,0.000000,1.000000,0.000000,1.000000,0.000000,0.000000
45,68,-0.725000,3.425000,3,0.000000,0.000000,1.000000,0.000000,1.000000,0.000000,0.000000
46,68,-0.675000,3.425000,10,0.000000,0.000000,1.000000,0.000000,1.000000,0.000000,0.000000
47,68,-0.625000,3.425000,3,0.000000,0.000000,1.000000,0.000000,1.000000,0.000000,0.000000
48,68,-0.575000,3.425000,6,0.000000,0.000000,1.000000,0.000000,1.000000,0.000000,0.000000
49,68,-0.525000,3.425000,5,0.000000,0.000000,1.000000,0.000000,1.000000,0.000000,0.000000
50,68,-0.475000,3.425000,1,0.000000,0.000000,1.000000,0.000000,1.000000,0.000000,0.000000
51,68,-0.425000,3.425000,13,0.000000,0.000000,1.000000,0.000000,1.000000,0.000000,0.000000
53,68,-0.325000,3.425000,2,0.000000,0.000000,1.000000,0.000000,1.000000,0.000000,0.000000
55,68,-0.225000,3.425000,5,0.000000,0.000000,1.000000,0.000000,1.000000,0.000000,0.000000
56,68,-0.175000,3.425000,1,0.000000,0.000000,1.000000,0.000000,1.000000,0.000000,0.000000
57,68,-0.125000,3.425000,6,0.000000,0.000000,1.000000,0.000000,1.000000,0.000000,0.000000
59,68,-0.025000,3.425000,3,0.000000,0.000000,1.000000,0.000000,1.000000,0.000000,0.000000
60,68,0.025000,3.425000,4,0.000000,0.000000,1.000000,0.000000,1.000000,0.000000,0.000000
61,68,0.075000,3.425000,2,0.000000,0.000000,1.000000,0.000000,1.000000,0.000000,0.000000
62,68,0.125000,3.425000,55,0.000000,0.000000,1.000000,0.000000,1.000000,0.000000,0.000000
64,68,0.225000,3.425000,2,0.000000,0.000000,1.000000,0.000000,1.000000,0.000000,0.000000
65,68,0.275000,3.425000,13,0.000000,0.000000,1.000000,0.000000,1.000000,0.000000,0.000000
66,68,0.325000,3.425000,10,0.000000,0.000000,1.000000,0.000000,1.000000,0.000000,0.000000
70,68,0.525000,3.425000,1,0.000000,0.000000,1.000000,0.000000,1.000000,0.000000,0.000000
71,68,0.575000,3.425000,1,0.000000,0.000000,1.000000,0.000000,1.000000,0.000000,0.000000
72,68,0.625000,3.425000,3,0.000000,0.000000,1.000000,0.000000,1.000000,0.000000,0.000000
73,68,0.675000,3.425000,2,0.000000,0.000000,1.000000,0.000000,1.000000,0.000000,0.000000
74,68,0.725000,3.425000,6,0.000000,0.000000,1.000000,0.000000,1.000000,0.000000,0.000000
75,68,0.775000,3.425000,9,0.000000,0.000000,1.000000,0.000000,1.000000,0.000000,0.000000
76,68,0.825000,3.425000,2,0.000000,0.000000,1.000000,0.000000,1.000000,0.000000,0.000000
77,68,0.875000,3.425000,6,0.000000,0.000000,1.000000,0.000000,1.000000,0.000000,0.000000
78,68,0.925000,3.425000,8,0.000000,0.000000,1.000000,0.000000,1.000000,0.000000,0.000000
79,68,0.975000,3.425000,8,0.000000,0.000000,1.000000,0.000000,1.000000,0.000000,0.000000
80,68,1.025000,3.425000,22,0.000000,0.000000,1.000000,0.000000,1.000000,0.000000,0.000000
81,68,1.075000,3.425000,36,0.000000,0.000000,1.000000,0.000000,1.000000,0.000000,0.000000
82,68,1.125000,3.425000,5,0.000000,0.000000,1.000000,0.000000,1.000000,0.000000,0.000000
83,68,1.175000,3.425000,13,0.000000,0.000000,1.000000,0.000000,1.000000,0.000000,0.000000
84,68,1.225000,3.425000,20,0.000000,0.000000,1.000000,0.000000,1.000000,0.000000,0.000000
85,68,1.275000,3.425000,6,0.000000,0.000000,1.000000,0.000000,1.000000,0.000000,0.000000
86,68,1.325000,3.425000,10,0.000000,0.000000,1.000000,0.000000,1.000000,0.000000,0.000000
87,68,1.375000,3.425000,11,0.000000,0.000000,1.000000,0.000000,1.000000,0.000000,0.000000
88,68,1.425000,3.425000,13,0.000000,0.000000,1.000000,0.000000,1.000000,0.000000,0.000000
89,68,1.475000,3.425000,4,0.000000,0.000000,1.000000,0.000000,1.000000,0.000000,0.000000
90,68,1.525000,3.425000,4,0.000000,0.000000,1.000000,0.000000,1.000000,0.000000,0.000000
91,68,1.575000,3.425000,3,0.000000,0.000000,1.000000,0.000000,1.000000,0.000000,0.000000
92,68,1.625000,3.425000,8,0.000000,0.000000,1.000000,0.000000,1.000000,0.000000,0.000000
93,68,1.675000,3.425000,5,0.000000,0.000000,1.000000,0.000000,1.000000,0.000000,0.000000
94,68,1.725000,3.425000,8,0.000000,0.000000,1.000000,0.000000,1.000000,0.000000,0.000000
95,68,1.775000,3.425000,8,0.000000,0.000000,1.000000,0.000000,1.000000,0.000000,0.000000
96,68,1.825000,3.425000,18,0.000000,0.000000,1.000000,0.000000,1.000000,0.000000,0.000000
97,68,1.875000,3.425000,19,0.000000,0.000000,1.000000,0.000000,1.000000,0.000000,0.000000
98,68,1.925000,3.425000,5,0.000000,0.000000,1.000000,0.000000,1.000000,0.000000,0.000000
107,68,2.375000,3.425000,47,0.000000,0.000000,1.000000,0.000000,0.000000,0.000000,1.000000
108,68,2.425000,3.425000,104,0.000000,0.000000,1.000000,0.000000,0.000000,0.000000,1.000000
17,69,-2.125000,3.475000,2,0.000000,0.000000,1.000000,0.000000,0.000000,1.000000,0.000000
18,69,-2.075000,3.475000,23,0.000000,0.000000,1.000000,0.000000,0.000000,1.000000,0.000000
19,69,-2.025000,3.475000,18,0.000000,0.000000,1.000000,0.000000,0.000000,1.000000,0.000000
20,69,-1.975000,3.475000,21,0.000000,0.000000,1.000000,0.000000,0.000000,1.000000,0.000000
21,69,-1.925000,3.475000,10,0.000000,0.000000,1.000000,0.000000,0.000000,1.000000,0.000000
22,69,-1.875000,3.475000,8,0.000000,0.000000,1.000000,0.000000,0.000000,1.000000,0.000000
23,69,-1.825000,3.475000,6,0.000000,0.000000,1.000000,0.000000,0.000000,1.000000,0.000000
24,69,-1.775000,3.475000,17,0.000000,0.000000,1.000000,0.000000,0.000000,1.000000,0.000000
25,69,-1.725000,3.475000,7,0.000000,0.000000,1.000000,0.000000,0.000000,1.000000,0.000000
26,69,-1.675000,3.475000,10,0.000000,0.000000,1.000000,0.000000,0.000000,1.000000,0.000000
27,69,-1.625000,3.475000,11,0.000000,0.000000,1.000000,0.000000,0.000000,1.000000,0.000000
28,69,-1.575000,3.475000,5,0.000000,0.000000,1.000000,0.000000,0.000000,1.000000,0.000000
29,69,-1.525000,3.475000,9,0.000000,0.000000,1.000000,0.000000,0.000000,1.000000,0.000000
30,69,-1.475000,3.475000,22,0.000000,0.000000,1.000000,0.000000,0.000000,1.000000,0.000000
31,69,-1.425000,3.475000,15,0.000000,0.000000,1.000000,0.000000,0.000000,1.000000,0.000000
32,69,-1.375000,3.475000,3,0.000000,0.000000,1.000000,0.000000,0.000000,1.000000,0.000000
33,69,-1.325000,3.475000,42,0.000000,0.000000,1.000000,0.000000,0.000000,1.000000,0.000000
38,69,-1.075000,3.475000,4,0.000000,0.000000,1.000000,0.000000,1.000000,0.000000,0.000000
39,69,-1.025000,3.475000,15,0.000000,0.000000,1.000000,0.000000,1.000000,0.000000,0.000000
40,69,-0.975000,3.475000,3,0.000000,0.000000,1.000000,0.000000,1.000000,0.000000,0.000000
41,69,-0.925000,3.475000,6,0.000000,0.000000,1.000000,0.000000,1.000000,0.000000,0.000000
42,69,-0.875000,3.475000,6,0.000000,0.000000,1.000000,0.000000,1.000000,0.000000,0.000000
43,69,-0.825000,3.475000,8,0.000000,0.000000,1.000000,0.000000,1.000000,0.000000,0.000000
44,69,-0.775000,3.475000,5,0.000000,0.000000,1.000000,0.000000,1.000000,0.000000,0.000000
45,69,-0.725000,3.475000,2,0.000000,0.000000,1.000000,0.000000,1.000000,0.000000,0.000000
47,69,-0.625000,3.475000,4,0.000000,0.000000,1.000000,0.000000,1.000000,0.000000,0.000000
48,69,-0.575000,3.475000,6,0.000000,0.000000,1.000000,0.000000,1.000000,0.000000,0.000000
50,69,-0.475000,3.475000,16,0.000000,0.000000,1.000000,0.000000,1.000000,0.000000,0.000000
51,69,-0.425000,3.475000,3,0.000000,0.000000,1.000000,0.000000,1.000000,0.000000,0.000000
52,69,-0.375000,3.475000,4,0.000000,0.000000,1.000000,0.000000,1.000000,0.000000,0.000000
53,69,-0.325000,3.475000,5,0.000000,0.000000,1.000000,0.000000,1.000000,0.000000,0.000000
55,69,-0.225000,3.475000,1,0.000000,0.000000,1.000000,0.000000,1.000000,0.000000,0.000000
56,69,-0.175000,3.475000,5,0.000000,0.000000,1.000000,0.000000,1.000000,0.000000,0.000000
57,69,-0.125000,3.475000,3,0.000000,0.000000,1.000000,0.000000,1.000000,0.000000,0.000000
58,69,-0.075000,3.475000,5,0.000000,0.000000,1.000000,0.000000,1.000000,0.000000,0.000000
60,69,0.025000,3.475000,4,0.000000,0.000000,1.000000,0.000000,1.000000,0.000000,0.000000
61,69,0.075000,3.475000,7,0.000000,0.000000,1.000000,0.000000,1.000000,0.000000,0.000000
62,69,0.125000,3.475000,50,0.000000,0.000000,1.000000,0.000000,1.000000,0.000000,0.000000
64,69,0.225000,3.475000,1,0.000000,0.000000,1.000000,0.000000,1.000000,0.000000,0.000000
65,69,0.275000,3.475000,5,0.000000,0.000000,1.000000,0.000000,1.000000,0.000000,0.000000
66,69,0.325000,3.475000,6,0.000000,0.000000,1.000000,0.000000,1.000000,0.000000,0.000000
67,69,0.375000,3.475000,14,0.000000,0.000000,1.000000,0.000000,1.000000,0.000000,0.000000
68,69,0.425000,3.475000,2,0.000000,0.000000,1.000000,0.000000,1.000000,0.000000,0.000000
71,69,0.575000,3.475000,1,0.000000,0.000000,1.000000,0.000000,1.000000,0.000000,0.000000
72,69,0.625000,3.475000,2,0.000000,0.000000,1.000000,0.000000,1.000000,0.000000,0.000000
73,69,0.675000,3.475000,6,0.000000,0.000000,1.000000,0.000000,1.000000,0.000000,0.000000
74,69,0.725000,3.475000,4,0.000000,0.000000,1.000000,0.000000,1.000000,0.000000,0.000000
75,69,0.775000,3.475000,5,0.000000,0.000000,1.000000,0.000000,1.000000,0.000000,0.000000
76,69,0.825000,3.475000,4,0.000000,0.000000,1.000000,0.000000,1.000000,0.000000,0.000000
77,69,0.875000,3.475000,7,0.000000,0.000000,1.000000,0.000000,1.000000,0.000000,0.000000
78,69,0.925000,3.475000,10,0.000000,0.000000,1.000000,0.000000,1.000000,0.000000,0.000000
79,69,0.975000,3.475000,6,0.000000,0.000000,1.000000,0.000000,1.000000,0.000000,0.000000
80,69,1.025000,3.475000,9,0.000000,0.000000,1.000000,0.000000,1.000000,0.000000,0.000000
81,69,1.075000,3.475000,28,0.000000,0.000000,1.000000,0.000000,1.000000,0.000000,0.000000
82,69,1.125000,3.475000,19,0.000000,0.000000,1.000000,0.000000,1.000000,0.000000,0.000000
83,69,1.175000,3.475000,26,0.000000,0.000000,1.000000,0.000000,1.000000,0.000000,0.000000
84,69,1.225000,3.475000,21,0.000000,0.000000,1.000000,0.000000,1.000000,0.000000,0.000000
85,69,1.275000,3.475000,2,0.000000,0.000000,1.000000,0.000000,1.000000,0.000000,0.000000
86,69,1.325000,3.475000,16,0.000000,0.000000,1.000000,0.000000,1.000000,0.000000,0.000000
87,69,1.375000,3.475000,11,0.000000,0.000000,1.000000,0.000000,1.000000,0.000000,0.000000
88,69,1.425000,3.475000,13,0.000000,0.000000,1.000000,0.000000,1.000000,0.000000,0.000000
89,69,1.475000,3.475000,8,0.000000,0.000000,1.000000,0.000000,1.000000,0.000000,0.000000
90,69,1.525000,3.475000,10,0.000000,0.000000,1.000000,0.000000,1.000000,0.000000,0.000000
91,69,1.575000,3.475000,6,0.000000,0.000000,1.000000,0.000000,1.000000,0.000000,0.000000
92,69,1.625000,3.475000,8,0.000000,0.000000,1.000000,0.000000,1.000000,0.000000,0.000000
93,69,1.675000,3.475000,9,0.000000,0.000000,1.000000,0.000000,1.000000,0.000000,0.000000
94,69,1.725000,3.475000,10,0.000000,0.000000,1.000000,0.000000,1.000000,0.000000,0.000000
95,69,1.775000,3.475000,10,0.000000,0.000000,1.000000,0.000000,1.000000,0.000000,0.000000
96,69,1.825000,3.475000,17,0.000000,0.000000,1.000000,0.000000,1.000000,0.000000,0.000000
97,69,1.875000,3.475000,20,0.000000,0.000000,1.000000,0.000000,1.000000,0.000000,0.000000
98,69,1.925000,3.475000,28,0.000000,0.000000,1.000000,0.000000,1.000000,0.000000,0.000000
99,69,1.975000,3.475000,20,0.000000,0.000000,1.000000,0.000000,1.000000,0.000000,0.000000
107,69,2.375000,3.475000,33,0.000000,0.000000,1.000000,0.000000,0.000000,0.000000,1.000000
108,69,2.425000,3.475000,119,0.000000,0.000000,1.000000,0.000000,0.000000,0.000000,1.000000
17,70,-2.125000,3.525000,35,0.000000,0.000000,1.000000,0.000000,0.000000,1.000000,0.000000
18,70,-2.075000,3.525000,12,0.000000,0.000000,1.000000,0.000000,0.000000,1.000000,0.000000
19,70,-2.025000,3.525000,16,0.000000,0.000000,1.000000,0.000000,0.000000,1.000000,0.000000
20,70,-1.975000,3.525000,18,0.000000,0.000000,1.000000,0.000000,0.000000,1.000000,0.000000
21,70,-1.925000,3.525000,9,0.000000,0.000000,1.000000,0.000000,0.000000,1.000000,0.000000
22,70,-1.875000,3.525000,8,0.000000,0.000000,1.000000,0.000000,0.000000,1.000000,0.000000
23,70,-1.825000,3.525000,14,0.000000,0.000000,1.000000,0.000000,0.000000,1.000000,0.000000
24,70,-1.775000,3.525000,10,0.000000,0.000000,1.000000,0.000000,0.000000,1.000000,0.000000
25,70,-1.725000,3.525000,12,0.000000,0.000000,1.000000,0.000000,0.000000,1.000000,0.000000
26,70,-1.675000,3.525000,11,0.000000,0.000000,1.000000,0.000000,0.000000,1.000000,0.000000
27,70,-1.625000,3.525000,17,0.000000,0.000000,1.000000,0.000000,0.000000,1.000000,0.000000
28,70,-1.575000,3.525000,11,0.000000,0.000000,1.000000,0.000000,0.000000,1.000000,0.000000
29,70,-1.525000,3.525000,5,0.000000,0.000000,1.000000,0.000000,0.000000,1.000000,0.000000
30,70,-1.475000,3.525000,20,0.000000,0.000000,1.000000,0.000000,0.000000,1.000000,0.000000
31,70,-1.425000,3.525000,14,0.000000,0.000000,1.000000,0.000000,0.000000,1.000000,0.000000
32,70,-1.375000,3.525000,3,0.000000,0.000000,1.000000,0.000000,0.000000,1.000000,0.000000
36,70,-1.175000,3.525000,7,0.000000,0.000000,1.000000,0.000000,1.000000,0.000000,0.000000
37,70,-1.125000,3.525000,7,0.000000,0.000000,1.000000,0.000000,1.000000,0.000000,0.000000
38,70,-1.075000,3.525000,9,0.000000,0.000000,1.000000,0.000000,1.000000,0.000000,0.000000
39,70,-1.025000,3.525000,13,0.000000,0.000000,1.000000,0.000000,1.000000,0.000000,0.000000
40,70,-0.975000,3.525000,5,0.000000,0.000000,1.000000,0.000000,1.000000,0.000000,0.000000
41,70,-0.925000,3.525000,2,0.000000,0.000000,1.000000,0.000000,1.000000,0.000000,0.000000
42,70,-0.875000,3.525000,2,0.000000,0.000000,1.000000,0.000000,1.000000,0.000000,0.000000
43,70,-0.825000,3.525000,3,0.000000,0.000000,1.000000,0.000000,1.000000,0.000000,0.000000
44,70,-0.775000,3.525000,4,0.000000,0.000000,1.000000,0.000000,1.000000,0.000000,0.000000
45,70,-0.725000,3.525000,4,0.000000,0.000000,1.000000,0.000000,1.000000,0.000000,0.000000
46,70,-0.675000,3.525000,1,0.000000,0.000000,1.000000,0.000000,1.000000,0.000000,0.000000
49,70,-0.525000,3.525000,15,0.000000,0.000000,1.000000,0.000000,1.000000,0.000000,0.000000
50,70,-0.475000,3.525000,6,0.000000,0.000000,1.000000,0.000000,1.000000,0.000000,0.000000
51,70,-0.425000,3.525000,2,0.000000,0.000000,1.000000,0.000000,1.000000,0.000000,0.000000
52,70,-0.375000,3.525000,1,0.000000,0.000000,1.000000,0.000000,1.000000,0.000000,0.000000
53,70,-0.325000,3.525000,5,0.000000,0.000000,1.000000,0.000000,1.000000,0.000000,0.000000
54,70,-0.275000,3.525000,1,0.000000,0.000000,1.000000,0.000000,1.000000,0.000000,0.000000
55,70,-0.225000,3.525000,8,0.000000,0.000000,1.000000,0.000000,1.000000,0.000000,0.000000
56,70,-0.175000,3.525000,1,0.000000,0.000000,1.000000,0.000000,1.000000,0.000000,0.000000
57,70,-0.125000,3.525000,9,0.000000,0.000000,1.000000,0.000000,1.000000,0.000000,0.000000
58,70,-0.075000,3.525000,9,0.000000,0.000000,1.000000,0.000000,1.000000,0.000000,0.000000
59,70,-0.025000,3.525000,3,0.000000,0.000000,1.000000,0.000000,1.000000,0.000000,0.000000
60,70,0.025000,3.525000,1,0.000000,0.000000,1.000000,0.000000,1.000000,0.000000,0.000000
61,70,0.075000,3.525000,5,0.000000,0.000000,1.000000,0.000000,1.000000,0.000000,0.000000
62,70,0.125000,3.525000,55,0.000000,0.000000,1.000000,0.000000,1.000000,0.000000,0.000000
63,70,0.175000,3.525000,4,0.000000,0.000000,1.000000,0.000000,1.000000,0.000000,0.000000
64,70,0.225000,3.525000,2,0.000000,0.000000,1.000000,0.000000,1.000000,0.000000,0.000000
65,70,0.275000,3.525000,3,0.000000,0.000000,1.000000,0.000000,1.000000,0.000000,0.000000
66,70,0.325000,3.525000,2,0.000000,0.000000,1.000000,0.000000,1.000000,0.000000,0.000000
67,70,0.375000,3.525000,3,0.000000,0.000000,1.000000,0.000000,1.000000,0.000000,0.000000
68,70,0.425000,3.525000,10,0.000000,0.000000,1.000000,0.000000,1.000000,0.000000,0.000000
69,70,0.475000,3.525000,3,0.000000,0.000000,1.000000,0.000000,1.000000,0.000000,0.000000
70,70,0.525000,3.525000,4,0.000000,0.000000,1.000000,0.000000,1.000000,0.000000,0.000000
71,70,0.575000,3.525000,2,0.000000,0.000000,1.000000,0.000000,1.000000,0.000000,0.000000
73,70,0.675000,3.525000,2,0.000000,0.000000,1.000000,0.000000,1.000000,0.000000,0.000000
74,70,0.725000,3.525000,6,0.000000,0.000000,1.000000,0.000000,1.000000,0.000000,0.000000
75,70,0.775000,3.525000,4,0.000000,0.000000,1.000000,0.000000,1.000000,0.000000,0.000000
76,70,0.825000,3.525000,5,0.000000,0.000000,1.000000,0.000000,1.000000,0.000000,0.000000
77,70,0.875000,3.525000,6,0.000000,0.000000,1.000000,0.000000,1.000000,0.000000,0.000000
78,70,0.925000,3.525000,6,0.000000,0.000000,1.000000,0.000000,1.000000,0.000000,0.000000
79,70,0.975000,3.525000,6,0.000000,0.000000,1.000000,0.000000,1.000000,0.000000,0.000000
80,70,1.025000,3.525000,15,0.000000,0.000000,1.000000,0.000000,1.000000,0.000000,0.000000
81,70,1.075000,3.525000,7,0.000000,0.000000,1.000000,0.000000,1.000000,0.000000,0.000000
82,70,1.125000,3.525000,9,0.000000,0.000000,1.000000,0.000000,1.000000,0.000000,0.000000
83,70,1.175000,3.525000,15,0.000000,0.000000,1.000000,0.000000,1.000000,0.000000,0.000000
84,70,1.225000,3.525000,57,0.000000,0.000000,1.000000,0.000000,1.000000,0.000000,0.000000
85,70,1.275000,3.525000,12,0.000000,0.000000,1.000000,0.000000,1.000000,0.000000,0.000000
86,70,1.325000,3.525000,14,0.000000,0.000000,1.000000,0.000000,1.000000,0.000000,0.000000
87,70,1.375000,3.525000,23,0.000000,0.000000,1.000000,0.000000,1.000000,0.000000,0.000000
88,70,1.425000,3.525000,8,0.000000,0.000000,1.000000,0.000000,1.000000,0.000000,0.000000
89,70,1.475000,3.525000,13,0.000000,0.000000,1.000000,0.000000,1.000000,0.000000,0.000000
90,70,1.525000,3.525000,11,0.000000,0.000000,1.000000,0.000000,1.000000,0.000000,0.000000
91,70,1.575000,3.525000,11,0.000000,0.000000,1.000000,0.000000,1.000000,0.000000,0.000000
92,70,1.625000,3.525000,11,0.000000,0.000000,1.000000,0.000000,1.000000,0.000000,0.000000
93,70,1.675000,3.525000,11,0.000000,0.000000,1.000000,0.000000,1.000000,0.000000,0.000000
94,70,1.725000,3.525000,3,0.000000,0.000000,1.000000,0.000000,1.000000,0.000000,0.000000
95,70,1.775000,3.525000,7,0.000000,0.000000,1.000000,0.000000,1.000000,0.000000,0.000000
96,70,1.825000,3.525000,6,0.000000,0.000000,1.000000,0.000000,1.000000,0.000000,0.000000
97,70,1.875000,3.525000,15,0.000000,0.000000,1.000000,0.000000,1.000000,0.000000,0.000000
98,70,1.925000,3.525000,4,0.000000,0.000000,1.000000,0.000000,1.000000,0.000000,0.000000
99,70,1.975000,3.525000,16,0.000000,0.000000,1.000000,0.000000,1.000000,0.000000,0.000000
100,70,2.025000,3.525000,8,0.000000,0.000000,1.000000,0.000000,1.000000,0.000000,0.000000
107,70,2.375000,3.525000,50,0.000000,0.000000,1.000000,0.000000,0.000000,0.000000,1.000000
108,70,2.425000,3.525000,35,0.000000,0.000000,1.000000,0.000000,0.000000,0.000000,1.000000
17,71,-2.125000,3.575000,1,0.000000,0.000000,1.000000,0.000000,0.000000,1.000000,0.000000
18,71,-2.075000,3.575000,15,0.000000,0.000000,1.000000,0.000000,0.000000,1.000000,0.000000
19,71,-2.025000,3.575000,17,0.000000,0.000000,1.000000,0.000000,0.000000,1.000000,0.000000
20,71,-1.975000,3.575000,10,0.000000,0.000000,1.000000,0.000000,0.000000,1.000000,0.000000
21,71,-1.925000,3.575000,6,0.000000,0.000000,1.000000,0.000000,0.000000,1.000000,0.000000
22,71,-1.875000,3.575000,15,0.000000,0.000000,1.000000,0.000000,0.000000,1.000000,0.000000
23,71,-1.825000,3.575000,20,0.000000,0.000000,1.000000,0.000000,0.000000,1.000000,0.000000
24,71,-1.775000,3.575000,9,0.000000,0.000000,1.000000,0.000000,0.000000,1.000000,0.000000
25,71,-1.725000,3.575000,12,0.000000,0.000000,1.000000,0.000000,0.000000,1.000000,0.000000
26,71,-1.675000,3.575000,9,0.000000,0.000000,1.000000,0.000000,0.000000,1.000000,0.000000
27,71,-1.625000,3.575000,12,0.000000,0.000000,1.000000,0.000000,0.000000,1.000000,0.000000
28,71,-1.575000,3.575000,8,0.000000,0.000000,1.000000,0.000000,0.000000,1.000000,0.000000
29,71,-1.525000,3.575000,7,0.000000,0.000000,1.000000,0.000000,0.000000,1.000000,0.000000
30,71,-1.475000,3.575000,30,0.000000,0.000000,1.000000,0.000000,0.000000,1.000000,0.000000
31,71,-1.425000,3.575000,1,0.000000,0.000000,1.000000,0.000000,0.000000,1.000000,0.000000
35,71,-1.225000,3.575000,8,0.000000,0.000000,1.000000,0.000000,1.000000,0.000000,0.000000
36,71,-1.175000,3.575000,13,0.000000,0.000000,1.000000,0.000000,1.000000,0.000000,0.000000
37,71,-1.125000,3.575000,16,0.000000,0.000000,1.000000,0.000000,1.000000,0.000000,0.000000
38,71,-1.075000,3.575000,7,0.000000,0.000000,1.000000,0.000000,1.000000,0.000000,0.000000
39,71,-1.025000,3.575000,7,0.000000,0.000000,1.000000,0.000000,1.000000,0.000000,0.000000
40,71,-0.975000,3.575000,8,0.000000,0.000000,1.000000,0.000000,1.000000,0.000000,0.000000
41,71,-0.925000,3.575000,3,0.000000,0.000000,1.000000,0.000000,1.000000,0.000000,0.000000
42,71,-0.875000,3.575000,4,0.000000,0.000000,1.000000,0.000000,1.000000,0.000000,0.000000
43,71,-0.825000,3.575000,2,0.000000,0.000000,1.000000,0.000000,1.000000,0.000000,0.000000
44,71,-0.775000,3.575000,2,0.000000,0.000000,1.000000,0.000000,1.000000,0.000000,0.000000
45,71,-0.725000,3.575000,3,0.000000,0.000000,1.000000,0.000000,1.000000,0.000000,0.000000
46,71,-0.675000,3.575000,7,0.000000,0.000000,1.000000,0.000000,1.000000,0.000000,0.000000
47,71,-0.625000,3.575000,4,0.000000,0.000000,1.000000,0.000000,1.000000,0.000000,0.000000
48,71,-0.575000,3.575000,3,0.000000,0.000000,1.000000,0.000000,1.000000,0.000000,0.000000
49,71,-0.525000,3.575000,3,0.000000,0.000000,1.000000,0.000000,1.000000,0.000000,0.000000
50,71,-0.475000,3.575000,4,0.000000,0.000000,1.000000,0.000000,1.000000,0.000000,0.000000
51,71,-0.425000,3.575000,6,0.000000,0.000000,1.000000,0.000000,1.000000,0.000000,0.000000
52,71,-0.375000,3.575000,4,0.000000,0.000000,1.000000,0.000000,1.000000,0.000000,0.000000
53,71,-0.325000,3.575000,4,0.000000,0.000000,1.000000,0.000000,1.000000,0.000000,0.000000
54,71,-0.275000,3.575000,4,0.000000,0.000000,1.000000,0.000000,1.000000,0.000000,0.000000
55,71,-0.225000,3.575000,6,0.000000,0.000000,1.000000,0.000000,1.000000,0.000000,0.000000
56,71,-0.175000,3.575000,11,0.000000,0.000000,1.000000,0.000000,1.000000,0.000000,0.000000
57,71,-0.125000,3.575000,3,0.000000,0.000000,1.000000,0.000000,1.000000,0.000000,0.000000
58,71,-0.075000,3.575000,2,0.000000,0.000000,1.000000,0.000000,1.000000,0.000000,0.000000
59,71,-0.025000,3.575000,3,0.000000,0.000000,1.000000,0.000000,1.000000,0.000000,0.000000
60,71,0.025000,3.575000,8,0.000000,0.000000,1.000000,0.000000,1.000000,0.000000,0.000000
61,71,0.075000,3.575000,5,0.000000,0.000000,1.000000,0.000000,1.000000,0.000000,0.000000
62,71,0.125000,3.575000,43,0.000000,0.000000,1.000000,0.000000,1.000000,0.000000,0.000000
63,71,0.175000,3.575000,4,0.000000,0.000000,1.000000,0.000000,1.000000,0.000000,0.000000
64,71,0.225000,3.575000,3,0.000000,0.000000,1.000000,0.000000,1.000000,0.000000,0.000000
65,71,0.275000,3.575000,4,0.000000,0.000000,1.000000,0.000000,1.000000,0.000000,0.000000
66,71,0.325000,3.575000,3,0.000000,0.000000,1.000000,0.000000,1.000000,0.000000,0.000000
67,71,0.375000,3.575000,6,0.000000,0.000000,1.000000,0.000000,1.000000,0.000000,0.000000
68,71,0.425000,3.575000,1,0.000000,0.000000,1.000000,0.000000,1.000000,0.000000,0.000000
70,71,0.525000,3.575000,8,0.000000,0.000000,1.000000,0.000000,1.000000,0.000000,0.000000
71,71,0.575000,3.575000,5,0.000000,0.000000,1.000000,0.000000,1.000000,0.000000,0.000000
72,71,0.625000,3.575000,5,0.000000,0.000000,1.000000,0.000000,1.000000,0.000000,0.000000
73,71,0.675000,3.575000,6,0.000000,0.000000,1.000000,0.000000,1.000000,0.000000,0.000000
74,71,0.725000,3.575000,3,0.000000,0.000000,1.000000,0.000000,1.000000,0.000000,0.000000
75,71,0.775000,3.575000,6,0.000000,0.000000,1.000000,0.000000,1.000000,0.000000,0.000000
76,71,0.825000,3.575000,6,0.000000,0.000000,1.000000,0.000000,1.000000,0.000000,0.000000
77,71,0.875000,3.575000,12,0.000000,0.000000,1.000000,0.000000,1.000000,0.000000,0.000000
78,71,0.925000,3.575000,12,0.000000,0.000000,1.000000,0.000000,1.000000,0.000000,0.000000
79,71,0.975000,3.575000,8,0.000000,0.000000,1.000000,0.000000,1.000000,0.000000,0.000000
80,71,1.025000,3.575000,7,0.000000,0.000000,1.000000,0.000000,1.000000,0.000000,0.000000
81,71,1.075000,3.575000,1,0.000000,0.000000,1.000000,0.000000,1.000000,0.000000,0.000000
85,71,1.275000,3.575000,24,0.000000,0.000000,1.000000,0.000000,1.000000,0.000000,0.000000
86,71,1.325000,3.575000,6,0.000000,0.000000,1.000000,0.000000,1.000000,0.000000,0.000000
87,71,1.375000,3.575000,20,0.000000,0.000000,1.000000,0.000000,1.000000,0.000000,0.000000
88,71,1.425000,3.575000,10,0.000000,0.000000,1.000000,0.000000,1.000000,0.000000,0.000000
89,71,1.475000,3.575000,12,0.000000,0.000000,1.000000,0.000000,1.000000,0.000000,0.000000
90,71,1.525000,3.575000,26,0.000000,0.000000,1.000000,0.000000,1.000000,0.000000,0.000000
91,71,1.575000,3.575000,8,0.000000,0.000000,1.000000,0.000000,1.000000,0.000000,0.000000
92,71,1.625000,3.575000,3,0.000000,0.000000,1.000000,0.000000,1.000000,0.000000,0.000000
93,71,1.675000,3.575000,6,0.000000,0.000000,1.000000,0.000000,1.000000,0.000000,0.000000
94,71,1.725000,3.575000,12,0.000000,0.000000,1.000000,0.000000,1.000000,0.000000,0.000000
95,71,1.775000,3.575000,6,0.000000,0.000000,1.000000,0.000000,1.000000,0.000000,0.000000
96,71,1.825000,3.575000,9,0.000000,0.000000,1.000000,0.000000,1.000000,0.000000,0.000000
97,71,1.875000,3.575000,11,0.000000,0.000000,1.000000,0.000000,1.000000,0.000000,0.000000
98,71,1.925000,3.575000,21,0.000000,0.000000,1.000000,0.000000,1.000000,0.000000,0.000000
99,71,1.975000,3.575000,17,0.000000,0.000000,1.000000,0.000000,1.000000,0.000000,0.000000
17,72,-2.125000,3.625000,29,0.000000,0.000000,1.000000,0.000000,0.000000,1.000000,0.000000
18,72,-2.075000,3.625000,23,0.000000,0.000000,1.000000,0.000000,0.000000,1.000000,0.000000
19,72,-2.025000,3.625000,32,0.000000,0.000000,1.000000,0.000000,0.000000,1.000000,0.000000
20,72,-1.975000,3.625000,13,0.000000,0.000000,1.000000,0.000000,0.000000,1.000000,0.000000
21,72,-1.925000,3.625000,7,0.000000,0.000000,1.000000,0.000000,0.000000,1.000000,0.000000
22,72,-1.875000,3.625000,11,0.000000,0.000000,1.000000,0.000000,0.000000,1.000000,0.000000
23,72,-1.825000,3.625000,10,0.000000,0.000000,1.000000,0.000000,0.000000,1.000000,0.000000
24,72,-1.775000,3.625000,5,0.000000,0.000000,1.000000,0.000000,0.000000,1.000000,0.000000
25,72,-1.725000,3.625000,19,0.000000,0.000000,1.000000,0.000000,0.000000,1.000000,0.000000
26,72,-1.675000,3.625000,15,0.000000,0.000000,1.000000,0.000000,0.000000,1.000000,0.000000
27,72,-1.625000,3.625000,7,0.000000,0.000000,1.000000,0.000000,0.000000,1.000000,0.000000
28,72,-1.575000,3.625000,35,0.000000,0.000000,1.000000,0.000000,0.000000,1.000000,0.000000
29,72,-1.525000,3.625000,1,0.000000,0.000000,1.000000,0.000000,0.000000,1.000000,0.000000
30,72,-1.475000,3.625000,11,0.000000,0.000000,1.000000,0.000000,0.000000,1.000000,0.000000
33,72,-1.325000,3.625000,2,0.000000,0.000000,1.000000,0.000000,1.000000,0.000000,0.000000
34,72,-1.275000,3.625000,14,0.000000,0.000000,1.000000,0.000000,1.000000,0.000000,0.000000
35,72,-1.225000,3.625000,13,0.000000,0.000000,1.000000,0.000000,1.000000,0.000000,0.000000
36,72,-1.175000,3.625000,7,0.000000,0.000000,1.000000,0.000000,1.000000,0.000000,0.000000
37,72,-1.125000,3.625000,5,0.000000,0.000000,1.000000,0.000000,1.000000,0.000000,0.000000
38,72,-1.075000,3.625000,7,0.000000,0.000000,1.000000,0.000000,1.000000,0.000000,0.000000
39,72,-1.025000,3.625000,8,0.000000,0.000000,1.000000,0.000000,1.000000,0.000000,0.000000
40,72,-0.975000,3.625000,7,0.000000,0.000000,1.000000,0.000000,1.000000,0.000000,0.000000
41,72,-0.925000,3.625000,7,0.000000,0.000000,1.000000,0.000000,1.000000,0.000000,0.000000
42,72,-0.875000,3.625000,3,0.000000,0.000000,1.000000,0.000000,1.000000,0.000000,0.000000
43,72,-0.825000,3.625000,3,0.000000,0.000000,1.000000,0.000000,1.000000,0.000000,0.000000
44,72,-0.775000,3.625000,8,0.000000,0.000000,1.000000,0.000000,1.000000,0.000000,0.000000
45,72,-0.725000,3.625000,5,0.000000,0.000000,1.000000,0.000000,1.000000,0.000000,0.000000
46,72,-0.675000,3.625000,5,0.000000,0.000000,1.000000,0.000000,1.000000,0.000000,0.000000
47,72,-0.625000,3.625000,14,0.000000,0.000000,1.000000,0.000000,1.000000,0.000000,0.000000
49,72,-0.525000,3.625000,1,0.000000,0.000000,1.000000,0.000000,1.000000,0.000000,0.000000
50,72,-0.475000,3.625000,7,0.000000,0.000000,1.000000,0.000000,1.000000,0.000000,0.000000
51,72,-0.425000,3.625000,1,0.000000,0.000000,1.000000,0.000000,1.000000,0.000000,0.000000
52,72,-0.375000,3.625000,2,0.000000,0.000000,1.000000,0.000000,1.000000,0.000000,0.000000
53,72,-0.325000,3.625000,3,0.000000,0.000000,1.000000,0.000000,1.000000,0.000000,0.000000
54,72,-0.275000,3.625000,4,0.000000,0.000000,1.000000,0.000000,1.000000,0.000000,0.000000
55,72,-0.225000,3.625000,5,0.000000,0.000000,1.000000,0.000000,1.000000,0.000000,0.000000
56,72,-0.175000,3.625000,13,0.000000,0.000000,1.000000,0.000000,1.000000,0.000000,0.000000
57,72,-0.125000,3.625000,5,0.000000,0.000000,1.000000,0.000000,1.000000,0.000000,0.000000
58,72,-0.075000,3.625000,6,0.000000,0.000000,1.000000,0.000000,1.000000,0.000000,0.000000
59,72,-0.025000,3.625000,6,0.000000,0.000000,1.000000,0.000000,1.000000,0.000000,0.000000
60,72,0.025000,3.625000,6,0.000000,0.000000,1.000000,0.000000,1.000000,0.000000,0.000000
61,72,0.075000,3.625000,8,0.000000,0.000000,1.000000,0.000000,1.000000,0.000000,0.000000
62,72,0.125000,3.625000,46,0.000000,0.000000,1.000000,0.000000,1.000000,0.000000,0.000000
63,72,0.175000,3.625000,9,0.000000,0.000000,1.000000,0.000000,1.000000,0.000000,0.000000
64,72,0.225000,3.625000,3,0.000000,0.000000,1.000000,0.000000,1.000000,0.000000,0.000000
65,72,0.275000,3.625000,4,0.000000,0.000000,1.000000,0.000000,1.000000,0.000000,0.000000
66,72,0.325000,3.625000,5,0.000000,0.000000,1.000000,0.000000,1.000000,0.000000,0.000000
67,72,0.375000,3.625000,7,0.000000,0.000000,1.000000,0.000000,1.000000,0.000000,0.000000
68,72,0.425000,3.625000,3,0.000000,0.000000,1.000000,0.000000,1.000000,0.000000,0.000000
70,72,0.525000,3.625000,1,0.000000,0.000000,1.000000,0.000000,1.000000,0.000000,0.000000
71,72,0.575000,3.625000,11,0.000000,0.000000,1.000000,0.000000,1.000000,0.000000,0.000000
72,72,0.625000,3.625000,8,0.000000,0.000000,1.000000,0.000000,1.000000,0.000000,0.000000
73,72,0.675000,3.625000,5,0.000000,0.000000,1.000000,0.000000,1.000000,0.000000,0.000000
74,72,0.725000,3.625000,10,0.000000,0.000000,1.000000,0.000000,1.000000,0.000000,0.000000
75,72,0.775000,3.625000,8,0.000000,0.000000,1.000000,0.000000,1.000000,0.000000,0.000000
76,72,0.825000,3.625000,17,0.000000,0.000000,1.000000,0.000000,1.000000,0.000000,0.000000
77,72,0.875000,3.625000,3,0.000000,0.000000,1.000000,0.000000,1.000000,0.000000,0.000000
78,72,0.925000,3.625000,12,0.000000,0.000000,1.000000,0.000000,1.000000,0.000000,0.000000
79,72,0.975000,3.625000,7,0.000000,0.000000,1.000000,0.000000,1.000000,0.000000,0.000000
80,72,1.025000,3.625000,8,0.000000,0.000000,1.000000,0.000000,1.000000,0.000000,0.000000
81,72,1.075000,3.625000,5,0.000000,0.000000,1.000000,0.000000,1.000000,0.000000,0.000000
82,72,1.125000,3.625000,7,0.000000,0.000000,1.000000,0.000000,1.000000,0.000000,0.000000
83,72,1.175000,3.625000,6,0.000000,0.000000,1.000000,0.000000,1.000000,0.000000,0.000000
87,72,1.375000,3.625000,8,0.000000,0.000000,1.000000,0.000000,1.000000,0.000000,0.000000
88,72,1.425000,3.625000,18,0.000000,0.000000,1.000000,0.000000,1.000000,0.000000,0.000000
89,72,1.475000,3.625000,12,0.000000,0.000000,1.000000,0.000000,1.000000,0.000000,0.000000
90,72,1.525000,3.625000,14,0.000000,0.000000,1.000000,0.000000,1.000000,0.000000,0.000000
91,72,1.575000,3.625000,9,0.000000,0.000000,1.000000,0.000000,1.000000,0.000000,0.000000
92,72,1.625000,3.625000,11,0.000000,0.000000,1.000000,0.000000,1.000000,0.000000,0.000000
93,72,1.675000,3.625000,8,0.000000,0.000000,1.000000,0.000000,1.000000,0.000000,0.000000
94,72,1.725000,3.625000,2,0.000000,0.000000,1.000000,0.000000,1.000000,0.000000,0.000000
95,72,1.775000,3.625000,20,0.000000,0.000000,1.000000,0.000000,1.000000,0.000000,0.000000
96,72,1.825000,3.625000,10,0.000000,0.000000,1.000000,0.000000,1.000000,0.000000,0.000000
97,72,1.875000,3.625000,13,0.000000,0.000000,1.000000,0.000000,1.000000,0.000000,0.000000
98,72,1.925000,3.625000,25,0.000000,0.000000,1.000000,0.000000,1.000000,0.000000,0.000000
99,72,1.975000,3.625000,16,0.000000,0.000000,1.000000,0.000000,1.000000,0.000000,0.000000
100,72,2.025000,3.625000,30,0.000000,0.000000,1.000000,0.000000,1.000000,0.000000,0.000000
101,72,2.075000,3.625000,1,0.000000,0.000000,1.000000,0.000000,1.000000,0.000000,0.000000
17,73,-2.125000,3.675000,20,0.000000,0.000000,1.000000,0.000000,0.000000,1.000000,0.000000
18,73,-2.075000,3.675000,17,0.000000,0.000000,1.000000,0.000000,0.000000,1.000000,0.000000
19,73,-2.025000,3.675000,11,0.000000,0.000000,1.000000,0.000000,0.000000,1.000000,0.000000
20,73,-1.975000,3.675000,5,0.000000,0.000000,1.000000,0.000000,0.000000,1.000000,0.000000
21,73,-1.925000,3.675000,10,0.000000,0.000000,1.000000,0.000000,0.000000,1.000000,0.000000
22,73,-1.875000,3.675000,12,0.000000,0.000000,1.000000,0.000000,0.000000,1.000000,0.000000
23,73,-1.825000,3.675000,22,0.000000,0.000000,1.000000,0.000000,0.000000,1.000000,0.000000
24,73,-1.775000,3.675000,5,0.000000,0.000000,1.000000,0.000000,0.000000,1.000000,0.000000
25,73,-1.725000,3.675000,23,0.000000,0.000000,1.000000,0.000000,0.000000,1.000000,0.000000
26,73,-1.675000,3.675000,16,0.000000,0.000000,1.000000,0.000000,0.000000,1.000000,0.000000
27,73,-1.625000,3.675000,9,0.000000,0.000000,1.000000,0.000000,0.000000,1.000000,0.000000
28,73,-1.575000,3.675000,16,0.000000,0.000000,1.000000,0.000000,0.000000,1.000000,0.000000
32,73,-1.375000,3.675000,1,0.000000,0.000000,1.000000,0.000000,1.000000,0.000000,0.000000
33,73,-1.325000,3.675000,35,0.000000,0.000000,1.000000,0.000000,1.000000,0.000000,0.000000
34,73,-1.275000,3.675000,16,0.000000,0.000000,1.000000,0.000000,1.000000,0.000000,0.000000
35,73,-1.225000,3.675000,13,0.000000,0.000000,1.000000,0.000000,1.000000,0.000000,0.000000
36,73,-1.175000,3.675000,17,0.000000,0.000000,1.000000,0.000000,1.000000,0.000000,0.000000
37,73,-1.125000,3.675000,12,0.000000,0.000000,1.000000,0.000000,1.000000,0.000000,0.000000
38,73,-1.075000,3.675000,11,0.000000,0.000000,1.000000,0.000000,1.000000,0.000000,0.000000
39,73,-1.025000,3.675000,15,0.000000,0.000000,1.000000,0.000000,1.000000,0.000000,0.000000
40,73,-0.975000,3.675000,9,0.000000,0.000000,1.000000,0.000000,1.000000,0.000000,0.000000
41,73,-0.925000,3.675000,5,0.000000,0.000000,1.000000,0.000000,1.000000,0.000000,0.000000
42,73,-0.875000,3.675000,10,0.000000,0.000000,1.000000,0.000000,1.000000,0.000000,0.000000
44,73,-0.775000,3.675000,8,0.000000,0.000000,1.000000,0.000000,1.000000,0.000000,0.000000
45,73,-0.725000,3.675000,5,0.000000,0.000000,1.000000,0.000000,1.000000,0.000000,0.000000
46,73,-0.675000,3.675000,12,0.000000,0.000000,1.000000,0.000000,1.000000,0.000000,0.000000
47,73,-0.625000,3.675000,5,0.000000,0.000000,1.000000,0.000000,1.000000,0.000000,0.000000
49,73,-0.525000,3.675000,5,0.000000,0.000000,1.000000,0.000000,1.000000,0.000000,0.000000
50,73,-0.475000,3.675000,3,0.000000,0.000000,1.000000,0.000000,1.000000,0.000000,0.000000
51,73,-0.425000,3.675000,3,0.000000,0.000000,1.000000,0.000000,1.000000,0.000000,0.000000
52,73,-0.375000,3.675000,3,0.000000,0.000000,1.000000,0.000000,1.000000,0.000000,0.000000
53,73,-0.325000,3.675000,5,0.000000,0.000000,1.000000,0.000000,1.000000,0.000000,0.000000
54,73,-0.275000,3.675000,10,0.000000,0.000000,1.000000,0.000000,1.000000,0.000000,0.000000
55,73,-0.225000,3.675000,6,0.000000,0.000000,1.000000,0.000000,1.000000,0.000000,0.000000
56,73,-0.175000,3.675000,11,0.000000,0.000000,1.000000,0.000000,1.000000,0.000000,0.000000
57,73,-0.125000,3.675000,10,0.000000,0.000000,1.000000,0.000000,1.000000,0.000000,0.000000
58,73,-0.075000,3.675000,3,0.000000,0.000000,1.000000,0.000000,1.000000,0.000000,0.000000
59,73,-0.025000,3.675000,2,0.000000,0.000000,1.000000,0.000000,1.000000,0.000000,0.000000
60,73,0.025000,3.675000,6,0.000000,0.000000,1.000000,0.000000,1.000000,0.000000,0.000000
62,73,0.125000,3.675000,59,0.000000,0.000000,1.000000,0.000000,1.000000,0.000000,0.000000
63,73,0.175000,3.675000,7,0.000000,0.000000,1.000000,0.000000,1.000000,0.000000,0.000000
64,73,0.225000,3.675000,2,0.000000,0.000000,1.000000,0.000000,1.000000,0.000000,0.000000
65,73,0.275000,3.675000,1,0.000000,0.000000,1.000000,0.000000,1.000000,0.000000,0.000000
66,73,0.325000,3.675000,6,0.000000,0.000000,1.000000,0.000000,1.000000,0.000000,0.000000
67,73,0.375000,3.675000,10,0.000000,0.000000,1.000000,0.000000,1.000000,0.000000,0.000000
68,73,0.425000,3.675000,9,0.000000,0.000000,1.000000,0.000000,1.000000,0.000000,0.000000
69,73,0.475000,3.675000,2,0.000000,0.000000,1.000000,0.000000,1.000000,0.000000,0.000000
71,73,0.575000,3.675000,5,0.000000,0.000000,1.000000,0.000000,1.000000,0.000000,0.000000
72,73,0.625000,3.675000,10,0.000000,0.000000,1.000000,0.000000,1.000000,0.000000,0.000000
73,73,0.675000,3.675000,2,0.000000,0.000000,1.000000,0.000000,1.000000,0.000000,0.000000
76,73,0.825000,3.675000,1,0.000000,0.000000,1.000000,0.000000,1.000000,0.000000,0.000000
77,73,0.875000,3.675000,5,0.000000,0.000000,1.000000,0.000000,1.000000,0.000000,0.000000
78,73,0.925000,3.675000,1,0.000000,0.000000,1.000000,0.000000,1.000000,0.000000,0.000000
79,73,0.975000,3.675000,3,0.000000,0.000000,1.000000,0.000000,1.000000,0.000000,0.000000
80,73,1.025000,3.675000,4,0.000000,0.000000,1.000000,0.000000,1.000000,0.000000,0.000000
81,73,1.075000,3.675000,4,0.000000,0.000000,1.000000,0.000000,1.000000,0.000000,0.000000
82,73,1.125000,3.675000,4,0.000000,0.000000,1.000000,0.000000,1.000000,0.000000,0.000000
83,73,1.175000,3.675000,8,0.000000,0.000000,1.000000,0.000000,1.000000,0.000000,0.000000
84,73,1.225000,3.675000,12,0.000000,0.000000,1.000000,0.000000,1.000000,0.000000,0.000000
85,73,1.275000,3.675000,11,0.000000,0.000000,1.000000,0.000000,1.000000,0.000000,0.000000
86,73,1.325000,3.675000,5,0.000000,0.000000,1.000000,0.000000,1.000000,0.000000,0.000000
88,73,1.425000,3.675000,41,0.000000,0.000000,1.000000,0.000000,1.000000,0.000000,0.000000
89,73,1.475000,3.675000,2,0.000000,0.000000,1.000000,0.000000,1.000000,0.000000,0.000000
90,73,1.525000,3.675000,29,0.000000,0.000000,1.000000,0.000000,1.000000,0.000000,0.000000
91,73,1.575000,3.675000,13,0.000000,0.000000,1.000000,0.000000,1.000000,0.000000,0.000000
92,73,1.625000,3.675000,9,0.000000,0.000000,1.000000,0.000000,1.000000,0.000000,0.000000
93,73,1.675000,3.675000,17,0.000000,0.000000,1.000000,0.000000,1.000000,0.000000,0.000000
94,73,1.725000,3.675000,8,0.000000,0.000000,1.000000,0.000000,1.000000,0.000000,0.000000
95,73,1.775000,3.675000,16,0.000000,0.000000,1.000000,0.000000,1.000000,0.000000,0.000000
96,73,1.825000,3.675000,10,0.000000,0.000000,1.000000,0.000000,1.000000,0.000000,0.000000
97,73,1.875000,3.675000,6,0.000000,0.000000,1.000000,0.000000,1.000000,0.000000,0.000000
98,73,1.925000,3.675000,14,0.000000,0.000000,1.000000,0.000000,1.000000,0.000000,0.000000
99,73,1.975000,3.675000,13,0.000000,0.000000,1.000000,0.000000,1.000000,0.000000,0.000000
100,73,2.025000,3.675000,9,0.000000,0.000000,1.000000,0.000000,1.000000,0.000000,0.000000
101,73,2.075000,3.675000,20,0.000000,0.000000,1.000000,0.000000,1.000000,0.000000,0.000000
16,74,-2.175000,3.725000,2,0.000000,0.000000,1.000000,0.000000,0.000000,1.000000,0.000000
17,74,-2.125000,3.725000,29,0.000000,0.000000,1.000000,0.000000,0.000000,1.000000,0.000000
18,74,-2.075000,3.725000,16,0.000000,0.000000,1.000000,0.000000,0.000000,1.000000,0.000000
19,74,-2.025000,3.725000,19,0.000000,0.000000,1.000000,0.000000,0.000000,1.000000,0.000000
20,74,-1.975000,3.725000,19,0.000000,0.000000,1.000000,0.000000,0.000000,1.000000,0.000000
21,74,-1.925000,3.725000,16,0.000000,0.000000,1.000000,0.000000,0.000000,1.000000,0.000000
22,74,-1.875000,3.725000,8,0.000000,0.000000,1.000000,0.000000,0.000000,1.000000,0.000000
23,74,-1.825000,3.725000,17,0.000000,0.000000,1.000000,0.000000,0.000000,1.000000,0.000000
24,74,-1.775000,3.725000,12,0.000000,0.000000,1.000000,0.000000,0.000000,1.000000,0.000000
25,74,-1.725000,3.725000,7,0.000000,0.000000,1.000000,0.000000,0.000000,1.000000,0.000000
26,74,-1.675000,3.725000,31,0.000000,0.000000,1.000000,0.000000,0.000000,1.000000,0.000000
27,74,-1.625000,3.725000,6,0.000000,0.000000,1.000000,0.000000,0.000000,1.000000,0.000000
28,74,-1.575000,3.725000,5,0.000000,0.000000,1.000000,0.000000,0.000000,1.000000,0.000000
32,74,-1.375000,3.725000,26,0.000000,0.000000,1.000000,0.000000,1.000000,0.000000,0.000000
33,74,-1.325000,3.725000,9,0.000000,0.000000,1.000000,0.000000,1.000000,0.000000,0.000000
36,74,-1.175000,3.725000,3,0.000000,0.000000,1.000000,0.000000,1.000000,0.000000,0.000000
37,74,-1.125000,3.725000,12,0.000000,0.000000,1.000000,0.000000,1.000000,0.000000,0.000000
38,74,-1.075000,3.725000,7,0.000000,0.000000,1.000000,0.000000,1.000000,0.000000,0.000000
39,74,-1.025000,3.725000,8,0.000000,0.000000,1.000000,0.000000,1.000000,0.000000,0.000000
40,74,-0.975000,3.725000,6,0.000000,0.000000,1.000000,0.000000,1.000000,0.000000,0.000000
41,74,-0.925000,3.725000,5,0.000000,0.000000,1.000000,0.000000,1.000000,0.000000,0.000000
42,74,-0.875000,3.725000,1,0.000000,0.000000,1.000000,0.000000,1.000000,0.000000,0.000000
43,74,-0.825000,3.725000,4,0.000000,0.000000,1.000000,0.000000,1.000000,0.000000,0.000000
44,74,-0.775000,3.725000,5,0.000000,0.000000,1.000000,0.000000,1.000000,0.000000,0.000000
45,74,-0.725000,3.725000,10,0.000000,0.000000,1.000000,0.000000,1.000000,0.000000,0.000000
46,74,-0.675000,3.725000,7,0.000000,0.000000,1.000000,0.000000,1.000000,0.000000,0.000000
47,74,-0.625000,3.725000,3,0.000000,0.000000,1.000000,0.000000,1.000000,0.000000,0.000000
48,74,-0.575000,3.725000,2,0.000000,0.000000,1.000000,0.000000,1.000000,0.000000,0.000000
49,74,-0.525000,3.725000,1,0.000000,0.000000,1.000000,0.000000,1.000000,0.000000,0.000000
50,74,-0.475000,3.725000,9,0.000000,0.000000,1.000000,0.000000,1.000000,0.000000,0.000000
51,74,-0.425000,3.725000,3,0.000000,0.000000,1.000000,0.000000,1.000000,0.000000,0.000000
52,74,-0.375000,3.725000,4,0.000000,0.000000,1.000000,0.000000,1.000000,0.000000,0.000000
53,74,-0.325000,3.725000,4,0.000000,0.000000,1.000000,0.000000,1.000000,0.000000,0.000000
54,74,-0.275000,3.725000,4,0.000000,0.000000,1.000000,0.000000,1.000000,0.000000,0.000000
55,74,-0.225000,3.725000,12,0.000000,0.000000,1.000000,0.000000,1.000000,0.000000,0.000000
56,74,-0.175000,3.725000,4,0.000000,0.000000,1.000000,0.000000,1.000000,0.000000,0.000000
57,74,-0.125000,3.725000,8,0.000000,0.000000,1.000000,0.000000,1.000000,0.000000,0.000000
58,74,-0.075000,3.725000,4,0.000000,0.000000,1.000000,0.000000,1.000000,0.000000,0.000000
59,74,-0.025000,3.725000,10,0.000000,0.000000,1.000000,0.000000,1.000000,0.000000,0.000000
60,74,0.025000,3.725000,3,0.000000,0.000000,1.000000,0.000000,1.000000,0.000000,0.000000
62,74,0.125000,3.725000,54,0.000000,0.000000,1.000000,0.000000,1.000000,0.000000,0.000000
63,74,0.175000,3.725000,3,0.000000,0.000000,1.000000,0.000000,1.000000,0.000000,0.000000
64,74,0.225000,3.725000,7,0.000000,0.000000,1.000000,0.000000,1.000000,0.000000,0.000000
65,74,0.275000,3.725000,4,0.000000,0.000000,1.000000,0.000000,1.000000,0.000000,0.000000
66,74,0.325000,3.725000,3,0.000000,0.000000,1.000000,0.000000,1.000000,0.000000,0.000000
67,74,0.375000,3.725000,3,0.000000,0.000000,1.000000,0.000000,1.000000,0.000000,0.000000
68,74,0.425000,3.725000,7,0.000000,0.000000,1.000000,0.000000,1.000000,0.000000,0.000000
69,74,0.475000,3.725000,2,0.000000,0.000000,1.000000,0.000000,1.000000,0.000000,0.000000
70,74,0.525000,3.725000,2,0.000000,0.000000,1.000000,0.000000,1.000000,0.000000,0.000000
71,74,0.575000,3.725000,1,0.000000,0.000000,1.000000,0.000000,1.000000,0.000000,0.000000
72,74,0.625000,3.725000,2,0.000000,0.000000,1.000000,0.000000,1.000000,0.000000,0.000000
73,74,0.675000,3.725000,6,0.000000,0.000000,1.000000,0.000000,1.000000,0.000000,0.000000
74,74,0.725000,3.725000,9,0.000000,0.000000,1.000000,0.000000,1.000000,0.000000,0.000000
75,74,0.775000,3.725000,2,0.000000,0.000000,1.000000,0.000000,1.000000,0.000000,0.000000
76,74,0.825000,3.725000,3,0.000000,0.000000,1.000000,0.000000,1.000000,0.000000,0.000000
77,74,0.875000,3.725000,3,0.000000,0.000000,1.000000,0.000000,1.000000,0.000000,0.000000
78,74,0.925000,3.725000,2,0.000000,0.000000,1.000000,0.000000,1.000000,0.000000,0.000000
79,74,0.975000,3.725000,6,0.000000,0.000000,1.000000,0.000000,1.000000,0.000000,0.000000
80,74,1.025000,3.725000,8,0.000000,0.000000,1.000000,0.000000,1.000000,0.000000,0.000000
81,74,1.075000,3.725000,14,0.000000,0.000000,1.000000,0.000000,1.000000,0.000000,0.000000
82,74,1.125000,3.725000,4,0.000000,0.000000,1.000000,0.000000,1.000000,0.000000,0.000000
83,74,1.175000,3.725000,8,0.000000,0.000000,1.000000,0.000000,1.000000,0.000000,0.000000
84,74,1.225000,3.725000,10,0.000000,0.000000,1.000000,0.000000,1.000000,0.000000,0.000000
85,74,1.275000,3.725000,16,0.000000,0.000000,1.000000,0.000000,1.000000,0.000000,0.000000
86,74,1.325000,3.725000,19,0.000000,0.000000,1.000000,0.000000,1.000000,0.000000,0.000000
87,74,1.375000,3.725000,8,0.000000,0.000000,1.000000,0.000000,1.000000,0.000000,0.000000
90,74,1.525000,3.725000,21,0.000000,0.000000,1.000000,0.000000,1.000000,0.000000,0.000000
91,74,1.575000,3.725000,8,0.000000,0.000000,1.000000,0.000000,1.000000,0.000000,0.000000
92,74,1.625000,3.725000,15,0.000000,0.000000,1.000000,0.000000,1.000000,0.000000,0.000000
93,74,1.675000,3.725000,19,0.000000,0.000000,1.000000,0.000000,1.000000,0.000000,0.000000
94,74,1.725000,3.725000,11,0.000000,0.000000,1.000000,0.000000,1.000000,0.000000,0.000000
95,74,1.775000,3.725000,14,0.000000,0.000000,1.000000,0.000000,1.000000,0.000000,0.000000
96,74,1.825000,3.725000,8,0.000000,0.000000,1.000000,0.000000,1.000000,0.000000,0.000000
97,74,1.875000,3.725000,16,0.000000,0.000000,1.000000,0.000000,1.000000,0.000000,0.000000
98,74,1.925000,3.725000,12,0.000000,0.000000,1.000000,0.000000,1.000000,0.000000,0.000000
99,74,1.975000,3.725000,10,0.000000,0.000000,1.000000,0.000000,1.000000,0.000000,0.000000
100,74,2.025000,3.725000,24,0.000000,0.000000,1.000000,0.000000,1.000000,0.000000,0.000000
101,74,2.075000,3.725000,7,0.000000,0.000000,1.000000,0.000000,1.000000,0.000000,0.000000
16,75,-2.175000,3.775000,25,0.000000,0.000000,1.000000,0.000000,0.000000,1.000000,0.000000
17,75,-2.125000,3.775000,18,0.000000,0.000000,1.000000,0.000000,0.000000,1.000000,0.000000
18,75,-2.075000,3.775000,15,0.000000,0.000000,1.000000,0.000000,0.000000,1.000000,0.000000
19,75,-2.025000,3.775000,14,0.000000,0.000000,1.000000,0.000000,0.000000,1.000000,0.000000
20,75,-1.975000,3.775000,7,0.000000,0.000000,1.000000,0.000000,0.000000,1.000000,0.000000
21,75,-1.925000,3.775000,13,0.000000,0.000000,1.000000,0.000000,0.000000,1.000000,0.000000
22,75,-1.875000,3.775000,11,0.000000,0.000000,1.000000,0.000000,0.000000,1.000000,0.000000
23,75,-1.825000,3.775000,16,0.000000,0.000000,1.000000,0.000000,0.000000,1.000000,0.000000
24,75,-1.775000,3.775000,24,0.000000,0.000000,1.000000,0.000000,0.000000,1.000000,0.000000
25,75,-1.725000,3.775000,11,0.000000,0.000000,1.000000,0.000000,0.000000,1.000000,0.000000
26,75,-1.675000,3.775000,41,0.000000,0.000000,1.000000,0.000000,0.000000,1.000000,0.000000
34,75,-1.275000,3.775000,1,0.000000,0.000000,1.000000,0.000000,1.000000,0.000000,0.000000
35,75,-1.225000,3.775000,5,0.000000,0.000000,1.000000,0.000000,1.000000,0.000000,0.000000
36,75,-1.175000,3.775000,8,0.000000,0.000000,1.000000,0.000000,1.000000,0.000000,0.000000
37,75,-1.125000,3.775000,12,0.000000,0.000000,1.000000,0.000000,1.000000,0.000000,0.000000
38,75,-1.075000,3.775000,6,0.000000,0.000000,1.000000,0.000000,1.000000,0.000000,0.000000
39,75,-1.025000,3.775000,3,0.000000,0.000000,1.000000,0.000000,1.000000,0.000000,0.000000
40,75,-0.975000,3.775000,5,0.000000,0.000000,1.000000,0.000000,1.000000,0.000000,0.000000
41,75,-0.925000,3.775000,2,0.000000,0.000000,1.000000,0.000000,1.000000,0.000000,0.000000
42,75,-0.875000,3.775000,1,0.000000,0.000000,1.000000,0.000000,1.000000,0.000000,0.000000
44,75,-0.775000,3.775000,9,0.000000,0.000000,1.000000,0.000000,1.000000,0.000000,0.000000
45,75,-0.725000,3.775000,8,0.000000,0.000000,1.000000,0.000000,1.000000,0.000000,0.000000
46,75,-0.675000,3.775000,2,0.000000,0.000000,1.000000,0.000000,1.000000,0.000000,0.000000
47,75,-0.625000,3.775000,4,0.000000,0.000000,1.000000,0.000000,1.000000,0.000000,0.000000
48,75,-0.575000,3.775000,2,0.000000,0.000000,1.000000,0.000000,1.000000,0.000000,0.000000
49,75,-0.525000,3.775000,5,0.000000,0.000000,1.000000,0.000000,1.000000,0.000000,0.000000
50,75,-0.475000,3.775000,14,0.000000,0.000000,1.000000,0.000000,1.000000,0.000000,0.000000
51,75,-0.425000,3.775000,9,0.000000,0.000000,1.000000,0.000000,1.000000,0.000000,0.000000
52,75,-0.375000,3.775000,3,0.000000,0.000000,1.000000,0.000000,1.000000,0.000000,0.000000
53,75,-0.325000,3.775000,6,0.000000,0.000000,1.000000,0.000000,1.000000,0.000000,0.000000
54,75,-0.275000,3.775000,2,0.000000,0.000000,1.000000,0.000000,1.000000,0.000000,0.000000
55,75,-0.225000,3.775000,6,0.000000,0.000000,1.000000,0.000000,1.000000,0.000000,0.000000
56,75,-0.175000,3.775000,10,0.000000,0.000000,1.000000,0.000000,1.000000,0.000000,0.000000
57,75,-0.125000,3.775000,4,0.000000,0.000000,1.000000,0.000000,1.000000,0.000000,0.000000
58,75,-0.075000,3.775000,3,0.000000,0.000000,1.000000,0.000000,1.000000,0.000000,0.000000
59,75,-0.025000,3.775000,7,0.000000,0.000000,1.000000,0.000000,1.000000,0.000000,0.000000
62,75,0.125000,3.775000,51,0.000000,0.000000,1.000000,0.000000,1.000000,0.000000,0.000000
64,75,0.225000,3.775000,7,0.000000,0.000000,1.000000,0.000000,1.000000,0.000000,0.000000
65,75,0.275000,3.775000,5,0.000000,0.000000,1.000000,0.000000,1.000000,0.000000,0.000000
66,75,0.325000,3.775000,2,0.000000,0.000000,1.000000,0.000000,1.000000,0.000000,0.000000
67,75,0.375000,3.775000,5,0.000000,0.000000,1.000000,0.000000,1.000000,0.000000,0.000000
68,75,0.425000,3.775000,7,0.000000,0.000000,1.000000,0.000000,1.000000,0.000000,0.000000
69,75,0.475000,3.775000,4,0.000000,0.000000,1.000000,0.000000,1.000000,0.000000,0.000000
70,75,0.525000,3.775000,3,0.000000,0.000000,1.000000,0.000000,1.000000,0.000000,0.000000
71,75,0.575000,3.775000,7,0.000000,0.000000,1.000000,0.000000,1.000000,0.000000,0.000000
72,75,0.625000,3.775000,4,0.000000,0.000000,1.000000,0.000000,1.000000,0.000000,0.000000
73,75,0.675000,3.775000,4,0.000000,0.000000,1.000000,0.000000,1.000000,0.000000,0.000000
75,75,0.775000,3.775000,8,0.000000,0.000000,1.000000,0.000000,1.000000,0.000000,0.000000
76,75,0.825000,3.775000,3,0.000000,0.000000,1.000000,0.000000,1.000000,0.000000,0.000000
77,75,0.875000,3.775000,4,0.000000,0.000000,1.000000,0.000000,1.000000,0.000000,0.000000
78,75,0.925000,3.775000,3,0.000000,0.000000,1.000000,0.000000,1.000000,0.000000,0.000000
79,75,0.975000,3.775000,1,0.000000,0.000000,1.000000,0.000000,1.000000,0.000000,0.000000
80,75,1.025000,3.775000,2,0.000000,0.000000,1.000000,0.000000,1.000000,0.000000,0.000000
81,75,1.075000,3.775000,9,0.000000,0.000000,1.000000,0.000000,1.000000,0.000000,0.000000
82,75,1.125000,3.775000,8,0.000000,0.000000,1.000000,0.000000,1.000000,0.000000,0.000000
83,75,1.175000,3.775000,14,0.000000,0.000000,1.000000,0.000000,1.000000,0.000000,0.000000
84,75,1.225000,3.775000,11,0.000000,0.000000,1.000000,0.000000,1.000000,0.000000,0.000000
85,75,1.275000,3.775000,13,0.000000,0.000000,1.000000,0.000000,1.000000,0.000000,0.000000
86,75,1.325000,3.775000,15,0.000000,0.000000,1.000000,0.000000,1.000000,0.000000,0.000000
87,75,1.375000,3.775000,29,0.000000,0.000000,1.000000,0.000000,1.000000,0.000000,0.000000
88,75,1.425000,3.775000,25,0.000000,0.000000,1.000000,0.000000,1.000000,0.000000,0.000000
90,75,1.525000,3.775000,3,0.000000,0.000000,1.000000,0.000000,1.000000,0.000000,0.000000
91,75,1.575000,3.775000,22,0.000000,0.000000,1.000000,0.000000,1.000000,0.000000,0.000000
92,75,1.625000,3.775000,15,0.000000,0.000000,1.000000,0.000000,1.000000,0.000000,0.000000
93,75,1.675000,3.775000,19,0.000000,0.000000,1.000000,0.000000,1.000000,0.000000,0.000000
94,75,1.725000,3.775000,13,0.000000,0.000000,1.000000,0.000000,1.000000,0.000000,0.000000
95,75,1.775000,3.775000,17,0.000000,0.000000,1.000000,0.000000,1.000000,0.000000,0.000000
96,75,1.825000,3.775000,10,0.000000,0.000000,1.000000,0.000000,1.000000,0.000000,0.000000
97,75,1.875000,3.775000,13,0.000000,0.000000,1.000000,0.000000,1.000000,0.000000,0.000000
98,75,1.925000,3.775000,10,0.000000,0.000000,1.000000,0.000000,1.000000,0.000000,0.000000
99,75,1.975000,3.775000,21,0.000000,0.000000,1.000000,0.000000,1.000000,0.000000,0.000000
100,75,2.025000,3.775000,25,0.000000,0.000000,1.000000,0.000000,1.000000,0.000000,0.000000
101,75,2.075000,3.775000,35,0.000000,0.000000,1.000000,0.000000,1.000000,0.000000,0.000000
102,75,2.125000,3.775000,12,0.000000,0.000000,1.000000,0.000000,1.000000,0.000000,0.000000
16,76,-2.175000,3.825000,3,0.000000,0.000000,1.000000,0.000000,0.000000,1.000000,0.000000
17,76,-2.125000,3.825000,27,0.000000,0.000000,1.000000,0.000000,0.000000,1.000000,0.000000
18,76,-2.075000,3.825000,29,0.000000,0.000000,1.000000,0.000000,0.000000,1.000000,0.000000
19,76,-2.025000,3.825000,11,0.000000,0.000000,1.000000,0.000000,0.000000,1.000000,0.000000
20,76,-1.975000,3.825000,26,0.000000,0.000000,1.000000,0.000000,0.000000,1.000000,0.000000
21,76,-1.925000,3.825000,9,0.000000,0.000000,1.000000,0.000000,0.000000,1.000000,0.000000
22,76,-1.875000,3.825000,19,0.000000,0.000000,1.000000,0.000000,0.000000,1.000000,0.000000
23,76,-1.825000,3.825000,17,0.000000,0.000000,1.000000,0.000000,0.000000,1.000000,0.000000
24,76,-1.775000,3.825000,31,0.000000,0.000000,1.000000,0.000000,0.000000,1.000000,0.000000
25,76,-1.725000,3.825000,8,0.000000,0.000000,1.000000,0.000000,0.000000,1.000000,0.000000
32,76,-1.375000,3.825000,1,0.000000,0.000000,1.000000,0.000000,1.000000,0.000000,0.000000
33,76,-1.325000,3.825000,11,0.000000,0.000000,1.000000,0.000000,1.000000,0.000000,0.000000
34,76,-1.275000,3.825000,14,0.000000,0.000000,1.000000,0.000000,1.000000,0.000000,0.000000
35,76,-1.225000,3.825000,9,0.000000,0.000000,1.000000,0.000000,1.000000,0.000000,0.000000
36,76,-1.175000,3.825000,11,0.000000,0.000000,1.000000,0.000000,1.000000,0.000000,0.000000
37,76,-1.125000,3.825000,4,0.000000,0.000000,1.000000,0.000000,1.000000,0.000000,0.000000
38,76,-1.075000,3.825000,9,0.000000,0.000000,1.000000,0.000000,1.000000,0.000000,0.000000
39,76,-1.025000,3.825000,1,0.000000,0.000000,1.000000,0.000000,1.000000,0.000000,0.000000
40,76,-0.975000,3.825000,4,0.000000,0.000000,1.000000,0.000000,1.000000,0.000000,0.000000
41,76,-0.925000,3.825000,3,0.000000,0.000000,1.000000,0.000000,1.000000,0.000000,0.000000
42,76,-0.875000,3.825000,4,0.000000,0.000000,1.000000,0.000000,1.000000,0.000000,0.000000
43,76,-0.825000,3.825000,5,0.000000,0.000000,1.000000,0.000000,1.000000,0.000000,0.000000
44,76,-0.775000,3.825000,5,0.000000,0.000000,1.000000,0.000000,1.000000,0.000000,0.000000
45,76,-0.725000,3.825000,2,0.000000,0.000000,1.000000,0.000000,1.000000,0.000000,0.000000
46,76,-0.675000,3.825000,8,0.000000,0.000000,1.000000,0.000000,1.000000,0.000000,0.000000
47,76,-0.625000,3.825000,3,0.000000,0.000000,1.000000,0.000000,1.000000,0.000000,0.000000
48,76,-0.575000,3.825000,5,0.000000,0.000000,1.000000,0.000000,1.000000,0.000000,0.000000
49,76,-0.525000,3.825000,3,0.000000,0.000000,1.000000,0.000000,1.000000,0.000000,0.000000
50,76,-0.475000,3.825000,11,0.000000,0.000000,1.000000,0.000000,1.000000,0.000000,0.000000
51,76,-0.425000,3.825000,5,0.000000,0.000000,1.000000,0.000000,1.000000,0.000000,0.000000
52,76,-0.375000,3.825000,9,0.000000,0.000000,1.000000,0.000000,1.000000,0.000000,0.000000
53,76,-0.325000,3.825000,11,0.000000,0.000000,1.000000,0.000000,1.000000,0.000000,0.000000
54,76,-0.275000,3.825000,8,0.000000,0.000000,1.000000,0.000000,1.000000,0.000000,0.000000
55,76,-0.225000,3.825000,4,0.000000,0.000000,1.000000,0.000000,1.000000,0.000000,0.000000
56,76,-0.175000,3.825000,12,0.000000,0.000000,1.000000,0.000000,1.000000,0.000000,0.000000
57,76,-0.125000,3.825000,9,0.000000,0.000000,1.000000,0.000000,1.000000,0.000000,0.000000
58,76,-0.075000,3.825000,8,0.000000,0.000000,1.000000,0.000000,1.000000,0.000000,0.000000
59,76,-0.025000,3.825000,11,0.000000,0.000000,1.000000,0.000000,1.000000,0.000000,0.000000
62,76,0.125000,3.825000,46,0.000000,0.000000,1.000000,0.000000,1.000000,0.000000,0.000000
64,76,0.225000,3.825000,7,0.000000,0.000000,1.000000,0.000000,1.000000,0.000000,0.000000
65,76,0.275000,3.825000,10,0.000000,0.000000,1.000000,0.000000,1.000000,0.000000,0.000000
66,76,0.325000,3.825000,5,0.000000,0.000000,1.000000,0.000000,1.000000,0.000000,0.000000
67,76,0.375000,3.825000,3,0.000000,0.000000,1.000000,0.000000,1.000000,0.000000,0.000000
68,76,0.425000,3.825000,5,0.000000,0.000000,1.000000,0.000000,1.000000,0.000000,0.000000
69,76,0.475000,3.825000,13,0.000000,0.000000,1.000000,0.000000,1.000000,0.000000,0.000000
70,76,0.525000,3.825000,7,0.000000,0.000000,1.000000,0.000000,1.000000,0.000000,0.000000
71,76,0.575000,3.825000,1,0.000000,0.000000,1.000000,0.000000,1.000000,0.000000,0.000000
72,76,0.625000,3.825000,6,0.000000,0.000000,1.000000,0.000000,1.000000,0.000000,0.000000
73,76,0.675000,3.825000,5,0.000000,0.000000,1.000000,0.000000,1.000000,0.000000,0.000000
74,76,0.725000,3.825000,2,0.000000,0.000000,1.000000,0.000000,1.000000,0.000000,0.000000
76,76,0.825000,3.825000,17,0.000000,0.000000,1.000000,0.000000,1.000000,0.000000,0.000000
77,76,0.875000,3.825000,6,0.000000,0.000000,1.000000,0.000000,1.000000,0.000000,0.000000
78,76,0.925000,3.825000,5,0.000000,0.000000,1.000000,0.000000,1.000000,0.000000,0.000000
79,76,0.975000,3.825000,2,0.000000,0.000000,1.000000,0.000000,1.000000,0.000000,0.000000
80,76,1.025000,3.825000,16,0.000000,0.000000,1.000000,0.000000,1.000000,0.000000,0.000000
81,76,1.075000,3.825000,9,0.000000,0.000000,1.000000,0.000000,1.000000,0.000000,0.000000
82,76,1.125000,3.825000,11,0.000000,0.000000,1.000000,0.000000,1.000000,0.000000,0.000000
83,76,1.175000,3.825000,6,0.000000,0.000000,1.000000,0.000000,1.000000,0.000000,0.000000
84,76,1.225000,3.825000,3,0.000000,0.000000,1.000000,0.000000,1.000000,0.000000,0.000000
85,76,1.275000,3.825000,7,0.000000,0.000000,1.000000,0.000000,1.000000,0.000000,0.000000
88,76,1.425000,3.825000,2,0.000000,0.000000,1.000000,0.000000,1.000000,0.000000,0.000000
92,76,1.625000,3.825000,5,0.000000,0.000000,1.000000,0.000000,1.000000,0.000000,0.000000
93,76,1.675000,3.825000,33,0.000000,0.000000,1.000000,0.000000,1.000000,0.000000,0.000000
94,76,1.725000,3.825000,15,0.000000,0.000000,1.000000,0.000000,1.000000,0.000000,0.000000
95,76,1.775000,3.825000,23,0.000000,0.000000,1.000000,0.000000,1.000000,0.000000,0.000000
96,76,1.825000,3.825000,21,0.000000,0.000000,1.000000,0.000000,1.000000,0.000000,0.000000
97,76,1.875000,3.825000,8,0.000000,0.000000,1.000000,0.000000,1.000000,0.000000,0.000000
98,76,1.925000,3.825000,11,0.000000,0.000000,1.000000,0.000000,1.000000,0.000000,0.000000
99,76,1.975000,3.825000,9,0.000000,0.000000,1.000000,0.000000,1.000000,0.000000,0.000000
100,76,2.025000,3.825000,18,0.000000,0.000000,1.000000,0.000000,1.000000,0.000000,0.000000
101,76,2.075000,3.825000,25,0.000000,0.000000,1.000000,0.000000,1.000000,0.000000,0.000000
102,76,2.125000,3.825000,9,0.000000,0.000000,1.000000,0.000000,1.000000,0.000000,0.000000
16,77,-2.175000,3.875000,24,0.000000,0.000000,1.000000,0.000000,0.000000,1.000000,0.000000
17,77,-2.125000,3.875000,19,0.000000,0.000000,1.000000,0.000000,0.000000,1.000000,0.000000
18,77,-2.075000,3.875000,15,0.000000,0.000000,1.000000,0.000000,0.000000,1.000000,0.000000
19,77,-2.025000,3.875000,7,0.000000,0.000000,1.000000,0.000000,0.000000,1.000000,0.000000
20,77,-1.975000,3.875000,19,0.000000,0.000000,1.000000,0.000000,0.000000,1.000000,0.000000
21,77,-1.925000,3.875000,19,0.000000,0.000000,1.000000,0.000000,0.000000,1.000000,0.000000
22,77,-1.875000,3.875000,20,0.000000,0.000000,1.000000,0.000000,0.000000,1.000000,0.000000
23,77,-1.825000,3.875000,22,0.000000,0.000000,1.000000,0.000000,0.000000,1.000000,0.000000
24,77,-1.775000,3.875000,29,0.000000,0.000000,1.000000,0.000000,0.000000,1.000000,0.000000
31,77,-1.425000,3.875000,3,0.000000,0.000000,1.000000,0.000000,1.000000,0.000000,0.000000
32,77,-1.375000,3.875000,9,0.000000,0.000000,1.000000,0.000000,1.000000,0.000000,0.000000
33,77,-1.325000,3.875000,14,0.000000,0.000000,1.000000,0.000000,1.000000,0.000000,0.000000
34,77,-1.275000,3.875000,18,0.000000,0.000000,1.000000,0.000000,1.000000,0.000000,0.000000
35,77,-1.225000,3.875000,15,0.000000,0.000000,1.000000,0.000000,1.000000,0.000000,0.000000
36,77,-1.175000,3.875000,9,0.000000,0.000000,1.000000,0.000000,1.000000,0.000000,0.000000
37,77,-1.125000,3.875000,7,0.000000,0.000000,1.000000,0.000000,1.000000,0.000000,0.000000
38,77,-1.075000,3.875000,9,0.000000,0.000000,1.000000,0.000000,1.000000,0.000000,0.000000
39,77,-1.025000,3.875000,7,0.000000,0.000000,1.000000,0.000000,1.000000,0.000000,0.000000
40,77,-0.975000,3.875000,2,0.000000,0.000000,1.000000,0.000000,1.000000,0.000000,0.000000
41,77,-0.925000,3.875000,7,0.000000,0.000000,1.000000,0.000000,1.000000,0.000000,0.000000
42,77,-0.875000,3.875000,5,0.000000,0.000000,1.000000,0.000000,1.000000,0.000000,0.000000
43,77,-0.825000,3.875000,19,0.000000,0.000000,1.000000,0.000000,1.000000,0.000000,0.000000
45,77,-0.725000,3.875000,8,0.000000,0.000000,1.000000,0.000000,1.000000,0.000000,0.000000
46,77,-0.675000,3.875000,6,0.000000,0.000000,1.000000,0.000000,1.000000,0.000000,0.000000
47,77,-0.625000,3.875000,4,0.000000,0.000000,1.000000,0.000000,1.000000,0.000000,0.000000
48,77,-0.575000,3.875000,5,0.000000,0.000000,1.000000,0.000000,1.000000,0.000000,0.000000
49,77,-0.525000,3.875000,4,0.000000,0.000000,1.000000,0.000000,1.000000,0.000000,0.000000
50,77,-0.475000,3.875000,9,0.000000,0.000000,1.000000,0.000000,1.000000,0.000000,0.000000
51,77,-0.425000,3.875000,9,0.000000,0.000000,1.000000,0.000000,1.000000,0.000000,0.000000
52,77,-0.375000,3.875000,2,0.000000,0.000000,1.000000,0.000000,1.000000,0.000000,0.000000
53,77,-0.325000,3.875000,6,0.000000,0.000000,1.000000,0.000000,1.000000,0.000000,0.000000
54,77,-0.275000,3.875000,7,0.000000,0.000000,1.000000,0.000000,1.000000,0.000000,0.000000
55,77,-0.225000,3.875000,1,0.000000,0.000000,1.000000,0.000000,1.000000,0.000000,0.000000
56,77,-0.175000,3.875000,11,0.000000,0.000000,1.000000,0.000000,1.000000,0.000000,0.000000
57,77,-0.125000,3.875000,9,0.000000,0.000000,1.000000,0.000000,1.000000,0.000000,0.000000
58,77,-0.075000,3.875000,6,0.000000,0.000000,1.000000,0.000000,1.000000,0.000000,0.000000
62,77,0.125000,3.875000,20,0.000000,0.000000,1.000000,0.000000,1.000000,0.000000,0.000000
63,77,0.175000,3.875000,24,0.000000,0.000000,1.000000,0.000000,1.000000,0.000000,0.000000
65,77,0.275000,3.875000,7,0.000000,0.000000,1.000000,0.000000,1.000000,0.000000,0.000000
66,77,0.325000,3.875000,7,0.000000,0.000000,1.000000,0.000000,1.000000,0.000000,0.000000
67,77,0.375000,3.875000,5,0.000000,0.000000,1.000000,0.000000,1.000000,0.000000,0.000000
68,77,0.425000,3.875000,8,0.000000,0.000000,1.000000,0.000000,1.000000,0.000000,0.000000
69,77,0.475000,3.875000,13,0.000000,0.000000,1.000000,0.000000,1.000000,0.000000,0.000000
70,77,0.525000,3.875000,8,0.000000,0.000000,1.000000,0.000000,1.000000,0.000000,0.000000
71,77,0.575000,3.875000,5,0.000000,0.000000,1.000000,0.000000,1.000000,0.000000,0.000000
72,77,0.625000,3.875000,4,0.000000,0.000000,1.000000,0.000000,1.000000,0.000000,0.000000
73,77,0.675000,3.875000,5,0.000000,0.000000,1.000000,0.000000,1.000000,0.000000,0.000000
74,77,0.725000,3.875000,11,0.000000,0.000000,1.000000,0.000000,1.000000,0.000000,0.000000
76,77,0.825000,3.875000,4,0.000000,0.000000,1.000000,0.000000,1.000000,0.000000,0.000000
77,77,0.875000,3.875000,16,0.000000,0.000000,1.000000,0.000000,1.000000,0.000000,0.000000
78,77,0.925000,3.875000,4,0.000000,0.000000,1.000000,0.000000,1.000000,0.000000,0.000000
79,77,0.975000,3.875000,10,0.000000,0.000000,1.000000,0.000000,1.000000,0.000000,0.000000
80,77,1.025000,3.875000,3,0.000000,0.000000,1.000000,0.000000,1.000000,0.000000,0.000000
81,77,1.075000,3.875000,2,0.000000,0.000000,1.000000,0.000000,1.000000,0.000000,0.000000
82,77,1.125000,3.875000,4,0.000000,0.000000,1.000000,0.000000,1.000000,0.000000,0.000000
83,77,1.175000,3.875000,9,0.000000,0.000000,1.000000,0.000000,1.000000,0.000000,0.000000
84,77,1.225000,3.875000,5,0.000000,0.000000,1.000000,0.000000,1.000000,0.000000,0.000000
85,77,1.275000,3.875000,8,0.000000,0.000000,1.000000,0.000000,1.000000,0.000000,0.000000
86,77,1.325000,3.875000,14,0.000000,0.000000,1.000000,0.000000,1.000000,0.000000,0.000000
87,77,1.375000,3.875000,6,0.000000,0.000000,1.000000,0.000000,1.000000,0.000000,0.000000
88,77,1.425000,3.875000,2,0.000000,0.000000,1.000000,0.000000,1.000000,0.000000,0.000000
93,77,1.675000,3.875000,23,0.000000,0.000000,1.000000,0.000000,1.000000,0.000000,0.000000
94,77,1.725000,3.875000,12,0.000000,0.000000,1.000000,0.000000,1.000000,0.000000,0.000000
95,77,1.775000,3.875000,19,0.000000,0.000000,1.000000,0.000000,1.000000,0.000000,0.000000
96,77,1.825000,3.875000,22,0.000000,0.000000,1.000000,0.000000,1.000000,0.000000,0.000000
97,77,1.875000,3.875000,21,0.000000,0.000000,1.000000,0.000000,1.000000,0.000000,0.000000
98,77,1.925000,3.875000,21,0.000000,0.000000,1.000000,0.000000,1.000000,0.000000,0.000000
99,77,1.975000,3.875000,16,0.000000,0.000000,1.000000,0.000000,1.000000,0.000000,0.000000
100,77,2.025000,3.875000,18,0.000000,0.000000,1.000000,0.000000,1.000000,0.000000,0.000000
101,77,2.075000,3.875000,25,0.000000,0.000000,1.000000,0.000000,1.000000,0.000000,0.000000
102,77,2.125000,3.875000,42,0.000000,0.000000,1.000000,0.000000,1.000000,0.000000,0.000000
16,78,-2.175000,3.925000,20,0.000000,0.000000,1.000000,0.000000,0.000000,1.000000,0.000000
17,78,-2.125000,3.925000,26,0.000000,0.000000,1.000000,0.000000,0.000000,1.000000,0.000000
18,78,-2.075000,3.925000,14,0.000000,0.000000,1.000000,0.000000,0.000000,1.000000,0.000000
19,78,-2.025000,3.925000,14,0.000000,0.000000,1.000000,0.000000,0.000000,1.000000,0.000000
20,78,-1.975000,3.925000,19,0.000000,0.000000,1.000000,0.000000,0.000000,1.000000,0.000000
21,78,-1.925000,3.925000,21,0.000000,0.000000,1.000000,0.000000,0.000000,1.000000,0.000000
22,78,-1.875000,3.925000,15,0.000000,0.000000,1.000000,0.000000,0.000000,1.000000,0.000000
23,78,-1.825000,3.925000,32,0.000000,0.000000,1.000000,0.000000,0.000000,1.000000,0.000000
30,78,-1.475000,3.925000,2,0.000000,0.000000,1.000000,0.000000,1.000000,0.000000,0.000000
31,78,-1.425000,3.925000,36,0.000000,0.000000,1.000000,0.000000,1.000000,0.000000,0.000000
32,78,-1.375000,3.925000,15,0.000000,0.000000,1.000000,0.000000,1.000000,0.000000,0.000000
33,78,-1.325000,3.925000,17,0.000000,0.000000,1.000000,0.000000,1.000000,0.000000,0.000000
34,78,-1.275000,3.925000,12,0.000000,0.000000,1.000000,0.000000,1.000000,0.000000,0.000000
35,78,-1.225000,3.925000,15,0.000000,0.000000,1.000000,0.000000,1.000000,0.000000,0.000000
36,78,-1.175000,3.925000,8,0.000000,0.000000,1.000000,0.000000,1.000000,0.000000,0.000000
37,78,-1.125000,3.925000,16,0.000000,0.000000,1.000000,0.000000,1.000000,0.000000,0.000000
38,78,-1.075000,3.925000,7,0.000000,0.000000,1.000000,0.000000,1.000000,0.000000,0.000000
39,78,-1.025000,3.925000,5,0.000000,0.000000,1.000000,0.000000,1.000000,0.000000,0.000000
40,78,-0.975000,3.925000,7,0.000000,0.000000,1.000000,0.000000,1.000000,0.000000,0.000000
41,78,-0.925000,3.925000,2,0.000000,0.000000,1.000000,0.000000,1.000000,0.000000,0.000000
42,78,-0.875000,3.925000,20,0.000000,0.000000,1.000000,0.000000,1.000000,0.000000,0.000000
43,78,-0.825000,3.925000,4,0.000000,0.000000,1.000000,0.000000,1.000000,0.000000,0.000000
45,78,-0.725000,3.925000,5,0.000000,0.000000,1.000000,0.000000,1.000000,0.000000,0.000000
46,78,-0.675000,3.925000,6,0.000000,0.000000,1.000000,0.000000,1.000000,0.000000,0.000000
47,78,-0.625000,3.925000,6,0.000000,0.000000,1.000000,0.000000,1.000000,0.000000,0.000000
48,78,-0.575000,3.925000,8,0.000000,0.000000,1.000000,0.000000,1.000000,0.000000,0.000000
49,78,-0.525000,3.925000,5,0.000000,0.000000,1.000000,0.000000,1.000000,0.000000,0.000000
50,78,-0.475000,3.925000,8,0.000000,0.000000,1.000000,0.000000,1.000000,0.000000,0.000000
51,78,-0.425000,3.925000,8,0.000000,0.000000,1.000000,0.000000,1.000000,0.000000,0.000000
52,78,-0.375000,3.925000,4,0.000000,0.000000,1.000000,0.000000,1.000000,0.000000,0.000000
53,78,-0.325000,3.925000,11,0.000000,0.000000,1.000000,0.000000,1.000000,0.000000,0.000000
54,78,-0.275000,3.925000,4,0.000000,0.000000,1.000000,0.000000,1.000000,0.000000,0.000000
56,78,-0.175000,3.925000,19,0.000000,0.000000,1.000000,0.000000,1.000000,0.000000,0.000000
57,78,-0.125000,3.925000,16,0.000000,0.000000,1.000000,0.000000,1.000000,0.000000,0.000000
58,78,-0.075000,3.925000,5,0.000000,0.000000,1.000000,0.000000,1.000000,0.000000,0.000000
63,78,0.175000,3.925000,56,0.000000,0.000000,1.000000,0.000000,1.000000,0.000000,0.000000
65,78,0.275000,3.925000,2,0.000000,0.000000,1.000000,0.000000,1.000000,0.000000,0.000000
66,78,0.325000,3.925000,10,0.000000,0.000000,1.000000,0.000000,1.000000,0.000000,0.000000
67,78,0.375000,3.925000,2,0.000000,0.000000,1.000000,0.000000,1.000000,0.000000,0.000000
68,78,0.425000,3.925000,8,0.000000,0.000000,1.000000,0.000000,1.000000,0.000000,0.000000
69,78,0.475000,3.925000,8,0.000000,0.000000,1.000000,0.000000,1.000000,0.000000,0.000000
70,78,0.525000,3.925000,7,0.000000,0.000000,1.000000,0.000000,1.000000,0.000000,0.000000
71,78,0.575000,3.925000,6,0.000000,0.000000,1.000000,0.000000,1.000000,0.000000,0.000000
72,78,0.625000,3.925000,2,0.000000,0.000000,1.000000,0.000000,1.000000,0.000000,0.000000
73,78,0.675000,3.925000,7,0.000000,0.000000,1.000000,0.000000,1.000000,0.000000,0.000000
74,78,0.725000,3.925000,8,0.000000,0.000000,1.000000,0.000000,1.000000,0.000000,0.000000
75,78,0.775000,3.925000,4,0.000000,0.000000,1.000000,0.000000,1.000000,0.000000,0.000000
76,78,0.825000,3.925000,1,0.000000,0.000000,1.000000,0.000000,1.000000,0.000000,0.000000
77,78,0.875000,3.925000,2,0.000000,0.000000,1.000000,0.000000,1.000000,0.000000,0.000000
78,78,0.925000,3.925000,18,0.000000,0.000000,1.000000,0.000000,1.000000,0.000000,0.000000
79,78,0.975000,3.925000,11,0.000000,0.000000,1.000000,0.000000,1.000000,0.000000,0.000000
80,78,1.025000,3.925000,4,0.000000,0.000000,1.000000,0.000000,1.000000,0.000000,0.000000
81,78,1.075000,3.925000,4,0.000000,0.000000,1.000000,0.000000,1.000000,0.000000,0.000000
82,78,1.125000,3.925000,3,0.000000,0.000000,1.000000,0.000000,1.000000,0.000000,0.000000
83,78,1.175000,3.925000,12,0.000000,0.000000,1.000000,0.000000,1.000000,0.000000,0.000000
84,78,1.225000,3.925000,5,0.000000,0.000000,1.000000,0.000000,1.000000,0.000000,0.000000
85,78,1.275000,3.925000,7,0.000000,0.000000,1.000000,0.000000,1.000000,0.000000,0.000000
86,78,1.325000,3.925000,7,0.000000,0.000000,1.000000,0.000000,1.000000,0.000000,0.000000
87,78,1.375000,3.925000,6,0.000000,0.000000,1.000000,0.000000,1.000000,0.000000,0.000000
88,78,1.425000,3.925000,11,0.000000,0.000000,1.000000,0.000000,1.000000,0.000000,0.000000
89,78,1.475000,3.925000,9,0.000000,0.000000,1.000000,0.000000,1.000000,0.000000,0.000000
94,78,1.725000,3.925000,3,0.000000,0.000000,1.000000,0.000000,1.000000,0.000000,0.000000
95,78,1.775000,3.925000,26,0.000000,0.000000,1.000000,0.000000,1.000000,0.000000,0.000000
96,78,1.825000,3.925000,39,0.000000,0.000000,1.000000,0.000000,1.000000,0.000000,0.000000
97,78,1.875000,3.925000,20,0.000000,0.000000,1.000000,0.000000,1.000000,0.000000,0.000000
98,78,1.925000,3.925000,15,0.000000,0.000000,1.000000,0.000000,1.000000,0.000000,0.000000
99,78,1.975000,3.925000,14,0.000000,0.000000,1.000000,0.000000,1.000000,0.000000,0.000000
100,78,2.025000,3.925000,12,0.000000,0.000000,1.000000,0.000000,1.000000,0.000000,0.000000
101,78,2.075000,3.925000,20,0.000000,0.000000,1.000000,0.000000,1.000000,0.000000,0.000000
102,78,2.125000,3.925000,17,0.000000,0.000000,1.000000,0.000000,1.000000,0.000000,0.000000
16,79,-2.175000,3.975000,19,0.000000,0.000000,1.000000,0.000000,0.000000,1.000000,0.000000
17,79,-2.125000,3.975000,21,0.000000,0.000000,1.000000,0.000000,0.000000,1.000000,0.000000
18,79,-2.075000,3.975000,18,0.000000,0.000000,1.000000,0.000000,0.000000,1.000000,0.000000
19,79,-2.025000,3.975000,21,0.000000,0.000000,1.000000,0.000000,0.000000,1.000000,0.000000
20,79,-1.975000,3.975000,19,0.000000,0.000000,1.000000,0.000000,0.000000,1.000000,0.000000
21,79,-1.925000,3.975000,18,0.000000,0.000000,1.000000,0.000000,0.000000,1.000000,0.000000
22,79,-1.875000,3.975000,36,0.000000,0.000000,1.000000,0.000000,0.000000,1.000000,0.000000
30,79,-1.475000,3.975000,21,0.000000,0.000000,1.000000,0.000000,1.000000,0.000000,0.000000
31,79,-1.425000,3.975000,11,0.000000,0.000000,1.000000,0.000000,1.000000,0.000000,0.000000
33,79,-1.325000,3.975000,2,0.000000,0.000000,1.000000,0.000000,1.000000,0.000000,0.000000
34,79,-1.275000,3.975000,14,0.000000,0.000000,1.000000,0.000000,1.000000,0.000000,0.000000
35,79,-1.225000,3.975000,6,0.000000,0.000000,1.000000,0.000000,1.000000,0.000000,0.000000
36,79,-1.175000,3.975000,10,0.000000,0.000000,1.000000,0.000000,1.000000,0.000000,0.000000
37,79,-1.125000,3.975000,6,0.000000,0.000000,1.000000,0.000000,1.000000,0.000000,0.000000
38,79,-1.075000,3.975000,3,0.000000,0.000000,1.000000,0.000000,1.000000,0.000000,0.000000
39,79,-1.025000,3.975000,2,0.000000,0.000000,1.000000,0.000000,1.000000,0.000000,0.000000
41,79,-0.925000,3.975000,14,0.000000,0.000000,1.000000,0.000000,1.000000,0.000000,0.000000
42,79,-0.875000,3.975000,4,0.000000,0.000000,1.000000,0.000000,1.000000,0.000000,0.000000
43,79,-0.825000,3.975000,4,0.000000,0.000000,1.000000,0.000000,1.000000,0.000000,0.000000
44,79,-0.775000,3.975000,1,0.000000,0.000000,1.000000,0.000000,1.000000,0.000000,0.000000
45,79,-0.725000,3.975000,8,0.000000,0.000000,1.000000,0.000000,1.000000,0.000000,0.000000
46,79,-0.675000,3.975000,2,0.000000,0.000000,1.000000,0.000000,1.000000,0.000000,0.000000
47,79,-0.625000,3.975000,3,0.000000,0.000000,1.000000,0.000000,1.000000,0.000000,0.000000
48,79,-0.575000,3.975000,7,0.000000,0.000000,1.000000,0.000000,1.000000,0.000000,0.000000
49,79,-0.525000,3.975000,7,0.000000,0.000000,1.000000,0.000000,1.000000,0.000000,0.000000
50,79,-0.475000,3.975000,1,0.000000,0.000000,1.000000,0.000000,1.000000,0.000000,0.000000
51,79,-0.425000,3.975000,14,0.000000,0.000000,1.000000,0.000000,1.000000,0.000000,0.000000
52,79,-0.375000,3.975000,7,0.000000,0.000000,1.000000,0.000000,1.000000,0.000000,0.000000
53,79,-0.325000,3.975000,11,0.000000,0.000000,1.000000,0.000000,1.000000,0.000000,0.000000
54,79,-0.275000,3.975000,2,0.000000,0.000000,1.000000,0.000000,1.000000,0.000000,0.000000
55,79,-0.225000,3.975000,3,0.000000,0.000000,1.000000,0.000000,1.000000,0.000000,0.000000
56,79,-0.175000,3.975000,18,0.000000,0.000000,1.000000,0.000000,1.000000,0.000000,0.000000
57,79,-0.125000,3.975000,16,0.000000,0.000000,1.000000,0.000000,1.000000,0.000000,0.000000
63,79,0.175000,3.975000,53,0.000000,0.000000,1.000000,0.000000,1.000000,0.000000,0.000000
66,79,0.325000,3.975000,7,0.000000,0.000000,1.000000,0.000000,1.000000,0.000000,0.000000
67,79,0.375000,3.975000,7,0.000000,0.000000,1.000000,0.000000,1.000000,0.000000,0.000000
68,79,0.425000,3.975000,8,0.000000,0.000000,1.000000,0.000000,1.000000,0.000000,0.000000
69,79,0.475000,3.975000,13,0.000000,0.000000,1.000000,0.000000,1.000000,0.000000,0.000000
70,79,0.525000,3.975000,4,0.000000,0.000000,1.000000,0.000000,1.000000,0.000000,0.000000
71,79,0.575000,3.975000,10,0.000000,0.000000,1.000000,0.000000,1.000000,0.000000,0.000000
72,79,0.625000,3.975000,5,0.000000,0.000000,1.000000,0.000000,1.000000,0.000000,0.000000
73,79,0.675000,3.975000,10,0.000000,0.000000,1.000000,0.000000,1.000000,0.000000,0.000000
74,79,0.725000,3.975000,8,0.000000,0.000000,1.000000,0.000000,1.000000,0.000000,0.000000
75,79,0.775000,3.975000,4,0.000000,0.000000,1.000000,0.000000,1.000000,0.000000,0.000000
76,79,0.825000,3.975000,8,0.000000,0.000000,1.000000,0.000000,1.000000,0.000000,0.000000
77,79,0.875000,3.975000,4,0.000000,0.000000,1.000000,0.000000,1.000000,0.000000,0.000000
78,79,0.925000,3.975000,10,0.000000,0.000000,1.000000,0.000000,1.000000,0.000000,0.000000
80,79,1.025000,3.975000,7,0.000000,0.000000,1.000000,0.000000,1.000000,0.000000,0.000000
81,79,1.075000,3.975000,6,0.000000,0.000000,1.000000,0.000000,1.000000,0.000000,0.000000
82,79,1.125000,3.975000,2,0.000000,0.000000,1.000000,0.000000,1.000000,0.000000,0.000000
83,79,1.175000,3.975000,13,0.000000,0.000000,1.000000,0.000000,1.000000,0.000000,0.000000
84,79,1.225000,3.975000,8,0.000000,0.000000,1.000000,0.000000,1.000000,0.000000,0.000000
85,79,1.275000,3.975000,8,0.000000,0.000000,1.000000,0.000000,1.000000,0.000000,0.000000
86,79,1.325000,3.975000,5,0.000000,0.000000,1.000000,0.000000,1.000000,0.000000,0.000000
87,79,1.375000,3.975000,15,0.000000,0.000000,1.000000,0.000000,1.000000,0.000000,0.000000
88,79,1.425000,3.975000,23,0.000000,0.000000,1.000000,0.000000,1.000000,0.000000,0.000000
89,79,1.475000,3.975000,25,0.000000,0.000000,1.000000,0.000000,1.000000,0.000000,0.000000
90,79,1.525000,3.975000,30,0.000000,0.000000,1.000000,0.000000,1.000000,0.000000,0.000000
91,79,1.575000,3.975000,3,0.000000,0.000000,1.000000,0.000000,1.000000,0.000000,0.000000
95,79,1.775000,3.975000,1,0.000000,0.000000,1.000000,0.000000,1.000000,0.000000,0.000000
96,79,1.825000,3.975000,28,0.000000,0.000000,1.000000,0.000000,1.000000,0.000000,0.000000
97,79,1.875000,3.975000,13,0.000000,0.000000,1.000000,0.000000,1.000000,0.000000,0.000000
98,79,1.925000,3.975000,36,0.000000,0.000000,1.000000,0.000000,1.000000,0.000000,0.000000
99,79,1.975000,3.975000,17,0.000000,0.000000,1.000000,0.000000,1.000000,0.000000,0.000000
100,79,2.025000,3.975000,16,0.000000,0.000000,1.000000,0.000000,1.000000,0.000000,0.000000
101,79,2.075000,3.975000,30,0.000000,0.000000,1.000000,0.000000,1.000000,0.000000,0.000000
102,79,2.125000,3.975000,27,0.000000,0.000000,1.000000,0.000000,1.000000,0.000000,0.000000
103,79,2.175000,3.975000,11,0.000000,0.000000,1.000000,0.000000,1.000000,0.000000,0.000000
16,80,-2.175000,4.025000,34,0.000000,0.000000,1.000000,0.000000,0.000000,1.000000,0.000000
17,80,-2.125000,4.025000,30,0.000000,0.000000,1.000000,0.000000,0.000000,1.000000,0.000000
18,80,-2.075000,4.025000,24,0.000000,0.000000,1.000000,0.000000,0.000000,1.000000,0.000000
19,80,-2.025000,4.025000,27,0.000000,0.000000,1.000000,0.000000,0.000000,1.000000,0.000000
20,80,-1.975000,4.025000,24,0.000000,0.000000,1.000000,0.000000,0.000000,1.000000,0.000000
21,80,-1.925000,4.025000,35,0.000000,0.000000,1.000000,0.000000,0.000000,1.000000,0.000000
22,80,-1.875000,4.025000,6,0.000000,0.000000,1.000000,0.000000,0.000000,1.000000,0.000000
32,80,-1.375000,4.025000,10,0.000000,0.000000,1.000000,0.000000,1.000000,0.000000,0.000000
33,80,-1.325000,4.025000,14,0.000000,0.000000,1.000000,0.000000,1.000000,0.000000,0.000000
34,80,-1.275000,4.025000,14,0.000000,0.000000,1.000000,0.000000,1.000000,0.000000,0.000000
35,80,-1.225000,4.025000,5,0.000000,0.000000,1.000000,0.000000,1.000000,0.000000,0.000000
36,80,-1.175000,4.025000,10,0.000000,0.000000,1.000000,0.000000,1.000000,0.000000,0.000000
37,80,-1.125000,4.025000,5,0.000000,0.000000,1.000000,0.000000,1.000000,0.000000,0.000000
38,80,-1.075000,4.025000,7,0.000000,0.000000,1.000000,0.000000,1.000000,0.000000,0.000000
39,80,-1.025000,4.025000,3,0.000000,0.000000,1.000000,0.000000,1.000000,0.000000,0.000000
40,80,-0.975000,4.025000,9,0.000000,0.000000,1.000000,0.000000,1.000000,0.000000,0.000000
41,80,-0.925000,4.025000,1,0.000000,0.000000,1.000000,0.000000,1.000000,0.000000,0.000000
42,80,-0.875000,4.025000,2,0.000000,0.000000,1.000000,0.000000,1.000000,0.000000,0.000000
43,80,-0.825000,4.025000,8,0.000000,0.000000,1.000000,0.000000,1.000000,0.000000,0.000000
44,80,-0.775000,4.025000,6,0.000000,0.000000,1.000000,0.000000,1.000000,0.000000,0.000000
45,80,-0.725000,4.025000,5,0.000000,0.000000,1.000000,0.000000,1.000000,0.000000,0.000000
46,80,-0.675000,4.025000,11,0.000000,0.000000,1.000000,0.000000,1.000000,0.000000,0.000000
47,80,-0.625000,4.025000,5,0.000000,0.000000,1.000000,0.000000,1.000000,0.000000,0.000000
48,80,-0.575000,4.025000,6,0.000000,0.000000,1.000000,0.000000,1.000000,0.000000,0.000000
49,80,-0.525000,4.025000,10,0.000000,0.000000,1.000000,0.000000,1.000000,0.000000,0.000000
50,80,-0.475000,4.025000,4,0.000000,0.000000,1.000000,0.000000,1.000000,0.000000,0.000000
51,80,-0.425000,4.025000,16,0.000000,0.000000,1.000000,0.000000,1.000000,0.000000,0.000000
52,80,-0.375000,4.025000,8,0.000000,0.000000,1.000000,0.000000,1.000000,0.000000,0.000000
53,80,-0.325000,4.025000,8,0.000000,0.000000,1.000000,0.000000,1.000000,0.000000,0.000000
55,80,-0.225000,4.025000,10,0.000000,0.000000,1.000000,0.000000,1.000000,0.000000,0.000000
56,80,-0.175000,4.025000,23,0.000000,0.000000,1.000000,0.000000,1.000000,0.000000,0.000000
57,80,-0.125000,4.025000,2,0.000000,0.000000,1.000000,0.000000,1.000000,0.000000,0.000000
63,80,0.175000,4.025000,53,0.000000,0.000000,1.000000,0.000000,1.000000,0.000000,0.000000
67,80,0.375000,4.025000,6,0.000000,0.000000,1.000000,0.000000,1.000000,0.000000,0.000000
68,80,0.425000,4.025000,10,0.000000,0.000000,1.000000,0.000000,1.000000,0.000000,0.000000
69,80,0.475000,4.025000,12,0.000000,0.000000,1.000000,0.000000,1.000000,0.000000,0.000000
70,80,0.525000,4.025000,4,0.000000,0.000000,1.000000,0.000000,1.000000,0.000000,0.000000
71,80,0.575000,4.025000,13,0.000000,0.000000,1.000000,0.000000,1.000000,0.000000,0.000000
72,80,0.625000,4.025000,5,0.000000,0.000000,1.000000,0.000000,1.000000,0.000000,0.000000
73,80,0.675000,4.025000,7,0.000000,0.000000,1.000000,0.000000,1.000000,0.000000,0.000000
74,80,0.725000,4.025000,13,0.000000,0.000000,1.000000,0.000000,1.000000,0.000000,0.000000
75,80,0.775000,4.025000,10,0.000000,0.000000,1.000000,0.000000,1.000000,0.000000,0.000000
76,80,0.825000,4.025000,2,0.000000,0.000000,1.000000,0.000000,1.000000,0.000000,0.000000
77,80,0.875000,4.025000,2,0.000000,0.000000,1.000000,0.000000,1.000000,0.000000,0.000000
78,80,0.925000,4.025000,4,0.000000,0.000000,1.000000,0.000000,1.000000,0.000000,0.000000
80,80,1.025000,4.025000,9,0.000000,0.000000,1.000000,0.000000,1.000000,0.000000,0.000000
81,80,1.075000,4.025000,11,0.000000,0.000000,1.000000,0.000000,1.000000,0.000000,0.000000
82,80,1.125000,4.025000,13,0.000000,0.000000,1.000000,0.000000,1.000000,0.000000,0.000000
83,80,1.175000,4.025000,5,0.000000,0.000000,1.000000,0.000000,1.000000,0.000000,0.000000
84,80,1.225000,4.025000,5,0.000000,0.000000,1.000000,0.000000,1.000000,0.000000,0.000000
85,80,1.275000,4.025000,10,0.000000,0.000000,1.000000,0.000000,1.000000,0.000000,0.000000
86,80,1.325000,4.025000,13,0.000000,0.000000,1.000000,0.000000,1.000000,0.000000,0.000000
87,80,1.375000,4.025000,10,0.000000,0.000000,1.000000,0.000000,1.000000,0.000000,0.000000
88,80,1.425000,4.025000,2,0.000000,0.000000,1.000000,0.000000,1.000000,0.000000,0.000000
90,80,1.525000,4.025000,6,0.000000,0.000000,1.000000,0.000000,1.000000,0.000000,0.000000
91,80,1.575000,4.025000,8,0.000000,0.000000,1.000000,0.000000,1.000000,0.000000,0.000000
96,80,1.825000,4.025000,9,0.000000,0.000000,1.000000,0.000000,1.000000,0.000000,0.000000
97,80,1.875000,4.025000,24,0.000000,0.000000,1.000000,0.000000,1.000000,0.000000,0.000000
98,80,1.925000,4.025000,28,0.000000,0.000000,1.000000,0.000000,1.000000,0.000000,0.000000
99,80,1.975000,4.025000,23,0.000000,0.000000,1.000000,0.000000,1.000000,0.000000,0.000000
100,80,2.025000,4.025000,17,0.000000,0.000000,1.000000,0.000000,1.000000,0.000000,0.000000
101,80,2.075000,4.025000,22,0.000000,0.000000,1.000000,0.000000,1.000000,0.000000,0.000000
102,80,2.125000,4.025000,26,0.000000,0.000000,1.000000,0.000000,1.000000,0.000000,0.000000
103,80,2.175000,4.025000,14,0.000000,0.000000,1.000000,0.000000,1.000000,0.000000,0.000000
16,81,-2.175000,4.075000,29,0.000000,0.000000,1.000000,0.000000,0.000000,1.000000,0.000000
17,81,-2.125000,4.075000,41,0.000000,0.000000,1.000000,0.000000,0.000000,1.000000,0.000000
18,81,-2.075000,4.075000,26,0.000000,0.000000,1.000000,0.000000,0.000000,1.000000,0.000000
19,81,-2.025000,4.075000,31,0.000000,0.000000,1.000000,0.000000,0.000000,1.000000,0.000000
20,81,-1.975000,4.075000,54,0.000000,0.000000,1.000000,0.000000,0.000000,1.000000,0.000000
21,81,-1.925000,4.075000,12,0.000000,0.000000,1.000000,0.000000,0.000000,1.000000,0.000000
30,81,-1.475000,4.075000,1,0.000000,0.000000,1.000000,0.000000,1.000000,0.000000,0.000000
31,81,-1.425000,4.075000,16,0.000000,0.000000,1.000000,0.000000,1.000000,0.000000,0.000000
32,81,-1.375000,4.075000,9,0.000000,0.000000,1.000000,0.000000,1.000000,0.000000,0.000000
33,81,-1.325000,4.075000,5,0.000000,0.000000,1.000000,0.000000,1.000000,0.000000,0.000000
34,81,-1.275000,4.075000,4,0.000000,0.000000,1.000000,0.000000,1.000000,0.000000,0.000000
35,81,-1.225000,4.075000,4,0.000000,0.000000,1.000000,0.000000,1.000000,0.000000,0.000000
36,81,-1.175000,4.075000,6,0.000000,0.000000,1.000000,0.000000,1.000000,0.000000,0.000000
37,81,-1.125000,4.075000,8,0.000000,0.000000,1.000000,0.000000,1.000000,0.000000,0.000000
38,81,-1.075000,4.075000,4,0.000000,0.000000,1.000000,0.000000,1.000000,0.000000,0.000000
39,81,-1.025000,4.075000,23,0.000000,0.000000,1.000000,0.000000,1.000000,0.000000,0.000000
40,81,-0.975000,4.075000,2,0.000000,0.000000,1.000000,0.000000,1.000000,0.000000,0.000000
41,81,-0.925000,4.075000,6,0.000000,0.000000,1.000000,0.000000,1.000000,0.000000,0.000000
42,81,-0.875000,4.075000,7,0.000000,0.000000,1.000000,0.000000,1.000000,0.000000,0.000000
43,81,-0.825000,4.075000,6,0.000000,0.000000,1.000000,0.000000,1.000000,0.000000,0.000000
44,81,-0.775000,4.075000,3,0.000000,0.000000,1.000000,0.000000,1.000000,0.000000,0.000000
45,81,-0.725000,4.075000,3,0.000000,0.000000,1.000000,0.000000,1.000000,0.000000,0.000000
46,81,-0.675000,4.075000,15,0.000000,0.000000,1.000000,0.000000,1.000000,0.000000,0.000000
47,81,-0.625000,4.075000,11,0.000000,0.000000,1.000000,0.000000,1.000000,0.000000,0.000000
48,81,-0.575000,4.075000,13,0.000000,0.000000,1.000000,0.000000,1.000000,0.000000,0.000000
49,81,-0.525000,4.075000,8,0.000000,0.000000,1.000000,0.000000,1.000000,0.000000,0.000000
50,81,-0.475000,4.075000,2,0.000000,0.000000,1.000000,0.000000,1.000000,0.000000,0.000000
51,81,-0.425000,4.075000,16,0.000000,0.000000,1.000000,0.000000,1.000000,0.000000,0.000000
52,81,-0.375000,4.075000,6,0.000000,0.000000,1.000000,0.000000,1.000000,0.000000,0.000000
53,81,-0.325000,4.075000,3,0.000000,0.000000,1.000000,0.000000,1.000000,0.000000,0.000000
55,81,-0.225000,4.075000,41,0.000000,0.000000,1.000000,0.000000,1.000000,0.000000,0.000000
56,81,-0.175000,4.075000,8,0.000000,0.000000,1.000000,0.000000,1.000000,0.000000,0.000000
63,81,0.175000,4.075000,87,0.000000,0.000000,1.000000,0.000000,1.000000,0.000000,0.000000
67,81,0.375000,4.075000,1,0.000000,0.000000,1.000000,0.000000,1.000000,0.000000,0.000000
68,81,0.425000,4.075000,12,0.000000,0.000000,1.000000,0.000000,1.000000,0.000000,0.000000
69,81,0.475000,4.075000,7,0.000000,0.000000,1.000000,0.000000,1.000000,0.000000,0.000000
70,81,0.525000,4.075000,9,0.000000,0.000000,1.000000,0.000000,1.000000,0.000000,0.000000
71,81,0.575000,4.075000,2,0.000000,0.000000,1.000000,0.000000,1.000000,0.000000,0.000000
72,81,0.625000,4.075000,11,0.000000,0.000000,1.000000,0.000000,1.000000,0.000000,0.000000
73,81,0.675000,4.075000,5,0.000000,0.000000,1.000000,0.000000,1.000000,0.000000,0.000000
74,81,0.725000,4.075000,11,0.000000,0.000000,1.000000,0.000000,1.000000,0.000000,0.000000
75,81,0.775000,4.075000,6,0.000000,0.000000,1.000000,0.000000,1.000000,0.000000,0.000000
76,81,0.825000,4.075000,10,0.000000,0.000000,1.000000,0.000000,1.000000,0.000000,0.000000
77,81,0.875000,4.075000,2,0.000000,0.000000,1.000000,0.000000,1.000000,0.000000,0.000000
78,81,0.925000,4.075000,7,0.000000,0.000000,1.000000,0.000000,1.000000,0.000000,0.000000
79,81,0.975000,4.075000,6,0.000000,0.000000,1.000000,0.000000,1.000000,0.000000,0.000000
80,81,1.025000,4.075000,3,0.000000,0.000000,1.000000,0.000000,1.000000,0.000000,0.000000
81,81,1.075000,4.075000,4,0.000000,0.000000,1.000000,0.000000,1.000000,0.000000,0.000000
82,81,1.125000,4.075000,12,0.000000,0.000000,1.000000,0.000000,1.000000,0.000000,0.000000
83,81,1.175000,4.075000,2,0.000000,0.000000,1.000000,0.000000,1.000000,0.000000,0.000000
84,81,1.225000,4.075000,3,0.000000,0.000000,1.000000,0.000000,1.000000,0.000000,0.000000
85,81,1.275000,4.075000,4,0.000000,0.000000,1.000000,0.000000,1.000000,0.000000,0.000000
86,81,1.325000,4.075000,7,0.000000,0.000000,1.000000,0.000000,1.000000,0.000000,0.000000
87,81,1.375000,4.075000,6,0.000000,0.000000,1.000000,0.000000,1.000000,0.000000,0.000000
88,81,1.425000,4.075000,13,0.000000,0.000000,1.000000,0.000000,1.000000,0.000000,0.000000
89,81,1.475000,4.075000,16,0.000000,0.000000,1.000000,0.000000,1.000000,0.000000,0.000000
90,81,1.525000,4.075000,10,0.000000,0.000000,1.000000,0.000000,1.000000,0.000000,0.000000
97,81,1.875000,4.075000,3,0.000000,0.000000,1.000000,0.000000,1.000000,0.000000,0.000000
98,81,1.925000,4.075000,34,0.000000,0.000000,1.000000,0.000000,1.000000,0.000000,0.000000
99,81,1.975000,4.075000,27,0.000000,0.000000,1.000000,0.000000,1.000000,0.000000,0.000000
100,81,2.025000,4.075000,14,0.000000,0.000000,1.000000,0.000000,1.000000,0.000000,0.000000
101,81,2.075000,4.075000,27,0.000000,0.000000,1.000000,0.000000,1.000000,0.000000,0.000000
102,81,2.125000,4.075000,24,0.000000,0.000000,1.000000,0.000000,1.000000,0.000000,0.000000
103,81,2.175000,4.075000,33,0.000000,0.000000,1.000000,0.000000,1.000000,0.000000,0.000000
16,82,-2.175000,4.125000,31,0.000000,0.000000,1.000000,0.000000,0.000000,1.000000,0.000000
17,82,-2.125000,4.125000,43,0.000000,0.000000,1.000000,0.000000,0.000000,1.000000,0.000000
18,82,-2.075000,4.125000,20,0.000000,0.000000,1.000000,0.000000,0.000000,1.000000,0.000000
19,82,-2.025000,4.125000,38,0.000000,0.000000,1.000000,0.000000,0.000000,1.000000,0.000000
20,82,-1.975000,4.125000,24,0.000000,0.000000,1.000000,0.000000,0.000000,1.000000,0.000000
29,82,-1.525000,4.125000,3,0.000000,0.000000,1.000000,0.000000,1.000000,0.000000,0.000000
30,82,-1.475000,4.125000,16,0.000000,0.000000,1.000000,0.000000,1.000000,0.000000,0.000000
31,82,-1.425000,4.125000,19,0.000000,0.000000,1.000000,0.000000,1.000000,0.000000,0.000000
32,82,-1.375000,4.125000,14,0.000000,0.000000,1.000000,0.000000,1.000000,0.000000,0.000000
33,82,-1.325000,4.125000,16,0.000000,0.000000,1.000000,0.000000,1.000000,0.000000,0.000000
34,82,-1.275000,4.125000,18,0.000000,0.000000,1.000000,0.000000,1.000000,0.000000,0.000000
35,82,-1.225000,4.125000,10,0.000000,0.000000,1.000000,0.000000,1.000000,0.000000,0.000000
36,82,-1.175000,4.125000,8,0.000000,0.000000,1.000000,0.000000,1.000000,0.000000,0.000000
37,82,-1.125000,4.125000,7,0.000000,0.000000,1.000000,0.000000,1.000000,0.000000,0.000000
38,82,-1.075000,4.125000,7,0.000000,0.000000,1.000000,0.000000,1.000000,0.000000,0.000000
39,82,-1.025000,4.125000,13,0.000000,0.000000,1.000000,0.000000,1.000000,0.000000,0.000000
40,82,-0.975000,4.125000,3,0.000000,0.000000,1.000000,0.000000,1.000000,0.000000,0.000000
41,82,-0.925000,4.125000,5,0.000000,0.000000,1.000000,0.000000,1.000000,0.000000,0.000000
42,82,-0.875000,4.125000,6,0.000000,0.000000,1.000000,0.000000,1.000000,0.000000,0.000000
43,82,-0.825000,4.125000,8,0.000000,0.000000,1.000000,0.000000,1.000000,0.000000,0.000000
44,82,-0.775000,4.125000,5,0.000000,0.000000,1.000000,0.000000,1.000000,0.000000,0.000000
45,82,-0.725000,4.125000,9,0.000000,0.000000,1.000000,0.000000,1.000000,0.000000,0.000000
46,82,-0.675000,4.125000,8,0.000000,0.000000,1.000000,0.000000,1.000000,0.000000,0.000000
47,82,-0.625000,4.125000,6,0.000000,0.000000,1.000000,0.000000,1.000000,0.000000,0.000000
48,82,-0.575000,4.125000,10,0.000000,0.000000,1.000000,0.000000,1.000000,0.000000,0.000000
49,82,-0.525000,4.125000,4,0.000000,0.000000,1.000000,0.000000,1.000000,0.000000,0.000000
50,82,-0.475000,4.125000,7,0.000000,0.000000,1.000000,0.000000,1.000000,0.000000,0.000000
51,82,-0.425000,4.125000,19,0.000000,0.000000,1.000000,0.000000,1.000000,0.000000,0.000000
52,82,-0.375000,4.125000,7,0.000000,0.000000,1.000000,0.000000,1.000000,0.000000,0.000000
54,82,-0.275000,4.125000,1,0.000000,0.000000,1.000000,0.000000,1.000000,0.000000,0.000000
55,82,-0.225000,4.125000,3,0.000000,0.000000,1.000000,0.000000,1.000000,0.000000,0.000000
63,82,0.175000,4.125000,29,0.000000,0.000000,1.000000,0.000000,1.000000,0.000000,0.000000
68,82,0.425000,4.125000,5,0.000000,0.000000,1.000000,0.000000,1.000000,0.000000,0.000000
69,82,0.475000,4.125000,13,0.000000,0.000000,1.000000,0.000000,1.000000,0.000000,0.000000
70,82,0.525000,4.125000,14,0.000000,0.000000,1.000000,0.000000,1.000000,0.000000,0.000000
71,82,0.575000,4.125000,1,0.000000,0.000000,1.000000,0.000000,1.000000,0.000000,0.000000
72,82,0.625000,4.125000,7,0.000000,0.000000,1.000000,0.000000,1.000000,0.000000,0.000000
73,82,0.675000,4.125000,7,0.000000,0.000000,1.000000,0.000000,1.000000,0.000000,0.000000
74,82,0.725000,4.125000,11,0.000000,0.000000,1.000000,0.000000,1.000000,0.000000,0.000000
75,82,0.775000,4.125000,14,0.000000,0.000000,1.000000,0.000000,1.000000,0.000000,0.000000
76,82,0.825000,4.125000,4,0.000000,0.000000,1.000000,0.000000,1.000000,0.000000,0.000000
77,82,0.875000,4.125000,3,0.000000,0.000000,1.000000,0.000000,1.000000,0.000000,0.000000
78,82,0.925000,4.125000,10,0.000000,0.000000,1.000000,0.000000,1.000000,0.000000,0.000000
79,82,0.975000,4.125000,10,0.000000,0.000000,1.000000,0.000000,1.000000,0.000000,0.000000
80,82,1.025000,4.125000,7,0.000000,0.000000,1.000000,0.000000,1.000000,0.000000,0.000000
81,82,1.075000,4.125000,3,0.000000,0.000000,1.000000,0.000000,1.000000,0.000000,0.000000
82,82,1.125000,4.125000,5,0.000000,0.000000,1.000000,0.000000,1.000000,0.000000,0.000000
83,82,1.175000,4.125000,5,0.000000,0.000000,1.000000,0.000000,1.000000,0.000000,0.000000
84,82,1.225000,4.125000,5,0.000000,0.000000,1.000000,0.000000,1.000000,0.000000,0.000000
85,82,1.275000,4.125000,3,0.000000,0.000000,1.000000,0.000000,1.000000,0.000000,0.000000
86,82,1.325000,4.125000,5,0.000000,0.000000,1.000000,0.000000,1.000000,0.000000,0.000000
87,82,1.375000,4.125000,3,0.000000,0.000000,1.000000,0.000000,1.000000,0.000000,0.000000
88,82,1.425000,4.125000,7,0.000000,0.000000,1.000000,0.000000,1.000000,0.000000,0.000000
89,82,1.475000,4.125000,9,0.000000,0.000000,1.000000,0.000000,1.000000,0.000000,0.000000
90,82,1.525000,4.125000,10,0.000000,0.000000,1.000000,0.000000,1.000000,0.000000,0.000000
91,82,1.575000,4.125000,11,0.000000,0.000000,1.000000,0.000000,1.000000,0.000000,0.000000
92,82,1.625000,4.125000,14,0.000000,0.000000,1.000000,0.000000,1.000000,0.000000,0.000000
99,82,1.975000,4.125000,42,0.000000,0.000000,1.000000,0.000000,1.000000,0.000000,0.000000
100,82,2.025000,4.125000,33,0.000000,0.000000,1.000000,0.000000,1.000000,0.000000,0.000000
101,82,2.075000,4.125000,27,0.000000,0.000000,1.000000,0.000000,1.000000,0.000000,0.000000
102,82,2.125000,4.125000,24,0.000000,0.000000,1.000000,0.000000,1.000000,0.000000,0.000000
103,82,2.175000,4.125000,34,0.000000,0.000000,1.000000,0.000000,1.000000,0.000000,0.000000
104,82,2.225000,4.125000,10,0.000000,0.000000,1.000000,0.000000,1.000000,0.000000,0.000000
16,83,-2.175000,4.175000,27,0.000000,0.000000,1.000000,0.000000,0.000000,1.000000,0.000000
17,83,-2.125000,4.175000,59,0.000000,0.000000,1.000000,0.000000,0.000000,1.000000,0.000000
18,83,-2.075000,4.175000,41,0.000000,0.000000,1.000000,0.000000,0.000000,1.000000,0.000000
19,83,-2.025000,4.175000,49,0.000000,0.000000,1.000000,0.000000,0.000000,1.000000,0.000000
20,83,-1.975000,4.175000,1,0.000000,0.000000,1.000000,0.000000,0.000000,1.000000,0.000000
29,83,-1.525000,4.175000,46,0.000000,0.000000,1.000000,0.000000,1.000000,0.000000,0.000000
30,83,-1.475000,4.175000,9,0.000000,0.000000,1.000000,0.000000,1.000000,0.000000,0.000000
31,83,-1.425000,4.175000,6,0.000000,0.000000,1.000000,0.000000,1.000000,0.000000,0.000000
32,83,-1.375000,4.175000,5,0.000000,0.000000,1.000000,0.000000,1.000000,0.000000,0.000000
33,83,-1.325000,4.175000,10,0.000000,0.000000,1.000000,0.000000,1.000000,0.000000,0.000000
34,83,-1.275000,4.175000,6,0.000000,0.000000,1.000000,0.000000,1.000000,0.000000,0.000000
35,83,-1.225000,4.175000,14,0.000000,0.000000,1.000000,0.000000,1.000000,0.000000,0.000000
36,83,-1.175000,4.175000,4,0.000000,0.000000,1.000000,0.000000,1.000000,0.000000,0.000000
37,83,-1.125000,4.175000,6,0.000000,0.000000,1.000000,0.000000,1.000000,0.000000,0.000000
38,83,-1.075000,4.175000,21,0.000000,0.000000,1.000000,0.000000,1.000000,0.000000,0.000000
39,83,-1.025000,4.175000,6,0.000000,0.000000,1.000000,0.000000,1.000000,0.000000,0.000000
40,83,-0.975000,4.175000,4,0.000000,0.000000,1.000000,0.000000,1.000000,0.000000,0.000000
41,83,-0.925000,4.175000,3,0.000000,0.000000,1.000000,0.000000,1.000000,0.000000,0.000000
42,83,-0.875000,4.175000,10,0.000000,0.000000,1.000000,0.000000,1.000000,0.000000,0.000000
43,83,-0.825000,4.175000,1,0.000000,0.000000,1.000000,0.000000,1.000000,0.000000,0.000000
44,83,-0.775000,4.175000,10,0.000000,0.000000,1.000000,0.000000,1.000000,0.000000,0.000000
45,83,-0.725000,4.175000,13,0.000000,0.000000,1.000000,0.000000,1.000000,0.000000,0.000000
46,83,-0.675000,4.175000,4,0.000000,0.000000,1.000000,0.000000,1.000000,0.000000,0.000000
47,83,-0.625000,4.175000,13,0.000000,0.000000,1.000000,0.000000,1.000000,0.000000,0.000000
48,83,-0.575000,4.175000,11,0.000000,0.000000,1.000000,0.000000,1.000000,0.000000,0.000000
49,83,-0.525000,4.175000,3,0.000000,0.000000,1.000000,0.000000,1.000000,0.000000,0.000000
50,83,-0.475000,4.175000,11,0.000000,0.000000,1.000000,0.000000,1.000000,0.000000,0.000000
51,83,-0.425000,4.175000,21,0.000000,0.000000,1.000000,0.000000,1.000000,0.000000,0.000000
61,83,0.075000,4.175000,4,0.000000,0.000000,1.000000,0.000000,1.000000,0.000000,0.000000
62,83,0.125000,4.175000,7,0.000000,0.000000,1.000000,0.000000,1.000000,0.000000,0.000000
63,83,0.175000,4.175000,10,0.000000,0.000000,1.000000,0.000000,1.000000,0.000000,0.000000
69,83,0.475000,4.175000,5,0.000000,0.000000,1.000000,0.000000,1.000000,0.000000,0.000000
70,83,0.525000,4.175000,17,0.000000,0.000000,1.000000,0.000000,1.000000,0.000000,0.000000
71,83,0.575000,4.175000,8,0.000000,0.000000,1.000000,0.000000,1.000000,0.000000,0.000000
72,83,0.625000,4.175000,5,0.000000,0.000000,1.000000,0.000000,1.000000,0.000000,0.000000
73,83,0.675000,4.175000,11,0.000000,0.000000,1.000000,0.000000,1.000000,0.000000,0.000000
74,83,0.725000,4.175000,12,0.000000,0.000000,1.000000,0.000000,1.000000,0.000000,0.000000
75,83,0.775000,4.175000,10,0.000000,0.000000,1.000000,0.000000,1.000000,0.000000,0.000000
76,83,0.825000,4.175000,10,0.000000,0.000000,1.000000,0.000000,1.000000,0.000000,0.000000
77,83,0.875000,4.175000,8,0.000000,0.000000,1.000000,0.000000,1.000000,0.000000,0.000000
78,83,0.925000,4.175000,12,0.000000,0.000000,1.000000,0.000000,1.000000,0.000000,0.000000
79,83,0.975000,4.175000,13,0.000000,0.000000,1.000000,0.000000,1.000000,0.000000,0.000000
80,83,1.025000,4.175000,8,0.000000,0.000000,1.000000,0.000000,1.000000,0.000000,0.000000
82,83,1.125000,4.175000,11,0.000000,0.000000,1.000000,0.000000,1.000000,0.000000,0.000000
83,83,1.175000,4.175000,1,0.000000,0.000000,1.000000,0.000000,1.000000,0.000000,0.000000
84,83,1.225000,4.175000,19,0.000000,0.000000,1.000000,0.000000,1.000000,0.000000,0.000000
85,83,1.275000,4.175000,8,0.000000,0.000000,1.000000,0.000000,1.000000,0.000000,0.000000
86,83,1.325000,4.175000,8,0.000000,0.000000,1.000000,0.000000,1.000000,0.000000,0.000000
87,83,1.375000,4.175000,12,0.000000,0.000000,1.000000,0.000000,1.000000,0.000000,0.000000
88,83,1.425000,4.175000,14,0.000000,0.000000,1.000000,0.000000,1.000000,0.000000,0.000000
89,83,1.475000,4.175000,25,0.000000,0.000000,1.000000,0.000000,1.000000,0.000000,0.000000
90,83,1.525000,4.175000,17,0.000000,0.000000,1.000000,0.000000,1.000000,0.000000,0.000000
91,83,1.575000,4.175000,13,0.000000,0.000000,1.000000,0.000000,1.000000,0.000000,0.000000
92,83,1.625000,4.175000,30,0.000000,0.000000,1.000000,0.000000,1.000000,0.000000,0.000000
93,83,1.675000,4.175000,14,0.000000,0.000000,1.000000,0.000000,1.000000,0.000000,0.000000
99,83,1.975000,4.175000,6,0.000000,0.000000,1.000000,0.000000,1.000000,0.000000,0.000000
100,83,2.025000,4.175000,42,0.000000,0.000000,1.000000,0.000000,1.000000,0.000000,0.000000
101,83,2.075000,4.175000,31,0.000000,0.000000,1.000000,0.000000,1.000000,0.000000,0.000000
102,83,2.125000,4.175000,20,0.000000,0.000000,1.000000,0.000000,1.000000,0.000000,0.000000
103,83,2.175000,4.175000,38,0.000000,0.000000,1.000000,0.000000,1.000000,0.000000,0.000000
104,83,2.225000,4.175000,5,0.000000,0.000000,1.000000,0.000000,1.000000,0.000000,0.000000
16,84,-2.175000,4.225000,18,0.000000,0.000000,1.000000,0.000000,0.000000,1.000000,0.000000
17,84,-2.125000,4.225000,57,0.000000,0.000000,1.000000,0.000000,0.000000,1.000000,0.000000
18,84,-2.075000,4.225000,65,0.000000,0.000000,1.000000,0.000000,0.000000,1.000000,0.000000
19,84,-2.025000,4.225000,47,0.000000,0.000000,1.000000,0.000000,0.000000,1.000000,0.000000
29,84,-1.525000,4.225000,4,0.000000,0.000000,1.000000,0.000000,1.000000,0.000000,0.000000
30,84,-1.475000,4.225000,4,0.000000,0.000000,1.000000,0.000000,1.000000,0.000000,0.000000
31,84,-1.425000,4.225000,12,0.000000,0.000000,1.000000,0.000000,1.000000,0.000000,0.000000
32,84,-1.375000,4.225000,10,0.000000,0.000000,1.000000,0.000000,1.000000,0.000000,0.000000
33,84,-1.325000,4.225000,4,0.000000,0.000000,1.000000,0.000000,1.000000,0.000000,0.000000
34,84,-1.275000,4.225000,2,0.000000,0.000000,1.000000,0.000000,1.000000,0.000000,0.000000
35,84,-1.225000,4.225000,6,0.000000,0.000000,1.000000,0.000000,1.000000,0.000000,0.000000
36,84,-1.175000,4.225000,3,0.000000,0.000000,1.000000,0.000000,1.000000,0.000000,0.000000
37,84,-1.125000,4.225000,8,0.000000,0.000000,1.000000,0.000000,1.000000,0.000000,0.000000
38,84,-1.075000,4.225000,11,0.000000,0.000000,1.000000,0.000000,1.000000,0.000000,0.000000
39,84,-1.025000,4.225000,2,0.000000,0.000000,1.000000,0.000000,1.000000,0.000000,0.000000
40,84,-0.975000,4.225000,2,0.000000,0.000000,1.000000,0.000000,1.000000,0.000000,0.000000
41,84,-0.925000,4.225000,10,0.000000,0.000000,1.000000,0.000000,1.000000,0.000000,0.000000
42,84,-0.875000,4.225000,15,0.000000,0.000000,1.000000,0.000000,1.000000,0.000000,0.000000
43,84,-0.825000,4.225000,15,0.000000,0.000000,1.000000,0.000000,1.000000,0.000000,0.000000
44,84,-0.775000,4.225000,9,0.000000,0.000000,1.000000,0.000000,1.000000,0.000000,0.000000
45,84,-0.725000,4.225000,9,0.000000,0.000000,1.000000,0.000000,1.000000,0.000000,0.000000
46,84,-0.675000,4.225000,9,0.000000,0.000000,1.000000,0.000000,1.000000,0.000000,0.000000
47,84,-0.625000,4.225000,16,0.000000,0.000000,1.000000,0.000000,1.000000,0.000000,0.000000
48,84,-0.575000,4.225000,10,0.000000,0.000000,1.000000,0.000000,1.000000,0.000000,0.000000
50,84,-0.475000,4.225000,29,0.000000,0.000000,1.000000,0.000000,1.000000,0.000000,0.000000
51,84,-0.425000,4.225000,8,0.000000,0.000000,1.000000,0.000000,1.000000,0.000000,0.000000
52,84,-0.375000,4.225000,2,0.000000,0.000000,1.000000,0.000000,1.000000,0.000000,0.000000
60,84,0.025000,4.225000,2,0.000000,0.000000,1.000000,0.000000,1.000000,0.000000,0.000000
61,84,0.075000,4.225000,22,0.000000,0.000000,1.000000,0.000000,1.000000,0.000000,0.000000
63,84,0.175000,4.225000,9,0.000000,0.000000,1.000000,0.000000,1.000000,0.000000,0.000000
70,84,0.525000,4.225000,11,0.000000,0.000000,1.000000,0.000000,1.000000,0.000000,0.000000
71,84,0.575000,4.225000,12,0.000000,0.000000,1.000000,0.000000,1.000000,0.000000,0.000000
72,84,0.625000,4.225000,2,0.000000,0.000000,1.000000,0.000000,1.000000,0.000000,0.000000
73,84,0.675000,4.225000,1,0.000000,0.000000,1.000000,0.000000,1.000000,0.000000,0.000000
74,84,0.725000,4.225000,14,0.000000,0.000000,1.000000,0.000000,1.000000,0.000000,0.000000
75,84,0.775000,4.225000,5,0.000000,0.000000,1.000000,0.000000,1.000000,0.000000,0.000000
76,84,0.825000,4.225000,1,0.000000,0.000000,1.000000,0.000000,1.000000,0.000000,0.000000
77,84,0.875000,4.225000,16,0.000000,0.000000,1.000000,0.000000,1.000000,0.000000,0.000000
78,84,0.925000,4.225000,6,0.000000,0.000000,1.000000,0.000000,1.000000,0.000000,0.000000
79,84,0.975000,4.225000,16,0.000000,0.000000,1.000000,0.000000,1.000000,0.000000,0.000000
80,84,1.025000,4.225000,7,0.000000,0.000000,1.000000,0.000000,1.000000,0.000000,0.000000
81,84,1.075000,4.225000,7,0.000000,0.000000,1.000000,0.000000,1.000000,0.000000,0.000000
82,84,1.125000,4.225000,8,0.000000,0.000000,1.000000,0.000000,1.000000,0.000000,0.000000
83,84,1.175000,4.225000,5,0.000000,0.000000,1.000000,0.000000,1.000000,0.000000,0.000000
84,84,1.225000,4.225000,5,0.000000,0.000000,1.000000,0.000000,1.000000,0.000000,0.000000
85,84,1.275000,4.225000,21,0.000000,0.000000,1.000000,0.000000,1.000000,0.000000,0.000000
86,84,1.325000,4.225000,4,0.000000,0.000000,1.000000,0.000000,1.000000,0.000000,0.000000
87,84,1.375000,4.225000,4,0.000000,0.000000,1.000000,0.000000,1.000000,0.000000,0.000000
88,84,1.425000,4.225000,10,0.000000,0.000000,1.000000,0.000000,1.000000,0.000000,0.000000
89,84,1.475000,4.225000,8,0.000000,0.000000,1.000000,0.000000,1.000000,0.000000,0.000000
90,84,1.525000,4.225000,14,0.000000,0.000000,1.000000,0.000000,1.000000,0.000000,0.000000
91,84,1.575000,4.225000,6,0.000000,0.000000,1.000000,0.000000,1.000000,0.000000,0.000000
92,84,1.625000,4.225000,3,0.000000,0.000000,1.000000,0.000000,1.000000,0.000000,0.000000
93,84,1.675000,4.225000,11,0.000000,0.000000,1.000000,0.000000,1.000000,0.000000,0.000000
100,84,2.025000,4.225000,17,0.000000,0.000000,1.000000,0.000000,1.000000,0.000000,0.000000
101,84,2.075000,4.225000,47,0.000000,0.000000,1.000000,0.000000,1.000000,0.000000,0.000000
102,84,2.125000,4.225000,38,0.000000,0.000000,1.000000,0.000000,1.000000,0.000000,0.000000
103,84,2.175000,4.225000,53,0.000000,0.000000,1.000000,0.000000,1.000000,0.000000,0.000000
104,84,2.225000,4.225000,20,0.000000,0.000000,1.000000,0.000000,1.000000,0.000000,0.000000
16,85,-2.175000,4.275000,6,0.000000,0.000000,1.000000,0.000000,0.000000,1.000000,0.000000
17,85,-2.125000,4.275000,83,0.000000,0.000000,1.000000,0.000000,0.000000,1.000000,0.000000
18,85,-2.075000,4.275000,101,0.000000,0.000000,1.000000,0.000000,0.000000,1.000000,0.000000
19,85,-2.025000,4.275000,6,0.000000,0.000000,1.000000,0.000000,0.000000,1.000000,0.000000
29,85,-1.525000,4.275000,5,0.000000,0.000000,1.000000,0.000000,1.000000,0.000000,0.000000
30,85,-1.475000,4.275000,12,0.000000,0.000000,1.000000,0.000000,1.000000,0.000000,0.000000
31,85,-1.425000,4.275000,9,0.000000,0.000000,1.000000,0.000000,1.000000,0.000000,0.000000
32,85,-1.375000,4.275000,11,0.000000,0.000000,1.000000,0.000000,1.000000,0.000000,0.000000
33,85,-1.325000,4.275000,10,0.000000,0.000000,1.000000,0.000000,1.000000,0.000000,0.000000
34,85,-1.275000,4.275000,8,0.000000,0.000000,1.000000,0.000000,1.000000,0.000000,0.000000
35,85,-1.225000,4.275000,9,0.000000,0.000000,1.000000,0.000000,1.000000,0.000000,0.000000
36,85,-1.175000,4.275000,7,0.000000,0.000000,1.000000,0.000000,1.000000,0.000000,0.000000
37,85,-1.125000,4.275000,6,0.000000,0.000000,1.000000,0.000000,1.000000,0.000000,0.000000
38,85,-1.075000,4.275000,5,0.000000,0.000000,1.000000,0.000000,1.000000,0.000000,0.000000
39,85,-1.025000,4.275000,10,0.000000,0.000000,1.000000,0.000000,1.000000,0.000000,0.000000
40,85,-0.975000,4.275000,6,0.000000,0.000000,1.000000,0.000000,1.000000,0.000000,0.000000
41,85,-0.925000,4.275000,4,0.000000,0.000000,1.000000,0.000000,1.000000,0.000000,0.000000
42,85,-0.875000,4.275000,11,0.000000,0.000000,1.000000,0.000000,1.000000,0.000000,0.000000
43,85,-0.825000,4.275000,7,0.000000,0.000000,1.000000,0.000000,1.000000,0.000000,0.000000
44,85,-0.775000,4.275000,11,0.000000,0.000000,1.000000,0.000000,1.000000,0.000000,0.000000
45,85,-0.725000,4.275000,5,0.000000,0.000000,1.000000,0.000000,1.000000,0.000000,0.000000
46,85,-0.675000,4.275000,16,0.000000,0.000000,1.000000,0.000000,1.000000,0.000000,0.000000
47,85,-0.625000,4.275000,14,0.000000,0.000000,1.000000,0.000000,1.000000,0.000000,0.000000
48,85,-0.575000,4.275000,1,0.000000,0.000000,1.000000,0.000000,1.000000,0.000000,0.000000
49,85,-0.525000,4.275000,6,0.000000,0.000000,1.000000,0.000000,1.000000,0.000000,0.000000
50,85,-0.475000,4.275000,17,0.000000,0.000000,1.000000,0.000000,1.000000,0.000000,0.000000
51,85,-0.425000,4.275000,1,0.000000,0.000000,1.000000,0.000000,1.000000,0.000000,0.000000
52,85,-0.375000,4.275000,7,0.000000,0.000000,1.000000,0.000000,1.000000,0.000000,0.000000
53,85,-0.325000,4.275000,3,0.000000,0.000000,1.000000,0.000000,1.000000,0.000000,0.000000
54,85,-0.275000,4.275000,3,0.000000,0.000000,1.000000,0.000000,1.000000,0.000000,0.000000
59,85,-0.025000,4.275000,4,0.000000,0.000000,1.000000,0.000000,1.000000,0.000000,0.000000
60,85,0.025000,4.275000,16,0.000000,0.000000,1.000000,0.000000,1.000000,0.000000,0.000000
63,85,0.175000,4.275000,16,0.000000,0.000000,1.000000,0.000000,1.000000,0.000000,0.000000
71,85,0.575000,4.275000,13,0.000000,0.000000,1.000000,0.000000,1.000000,0.000000,0.000000
72,85,0.625000,4.275000,39,0.000000,0.000000,1.000000,0.000000,1.000000,0.000000,0.000000
74,85,0.725000,4.275000,12,0.000000,0.000000,1.000000,0.000000,1.000000,0.000000,0.000000
75,85,0.775000,4.275000,20,0.000000,0.000000,1.000000,0.000000,1.000000,0.000000,0.000000
76,85,0.825000,4.275000,4,0.000000,0.000000,1.000000,0.000000,1.000000,0.000000,0.000000
77,85,0.875000,4.275000,7,0.000000,0.000000,1.000000,0.000000,1.000000,0.000000,0.000000
78,85,0.925000,4.275000,10,0.000000,0.000000,1.000000,0.000000,1.000000,0.000000,0.000000
79,85,0.975000,4.275000,14,0.000000,0.000000,1.000000,0.000000,1.000000,0.000000,0.000000
80,85,1.025000,4.275000,3,0.000000,0.000000,1.000000,0.000000,1.000000,0.000000,0.000000
81,85,1.075000,4.275000,5,0.000000,0.000000,1.000000,0.000000,1.000000,0.000000,0.000000
82,85,1.125000,4.275000,8,0.000000,0.000000,1.000000,0.000000,1.000000,0.000000,0.000000
83,85,1.175000,4.275000,13,0.000000,0.000000,1.000000,0.000000,1.000000,0.000000,0.000000
84,85,1.225000,4.275000,4,0.000000,0.000000,1.000000,0.000000,1.000000,0.000000,0.000000
85,85,1.275000,4.275000,9,0.000000,0.000000,1.000000,0.000000,1.000000,0.000000,0.000000
86,85,1.325000,4.275000,15,0.000000,0.000000,1.000000,0.000000,1.000000,0.000000,0.000000
87,85,1.375000,4.275000,4,0.000000,0.000000,1.000000,0.000000,1.000000,0.000000,0.000000
88,85,1.425000,4.275000,7,0.000000,0.000000,1.000000,0.000000,1.000000,0.000000,0.000000
89,85,1.475000,4.275000,10,0.000000,0.000000,1.000000,0.000000,1.000000,0.000000,0.000000
90,85,1.525000,4.275000,12,0.000000,0.000000,1.000000,0.000000,1.000000,0.000000,0.000000
91,85,1.575000,4.275000,7,0.000000,0.000000,1.000000,0.000000,1.000000,0.000000,0.000000
92,85,1.625000,4.275000,10,0.000000,0.000000,1.000000,0.000000,1.000000,0.000000,0.000000
93,85,1.675000,4.275000,7,0.000000,0.000000,1.000000,0.000000,1.000000,0.000000,0.000000
101,85,2.075000,4.275000,33,0.000000,0.000000,1.000000,0.000000,1.000000,0.000000,0.000000
102,85,2.125000,4.275000,52,0.000000,0.000000,1.000000,0.000000,1.000000,0.000000,0.000000
103,85,2.175000,4.275000,54,0.000000,0.000000,1.000000,0.000000,1.000000,0.000000,0.000000
104,85,2.225000,4.275000,27,0.000000,0.000000,1.000000,0.000000,1.000000,0.000000,0.000000
17,86,-2.125000,4.325000,68,0.000000,0.000000,1.000000,0.000000,0.000000,1.000000,0.000000
18,86,-2.075000,4.325000,94,0.000000,0.000000,1.000000,0.000000,0.000000,1.000000,0.000000
28,86,-1.575000,4.325000,8,0.000000,0.000000,1.000000,0.000000,1.000000,0.000000,0.000000
29,86,-1.525000,4.325000,25,0.000000,0.000000,1.000000,0.000000,1.000000,0.000000,0.000000
30,86,-1.475000,4.325000,19,0.000000,0.000000,1.000000,0.000000,1.000000,0.000000,0.000000
31,86,-1.425000,4.325000,11,0.000000,0.000000,1.000000,0.000000,1.000000,0.000000,0.000000
32,86,-1.375000,4.325000,17,0.000000,0.000000,1.000000,0.000000,1.000000,0.000000,0.000000
33,86,-1.325000,4.325000,13,0.000000,0.000000,1.000000,0.000000,1.000000,0.000000,0.000000
34,86,-1.275000,4.325000,11,0.000000,0.000000,1.000000,0.000000,1.000000,0.000000,0.000000
35,86,-1.225000,4.325000,10,0.000000,0.000000,1.000000,0.000000,1.000000,0.000000,0.000000
36,86,-1.175000,4.325000,18,0.000000,0.000000,1.000000,0.000000,1.000000,0.000000,0.000000
37,86,-1.125000,4.325000,4,0.000000,0.000000,1.000000,0.000000,1.000000,0.000000,0.000000
38,86,-1.075000,4.325000,6,0.000000,0.000000,1.000000,0.000000,1.000000,0.000000,0.000000
39,86,-1.025000,4.325000,8,0.000000,0.000000,1.000000,0.000000,1.000000,0.000000,0.000000
40,86,-0.975000,4.325000,12,0.000000,0.000000,1.000000,0.000000,1.000000,0.000000,0.000000
41,86,-0.925000,4.325000,10,0.000000,0.000000,1.000000,0.000000,1.000000,0.000000,0.000000
42,86,-0.875000,4.325000,9,0.000000,0.000000,1.000000,0.000000,1.000000,0.000000,0.000000
43,86,-0.825000,4.325000,10,0.000000,0.000000,1.000000,0.000000,1.000000,0.000000,0.000000
44,86,-0.775000,4.325000,9,0.000000,0.000000,1.000000,0.000000,1.000000,0.000000,0.000000
46,86,-0.675000,4.325000,19,0.000000,0.000000,1.000000,0.000000,1.000000,0.000000,0.000000
47,86,-0.625000,4.325000,11,0.000000,0.000000,1.000000,0.000000,1.000000,0.000000,0.000000
48,86,-0.575000,4.325000,10,0.000000,0.000000,1.000000,0.000000,1.000000,0.000000,0.000000
49,86,-0.525000,4.325000,7,0.000000,0.000000,1.000000,0.000000,1.000000,0.000000,0.000000
50,86,-0.475000,4.325000,8,0.000000,0.000000,1.000000,0.000000,1.000000,0.000000,0.000000
51,86,-0.425000,4.325000,2,0.000000,0.000000,1.000000,0.000000,1.000000,0.000000,0.000000
52,86,-0.375000,4.325000,4,0.000000,0.000000,1.000000,0.000000,1.000000,0.000000,0.000000
53,86,-0.325000,4.325000,6,0.000000,0.000000,1.000000,0.000000,1.000000,0.000000,0.000000
54,86,-0.275000,4.325000,4,0.000000,0.000000,1.000000,0.000000,1.000000,0.000000,0.000000
58,86,-0.075000,4.325000,1,0.000000,0.000000,1.000000,0.000000,1.000000,0.000000,0.000000
59,86,-0.025000,4.325000,15,0.000000,0.000000,1.000000,0.000000,1.000000,0.000000,0.000000
60,86,0.025000,4.325000,3,0.000000,0.000000,1.000000,0.000000,1.000000,0.000000,0.000000
61,86,0.075000,4.325000,4,0.000000,0.000000,1.000000,0.000000,1.000000,0.000000,0.000000
62,86,0.125000,4.325000,2,0.000000,0.000000,1.000000,0.000000,1.000000,0.000000,0.000000
63,86,0.175000,4.325000,5,0.000000,0.000000,1.000000,0.000000,1.000000,0.000000,0.000000
64,86,0.225000,4.325000,27,0.000000,0.000000,1.000000,0.000000,1.000000,0.000000,0.000000
75,86,0.775000,4.325000,11,0.000000,0.000000,1.000000,0.000000,1.000000,0.000000,0.000000
76,86,0.825000,4.325000,23,0.000000,0.000000,1.000000,0.000000,1.000000,0.000000,0.000000
78,86,0.925000,4.325000,12,0.000000,0.000000,1.000000,0.000000,1.000000,0.000000,0.000000
79,86,0.975000,4.325000,10,0.000000,0.000000,1.000000,0.000000,1.000000,0.000000,0.000000
80,86,1.025000,4.325000,4,0.000000,0.000000,1.000000,0.000000,1.000000,0.000000,0.000000
81,86,1.075000,4.325000,11,0.000000,0.000000,1.000000,0.000000,1.000000,0.000000,0.000000
82,86,1.125000,4.325000,16,0.000000,0.000000,1.000000,0.000000,1.000000,0.000000,0.000000
83,86,1.175000,4.325000,17,0.000000,0.000000,1.000000,0.000000,1.000000,0.000000,0.000000
84,86,1.225000,4.325000,10,0.000000,0.000000,1.000000,0.000000,1.000000,0.000000,0.000000
85,86,1.275000,4.325000,3,0.000000,0.000000,1.000000,0.000000,1.000000,0.000000,0.000000
86,86,1.325000,4.325000,7,0.000000,0.000000,1.000000,0.000000,1.000000,0.000000,0.000000
87,86,1.375000,4.325000,5,0.000000,0.000000,1.000000,0.000000,1.000000,0.000000,0.000000
88,86,1.425000,4.325000,10,0.000000,0.000000,1.000000,0.000000,1.000000,0.000000,0.000000
89,86,1.475000,4.325000,6,0.000000,0.000000,1.000000,0.000000,1.000000,0.000000,0.000000
90,86,1.525000,4.325000,11,0.000000,0.000000,1.000000,0.000000,1.000000,0.000000,0.000000
91,86,1.575000,4.325000,12,0.000000,0.000000,1.000000,0.000000,1.000000,0.000000,0.000000
92,86,1.625000,4.325000,10,0.000000,0.000000,1.000000,0.000000,1.000000,0.000000,0.000000
93,86,1.675000,4.325000,21,0.000000,0.000000,1.000000,0.000000,1.000000,0.000000,0.000000
94,86,1.725000,4.325000,29,0.000000,0.000000,1.000000,0.000000,1.000000,0.000000,0.000000
95,86,1.775000,4.325000,3,0.000000,0.000000,1.000000,0.000000,1.000000,0.000000,0.000000
102,86,2.125000,4.325000,59,0.000000,0.000000,1.000000,0.000000,1.000000,0.000000,0.000000
103,86,2.175000,4.325000,53,0.000000,0.000000,1.000000,0.000000,1.000000,0.000000,0.000000
104,86,2.225000,4.325000,38,0.000000,0.000000,1.000000,0.000000,1.000000,0.000000,0.000000
17,87,-2.125000,4.375000,22,0.000000,0.000000,1.000000,0.000000,0.000000,1.000000,0.000000
18,87,-2.075000,4.375000,192,0.000000,0.000000,1.000000,0.000000,0.000000,1.000000,0.000000
28,87,-1.575000,4.375000,51,0.000000,0.000000,1.000000,0.000000,1.000000,0.000000,0.000000
29,87,-1.525000,4.375000,3,0.000000,0.000000,1.000000,0.000000,1.000000,0.000000,0.000000
30,87,-1.475000,4.375000,12,0.000000,0.000000,1.000000,0.000000,1.000000,0.000000,0.000000
31,87,-1.425000,4.375000,16,0.000000,0.000000,1.000000,0.000000,1.000000,0.000000,0.000000
32,87,-1.375000,4.375000,10,0.000000,0.000000,1.000000,0.000000,1.000000,0.000000,0.000000
33,87,-1.325000,4.375000,7,0.000000,0.000000,1.000000,0.000000,1.000000,0.000000,0.000000
34,87,-1.275000,4.375000,1,0.000000,0.000000,1.000000,0.000000,1.000000,0.000000,0.000000
35,87,-1.225000,4.375000,12,0.000000,0.000000,1.000000,0.000000,1.000000,0.000000,0.000000
36,87,-1.175000,4.375000,4,0.000000,0.000000,1.000000,0.000000,1.000000,0.000000,0.000000
37,87,-1.125000,4.375000,10,0.000000,0.000000,1.000000,0.000000,1.000000,0.000000,0.000000
38,87,-1.075000,4.375000,7,0.000000,0.000000,1.000000,0.000000,1.000000,0.000000,0.000000
39,87,-1.025000,4.375000,14,0.000000,0.000000,1.000000,0.000000,1.000000,0.000000,0.000000
40,87,-0.975000,4.375000,9,0.000000,0.000000,1.000000,0.000000,1.000000,0.000000,0.000000
41,87,-0.925000,4.375000,10,0.000000,0.000000,1.000000,0.000000,1.000000,0.000000,0.000000
42,87,-0.875000,4.375000,4,0.000000,0.000000,1.000000,0.000000,1.000000,0.000000,0.000000
43,87,-0.825000,4.375000,18,0.000000,0.000000,1.000000,0.000000,1.000000,0.000000,0.000000
44,87,-0.775000,4.375000,12,0.000000,0.000000,1.000000,0.000000,1.000000,0.000000,0.000000
45,87,-0.725000,4.375000,11,0.000000,0.000000,1.000000,0.000000,1.000000,0.000000,0.000000
46,87,-0.675000,4.375000,46,0.000000,0.000000,1.000000,0.000000,1.000000,0.000000,0.000000
47,87,-0.625000,4.375000,6,0.000000,0.000000,1.000000,0.000000,1.000000,0.000000,0.000000
48,87,-0.575000,4.375000,5,0.000000,0.000000,1.000000,0.000000,1.000000,0.000000,0.000000
49,87,-0.525000,4.375000,4,0.000000,0.000000,1.000000,0.000000,1.000000,0.000000,0.000000
50,87,-0.475000,4.375000,4,0.000000,0.000000,1.000000,0.000000,1.000000,0.000000,0.000000
51,87,-0.425000,4.375000,2,0.000000,0.000000,1.000000,0.000000,1.000000,0.000000,0.000000
52,87,-0.375000,4.375000,6,0.000000,0.000000,1.000000,0.000000,1.000000,0.000000,0.000000
53,87,-0.325000,4.375000,2,0.000000,0.000000,1.000000,0.000000,1.000000,0.000000,0.000000
54,87,-0.275000,4.375000,2,0.000000,0.000000,1.000000,0.000000,1.000000,0.000000,0.000000
55,87,-0.225000,4.375000,3,0.000000,0.000000,1.000000,0.000000,1.000000,0.000000,0.000000
57,87,-0.125000,4.375000,2,0.000000,0.000000,1.000000,0.000000,1.000000,0.000000,0.000000
58,87,-0.075000,4.375000,17,0.000000,0.000000,1.000000,0.000000,1.000000,0.000000,0.000000
59,87,-0.025000,4.375000,1,0.000000,0.000000,1.000000,0.000000,1.000000,0.000000,0.000000
60,87,0.025000,4.375000,5,0.000000,0.000000,1.000000,0.000000,1.000000,0.000000,0.000000
61,87,0.075000,4.375000,1,0.000000,0.000000,1.000000,0.000000,1.000000,0.000000,0.000000
62,87,0.125000,4.375000,6,0.000000,0.000000,1.000000,0.000000,1.000000,0.000000,0.000000
63,87,0.175000,4.375000,3,0.000000,0.000000,1.000000,0.000000,1.000000,0.000000,0.000000
64,87,0.225000,4.375000,48,0.000000,0.000000,1.000000,0.000000,1.000000,0.000000,0.000000
73,87,0.675000,4.375000,10,0.000000,0.000000,1.000000,0.000000,1.000000,0.000000,0.000000
74,87,0.725000,4.375000,6,0.000000,0.000000,1.000000,0.000000,1.000000,0.000000,0.000000
75,87,0.775000,4.375000,5,0.000000,0.000000,1.000000,0.000000,1.000000,0.000000,0.000000
76,87,0.825000,4.375000,21,0.000000,0.000000,1.000000,0.000000,1.000000,0.000000,0.000000
77,87,0.875000,4.375000,22,0.000000,0.000000,1.000000,0.000000,1.000000,0.000000,0.000000
78,87,0.925000,4.375000,2,0.000000,0.000000,1.000000,0.000000,1.000000,0.000000,0.000000
79,87,0.975000,4.375000,21,0.000000,0.000000,1.000000,0.000000,1.000000,0.000000,0.000000
80,87,1.025000,4.375000,10,0.000000,0.000000,1.000000,0.000000,1.000000,0.000000,0.000000
81,87,1.075000,4.375000,6,0.000000,0.000000,1.000000,0.000000,1.000000,0.000000,0.000000
82,87,1.125000,4.375000,9,0.000000,0.000000,1.000000,0.000000,1.000000,0.000000,0.000000
83,87,1.175000,4.375000,14,0.000000,0.000000,1.000000,0.000000,1.000000,0.000000,0.000000
84,87,1.225000,4.375000,8,0.000000,0.000000,1.000000,0.000000,1.000000,0.000000,0.000000
85,87,1.275000,4.375000,5,0.000000,0.000000,1.000000,0.000000,1.000000,0.000000,0.000000
86,87,1.325000,4.375000,7,0.000000,0.000000,1.000000,0.000000,1.000000,0.000000,0.000000
87,87,1.375000,4.375000,6,0.000000,0.000000,1.000000,0.000000,1.000000,0.000000,0.000000
88,87,1.425000,4.375000,12,0.000000,0.000000,1.000000,0.000000,1.000000,0.000000,0.000000
89,87,1.475000,4.375000,8,0.000000,0.000000,1.000000,0.000000,1.000000,0.000000,0.000000
90,87,1.525000,4.375000,9,0.000000,0.000000,1.000000,0.000000,1.000000,0.000000,0.000000
91,87,1.575000,4.375000,16,0.000000,0.000000,1.000000,0.000000,1.000000,0.000000,0.000000
92,87,1.625000,4.375000,7,0.000000,0.000000,1.000000,0.000000,1.000000,0.000000,0.000000
93,87,1.675000,4.375000,5,0.000000,0.000000,1.000000,0.000000,1.000000,0.000000,0.000000
94,87,1.725000,4.375000,12,0.000000,0.000000,1.000000,0.000000,1.000000,0.000000,0.000000
95,87,1.775000,4.375000,22,0.000000,0.000000,1.000000,0.000000,1.000000,0.000000,0.000000
102,87,2.125000,4.375000,25,0.000000,0.000000,1.000000,0.000000,1.000000,0.000000,0.000000
103,87,2.175000,4.375000,97,0.000000,0.000000,1.000000,0.000000,1.000000,0.000000,0.000000
104,87,2.225000,4.375000,53,0.000000,0.000000,1.000000,0.000000,1.000000,0.000000,0.000000
18,88,-2.075000,4.425000,17,0.000000,0.000000,1.000000,0.000000,0.000000,1.000000,0.000000
28,88,-1.575000,4.425000,3,0.000000,0.000000,1.000000,0.000000,1.000000,0.000000,0.000000
29,88,-1.525000,4.425000,12,0.000000,0.000000,1.000000,0.000000,1.000000,0.000000,0.000000
30,88,-1.475000,4.425000,13,0.000000,0.000000,1.000000,0.000000,1.000000,0.000000,0.000000
31,88,-1.425000,4.425000,12,0.000000,0.000000,1.000000,0.000000,1.000000,0.000000,0.000000
32,88,-1.375000,4.425000,11,0.000000,0.000000,1.000000,0.000000,1.000000,0.000000,0.000000
33,88,-1.325000,4.425000,7,0.000000,0.000000,1.000000,0.000000,1.000000,0.000000,0.000000
34,88,-1.275000,4.425000,13,0.000000,0.000000,1.000000,0.000000,1.000000,0.000000,0.000000
35,88,-1.225000,4.425000,6,0.000000,0.000000,1.000000,0.000000,1.000000,0.000000,0.000000
36,88,-1.175000,4.425000,10,0.000000,0.000000,1.000000,0.000000,1.000000,0.000000,0.000000
37,88,-1.125000,4.425000,10,0.000000,0.000000,1.000000,0.000000,1.000000,0.000000,0.000000
38,88,-1.075000,4.425000,10,0.000000,0.000000,1.000000,0.000000,1.000000,0.000000,0.000000
39,88,-1.025000,4.425000,16,0.000000,0.000000,1.000000,0.000000,1.000000,0.000000,0.000000
40,88,-0.975000,4.425000,8,0.000000,0.000000,1.000000,0.000000,1.000000,0.000000,0.000000
41,88,-0.925000,4.425000,6,0.000000,0.000000,1.000000,0.000000,1.000000,0.000000,0.000000
42,88,-0.875000,4.425000,4,0.000000,0.000000,1.000000,0.000000,1.000000,0.000000,0.000000
43,88,-0.825000,4.425000,27,0.000000,0.000000,1.000000,0.000000,1.000000,0.000000,0.000000
44,88,-0.775000,4.425000,21,0.000000,0.000000,1.000000,0.000000,1.000000,0.000000,0.000000
45,88,-0.725000,4.425000,12,0.000000,0.000000,1.000000,0.000000,1.000000,0.000000,0.000000
46,88,-0.675000,4.425000,6,0.000000,0.000000,1.000000,0.000000,1.000000,0.000000,0.000000
47,88,-0.625000,4.425000,5,0.000000,0.000000,1.000000,0.000000,1.000000,0.000000,0.000000
48,88,-0.575000,4.425000,5,0.000000,0.000000,1.000000,0.000000,1.000000,0.000000,0.000000
49,88,-0.525000,4.425000,5,0.000000,0.000000,1.000000,0.000000,1.000000,0.000000,0.000000
50,88,-0.475000,4.425000,4,0.000000,0.000000,1.000000,0.000000,1.000000,0.000000,0.000000
51,88,-0.425000,4.425000,4,0.000000,0.000000,1.000000,0.000000,1.000000,0.000000,0.000000
52,88,-0.375000,4.425000,6,0.000000,0.000000,1.000000,0.000000,1.000000,0.000000,0.000000
53,88,-0.325000,4.425000,4,0.000000,0.000000,1.000000,0.000000,1.000000,0.000000,0.000000
54,88,-0.275000,4.425000,1,0.000000,0.000000,1.000000,0.000000,1.000000,0.000000,0.000000
55,88,-0.225000,4.425000,3,0.000000,0.000000,1.000000,0.000000,1.000000,0.000000,0.000000
56,88,-0.175000,4.425000,3,0.000000,0.000000,1.000000,0.000000,1.000000,0.000000,0.000000
57,88,-0.125000,4.425000,8,0.000000,0.000000,1.000000,0.000000,1.000000,0.000000,0.000000
59,88,-0.025000,4.425000,4,0.000000,0.000000,1.000000,0.000000,1.000000,0.000000,0.000000
60,88,0.025000,4.425000,7,0.000000,0.000000,1.000000,0.000000,1.000000,0.000000,0.000000
61,88,0.075000,4.425000,7,0.000000,0.000000,1.000000,0.000000,1.000000,0.000000,0.000000
62,88,0.125000,4.425000,3,0.000000,0.000000,1.000000,0.000000,1.000000,0.000000,0.000000
63,88,0.175000,4.425000,2,0.000000,0.000000,1.000000,0.000000,1.000000,0.000000,0.000000
64,88,0.225000,4.425000,53,0.000000,0.000000,1.000000,0.000000,1.000000,0.000000,0.000000
65,88,0.275000,4.425000,11,0.000000,0.000000,1.000000,0.000000,1.000000,0.000000,0.000000
66,88,0.325000,4.425000,5,0.000000,0.000000,1.000000,0.000000,1.000000,0.000000,0.000000
72,88,0.625000,4.425000,3,0.000000,0.000000,1.000000,0.000000,1.000000,0.000000,0.000000
73,88,0.675000,4.425000,6,0.000000,0.000000,1.000000,0.000000,1.000000,0.000000,0.000000
74,88,0.725000,4.425000,4,0.000000,0.000000,1.000000,0.000000,1.000000,0.000000,0.000000
75,88,0.775000,4.425000,7,0.000000,0.000000,1.000000,0.000000,1.000000,0.000000,0.000000
76,88,0.825000,4.425000,6,0.000000,0.000000,1.000000,0.000000,1.000000,0.000000,0.000000
77,88,0.875000,4.425000,11,0.000000,0.000000,1.000000,0.000000,1.000000,0.000000,0.000000
78,88,0.925000,4.425000,8,0.000000,0.000000,1.000000,0.000000,1.000000,0.000000,0.000000
79,88,0.975000,4.425000,25,0.000000,0.000000,1.000000,0.000000,1.000000,0.000000,0.000000
80,88,1.025000,4.425000,26,0.000000,0.000000,1.000000,0.000000,1.000000,0.000000,0.000000
81,88,1.075000,4.425000,4,0.000000,0.000000,1.000000,0.000000,1.000000,0.000000,0.000000
82,88,1.125000,4.425000,14,0.000000,0.000000,1.000000,0.000000,1.000000,0.000000,0.000000
83,88,1.175000,4.425000,12,0.000000,0.000000,1.000000,0.000000,1.000000,0.000000,0.000000
84,88,1.225000,4.425000,18,0.000000,0.000000,1.000000,0.000000,1.000000,0.000000,0.000000
85,88,1.275000,4.425000,12,0.000000,0.000000,1.000000,0.000000,1.000000,0.000000,0.000000
86,88,1.325000,4.425000,11,0.000000,0.000000,1.000000,0.000000,1.000000,0.000000,0.000000
87,88,1.375000,4.425000,5,0.000000,0.000000,1.000000,0.000000,1.000000,0.000000,0.000000
88,88,1.425000,4.425000,7,0.000000,0.000000,1.000000,0.000000,1.000000,0.000000,0.000000
89,88,1.475000,4.425000,8,0.000000,0.000000,1.000000,0.000000,1.000000,0.000000,0.000000
90,88,1.525000,4.425000,3,0.000000,0.000000,1.000000,0.000000,1.000000,0.000000,0.000000
91,88,1.575000,4.425000,4,0.000000,0.000000,1.000000,0.000000,1.000000,0.000000,0.000000
92,88,1.625000,4.425000,12,0.000000,0.000000,1.000000,0.000000,1.000000,0.000000,0.000000
93,88,1.675000,4.425000,12,0.000000,0.000000,1.000000,0.000000,1.000000,0.000000,0.000000
94,88,1.725000,4.425000,17,0.000000,0.000000,1.000000,0.000000,1.000000,0.000000,0.000000
95,88,1.775000,4.425000,3,0.000000,0.000000,1.000000,0.000000,1.000000,0.000000,0.000000
103,88,2.175000,4.425000,103,0.000000,0.000000,1.000000,0.000000,1.000000,0.000000,0.000000
104,88,2.225000,4.425000,39,0.000000,0.000000,1.000000,0.000000,1.000000,0.000000,0.000000
27,89,-1.625000,4.475000,4,0.000000,0.000000,1.000000,0.000000,1.000000,0.000000,0.000000
28,89,-1.575000,4.475000,21,0.000000,0.000000,1.000000,0.000000,1.000000,0.000000,0.000000
29,89,-1.525000,4.475000,17,0.000000,0.000000,1.000000,0.000000,1.000000,0.000000,0.000000
30,89,-1.475000,4.475000,24,0.000000,0.000000,1.000000,0.000000,1.000000,0.000000,0.000000
31,89,-1.425000,4.475000,14,0.000000,0.000000,1.000000,0.000000,1.000000,0.000000,0.000000
32,89,-1.375000,4.475000,8,0.000000,0.000000,1.000000,0.000000,1.000000,0.000000,0.000000
33,89,-1.325000,4.475000,6,0.000000,0.000000,1.000000,0.000000,1.000000,0.000000,0.000000
34,89,-1.275000,4.475000,9,0.000000,0.000000,1.000000,0.000000,1.000000,0.000000,0.000000
35,89,-1.225000,4.475000,4,0.000000,0.000000,1.000000,0.000000,1.000000,0.000000,0.000000
36,89,-1.175000,4.475000,12,0.000000,0.000000,1.000000,0.000000,1.000000,0.000000,0.000000
37,89,-1.125000,4.475000,8,0.000000,0.000000,1.000000,0.000000,1.000000,0.000000,0.000000
38,89,-1.075000,4.475000,14,0.000000,0.000000,1.000000,0.000000,1.000000,0.000000,0.000000
39,89,-1.025000,4.475000,9,0.000000,0.000000,1.000000,0.000000,1.000000,0.000000,0.000000
40,89,-0.975000,4.475000,14,0.000000,0.000000,1.000000,0.000000,1.000000,0.000000,0.000000
41,89,-0.925000,4.475000,18,0.000000,0.000000,1.000000,0.000000,1.000000,0.000000,0.000000
42,89,-0.875000,4.475000,18,0.000000,0.000000,1.000000,0.000000,1.000000,0.000000,0.000000
43,89,-0.825000,4.475000,45,0.000000,0.000000,1.000000,0.000000,1.000000,0.000000,0.000000
44,89,-0.775000,4.475000,11,0.000000,0.000000,1.000000,0.000000,1.000000,0.000000,0.000000
45,89,-0.725000,4.475000,12,0.000000,0.000000,1.000000,0.000000,1.000000,0.000000,0.000000
46,89,-0.675000,4.475000,7,0.000000,0.000000,1.000000,0.000000,1.000000,0.000000,0.000000
47,89,-0.625000,4.475000,3,0.000000,0.000000,1.000000,0.000000,1.000000,0.000000,0.000000
48,89,-0.575000,4.475000,4,0.000000,0.000000,1.000000,0.000000,1.000000,0.000000,0.000000
49,89,-0.525000,4.475000,3,0.000000,0.000000,1.000000,0.000000,1.000000,0.000000,0.000000
50,89,-0.475000,4.475000,8,0.000000,0.000000,1.000000,0.000000,1.000000,0.000000,0.000000
51,89,-0.425000,4.475000,4,0.000000,0.000000,1.000000,0.000000,1.000000,0.000000,0.000000
52,89,-0.375000,4.475000,5,0.000000,0.000000,1.000000,0.000000,1.000000,0.000000,0.000000
53,89,-0.325000,4.475000,3,0.000000,0.000000,1.000000,0.000000,1.000000,0.000000,0.000000
54,89,-0.275000,4.475000,7,0.000000,0.000000,1.000000,0.000000,1.000000,0.000000,0.000000
55,89,-0.225000,4.475000,1,0.000000,0.000000,1.000000,0.000000,1.000000,0.000000,0.000000
56,89,-0.175000,4.475000,17,0.000000,0.000000,1.000000,0.000000,1.000000,0.000000,0.000000
59,89,-0.025000,4.475000,4,0.000000,0.000000,1.000000,0.000000,1.000000,0.000000,0.000000
60,89,0.025000,4.475000,3,0.000000,0.000000,1.000000,0.000000,1.000000,0.000000,0.000000
61,89,0.075000,4.475000,4,0.000000,0.000000,1.000000,0.000000,1.000000,0.000000,0.000000
62,89,0.125000,4.475000,5,0.000000,0.000000,1.000000,0.000000,1.000000,0.000000,0.000000
63,89,0.175000,4.475000,5,0.000000,0.000000,1.000000,0.000000,1.000000,0.000000,0.000000
64,89,0.225000,4.475000,53,0.000000,0.000000,1.000000,0.000000,1.000000,0.000000,0.000000
65,89,0.275000,4.475000,5,0.000000,0.000000,1.000000,0.000000,1.000000,0.000000,0.000000
66,89,0.325000,4.475000,5,0.000000,0.000000,1.000000,0.000000,1.000000,0.000000,0.000000
67,89,0.375000,4.475000,13,0.000000,0.000000,1.000000,0.000000,1.000000,0.000000,0.000000
72,89,0.625000,4.475000,1,0.000000,0.000000,1.000000,0.000000,1.000000,0.000000,0.000000
73,89,0.675000,4.475000,5,0.000000,0.000000,1.000000,0.000000,1.000000,0.000000,0.000000
74,89,0.725000,4.475000,5,0.000000,0.000000,1.000000,0.000000,1.000000,0.000000,0.000000
75,89,0.775000,4.475000,7,0.000000,0.000000,1.000000,0.000000,1.000000,0.000000,0.000000
76,89,0.825000,4.475000,6,0.000000,0.000000,1.000000,0.000000,1.000000,0.000000,0.000000
77,89,0.875000,4.475000,5,0.000000,0.000000,1.000000,0.000000,1.000000,0.000000,0.000000
78,89,0.925000,4.475000,8,0.000000,0.000000,1.000000,0.000000,1.000000,0.000000,0.000000
79,89,0.975000,4.475000,9,0.000000,0.000000,1.000000,0.000000,1.000000,0.000000,0.000000
80,89,1.025000,4.475000,28,0.000000,0.000000,1.000000,0.000000,1.000000,0.000000,0.000000
81,89,1.075000,4.475000,33,0.000000,0.000000,1.000000,0.000000,1.000000,0.000000,0.000000
82,89,1.125000,4.475000,17,0.000000,0.000000,1.000000,0.000000,1.000000,0.000000,0.000000
83,89,1.175000,4.475000,26,0.000000,0.000000,1.000000,0.000000,1.000000,0.000000,0.000000
84,89,1.225000,4.475000,6,0.000000,0.000000,1.000000,0.000000,1.000000,0.000000,0.000000
85,89,1.275000,4.475000,9,0.000000,0.000000,1.000000,0.000000,1.000000,0.000000,0.000000
86,89,1.325000,4.475000,23,0.000000,0.000000,1.000000,0.000000,1.000000,0.000000,0.000000
87,89,1.375000,4.475000,6,0.000000,0.000000,1.000000,0.000000,1.000000,0.000000,0.000000
88,89,1.425000,4.475000,6,0.000000,0.000000,1.000000,0.000000,1.000000,0.000000,0.000000
89,89,1.475000,4.475000,7,0.000000,0.000000,1.000000,0.000000,1.000000,0.000000,0.000000
90,89,1.525000,4.475000,11,0.000000,0.000000,1.000000,0.000000,1.000000,0.000000,0.000000
91,89,1.575000,4.475000,10,0.000000,0.000000,1.000000,0.000000,1.000000,0.000000,0.000000
92,89,1.625000,4.475000,5,0.000000,0.000000,1.000000,0.000000,1.000000,0.000000,0.000000
93,89,1.675000,4.475000,22,0.000000,0.000000,1.000000,0.000000,1.000000,0.000000,0.000000
94,89,1.725000,4.475000,23,0.000000,0.000000,1.000000,0.000000,1.000000,0.000000,0.000000
95,89,1.775000,4.475000,27,0.000000,0.000000,1.000000,0.000000,1.000000,0.000000,0.000000
96,89,1.825000,4.475000,25,0.000000,0.000000,1.000000,0.000000,1.000000,0.000000,0.000000
103,89,2.175000,4.475000,160,0.000000,0.000000,1.000000,0.000000,1.000000,0.000000,0.000000
104,89,2.225000,4.475000,7,0.000000,0.000000,1.000000,0.000000,1.000000,0.000000,0.000000
27,90,-1.625000,4.525000,39,0.000000,0.000000,1.000000,0.000000,1.000000,0.000000,0.000000
28,90,-1.575000,4.525000,11,0.000000,0.000000,1.000000,0.000000,1.000000,0.000000,0.000000
29,90,-1.525000,4.525000,13,0.000000,0.000000,1.000000,0.000000,1.000000,0.000000,0.000000
30,90,-1.475000,4.525000,10,0.000000,0.000000,1.000000,0.000000,1.000000,0.000000,0.000000
31,90,-1.425000,4.525000,12,0.000000,0.000000,1.000000,0.000000,1.000000,0.000000,0.000000
32,90,-1.375000,4.525000,3,0.000000,0.000000,1.000000,0.000000,1.000000,0.000000,0.000000
33,90,-1.325000,4.525000,12,0.000000,0.000000,1.000000,0.000000,1.000000,0.000000,0.000000
34,90,-1.275000,4.525000,8,0.000000,0.000000,1.000000,0.000000,1.000000,0.000000,0.000000
35,90,-1.225000,4.525000,7,0.000000,0.000000,1.000000,0.000000,1.000000,0.000000,0.000000
36,90,-1.175000,4.525000,15,0.000000,0.000000,1.000000,0.000000,1.000000,0.000000,0.000000
37,90,-1.125000,4.525000,15,0.000000,0.000000,1.000000,0.000000,1.000000,0.000000,0.000000
38,90,-1.075000,4.525000,11,0.000000,0.000000,1.000000,0.000000,1.000000,0.000000,0.000000
39,90,-1.025000,4.525000,4,0.000000,0.000000,1.000000,0.000000,1.000000,0.000000,0.000000
40,90,-0.975000,4.525000,25,0.000000,0.000000,1.000000,0.000000,1.000000,0.000000,0.000000
41,90,-0.925000,4.525000,9,0.000000,0.000000,1.000000,0.000000,1.000000,0.000000,0.000000
42,90,-0.875000,4.525000,53,0.000000,0.000000,1.000000,0.000000,1.000000,0.000000,0.000000
43,90,-0.825000,4.525000,21,0.000000,0.000000,1.000000,0.000000,1.000000,0.000000,0.000000
44,90,-0.775000,4.525000,16,0.000000,0.000000,1.000000,0.000000,1.000000,0.000000,0.000000
45,90,-0.725000,4.525000,5,0.000000,0.000000,1.000000,0.000000,1.000000,0.000000,0.000000
46,90,-0.675000,4.525000,6,0.000000,0.000000,1.000000,0.000000,1.000000,0.000000,0.000000
47,90,-0.625000,4.525000,9,0.000000,0.000000,1.000000,0.000000,1.000000,0.000000,0.000000
48,90,-0.575000,4.525000,18,0.000000,0.000000,1.000000,0.000000,1.000000,0.000000,0.000000
49,90,-0.525000,4.525000,17,0.000000,0.000000,1.000000,0.000000,1.000000,0.000000,0.000000
50,90,-0.475000,4.525000,12,0.000000,0.000000,1.000000,0.000000,1.000000,0.000000,0.000000
51,90,-0.425000,4.525000,9,0.000000,0.000000,1.000000,0.000000,1.000000,0.000000,0.000000
52,90,-0.375000,4.525000,5,0.000000,0.000000,1.000000,0.000000,1.000000,0.000000,0.000000
53,90,-0.325000,4.525000,5,0.000000,0.000000,1.000000,0.000000,1.000000,0.000000,0.000000
54,90,-0.275000,4.525000,3,0.000000,0.000000,1.000000,0.000000,1.000000,0.000000,0.000000
55,90,-0.225000,4.525000,15,0.000000,0.000000,1.000000,0.000000,1.000000,0.000000,0.000000
56,90,-0.175000,4.525000,5,0.000000,0.000000,1.000000,0.000000,1.000000,0.000000,0.000000
58,90,-0.075000,4.525000,5,0.000000,0.000000,1.000000,0.000000,1.000000,0.000000,0.000000
59,90,-0.025000,4.525000,1,0.000000,0.000000,1.000000,0.000000,1.000000,0.000000,0.000000
60,90,0.025000,4.525000,6,0.000000,0.000000,1.000000,0.000000,1.000000,0.000000,0.000000
61,90,0.075000,4.525000,2,0.000000,0.000000,1.000000,0.000000,1.000000,0.000000,0.000000
62,90,0.125000,4.525000,3,0.000000,0.000000,1.000000,0.000000,1.000000,0.000000,0.000000
63,90,0.175000,4.525000,7,0.000000,0.000000,1.000000,0.000000,1.000000,0.000000,0.000000
64,90,0.225000,4.525000,58,0.000000,0.000000,1.000000,0.000000,1.000000,0.000000,0.000000
65,90,0.275000,4.525000,5,0.000000,0.000000,1.000000,0.000000,1.000000,0.000000,0.000000
66,90,0.325000,4.525000,2,0.000000,0.000000,1.000000,0.000000,1.000000,0.000000,0.000000
67,90,0.375000,4.525000,9,0.000000,0.000000,1.000000,0.000000,1.000000,0.000000,0.000000
68,90,0.425000,4.525000,9,0.000000,0.000000,1.000000,0.000000,1.000000,0.000000,0.000000
69,90,0.475000,4.525000,11,0.000000,0.000000,1.000000,0.000000,1.000000,0.000000,0.000000
72,90,0.625000,4.525000,1,0.000000,0.000000,1.000000,0.000000,1.000000,0.000000,0.000000
73,90,0.675000,4.525000,4,0.000000,0.000000,1.000000,0.000000,1.000000,0.000000,0.000000
74,90,0.725000,4.525000,7,0.000000,0.000000,1.000000,0.000000,1.000000,0.000000,0.000000
75,90,0.775000,4.525000,6,0.000000,0.000000,1.000000,0.000000,1.000000,0.000000,0.000000
76,90,0.825000,4.525000,5,0.000000,0.000000,1.000000,0.000000,1.000000,0.000000,0.000000
77,90,0.875000,4.525000,9,0.000000,0.000000,1.000000,0.000000,1.000000,0.000000,0.000000
78,90,0.925000,4.525000,13,0.000000,0.000000,1.000000,0.000000,1.000000,0.000000,0.000000
79,90,0.975000,4.525000,8,0.000000,0.000000,1.000000,0.000000,1.000000,0.000000,0.000000
80,90,1.025000,4.525000,15,0.000000,0.000000,1.000000,0.000000,1.000000,0.000000,0.000000
81,90,1.075000,4.525000,18,0.000000,0.000000,1.000000,0.000000,1.000000,0.000000,0.000000
82,90,1.125000,4.525000,30,0.000000,0.000000,1.000000,0.000000,1.000000,0.000000,0.000000
83,90,1.175000,4.525000,41,0.000000,0.000000,1.000000,0.000000,1.000000,0.000000,0.000000
84,90,1.225000,4.525000,8,0.000000,0.000000,1.000000,0.000000,1.000000,0.000000,0.000000
85,90,1.275000,4.525000,16,0.000000,0.000000,1.000000,0.000000,1.000000,0.000000,0.000000
86,90,1.325000,4.525000,22,0.000000,0.000000,1.000000,0.000000,1.000000,0.000000,0.000000
87,90,1.375000,4.525000,8,0.000000,0.000000,1.000000,0.000000,1.000000,0.000000,0.000000
88,90,1.425000,4.525000,9,0.000000,0.000000,1.000000,0.000000,1.000000,0.000000,0.000000
89,90,1.475000,4.525000,10,0.000000,0.000000,1.000000,0.000000,1.000000,0.000000,0.000000
90,90,1.525000,4.525000,10,0.000000,0.000000,1.000000,0.000000,1.000000,0.000000,0.000000
91,90,1.575000,4.525000,14,0.000000,0.000000,1.000000,0.000000,1.000000,0.000000,0.000000
92,90,1.625000,4.525000,3,0.000000,0.000000,1.000000,0.000000,1.000000,0.000000,0.000000
93,90,1.675000,4.525000,11,0.000000,0.000000,1.000000,0.000000,1.000000,0.000000,0.000000
94,90,1.725000,4.525000,15,0.000000,0.000000,1.000000,0.000000,1.000000,0.000000,0.000000
95,90,1.775000,4.525000,7,0.000000,0.000000,1.000000,0.000000,1.000000,0.000000,0.000000
96,90,1.825000,4.525000,15,0.000000,0.000000,1.000000,0.000000,1.000000,0.000000,0.000000
27,91,-1.625000,4.575000,3,0.000000,0.000000,1.000000,0.000000,1.000000,0.000000,0.000000
28,91,-1.575000,4.575000,16,0.000000,0.000000,1.000000,0.000000,1.000000,0.000000,0.000000
29,91,-1.525000,4.575000,10,0.000000,0.000000,1.000000,0.000000,1.000000,0.000000,0.000000
30,91,-1.475000,4.575000,9,0.000000,0.000000,1.000000,0.000000,1.000000,0.000000,0.000000
31,91,-1.425000,4.575000,13,0.000000,0.000000,1.000000,0.000000,1.000000,0.000000,0.000000
32,91,-1.375000,4.575000,13,0.000000,0.000000,1.000000,0.000000,1.000000,0.000000,0.000000
33,91,-1.325000,4.575000,11,0.000000,0.000000,1.000000,0.000000,1.000000,0.000000,0.000000
34,91,-1.275000,4.575000,4,0.000000,0.000000,1.000000,0.000000,1.000000,0.000000,0.000000
35,91,-1.225000,4.575000,15,0.000000,0.000000,1.000000,0.000000,1.000000,0.000000,0.000000
36,91,-1.175000,4.575000,18,0.000000,0.000000,1.000000,0.000000,1.000000,0.000000,0.000000
37,91,-1.125000,4.575000,20,0.000000,0.000000,1.000000,0.000000,1.000000,0.000000,0.000000
38,91,-1.075000,4.575000,20,0.000000,0.000000,1.000000,0.000000,1.000000,0.000000,0.000000
40,91,-0.975000,4.575000,38,0.000000,0.000000,1.000000,0.000000,1.000000,0.000000,0.000000
41,91,-0.925000,4.575000,20,0.000000,0.000000,1.000000,0.000000,1.000000,0.000000,0.000000
42,91,-0.875000,4.575000,3,0.000000,0.000000,1.000000,0.000000,1.000000,0.000000,0.000000
45,91,-0.725000,4.575000,11,0.000000,0.000000,1.000000,0.000000,1.000000,0.000000,0.000000
46,91,-0.675000,4.575000,10,0.000000,0.000000,1.000000,0.000000,1.000000,0.000000,0.000000
47,91,-0.625000,4.575000,11,0.000000,0.000000,1.000000,0.000000,1.000000,0.000000,0.000000
48,91,-0.575000,4.575000,4,0.000000,0.000000,1.000000,0.000000,1.000000,0.000000,0.000000
49,91,-0.525000,4.575000,10,0.000000,0.000000,1.000000,0.000000,1.000000,0.000000,0.000000
50,91,-0.475000,4.575000,3,0.000000,0.000000,1.000000,0.000000,1.000000,0.000000,0.000000
52,91,-0.375000,4.575000,7,0.000000,0.000000,1.000000,0.000000,1.000000,0.000000,0.000000
53,91,-0.325000,4.575000,5,0.000000,0.000000,1.000000,0.000000,1.000000,0.000000,0.000000
54,91,-0.275000,4.575000,13,0.000000,0.000000,1.000000,0.000000,1.000000,0.000000,0.000000
55,91,-0.225000,4.575000,6,0.000000,0.000000,1.000000,0.000000,1.000000,0.000000,0.000000
56,91,-0.175000,4.575000,6,0.000000,0.000000,1.000000,0.000000,1.000000,0.000000,0.000000
57,91,-0.125000,4.575000,1,0.000000,0.000000,1.000000,0.000000,1.000000,0.000000,0.000000
59,91,-0.025000,4.575000,3,0.000000,0.000000,1.000000,0.000000,1.000000,0.000000,0.000000
60,91,0.025000,4.575000,6,0.000000,0.000000,1.000000,0.000000,1.000000,0.000000,0.000000
61,91,0.075000,4.575000,9,0.000000,0.000000,1.000000,0.000000,1.000000,0.000000,0.000000
63,91,0.175000,4.575000,5,0.000000,0.000000,1.000000,0.000000,1.000000,0.000000,0.000000
64,91,0.225000,4.575000,51,0.000000,0.000000,1.000000,0.000000,1.000000,0.000000,0.000000
65,91,0.275000,4.575000,4,0.000000,0.000000,1.000000,0.000000,1.000000,0.000000,0.000000
66,91,0.325000,4.575000,1,0.000000,0.000000,1.000000,0.000000,1.000000,0.000000,0.000000
67,91,0.375000,4.575000,4,0.000000,0.000000,1.000000,0.000000,1.000000,0.000000,0.000000
68,91,0.425000,4.575000,5,0.000000,0.000000,1.000000,0.000000,1.000000,0.000000,0.000000
69,91,0.475000,4.575000,9,0.000000,0.000000,1.000000,0.000000,1.000000,0.000000,0.000000
70,91,0.525000,4.575000,5,0.000000,0.000000,1.000000,0.000000,1.000000,0.000000,0.000000
71,91,0.575000,4.575000,3,0.000000,0.000000,1.000000,0.000000,1.000000,0.000000,0.000000
72,91,0.625000,4.575000,3,0.000000,0.000000,1.000000,0.000000,1.000000,0.000000,0.000000
73,91,0.675000,4.575000,1,0.000000,0.000000,1.000000,0.000000,1.000000,0.000000,0.000000
74,91,0.725000,4.575000,6,0.000000,0.000000,1.000000,0.000000,1.000000,0.000000,0.000000
75,91,0.775000,4.575000,3,0.000000,0.000000,1.000000,0.000000,1.000000,0.000000,0.000000
76,91,0.825000,4.575000,5,0.000000,0.000000,1.000000,0.000000,1.000000,0.000000,0.000000
77,91,0.875000,4.575000,10,0.000000,0.000000,1.000000,0.000000,1.000000,0.000000,0.000000
78,91,0.925000,4.575000,14,0.000000,0.000000,1.000000,0.000000,1.000000,0.000000,0.000000
79,91,0.975000,4.575000,10,0.000000,0.000000,1.000000,0.000000,1.000000,0.000000,0.000000
80,91,1.025000,4.575000,4,0.000000,0.000000,1.000000,0.000000,1.000000,0.000000,0.000000
81,91,1.075000,4.575000,1,0.000000,0.000000,1.000000,0.000000,1.000000,0.000000,0.000000
83,91,1.175000,4.575000,22,0.000000,0.000000,1.000000,0.000000,1.000000,0.000000,0.000000
84,91,1.225000,4.575000,32,0.000000,0.000000,1.000000,0.000000,1.000000,0.000000,0.000000
85,91,1.275000,4.575000,15,0.000000,0.000000,1.000000,0.000000,1.000000,0.000000,0.000000
86,91,1.325000,4.575000,25,0.000000,0.000000,1.000000,0.000000,1.000000,0.000000,0.000000
87,91,1.375000,4.575000,14,0.000000,0.000000,1.000000,0.000000,1.000000,0.000000,0.000000
88,91,1.425000,4.575000,18,0.000000,0.000000,1.000000,0.000000,1.000000,0.000000,0.000000
89,91,1.475000,4.575000,22,0.000000,0.000000,1.000000,0.000000,1.000000,0.000000,0.000000
90,91,1.525000,4.575000,7,0.000000,0.000000,1.000000,0.000000,1.000000,0.000000,0.000000
91,91,1.575000,4.575000,5,0.000000,0.000000,1.000000,0.000000,1.000000,0.000000,0.000000
92,91,1.625000,4.575000,16,0.000000,0.000000,1.000000,0.000000,1.000000,0.000000,0.000000
93,91,1.675000,4.575000,7,0.000000,0.000000,1.000000,0.000000,1.000000,0.000000,0.000000
94,91,1.725000,4.575000,11,0.000000,0.000000,1.000000,0.000000,1.000000,0.000000,0.000000
95,91,1.775000,4.575000,23,0.000000,0.000000,1.000000,0.000000,1.000000,0.000000,0.000000
96,91,1.825000,4.575000,22,0.000000,0.000000,1.000000,0.000000,1.000000,0.000000,0.000000
97,91,1.875000,4.575000,6,0.000000,0.000000,1.000000,0.000000,1.000000,0.000000,0.000000
27,92,-1.625000,4.625000,24,0.000000,0.000000,1.000000,0.000000,1.000000,0.000000,0.000000
28,92,-1.575000,4.625000,19,0.000000,0.000000,1.000000,0.000000,1.000000,0.000000,0.000000
29,92,-1.525000,4.625000,20,0.000000,0.000000,1.000000,0.000000,1.000000,0.000000,0.000000
30,92,-1.475000,4.625000,12,0.000000,0.000000,1.000000,0.000000,1.000000,0.000000,0.000000
31,92,-1.425000,4.625000,5,0.000000,0.000000,1.000000,0.000000,1.000000,0.000000,0.000000
32,92,-1.375000,4.625000,14,0.000000,0.000000,1.000000,0.000000,1.000000,0.000000,0.000000
33,92,-1.325000,4.625000,11,0.000000,0.000000,1.000000,0.000000,1.000000,0.000000,0.000000
34,92,-1.275000,4.625000,17,0.000000,0.000000,1.000000,0.000000,1.000000,0.000000,0.000000
35,92,-1.225000,4.625000,11,0.000000,0.000000,1.000000,0.000000,1.000000,0.000000,0.000000
36,92,-1.175000,4.625000,10,0.000000,0.000000,1.000000,0.000000,1.000000,0.000000,0.000000
37,92,-1.125000,4.625000,20,0.000000,0.000000,1.000000,0.000000,1.000000,0.000000,0.000000
38,92,-1.075000,4.625000,18,0.000000,0.000000,1.000000,0.000000,1.000000,0.000000,0.000000
39,92,-1.025000,4.625000,16,0.000000,0.000000,1.000000,0.000000,1.000000,0.000000,0.000000
40,92,-0.975000,4.625000,13,0.000000,0.000000,1.000000,0.000000,1.000000,0.000000,0.000000
43,92,-0.825000,4.625000,6,0.000000,0.000000,1.000000,0.000000,1.000000,0.000000,0.000000
44,92,-0.775000,4.625000,8,0.000000,0.000000,1.000000,0.000000,1.000000,0.000000,0.000000
45,92,-0.725000,4.625000,15,0.000000,0.000000,1.000000,0.000000,1.000000,0.000000,0.000000
46,92,-0.675000,4.625000,7,0.000000,0.000000,1.000000,0.000000,1.000000,0.000000,0.000000
48,92,-0.575000,4.625000,4,0.000000,0.000000,1.000000,0.000000,1.000000,0.000000,0.000000
49,92,-0.525000,4.625000,3,0.000000,0.000000,1.000000,0.000000,1.000000,0.000000,0.000000
50,92,-0.475000,4.625000,5,0.000000,0.000000,1.000000,0.000000,1.000000,0.000000,0.000000
51,92,-0.425000,4.625000,3,0.000000,0.000000,1.000000,0.000000,1.000000,0.000000,0.000000
52,92,-0.375000,4.625000,2,0.000000,0.000000,1.000000,0.000000,1.000000,0.000000,0.000000
53,92,-0.325000,4.625000,17,0.000000,0.000000,1.000000,0.000000,1.000000,0.000000,0.000000
54,92,-0.275000,4.625000,4,0.000000,0.000000,1.000000,0.000000,1.000000,0.000000,0.000000
55,92,-0.225000,4.625000,4,0.000000,0.000000,1.000000,0.000000,1.000000,0.000000,0.000000
56,92,-0.175000,4.625000,2,0.000000,0.000000,1.000000,0.000000,1.000000,0.000000,0.000000
57,92,-0.125000,4.625000,5,0.000000,0.000000,1.000000,0.000000,1.000000,0.000000,0.000000
58,92,-0.075000,4.625000,3,0.000000,0.000000,1.000000,0.000000,1.000000,0.000000,0.000000
59,92,-0.025000,4.625000,7,0.000000,0.000000,1.000000,0.000000,1.000000,0.000000,0.000000
60,92,0.025000,4.625000,5,0.000000,0.000000,1.000000,0.000000,1.000000,0.000000,0.000000
61,92,0.075000,4.625000,5,0.000000,0.000000,1.000000,0.000000,1.000000,0.000000,0.000000
62,92,0.125000,4.625000,4,0.000000,0.000000,1.000000,0.000000,1.000000,0.000000,0.000000
63,92,0.175000,4.625000,3,0.000000,0.000000,1.000000,0.000000,1.000000,0.000000,0.000000
64,92,0.225000,4.625000,48,0.000000,0.000000,1.000000,0.000000,1.000000,0.000000,0.000000
65,92,0.275000,4.625000,3,0.000000,0.000000,1.000000,0.000000,1.000000,0.000000,0.000000
66,92,0.325000,4.625000,1,0.000000,0.000000,1.000000,0.000000,1.000000,0.000000,0.000000
67,92,0.375000,4.625000,5,0.000000,0.000000,1.000000,0.000000,1.000000,0.000000,0.000000
68,92,0.425000,4.625000,5,0.000000,0.000000,1.000000,0.000000,1.000000,0.000000,0.000000
69,92,0.475000,4.625000,8,0.000000,0.000000,1.000000,0.000000,1.000000,0.000000,0.000000
71,92,0.575000,4.625000,7,0.000000,0.000000,1.000000,0.000000,1.000000,0.000000,0.000000
72,92,0.625000,4.625000,6,0.000000,0.000000,1.000000,0.000000,1.000000,0.000000,0.000000
73,92,0.675000,4.625000,5,0.000000,0.000000,1.000000,0.000000,1.000000,0.000000,0.000000
74,92,0.725000,4.625000,6,0.000000,0.000000,1.000000,0.000000,1.000000,0.000000,0.000000
75,92,0.775000,4.625000,5,0.000000,0.000000,1.000000,0.000000,1.000000,0.000000,0.000000
76,92,0.825000,4.625000,12,0.000000,0.000000,1.000000,0.000000,1.000000,0.000000,0.000000
77,92,0.875000,4.625000,8,0.000000,0.000000,1.000000,0.000000,1.000000,0.000000,0.000000
78,92,0.925000,4.625000,9,0.000000,0.000000,1.000000,0.000000,1.000000,0.000000,0.000000
79,92,0.975000,4.625000,13,0.000000,0.000000,1.000000,0.000000,1.000000,0.000000,0.000000
80,92,1.025000,4.625000,6,0.000000,0.000000,1.000000,0.000000,1.000000,0.000000,0.000000
81,92,1.075000,4.625000,4,0.000000,0.000000,1.000000,0.000000,1.000000,0.000000,0.000000
82,92,1.125000,4.625000,7,0.000000,0.000000,1.000000,0.000000,1.000000,0.000000,0.000000
83,92,1.175000,4.625000,2,0.000000,0.000000,1.000000,0.000000,1.000000,0.000000,0.000000
86,92,1.325000,4.625000,22,0.000000,0.000000,1.000000,0.000000,1.000000,0.000000,0.000000
87,92,1.375000,4.625000,8,0.000000,0.000000,1.000000,0.000000,1.000000,0.000000,0.000000
88,92,1.425000,4.625000,17,0.000000,0.000000,1.000000,0.000000,1.000000,0.000000,0.000000
89,92,1.475000,4.625000,13,0.000000,0.000000,1.000000,0.000000,1.000000,0.000000,0.000000
90,92,1.525000,4.625000,15,0.000000,0.000000,1.000000,0.000000,1.000000,0.000000,0.000000
91,92,1.575000,4.625000,8,0.000000,0.000000,1.000000,0.000000,1.000000,0.000000,0.000000
92,92,1.625000,4.625000,7,0.000000,0.000000,1.000000,0.000000,1.000000,0.000000,0.000000
93,92,1.675000,4.625000,19,0.000000,0.000000,1.000000,0.000000,1.000000,0.000000,0.000000
94,92,1.725000,4.625000,11,0.000000,0.000000,1.000000,0.000000,1.000000,0.000000,0.000000
95,92,1.775000,4.625000,28,0.000000,0.000000,1.000000,0.000000,1.000000,0.000000,0.000000
96,92,1.825000,4.625000,20,0.000000,0.000000,1.000000,0.000000,1.000000,0.000000,0.000000
97,92,1.875000,4.625000,37,0.000000,0.000000,1.000000,0.000000,1.000000,0.000000,0.000000
98,92,1.925000,4.625000,4,0.000000,0.000000,1.000000,0.000000,1.000000,0.000000,0.000000
26,93,-1.675000,4.675000,23,0.000000,0.000000,1.000000,0.000000,1.000000,0.000000,0.000000
27,93,-1.625000,4.675000,17,0.000000,0.000000,1.000000,0.000000,1.000000,0.000000,0.000000
28,93,-1.575000,4.675000,17,0.000000,0.000000,1.000000,0.000000,1.000000,0.000000,0.000000
29,93,-1.525000,4.675000,15,0.000000,0.000000,1.000000,0.000000,1.000000,0.000000,0.000000
30,93,-1.475000,4.675000,11,0.000000,0.000000,1.000000,0.000000,1.000000,0.000000,0.000000
31,93,-1.425000,4.675000,11,0.000000,0.000000,1.000000,0.000000,1.000000,0.000000,0.000000
32,93,-1.375000,4.675000,15,0.000000,0.000000,1.000000,0.000000,1.000000,0.000000,0.000000
33,93,-1.325000,4.675000,11,0.000000,0.000000,1.000000,0.000000,1.000000,0.000000,0.000000
34,93,-1.275000,4.675000,7,0.000000,0.000000,1.000000,0.000000,1.000000,0.000000,0.000000
35,93,-1.225000,4.675000,24,0.000000,0.000000,1.000000,0.000000,1.000000,0.000000,0.000000
36,93,-1.175000,4.675000,14,0.000000,0.000000,1.000000,0.000000,1.000000,0.000000,0.000000
37,93,-1.125000,4.675000,18,0.000000,0.000000,1.000000,0.000000,1.000000,0.000000,0.000000
38,93,-1.075000,4.675000,13,0.000000,0.000000,1.000000,0.000000,1.000000,0.000000,0.000000
42,93,-0.875000,4.675000,13,0.000000,0.000000,1.000000,0.000000,1.000000,0.000000,0.000000
43,93,-0.825000,4.675000,18,0.000000,0.000000,1.000000,0.000000,1.000000,0.000000,0.000000
44,93,-0.775000,4.675000,8,0.000000,0.000000,1.000000,0.000000,1.000000,0.000000,0.000000
45,93,-0.725000,4.675000,9,0.000000,0.000000,1.000000,0.000000,1.000000,0.000000,0.000000
46,93,-0.675000,4.675000,7,0.000000,0.000000,1.000000,0.000000,1.000000,0.000000,0.000000
47,93,-0.625000,4.675000,4,0.000000,0.000000,1.000000,0.000000,1.000000,0.000000,0.000000
48,93,-0.575000,4.675000,3,0.000000,0.000000,1.000000,0.000000,1.000000,0.000000,0.000000
49,93,-0.525000,4.675000,5,0.000000,0.000000,1.000000,0.000000,1.000000,0.000000,0.000000
50,93,-0.475000,4.675000,3,0.000000,0.000000,1.000000,0.000000,1.000000,0.000000,0.000000
51,93,-0.425000,4.675000,4,0.000000,0.000000,1.000000,0.000000,1.000000,0.000000,0.000000
52,93,-0.375000,4.675000,1,0.000000,0.000000,1.000000,0.000000,1.000000,0.000000,0.000000
54,93,-0.275000,4.675000,6,0.000000,0.000000,1.000000,0.000000,1.000000,0.000000,0.000000
55,93,-0.225000,4.675000,6,0.000000,0.000000,1.000000,0.000000,1.000000,0.000000,0.000000
56,93,-0.175000,4.675000,5,0.000000,0.000000,1.000000,0.000000,1.000000,0.000000,0.000000
57,93,-0.125000,4.675000,4,0.000000,0.000000,1.000000,0.000000,1.000000,0.000000,0.000000
58,93,-0.075000,4.675000,7,0.000000,0.000000,1.000000,0.000000,1.000000,0.000000,0.000000
59,93,-0.025000,4.675000,17,0.000000,0.000000,1.000000,0.000000,1.000000,0.000000,0.000000
60,93,0.025000,4.675000,7,0.000000,0.000000,1.000000,0.000000,1.000000,0.000000,0.000000
61,93,0.075000,4.675000,5,0.000000,0.000000,1.000000,0.000000,1.000000,0.000000,0.000000
62,93,0.125000,4.675000,12,0.000000,0.000000,1.000000,0.000000,1.000000,0.000000,0.000000
63,93,0.175000,4.675000,14,0.000000,0.000000,1.000000,0.000000,1.000000,0.000000,0.000000
64,93,0.225000,4.675000,4,0.000000,0.000000,1.000000,0.000000,1.000000,0.000000,0.000000
65,93,0.275000,4.675000,48,0.000000,0.000000,1.000000,0.000000,1.000000,0.000000,0.000000
66,93,0.325000,4.675000,5,0.000000,0.000000,1.000000,0.000000,1.000000,0.000000,0.000000
67,93,0.375000,4.675000,3,0.000000,0.000000,1.000000,0.000000,1.000000,0.000000,0.000000
68,93,0.425000,4.675000,9,0.000000,0.000000,1.000000,0.000000,1.000000,0.000000,0.000000
69,93,0.475000,4.675000,11,0.000000,0.000000,1.000000,0.000000,1.000000,0.000000,0.000000
70,93,0.525000,4.675000,2,0.000000,0.000000,1.000000,0.000000,1.000000,0.000000,0.000000
72,93,0.625000,4.675000,5,0.000000,0.000000,1.000000,0.000000,1.000000,0.000000,0.000000
73,93,0.675000,4.675000,13,0.000000,0.000000,1.000000,0.000000,1.000000,0.000000,0.000000
74,93,0.725000,4.675000,3,0.000000,0.000000,1.000000,0.000000,1.000000,0.000000,0.000000
75,93,0.775000,4.675000,11,0.000000,0.000000,1.000000,0.000000,1.000000,0.000000,0.000000
76,93,0.825000,4.675000,6,0.000000,0.000000,1.000000,0.000000,1.000000,0.000000,0.000000
77,93,0.875000,4.675000,5,0.000000,0.000000,1.000000,0.000000,1.000000,0.000000,0.000000
78,93,0.925000,4.675000,7,0.000000,0.000000,1.000000,0.000000,1.000000,0.000000,0.000000
79,93,0.975000,4.675000,4,0.000000,0.000000,1.000000,0.000000,1.000000,0.000000,0.000000
80,93,1.025000,4.675000,8,0.000000,0.000000,1.000000,0.000000,1.000000,0.000000,0.000000
81,93,1.075000,4.675000,6,0.000000,0.000000,1.000000,0.000000,1.000000,0.000000,0.000000
82,93,1.125000,4.675000,10,0.000000,0.000000,1.000000,0.000000,1.000000,0.000000,0.000000
83,93,1.175000,4.675000,10,0.000000,0.000000,1.000000,0.000000,1.000000,0.000000,0.000000
84,93,1.225000,4.675000,14,0.000000,0.000000,1.000000,0.000000,1.000000,0.000000,0.000000
85,93,1.275000,4.675000,6,0.000000,0.000000,1.000000,0.000000,1.000000,0.000000,0.000000
86,93,1.325000,4.675000,3,0.000000,0.000000,1.000000,0.000000,1.000000,0.000000,0.000000
87,93,1.375000,4.675000,32,0.000000,0.000000,1.000000,0.000000,1.000000,0.000000,0.000000
88,93,1.425000,4.675000,22,0.000000,0.000000,1.000000,0.000000,1.000000,0.000000,0.000000
89,93,1.475000,4.675000,20,0.000000,0.000000,1.000000,0.000000,1.000000,0.000000,0.000000
90,93,1.525000,4.675000,12,0.000000,0.000000,1.000000,0.000000,1.000000,0.000000,0.000000
91,93,1.575000,4.675000,22,0.000000,0.000000,1.000000,0.000000,1.000000,0.000000,0.000000
92,93,1.625000,4.675000,13,0.000000,0.000000,1.000000,0.000000,1.000000,0.000000,0.000000
93,93,1.675000,4.675000,9,0.000000,0.000000,1.000000,0.000000,1.000000,0.000000,0.000000
94,93,1.725000,4.675000,17,0.000000,0.000000,1.000000,0.000000,1.000000,0.000000,0.000000
95,93,1.775000,4.675000,10,0.000000,0.000000,1.000000,0.000000,1.000000,0.000000,0.000000
96,93,1.825000,4.675000,14,0.000000,0.000000,1.000000,0.000000,1.000000,0.000000,0.000000
97,93,1.875000,4.675000,17,0.000000,0.000000,1.000000,0.000000,1.000000,0.000000,0.000000
26,94,-1.675000,4.725000,1,0.000000,0.000000,1.000000,0.000000,1.000000,0.000000,0.000000
27,94,-1.625000,4.725000,18,0.000000,0.000000,1.000000,0.000000,1.000000,0.000000,0.000000
28,94,-1.575000,4.725000,25,0.000000,0.000000,1.000000,0.000000,1.000000,0.000000,0.000000
29,94,-1.525000,4.725000,13,0.000000,0.000000,1.000000,0.000000,1.000000,0.000000,0.000000
30,94,-1.475000,4.725000,12,0.000000,0.000000,1.000000,0.000000,1.000000,0.000000,0.000000
31,94,-1.425000,4.725000,22,0.000000,0.000000,1.000000,0.000000,1.000000,0.000000,0.000000
32,94,-1.375000,4.725000,7,0.000000,0.000000,1.000000,0.000000,1.000000,0.000000,0.000000
33,94,-1.325000,4.725000,19,0.000000,0.000000,1.000000,0.000000,1.000000,0.000000,0.000000
34,94,-1.275000,4.725000,14,0.000000,0.000000,1.000000,0.000000,1.000000,0.000000,0.000000
35,94,-1.225000,4.725000,12,0.000000,0.000000,1.000000,0.000000,1.000000,0.000000,0.000000
36,94,-1.175000,4.725000,14,0.000000,0.000000,1.000000,0.000000,1.000000,0.000000,0.000000
37,94,-1.125000,4.725000,20,0.000000,0.000000,1.000000,0.000000,1.000000,0.000000,0.000000
40,94,-0.975000,4.725000,3,0.000000,0.000000,1.000000,0.000000,1.000000,0.000000,0.000000
41,94,-0.925000,4.725000,14,0.000000,0.000000,1.000000,0.000000,1.000000,0.000000,0.000000
42,94,-0.875000,4.725000,15,0.000000,0.000000,1.000000,0.000000,1.000000,0.000000,0.000000
43,94,-0.825000,4.725000,7,0.000000,0.000000,1.000000,0.000000,1.000000,0.000000,0.000000
44,94,-0.775000,4.725000,10,0.000000,0.000000,1.000000,0.000000,1.000000,0.000000,0.000000
45,94,-0.725000,4.725000,8,0.000000,0.000000,1.000000,0.000000,1.000000,0.000000,0.000000
46,94,-0.675000,4.725000,9,0.000000,0.000000,1.000000,0.000000,1.000000,0.000000,0.000000
47,94,-0.625000,4.725000,6,0.000000,0.000000,1.000000,0.000000,1.000000,0.000000,0.000000
48,94,-0.575000,4.725000,5,0.000000,0.000000,1.000000,0.000000,1.000000,0.000000,0.000000
49,94,-0.525000,4.725000,7,0.000000,0.000000,1.000000,0.000000,1.000000,0.000000,0.000000
50,94,-0.475000,4.725000,5,0.000000,0.000000,1.000000,0.000000,1.000000,0.000000,0.000000
51,94,-0.425000,4.725000,10,0.000000,0.000000,1.000000,0.000000,1.000000,0.000000,0.000000
52,94,-0.375000,4.725000,14,0.000000,0.000000,1.000000,0.000000,1.000000,0.000000,0.000000
54,94,-0.275000,4.725000,6,0.000000,0.000000,1.000000,0.000000,1.000000,0.000000,0.000000
55,94,-0.225000,4.725000,6,0.000000,0.000000,1.000000,0.000000,1.000000,0.000000,0.000000
56,94,-0.175000,4.725000,3,0.000000,0.000000,1.000000,0.000000,1.000000,0.000000,0.000000
57,94,-0.125000,4.725000,9,0.000000,0.000000,1.000000,0.000000,1.000000,0.000000,0.000000
58,94,-0.075000,4.725000,7,0.000000,0.000000,1.000000,0.000000,1.000000,0.000000,0.000000
59,94,-0.025000,4.725000,12,0.000000,0.000000,1.000000,0.000000,1.000000,0.000000,0.000000
60,94,0.025000,4.725000,9,0.000000,0.000000,1.000000,0.000000,1.000000,0.000000,0.000000
61,94,0.075000,4.725000,6,0.000000,0.000000,1.000000,0.000000,1.000000,0.000000,0.000000
62,94,0.125000,4.725000,3,0.000000,0.000000,1.000000,0.000000,1.000000,0.000000,0.000000
63,94,0.175000,4.725000,2,0.000000,0.000000,1.000000,0.000000,1.000000,0.000000,0.000000
65,94,0.275000,4.725000,63,0.000000,0.000000,1.000000,0.000000,1.000000,0.000000,0.000000
66,94,0.325000,4.725000,5,0.000000,0.000000,1.000000,0.000000,1.000000,0.000000,0.000000
67,94,0.375000,4.725000,6,0.000000,0.000000,1.000000,0.000000,1.000000,0.000000,0.000000
68,94,0.425000,4.725000,2,0.000000,0.000000,1.000000,0.000000,1.000000,0.000000,0.000000
69,94,0.475000,4.725000,10,0.000000,0.000000,1.000000,0.000000,1.000000,0.000000,0.000000
70,94,0.525000,4.725000,6,0.000000,0.000000,1.000000,0.000000,1.000000,0.000000,0.000000
71,94,0.575000,4.725000,1,0.000000,0.000000,1.000000,0.000000,1.000000,0.000000,0.000000
72,94,0.625000,4.725000,4,0.000000,0.000000,1.000000,0.000000,1.000000,0.000000,0.000000
73,94,0.675000,4.725000,3,0.000000,0.000000,1.000000,0.000000,1.000000,0.000000,0.000000
74,94,0.725000,4.725000,8,0.000000,0.000000,1.000000,0.000000,1.000000,0.000000,0.000000
75,94,0.775000,4.725000,4,0.000000,0.000000,1.000000,0.000000,1.000000,0.000000,0.000000
76,94,0.825000,4.725000,3,0.000000,0.000000,1.000000,0.000000,1.000000,0.000000,0.000000
77,94,0.875000,4.725000,5,0.000000,0.000000,1.000000,0.000000,1.000000,0.000000,0.000000
78,94,0.925000,4.725000,2,0.000000,0.000000,1.000000,0.000000,1.000000,0.000000,0.000000
79,94,0.975000,4.725000,5,0.000000,0.000000,1.000000,0.000000,1.000000,0.000000,0.000000
80,94,1.025000,4.725000,9,0.000000,0.000000,1.000000,0.000000,1.000000,0.000000,0.000000
81,94,1.075000,4.725000,13,0.000000,0.000000,1.000000,0.000000,1.000000,0.000000,0.000000
82,94,1.125000,4.725000,5,0.000000,0.000000,1.000000,0.000000,1.000000,0.000000,0.000000
83,94,1.175000,4.725000,12,0.000000,0.000000,1.000000,0.000000,1.000000,0.000000,0.000000
84,94,1.225000,4.725000,16,0.000000,0.000000,1.000000,0.000000,1.000000,0.000000,0.000000
85,94,1.275000,4.725000,27,0.000000,0.000000,1.000000,0.000000,1.000000,0.000000,0.000000
86,94,1.325000,4.725000,23,0.000000,0.000000,1.000000,0.000000,1.000000,0.000000,0.000000
88,94,1.425000,4.725000,2,0.000000,0.000000,1.000000,0.000000,1.000000,0.000000,0.000000
89,94,1.475000,4.725000,22,0.000000,0.000000,1.000000,0.000000,1.000000,0.000000,0.000000
90,94,1.525000,4.725000,15,0.000000,0.000000,1.000000,0.000000,1.000000,0.000000,0.000000
91,94,1.575000,4.725000,17,0.000000,0.000000,1.000000,0.000000,1.000000,0.000000,0.000000
92,94,1.625000,4.725000,17,0.000000,0.000000,1.000000,0.000000,1.000000,0.000000,0.000000
93,94,1.675000,4.725000,14,0.000000,0.000000,1.000000,0.000000,1.000000,0.000000,0.000000
94,94,1.725000,4.725000,21,0.000000,0.000000,1.000000,0.000000,1.000000,0.000000,0.000000
95,94,1.775000,4.725000,12,0.000000,0.000000,1.000000,0.000000,1.000000,0.000000,0.000000
96,94,1.825000,4.725000,20,0.000000,0.000000,1.000000,0.000000,1.000000,0.000000,0.000000
97,94,1.875000,4.725000,31,0.000000,0.000000,1.000000,0.000000,1.000000,0.000000,0.000000
98,94,1.925000,4.725000,48,0.000000,0.000000,1.000000,0.000000,1.000000,0.000000,0.000000
26,95,-1.675000,4.775000,28,0.000000,0.000000,1.000000,0.000000,1.000000,0.000000,0.000000
27,95,-1.625000,4.775000,18,0.000000,0.000000,1.000000,0.000000,1.000000,0.000000,0.000000
28,95,-1.575000,4.775000,25,0.000000,0.000000,1.000000,0.000000,1.000000,0.000000,0.000000
29,95,-1.525000,4.775000,8,0.000000,0.000000,1.000000,0.000000,1.000000,0.000000,0.000000
30,95,-1.475000,4.775000,7,0.000000,0.000000,1.000000,0.000000,1.000000,0.000000,0.000000
31,95,-1.425000,4.775000,17,0.000000,0.000000,1.000000,0.000000,1.000000,0.000000,0.000000
32,95,-1.375000,4.775000,11,0.000000,0.000000,1.000000,0.000000,1.000000,0.000000,0.000000
33,95,-1.325000,4.775000,26,0.000000,0.000000,1.000000,0.000000,1.000000,0.000000,0.000000
34,95,-1.275000,4.775000,24,0.000000,0.000000,1.000000,0.000000,1.000000,0.000000,0.000000
35,95,-1.225000,4.775000,17,0.000000,0.000000,1.000000,0.000000,1.000000,0.000000,0.000000
36,95,-1.175000,4.775000,11,0.000000,0.000000,1.000000,0.000000,1.000000,0.000000,0.000000
39,95,-1.025000,4.775000,1,0.000000,0.000000,1.000000,0.000000,1.000000,0.000000,0.000000
40,95,-0.975000,4.775000,33,0.000000,0.000000,1.000000,0.000000,1.000000,0.000000,0.000000
41,95,-0.925000,4.775000,14,0.000000,0.000000,1.000000,0.000000,1.000000,0.000000,0.000000
42,95,-0.875000,4.775000,13,0.000000,0.000000,1.000000,0.000000,1.000000,0.000000,0.000000
43,95,-0.825000,4.775000,15,0.000000,0.000000,1.000000,0.000000,1.000000,0.000000,0.000000
44,95,-0.775000,4.775000,8,0.000000,0.000000,1.000000,0.000000,1.000000,0.000000,0.000000
45,95,-0.725000,4.775000,18,0.000000,0.000000,1.000000,0.000000,1.000000,0.000000,0.000000
46,95,-0.675000,4.775000,7,0.000000,0.000000,1.000000,0.000000,1.000000,0.000000,0.000000
47,95,-0.625000,4.775000,9,0.000000,0.000000,1.000000,0.000000,1.000000,0.000000,0.000000
48,95,-0.575000,4.775000,7,0.000000,0.000000,1.000000,0.000000,1.000000,0.000000,0.000000
49,95,-0.525000,4.775000,8,0.000000,0.000000,1.000000,0.000000,1.000000,0.000000,0.000000
50,95,-0.475000,4.775000,5,0.000000,0.000000,1.000000,0.000000,1.000000,0.000000,0.000000
51,95,-0.425000,4.775000,15,0.000000,0.000000,1.000000,0.000000,1.000000,0.000000,0.000000
52,95,-0.375000,4.775000,3,0.000000,0.000000,1.000000,0.000000,1.000000,0.000000,0.000000
53,95,-0.325000,4.775000,1,0.000000,0.000000,1.000000,0.000000,1.000000,0.000000,0.000000
54,95,-0.275000,4.775000,3,0.000000,0.000000,1.000000,0.000000,1.000000,0.000000,0.000000
55,95,-0.225000,4.775000,8,0.000000,0.000000,1.000000,0.000000,1.000000,0.000000,0.000000
56,95,-0.175000,4.775000,3,0.000000,0.000000,1.000000,0.000000,1.000000,0.000000,0.000000
57,95,-0.125000,4.775000,4,0.000000,0.000000,1.000000,0.000000,1.000000,0.000000,0.000000
58,95,-0.075000,4.775000,7,0.000000,0.000000,1.000000,0.000000,1.000000,0.000000,0.000000
59,95,-0.025000,4.775000,12,0.000000,0.000000,1.000000,0.000000,1.000000,0.000000,0.000000
60,95,0.025000,4.775000,7,0.000000,0.000000,1.000000,0.000000,1.000000,0.000000,0.000000
61,95,0.075000,4.775000,3,0.000000,0.000000,1.000000,0.000000,1.000000,0.000000,0.000000
62,95,0.125000,4.775000,6,0.000000,0.000000,1.000000,0.000000,1.000000,0.000000,0.000000
63,95,0.175000,4.775000,2,0.000000,0.000000,1.000000,0.000000,1.000000,0.000000,0.000000
65,95,0.275000,4.775000,55,0.000000,0.000000,1.000000,0.000000,1.000000,0.000000,0.000000
66,95,0.325000,4.775000,7,0.000000,0.000000,1.000000,0.000000,1.000000,0.000000,0.000000
67,95,0.375000,4.775000,5,0.000000,0.000000,1.000000,0.000000,1.000000,0.000000,0.000000
68,95,0.425000,4.775000,6,0.000000,0.000000,1.000000,0.000000,1.000000,0.000000,0.000000
69,95,0.475000,4.775000,5,0.000000,0.000000,1.000000,0.000000,1.000000,0.000000,0.000000
70,95,0.525000,4.775000,8,0.000000,0.000000,1.000000,0.000000,1.000000,0.000000,0.000000
71,95,0.575000,4.775000,5,0.000000,0.000000,1.000000,0.000000,1.000000,0.000000,0.000000
72,95,0.625000,4.775000,6,0.000000,0.000000,1.000000,0.000000,1.000000,0.000000,0.000000
73,95,0.675000,4.775000,4,0.000000,0.000000,1.000000,0.000000,1.000000,0.000000,0.000000
74,95,0.725000,4.775000,1,0.000000,0.000000,1.000000,0.000000,1.000000,0.000000,0.000000
75,95,0.775000,4.775000,4,0.000000,0.000000,1.000000,0.000000,1.000000,0.000000,0.000000
76,95,0.825000,4.775000,7,0.000000,0.000000,1.000000,0.000000,1.000000,0.000000,0.000000
77,95,0.875000,4.775000,4,0.000000,0.000000,1.000000,0.000000,1.000000,0.000000,0.000000
78,95,0.925000,4.775000,3,0.000000,0.000000,1.000000,0.000000,1.000000,0.000000,0.000000
79,95,0.975000,4.775000,1,0.000000,0.000000,1.000000,0.000000,1.000000,0.000000,0.000000
80,95,1.025000,4.775000,8,0.000000,0.000000,1.000000,0.000000,1.000000,0.000000,0.000000
81,95,1.075000,4.775000,14,0.000000,0.000000,1.000000,0.000000,1.000000,0.000000,0.000000
82,95,1.125000,4.775000,16,0.000000,0.000000,1.000000,0.000000,1.000000,0.000000,0.000000
83,95,1.175000,4.775000,7,0.000000,0.000000,1.000000,0.000000,1.000000,0.000000,0.000000
84,95,1.225000,4.775000,10,0.000000,0.000000,1.000000,0.000000,1.000000,0.000000,0.000000
85,95,1.275000,4.775000,8,0.000000,0.000000,1.000000,0.000000,1.000000,0.000000,0.000000
86,95,1.325000,4.775000,21,0.000000,0.000000,1.000000,0.000000,1.000000,0.000000,0.000000
87,95,1.375000,4.775000,11,0.000000,0.000000,1.000000,0.000000,1.000000,0.000000,0.000000
89,95,1.475000,4.775000,6,0.000000,0.000000,1.000000,0.000000,1.000000,0.000000,0.000000
90,95,1.525000,4.775000,5,0.000000,0.000000,1.000000,0.000000,1.000000,0.000000,0.000000
91,95,1.575000,4.775000,34,0.000000,0.000000,1.000000,0.000000,1.000000,0.000000,0.000000
92,95,1.625000,4.775000,22,0.000000,0.000000,1.000000,0.000000,1.000000,0.000000,0.000000
93,95,1.675000,4.775000,22,0.000000,0.000000,1.000000,0.000000,1.000000,0.000000,0.000000
94,95,1.725000,4.775000,22,0.000000,0.000000,1.000000,0.000000,1.000000,0.000000,0.000000
95,95,1.775000,4.775000,11,0.000000,0.000000,1.000000,0.000000,1.000000,0.000000,0.000000
96,95,1.825000,4.775000,14,0.000000,0.000000,1.000000,0.000000,1.000000,0.000000,0.000000
97,95,1.875000,4.775000,22,0.000000,0.000000,1.000000,0.000000,1.000000,0.000000,0.000000
98,95,1.925000,4.775000,24,0.000000,0.000000,1.000000,0.000000,1.000000,0.000000,0.000000
26,96,-1.675000,4.825000,7,0.000000,0.000000,1.000000,0.000000,1.000000,0.000000,0.000000
27,96,-1.625000,4.825000,23,0.000000,0.000000,1.000000,0.000000,1.000000,0.000000,0.000000
28,96,-1.575000,4.825000,20,0.000000,0.000000,1.000000,0.000000,1.000000,0.000000,0.000000
29,96,-1.525000,4.825000,17,0.000000,0.000000,1.000000,0.000000,1.000000,0.000000,0.000000
30,96,-1.475000,4.825000,23,0.000000,0.000000,1.000000,0.000000,1.000000,0.000000,0.000000
31,96,-1.425000,4.825000,12,0.000000,0.000000,1.000000,0.000000,1.000000,0.000000,0.000000
32,96,-1.375000,4.825000,10,0.000000,0.000000,1.000000,0.000000,1.000000,0.000000,0.000000
33,96,-1.325000,4.825000,10,0.000000,0.000000,1.000000,0.000000,1.000000,0.000000,0.000000
34,96,-1.275000,4.825000,30,0.000000,0.000000,1.000000,0.000000,1.000000,0.000000,0.000000
35,96,-1.225000,4.825000,14,0.000000,0.000000,1.000000,0.000000,1.000000,0.000000,0.000000
39,96,-1.025000,4.825000,20,0.000000,0.000000,1.000000,0.000000,1.000000,0.000000,0.000000
40,96,-0.975000,4.825000,7,0.000000,0.000000,1.000000,0.000000,1.000000,0.000000,0.000000
42,96,-0.875000,4.825000,2,0.000000,0.000000,1.000000,0.000000,1.000000,0.000000,0.000000
43,96,-0.825000,4.825000,15,0.000000,0.000000,1.000000,0.000000,1.000000,0.000000,0.000000
44,96,-0.775000,4.825000,11,0.000000,0.000000,1.000000,0.000000,1.000000,0.000000,0.000000
45,96,-0.725000,4.825000,10,0.000000,0.000000,1.000000,0.000000,1.000000,0.000000,0.000000
46,96,-0.675000,4.825000,8,0.000000,0.000000,1.000000,0.000000,1.000000,0.000000,0.000000
47,96,-0.625000,4.825000,3,0.000000,0.000000,1.000000,0.000000,1.000000,0.000000,0.000000
50,96,-0.475000,4.825000,11,0.000000,0.000000,1.000000,0.000000,1.000000,0.000000,0.000000
51,96,-0.425000,4.825000,2,0.000000,0.000000,1.000000,0.000000,1.000000,0.000000,0.000000
52,96,-0.375000,4.825000,6,0.000000,0.000000,1.000000,0.000000,1.000000,0.000000,0.000000
53,96,-0.325000,4.825000,2,0.000000,0.000000,1.000000,0.000000,1.000000,0.000000,0.000000
54,96,-0.275000,4.825000,14,0.000000,0.000000,1.000000,0.000000,1.000000,0.000000,0.000000
55,96,-0.225000,4.825000,8,0.000000,0.000000,1.000000,0.000000,1.000000,0.000000,0.000000
56,96,-0.175000,4.825000,9,0.000000,0.000000,1.000000,0.000000,1.000000,0.000000,0.000000
57,96,-0.125000,4.825000,7,0.000000,0.000000,1.000000,0.000000,1.000000,0.000000,0.000000
58,96,-0.075000,4.825000,4,0.000000,0.000000,1.000000,0.000000,1.000000,0.000000,0.000000
59,96,-0.025000,4.825000,6,0.000000,0.000000,1.000000,0.000000,1.000000,0.000000,0.000000
60,96,0.025000,4.825000,13,0.000000,0.000000,1.000000,0.000000,1.000000,0.000000,0.000000
61,96,0.075000,4.825000,7,0.000000,0.000000,1.000000,0.000000,1.000000,0.000000,0.000000
62,96,0.125000,4.825000,9,0.000000,0.000000,1.000000,0.000000,1.000000,0.000000,0.000000
65,96,0.275000,4.825000,49,0.000000,0.000000,1.000000,0.000000,1.000000,0.000000,0.000000
66,96,0.325000,4.825000,7,0.000000,0.000000,1.000000,0.000000,1.000000,0.000000,0.000000
67,96,0.375000,4.825000,5,0.000000,0.000000,1.000000,0.000000,1.000000,0.000000,0.000000
68,96,0.425000,4.825000,3,0.000000,0.000000,1.000000,0.000000,1.000000,0.000000,0.000000
69,96,0.475000,4.825000,5,0.000000,0.000000,1.000000,0.000000,1.000000,0.000000,0.000000
70,96,0.525000,4.825000,13,0.000000,0.000000,1.000000,0.000000,1.000000,0.000000,0.000000
71,96,0.575000,4.825000,8,0.000000,0.000000,1.000000,0.000000,1.000000,0.000000,0.000000
72,96,0.625000,4.825000,4,0.000000,0.000000,1.000000,0.000000,1.000000,0.000000,0.000000
73,96,0.675000,4.825000,5,0.000000,0.000000,1.000000,0.000000,1.000000,0.000000,0.000000
74,96,0.725000,4.825000,8,0.000000,0.000000,1.000000,0.000000,1.000000,0.000000,0.000000
75,96,0.775000,4.825000,2,0.000000,0.000000,1.000000,0.000000,1.000000,0.000000,0.000000
76,96,0.825000,4.825000,5,0.000000,0.000000,1.000000,0.000000,1.000000,0.000000,0.000000
77,96,0.875000,4.825000,11,0.000000,0.000000,1.000000,0.000000,1.000000,0.000000,0.000000
78,96,0.925000,4.825000,6,0.000000,0.000000,1.000000,0.000000,1.000000,0.000000,0.000000
79,96,0.975000,4.825000,12,0.000000,0.000000,1.000000,0.000000,1.000000,0.000000,0.000000
80,96,1.025000,4.825000,12,0.000000,0.000000,1.000000,0.000000,1.000000,0.000000,0.000000
81,96,1.075000,4.825000,4,0.000000,0.000000,1.000000,0.000000,1.000000,0.000000,0.000000
82,96,1.125000,4.825000,7,0.000000,0.000000,1.000000,0.000000,1.000000,0.000000,0.000000
83,96,1.175000,4.825000,10,0.000000,0.000000,1.000000,0.000000,1.000000,0.000000,0.000000
84,96,1.225000,4.825000,9,0.000000,0.000000,1.000000,0.000000,1.000000,0.000000,0.000000
85,96,1.275000,4.825000,12,0.000000,0.000000,1.000000,0.000000,1.000000,0.000000,0.000000
86,96,1.325000,4.825000,5,0.000000,0.000000,1.000000,0.000000,1.000000,0.000000,0.000000
87,96,1.375000,4.825000,2,0.000000,0.000000,1.000000,0.000000,1.000000,0.000000,0.000000
91,96,1.575000,4.825000,25,0.000000,0.000000,1.000000,0.000000,1.000000,0.000000,0.000000
92,96,1.625000,4.825000,18,0.000000,0.000000,1.000000,0.000000,1.000000,0.000000,0.000000
93,96,1.675000,4.825000,20,0.000000,0.000000,1.000000,0.000000,1.000000,0.000000,0.000000
94,96,1.725000,4.825000,23,0.000000,0.000000,1.000000,0.000000,1.000000,0.000000,0.000000
95,96,1.775000,4.825000,25,0.000000,0.000000,1.000000,0.000000,1.000000,0.000000,0.000000
96,96,1.825000,4.825000,15,0.000000,0.000000,1.000000,0.000000,1.000000,0.000000,0.000000
97,96,1.875000,4.825000,23,0.000000,0.000000,1.000000,0.000000,1.000000,0.000000,0.000000
98,96,1.925000,4.825000,31,0.000000,0.000000,1.000000,0.000000,1.000000,0.000000,0.000000
99,96,1.975000,4.825000,39,0.000000,0.000000,1.000000,0.000000,1.000000,0.000000,0.000000
26,97,-1.675000,4.875000,38,0.000000,0.000000,1.000000,0.000000,1.000000,0.000000,0.000000
27,97,-1.625000,4.875000,17,0.000000,0.000000,1.000000,0.000000,1.000000,0.000000,0.000000
28,97,-1.575000,4.875000,25,0.000000,0.000000,1.000000,0.000000,1.000000,0.000000,0.000000
29,97,-1.525000,4.875000,12,0.000000,0.000000,1.000000,0.000000,1.000000,0.000000,0.000000
30,97,-1.475000,4.875000,10,0.000000,0.000000,1.000000,0.000000,1.000000,0.000000,0.000000
31,97,-1.425000,4.875000,17,0.000000,0.000000,1.000000,0.000000,1.000000,0.000000,0.000000
32,97,-1.375000,4.875000,25,0.000000,0.000000,1.000000,0.000000,1.000000,0.000000,0.000000
33,97,-1.325000,4.875000,17,0.000000,0.000000,1.000000,0.000000,1.000000,0.000000,0.000000
34,97,-1.275000,4.875000,40,0.000000,0.000000,1.000000,0.000000,1.000000,0.000000,0.000000
40,97,-0.975000,4.875000,1,0.000000,0.000000,1.000000,0.000000,1.000000,0.000000,0.000000
41,97,-0.925000,4.875000,10,0.000000,0.000000,1.000000,0.000000,1.000000,0.000000,0.000000
42,97,-0.875000,4.875000,7,0.000000,0.000000,1.000000,0.000000,1.000000,0.000000,0.000000
43,97,-0.825000,4.875000,7,0.000000,0.000000,1.000000,0.000000,1.000000,0.000000,0.000000
44,97,-0.775000,4.875000,6,0.000000,0.000000,1.000000,0.000000,1.000000,0.000000,0.000000
45,97,-0.725000,4.875000,2,0.000000,0.000000,1.000000,0.000000,1.000000,0.000000,0.000000
46,97,-0.675000,4.875000,4,0.000000,0.000000,1.000000,0.000000,1.000000,0.000000,0.000000
47,97,-0.625000,4.875000,4,0.000000,0.000000,1.000000,0.000000,1.000000,0.000000,0.000000
48,97,-0.575000,4.875000,4,0.000000,0.000000,1.000000,0.000000,1.000000,0.000000,0.000000
49,97,-0.525000,4.875000,10,0.000000,0.000000,1.000000,0.000000,1.000000,0.000000,0.000000
51,97,-0.425000,4.875000,9,0.000000,0.000000,1.000000,0.000000,1.000000,0.000000,0.000000
52,97,-0.375000,4.875000,4,0.000000,0.000000,1.000000,0.000000,1.000000,0.000000,0.000000
53,97,-0.325000,4.875000,6,0.000000,0.000000,1.000000,0.000000,1.000000,0.000000,0.000000
54,97,-0.275000,4.875000,6,0.000000,0.000000,1.000000,0.000000,1.000000,0.000000,0.000000
55,97,-0.225000,4.875000,9,0.000000,0.000000,1.000000,0.000000,1.000000,0.000000,0.000000
56,97,-0.175000,4.875000,11,0.000000,0.000000,1.000000,0.000000,1.000000,0.000000,0.000000
57,97,-0.125000,4.875000,13,0.000000,0.000000,1.000000,0.000000,1.000000,0.000000,0.000000
58,97,-0.075000,4.875000,10,0.000000,0.000000,1.000000,0.000000,1.000000,0.000000,0.000000
59,97,-0.025000,4.875000,2,0.000000,0.000000,1.000000,0.000000,1.000000,0.000000,0.000000
60,97,0.025000,4.875000,15,0.000000,0.000000,1.000000,0.000000,1.000000,0.000000,0.000000
61,97,0.075000,4.875000,5,0.000000,0.000000,1.000000,0.000000,1.000000,0.000000,0.000000
62,97,0.125000,4.875000,11,0.000000,0.000000,1.000000,0.000000,1.000000,0.000000,0.000000
65,97,0.275000,4.875000,35,0.000000,0.000000,1.000000,0.000000,1.000000,0.000000,0.000000
67,97,0.375000,4.875000,9,0.000000,0.000000,1.000000,0.000000,1.000000,0.000000,0.000000
68,97,0.425000,4.875000,7,0.000000,0.000000,1.000000,0.000000,1.000000,0.000000,0.000000
69,97,0.475000,4.875000,6,0.000000,0.000000,1.000000,0.000000,1.000000,0.000000,0.000000
70,97,0.525000,4.875000,9,0.000000,0.000000,1.000000,0.000000,1.000000,0.000000,0.000000
71,97,0.575000,4.875000,13,0.000000,0.000000,1.000000,0.000000,1.000000,0.000000,0.000000
72,97,0.625000,4.875000,12,0.000000,0.000000,1.000000,0.000000,1.000000,0.000000,0.000000
73,97,0.675000,4.875000,7,0.000000,0.000000,1.000000,0.000000,1.000000,0.000000,0.000000
74,97,0.725000,4.875000,4,0.000000,0.000000,1.000000,0.000000,1.000000,0.000000,0.000000
75,97,0.775000,4.875000,10,0.000000,0.000000,1.000000,0.000000,1.000000,0.000000,0.000000
76,97,0.825000,4.875000,4,0.000000,0.000000,1.000000,0.000000,1.000000,0.000000,0.000000
77,97,0.875000,4.875000,7,0.000000,0.000000,1.000000,0.000000,1.000000,0.000000,0.000000
78,97,0.925000,4.875000,18,0.000000,0.000000,1.000000,0.000000,1.000000,0.000000,0.000000
79,97,0.975000,4.875000,9,0.000000,0.000000,1.000000,0.000000,1.000000,0.000000,0.000000
81,97,1.075000,4.875000,5,0.000000,0.000000,1.000000,0.000000,1.000000,0.000000,0.000000
82,97,1.125000,4.875000,4,0.000000,0.000000,1.000000,0.000000,1.000000,0.000000,0.000000
83,97,1.175000,4.875000,13,0.000000,0.000000,1.000000,0.000000,1.000000,0.000000,0.000000
84,97,1.225000,4.875000,3,0.000000,0.000000,1.000000,0.000000,1.000000,0.000000,0.000000
85,97,1.275000,4.875000,8,0.000000,0.000000,1.000000,0.000000,1.000000,0.000000,0.000000
86,97,1.325000,4.875000,8,0.000000,0.000000,1.000000,0.000000,1.000000,0.000000,0.000000
87,97,1.375000,4.875000,12,0.000000,0.000000,1.000000,0.000000,1.000000,0.000000,0.000000
88,97,1.425000,4.875000,6,0.000000,0.000000,1.000000,0.000000,1.000000,0.000000,0.000000
92,97,1.625000,4.875000,4,0.000000,0.000000,1.000000,0.000000,1.000000,0.000000,0.000000
93,97,1.675000,4.875000,28,0.000000,0.000000,1.000000,0.000000,1.000000,0.000000,0.000000
94,97,1.725000,4.875000,47,0.000000,0.000000,1.000000,0.000000,1.000000,0.000000,0.000000
95,97,1.775000,4.875000,25,0.000000,0.000000,1.000000,0.000000,1.000000,0.000000,0.000000
96,97,1.825000,4.875000,16,0.000000,0.000000,1.000000,0.000000,1.000000,0.000000,0.000000
97,97,1.875000,4.875000,15,0.000000,0.000000,1.000000,0.000000,1.000000,0.000000,0.000000
98,97,1.925000,4.875000,29,0.000000,0.000000,1.000000,0.000000,1.000000,0.000000,0.000000
99,97,1.975000,4.875000,24,0.000000,0.000000,1.000000,0.000000,1.000000,0.000000,0.000000
26,98,-1.675000,4.925000,14,0.000000,0.000000,1.000000,0.000000,1.000000,0.000000,0.000000
27,98,-1.625000,4.925000,33,0.000000,0.000000,1.000000,0.000000,1.000000,0.000000,0.000000
28,98,-1.575000,4.925000,11,0.000000,0.000000,1.000000,0.000000,1.000000,0.000000,0.000000
29,98,-1.525000,4.925000,28,0.000000,0.000000,1.000000,0.000000,1.000000,0.000000,0.000000
30,98,-1.475000,4.925000,12,0.000000,0.000000,1.000000,0.000000,1.000000,0.000000,0.000000
31,98,-1.425000,4.925000,19,0.000000,0.000000,1.000000,0.000000,1.000000,0.000000,0.000000
32,98,-1.375000,4.925000,21,0.000000,0.000000,1.000000,0.000000,1.000000,0.000000,0.000000
33,98,-1.325000,4.925000,21,0.000000,0.000000,1.000000,0.000000,1.000000,0.000000,0.000000
39,98,-1.025000,4.925000,1,0.000000,0.000000,1.000000,0.000000,1.000000,0.000000,0.000000
40,98,-0.975000,4.925000,19,0.000000,0.000000,1.000000,0.000000,1.000000,0.000000,0.000000
41,98,-0.925000,4.925000,18,0.000000,0.000000,1.000000,0.000000,1.000000,0.000000,0.000000
42,98,-0.875000,4.925000,19,0.000000,0.000000,1.000000,0.000000,1.000000,0.000000,0.000000
43,98,-0.825000,4.925000,10,0.000000,0.000000,1.000000,0.000000,1.000000,0.000000,0.000000
44,98,-0.775000,4.925000,9,0.000000,0.000000,1.000000,0.000000,1.000000,0.000000,0.000000
45,98,-0.725000,4.925000,5,0.000000,0.000000,1.000000,0.000000,1.000000,0.000000,0.000000
46,98,-0.675000,4.925000,5,0.000000,0.000000,1.000000,0.000000,1.000000,0.000000,0.000000
47,98,-0.625000,4.925000,6,0.000000,0.000000,1.000000,0.000000,1.000000,0.000000,0.000000
48,98,-0.575000,4.925000,18,0.000000,0.000000,1.000000,0.000000,1.000000,0.000000,0.000000
49,98,-0.525000,4.925000,6,0.000000,0.000000,1.000000,0.000000,1.000000,0.000000,0.000000
50,98,-0.475000,4.925000,7,0.000000,0.000000,1.000000,0.000000,1.000000,0.000000,0.000000
51,98,-0.425000,4.925000,6,0.000000,0.000000,1.000000,0.000000,1.000000,0.000000,0.000000
52,98,-0.375000,4.925000,11,0.000000,0.000000,1.000000,0.000000,1.000000,0.000000,0.000000
53,98,-0.325000,4.925000,5,0.000000,0.000000,1.000000,0.000000,1.000000,0.000000,0.000000
54,98,-0.275000,4.925000,4,0.000000,0.000000,1.000000,0.000000,1.000000,0.000000,0.000000
55,98,-0.225000,4.925000,10,0.000000,0.000000,1.000000,0.000000,1.000000,0.000000,0.000000
56,98,-0.175000,4.925000,9,0.000000,0.000000,1.000000,0.000000,1.000000,0.000000,0.000000
57,98,-0.125000,4.925000,8,0.000000,0.000000,1.000000,0.000000,1.000000,0.000000,0.000000
58,98,-0.075000,4.925000,9,0.000000,0.000000,1.000000,0.000000,1.000000,0.000000,0.000000
59,98,-0.025000,4.925000,2,0.000000,0.000000,1.000000,0.000000,1.000000,0.000000,0.000000
60,98,0.025000,4.925000,11,0.000000,0.000000,1.000000,0.000000,1.000000,0.000000,0.000000
61,98,0.075000,4.925000,17,0.000000,0.000000,1.000000,0.000000,1.000000,0.000000,0.000000
65,98,0.275000,4.925000,56,0.000000,0.000000,1.000000,0.000000,1.000000,0.000000,0.000000
67,98,0.375000,4.925000,2,0.000000,0.000000,1.000000,0.000000,1.000000,0.000000,0.000000
68,98,0.425000,4.925000,10,0.000000,0.000000,1.000000,0.000000,1.000000,0.000000,0.000000
69,98,0.475000,4.925000,4,0.000000,0.000000,1.000000,0.000000,1.000000,0.000000,0.000000
70,98,0.525000,4.925000,8,0.000000,0.000000,1.000000,0.000000,1.000000,0.000000,0.000000
71,98,0.575000,4.925000,6,0.000000,0.000000,1.000000,0.000000,1.000000,0.000000,0.000000
72,98,0.625000,4.925000,10,0.000000,0.000000,1.000000,0.000000,1.000000,0.000000,0.000000
73,98,0.675000,4.925000,2,0.000000,0.000000,1.000000,0.000000,1.000000,0.000000,0.000000
74,98,0.725000,4.925000,11,0.000000,0.000000,1.000000,0.000000,1.000000,0.000000,0.000000
75,98,0.775000,4.925000,11,0.000000,0.000000,1.000000,0.000000,1.000000,0.000000,0.000000
76,98,0.825000,4.925000,5,0.000000,0.000000,1.000000,0.000000,1.000000,0.000000,0.000000
77,98,0.875000,4.925000,2,0.000000,0.000000,1.000000,0.000000,1.000000,0.000000,0.000000
78,98,0.925000,4.925000,9,0.000000,0.000000,1.000000,0.000000,1.000000,0.000000,0.000000
79,98,0.975000,4.925000,9,0.000000,0.000000,1.000000,0.000000,1.000000,0.000000,0.000000
80,98,1.025000,4.925000,7,0.000000,0.000000,1.000000,0.000000,1.000000,0.000000,0.000000
81,98,1.075000,4.925000,5,0.000000,0.000000,1.000000,0.000000,1.000000,0.000000,0.000000
82,98,1.125000,4.925000,7,0.000000,0.000000,1.000000,0.000000,1.000000,0.000000,0.000000
83,98,1.175000,4.925000,12,0.000000,0.000000,1.000000,0.000000,1.000000,0.000000,0.000000
84,98,1.225000,4.925000,7,0.000000,0.000000,1.000000,0.000000,1.000000,0.000000,0.000000
85,98,1.275000,4.925000,7,0.000000,0.000000,1.000000,0.000000,1.000000,0.000000,0.000000
86,98,1.325000,4.925000,20,0.000000,0.000000,1.000000,0.000000,1.000000,0.000000,0.000000
87,98,1.375000,4.925000,23,0.000000,0.000000,1.000000,0.000000,1.000000,0.000000,0.000000
88,98,1.425000,4.925000,26,0.000000,0.000000,1.000000,0.000000,1.000000,0.000000,0.000000
89,98,1.475000,4.925000,28,0.000000,0.000000,1.000000,0.000000,1.000000,0.000000,0.000000
94,98,1.725000,4.925000,29,0.000000,0.000000,1.000000,0.000000,1.000000,0.000000,0.000000
95,98,1.775000,4.925000,43,0.000000,0.000000,1.000000,0.000000,1.000000,0.000000,0.000000
96,98,1.825000,4.925000,25,0.000000,0.000000,1.000000,0.000000,1.000000,0.000000,0.000000
97,98,1.875000,4.925000,22,0.000000,0.000000,1.000000,0.000000,1.000000,0.000000,0.000000
98,98,1.925000,4.925000,28,0.000000,0.000000,1.000000,0.000000,1.000000,0.000000,0.000000
99,98,1.975000,4.925000,24,0.000000,0.000000,1.000000,0.000000,1.000000,0.000000,0.000000
100,98,2.025000,4.925000,7,0.000000,0.000000,1.000000,0.000000,1.000000,0.000000,0.000000
26,99,-1.675000,4.975000,34,0.000000,0.000000,1.000000,0.000000,1.000000,0.000000,0.000000
27,99,-1.625000,4.975000,20,0.000000,0.000000,1.000000,0.000000,1.000000,0.000000,0.000000
28,99,-1.575000,4.975000,8,0.000000,0.000000,1.000000,0.000000,1.000000,0.000000,0.000000
29,99,-1.525000,4.975000,19,0.000000,0.000000,1.000000,0.000000,1.000000,0.000000,0.000000
30,99,-1.475000,4.975000,20,0.000000,0.000000,1.000000,0.000000,1.000000,0.000000,0.000000
31,99,-1.425000,4.975000,30,0.000000,0.000000,1.000000,0.000000,1.000000,0.000000,0.000000
32,99,-1.375000,4.975000,24,0.000000,0.000000,1.000000,0.000000,1.000000,0.000000,0.000000
33,99,-1.325000,4.975000,7,0.000000,0.000000,1.000000,0.000000,1.000000,0.000000,0.000000
38,99,-1.075000,4.975000,8,0.000000,0.000000,1.000000,0.000000,1.000000,0.000000,0.000000
39,99,-1.025000,4.975000,19,0.000000,0.000000,1.000000,0.000000,1.000000,0.000000,0.000000
40,99,-0.975000,4.975000,20,0.000000,0.000000,1.000000,0.000000,1.000000,0.000000,0.000000
41,99,-0.925000,4.975000,21,0.000000,0.000000,1.000000,0.000000,1.000000,0.000000,0.000000
42,99,-0.875000,4.975000,20,0.000000,0.000000,1.000000,0.000000,1.000000,0.000000,0.000000
43,99,-0.825000,4.975000,13,0.000000,0.000000,1.000000,0.000000,1.000000,0.000000,0.000000
44,99,-0.775000,4.975000,8,0.000000,0.000000,1.000000,0.000000,1.000000,0.000000,0.000000
45,99,-0.725000,4.975000,10,0.000000,0.000000,1.000000,0.000000,1.000000,0.000000,0.000000
46,99,-0.675000,4.975000,7,0.000000,0.000000,1.000000,0.000000,1.000000,0.000000,0.000000
47,99,-0.625000,4.975000,3,0.000000,0.000000,1.000000,0.000000,1.000000,0.000000,0.000000
48,99,-0.575000,4.975000,12,0.000000,0.000000,1.000000,0.000000,1.000000,0.000000,0.000000
49,99,-0.525000,4.975000,3,0.000000,0.000000,1.000000,0.000000,1.000000,0.000000,0.000000
50,99,-0.475000,4.975000,2,0.000000,0.000000,1.000000,0.000000,1.000000,0.000000,0.000000
51,99,-0.425000,4.975000,5,0.000000,0.000000,1.000000,0.000000,1.000000,0.000000,0.000000
52,99,-0.375000,4.975000,7,0.000000,0.000000,1.000000,0.000000,1.000000,0.000000,0.000000
53,99,-0.325000,4.975000,7,0.000000,0.000000,1.000000,0.000000,1.000000,0.000000,0.000000
54,99,-0.275000,4.975000,8,0.000000,0.000000,1.000000,0.000000,1.000000,0.000000,0.000000
55,99,-0.225000,4.975000,5,0.000000,0.000000,1.000000,0.000000,1.000000,0.000000,0.000000
56,99,-0.175000,4.975000,13,0.000000,0.000000,1.000000,0.000000,1.000000,0.000000,0.000000
57,99,-0.125000,4.975000,13,0.000000,0.000000,1.000000,0.000000,1.000000,0.000000,0.000000
58,99,-0.075000,4.975000,3,0.000000,0.000000,1.000000,0.000000,1.000000,0.000000,0.000000
59,99,-0.025000,4.975000,10,0.000000,0.000000,1.000000,0.000000,1.000000,0.000000,0.000000
60,99,0.025000,4.975000,17,0.000000,0.000000,1.000000,0.000000,1.000000,0.000000,0.000000
61,99,0.075000,4.975000,6,0.000000,0.000000,1.000000,0.000000,1.000000,0.000000,0.000000
65,99,0.275000,4.975000,56,0.000000,0.000000,1.000000,0.000000,1.000000,0.000000,0.000000
68,99,0.425000,4.975000,3,0.000000,0.000000,1.000000,0.000000,1.000000,0.000000,0.000000
69,99,0.475000,4.975000,6,0.000000,0.000000,1.000000,0.000000,1.000000,0.000000,0.000000
70,99,0.525000,4.975000,6,0.000000,0.000000,1.000000,0.000000,1.000000,0.000000,0.000000
71,99,0.575000,4.975000,10,0.000000,0.000000,1.000000,0.000000,1.000000,0.000000,0.000000
72,99,0.625000,4.975000,7,0.000000,0.000000,1.000000,0.000000,1.000000,0.000000,0.000000
73,99,0.675000,4.975000,10,0.000000,0.000000,1.000000,0.000000,1.000000,0.000000,0.000000
74,99,0.725000,4.975000,9,0.000000,0.000000,1.000000,0.000000,1.000000,0.000000,0.000000
75,99,0.775000,4.975000,12,0.000000,0.000000,1.000000,0.000000,1.000000,0.000000,0.000000
76,99,0.825000,4.975000,10,0.000000,0.000000,1.000000,0.000000,1.000000,0.000000,0.000000
77,99,0.875000,4.975000,4,0.000000,0.000000,1.000000,0.000000,1.000000,0.000000,0.000000
78,99,0.925000,4.975000,2,0.000000,0.000000,1.000000,0.000000,1.000000,0.000000,0.000000
79,99,0.975000,4.975000,3,0.000000,0.000000,1.000000,0.000000,1.000000,0.000000,0.000000
80,99,1.025000,4.975000,12,0.000000,0.000000,1.000000,0.000000,1.000000,0.000000,0.000000
81,99,1.075000,4.975000,13,0.000000,0.000000,1.000000,0.000000,1.000000,0.000000,0.000000
82,99,1.125000,4.975000,9,0.000000,0.000000,1.000000,0.000000,1.000000,0.000000,0.000000
83,99,1.175000,4.975000,9,0.000000,0.000000,1.000000,0.000000,1.000000,0.000000,0.000000
84,99,1.225000,4.975000,8,0.000000,0.000000,1.000000,0.000000,1.000000,0.000000,0.000000
85,99,1.275000,4.975000,17,0.000000,0.000000,1.000000,0.000000,1.000000,0.000000,0.000000
86,99,1.325000,4.975000,10,0.000000,0.000000,1.000000,0.000000,1.000000,0.000000,0.000000
87,99,1.375000,4.975000,9,0.000000,0.000000,1.000000,0.000000,1.000000,0.000000,0.000000
88,99,1.425000,4.975000,4,0.000000,0.000000,1.000000,0.000000,1.000000,0.000000,0.000000
95,99,1.775000,4.975000,30,0.000000,0.000000,1.000000,0.000000,1.000000,0.000000,0.000000
96,99,1.825000,4.975000,34,0.000000,0.000000,1.000000,0.000000,1.000000,0.000000,0.000000
97,99,1.875000,4.975000,22,0.000000,0.000000,1.000000,0.000000,1.000000,0.000000,0.000000
98,99,1.925000,4.975000,27,0.000000,0.000000,1.000000,0.000000,1.000000,0.000000,0.000000
99,99,1.975000,4.975000,35,0.000000,0.000000,1.000000,0.000000,1.000000,0.000000,0.000000
100,99,2.025000,4.975000,23,0.000000,0.000000,1.000000,0.000000,1.000000,0.000000,0.000000
26,100,-1.675000,5.025000,33,0.000000,0.000000,1.000000,0.000000,1.000000,0.000000,0.000000
27,100,-1.625000,5.025000,19,0.000000,0.000000,1.000000,0.000000,1.000000,0.000000,0.000000
28,100,-1.575000,5.025000,19,0.000000,0.000000,1.000000,0.000000,1.000000,0.000000,0.000000
29,100,-1.525000,5.025000,21,0.000000,0.000000,1.000000,0.000000,1.000000,0.000000,0.000000
30,100,-1.475000,5.025000,25,0.000000,0.000000,1.000000,0.000000,1.000000,0.000000,0.000000
31,100,-1.425000,5.025000,33,0.000000,0.000000,1.000000,0.000000,1.000000,0.000000,0.000000
32,100,-1.375000,5.025000,4,0.000000,0.000000,1.000000,0.000000,1.000000,0.000000,0.000000
38,100,-1.075000,5.025000,40,0.000000,0.000000,1.000000,0.000000,1.000000,0.000000,0.000000
39,100,-1.025000,5.025000,8,0.000000,0.000000,1.000000,0.000000,1.000000,0.000000,0.000000
40,100,-0.975000,5.025000,1,0.000000,0.000000,1.000000,0.000000,1.000000,0.000000,0.000000
41,100,-0.925000,5.025000,11,0.000000,0.000000,1.000000,0.000000,1.000000,0.000000,0.000000
42,100,-0.875000,5.025000,6,0.000000,0.000000,1.000000,0.000000,1.000000,0.000000,0.000000
43,100,-0.825000,5.025000,12,0.000000,0.000000,1.000000,0.000000,1.000000,0.000000,0.000000
44,100,-0.775000,5.025000,6,0.000000,0.000000,1.000000,0.000000,1.000000,0.000000,0.000000
45,100,-0.725000,5.025000,1,0.000000,0.000000,1.000000,0.000000,1.000000,0.000000,0.000000
47,100,-0.625000,5.025000,13,0.000000,0.000000,1.000000,0.000000,1.000000,0.000000,0.000000
48,100,-0.575000,5.025000,4,0.000000,0.000000,1.000000,0.000000,1.000000,0.000000,0.000000
49,100,-0.525000,5.025000,4,0.000000,0.000000,1.000000,0.000000,1.000000,0.000000,0.000000
50,100,-0.475000,5.025000,5,0.000000,0.000000,1.000000,0.000000,1.000000,0.000000,0.000000
51,100,-0.425000,5.025000,9,0.000000,0.000000,1.000000,0.000000,1.000000,0.000000,0.000000
52,100,-0.375000,5.025000,7,0.000000,0.000000,1.000000,0.000000,1.000000,0.000000,0.000000
53,100,-0.325000,5.025000,6,0.000000,0.000000,1.000000,0.000000,1.000000,0.000000,0.000000
54,100,-0.275000,5.025000,5,0.000000,0.000000,1.000000,0.000000,1.000000,0.000000,0.000000
55,100,-0.225000,5.025000,9,0.000000,0.000000,1.000000,0.000000,1.000000,0.000000,0.000000
56,100,-0.175000,5.025000,14,0.000000,0.000000,1.000000,0.000000,1.000000,0.000000,0.000000
57,100,-0.125000,5.025000,14,0.000000,0.000000,1.000000,0.000000,1.000000,0.000000,0.000000
59,100,-0.025000,5.025000,12,0.000000,0.000000,1.000000,0.000000,1.000000,0.000000,0.000000
60,100,0.025000,5.025000,26,0.000000,0.000000,1.000000,0.000000,1.000000,0.000000,0.000000
65,100,0.275000,5.025000,6,0.000000,0.000000,1.000000,0.000000,1.000000,0.000000,0.000000
66,100,0.325000,5.025000,60,0.000000,0.000000,1.000000,0.000000,1.000000,0.000000,0.000000
69,100,0.475000,5.025000,2,0.000000,0.000000,1.000000,0.000000,1.000000,0.000000,0.000000
70,100,0.525000,5.025000,18,0.000000,0.000000,1.000000,0.000000,1.000000,0.000000,0.000000
71,100,0.575000,5.025000,10,0.000000,0.000000,1.000000,0.000000,1.000000,0.000000,0.000000
72,100,0.625000,5.025000,6,0.000000,0.000000,1.000000,0.000000,1.000000,0.000000,0.000000
73,100,0.675000,5.025000,7,0.000000,0.000000,1.000000,0.000000,1.000000,0.000000,0.000000
74,100,0.725000,5.025000,6,0.000000,0.000000,1.000000,0.000000,1.000000,0.000000,0.000000
75,100,0.775000,5.025000,12,0.000000,0.000000,1.000000,0.000000,1.000000,0.000000,0.000000
76,100,0.825000,5.025000,7,0.000000,0.000000,1.000000,0.000000,1.000000,0.000000,0.000000
77,100,0.875000,5.025000,7,0.000000,0.000000,1.000000,0.000000,1.000000,0.000000,0.000000
78,100,0.925000,5.025000,5,0.000000,0.000000,1.000000,0.000000,1.000000,0.000000,0.000000
79,100,0.975000,5.025000,7,0.000000,0.000000,1.000000,0.000000,1.000000,0.000000,0.000000
80,100,1.025000,5.025000,2,0.000000,0.000000,1.000000,0.000000,1.000000,0.000000,0.000000
81,100,1.075000,5.025000,8,0.000000,0.000000,1.000000,0.000000,1.000000,0.000000,0.000000
82,100,1.125000,5.025000,14,0.000000,0.000000,1.000000,0.000000,1.000000,0.000000,0.000000
83,100,1.175000,5.025000,2,0.000000,0.000000,1.000000,0.000000,1.000000,0.000000,0.000000
84,100,1.225000,5.025000,2,0.000000,0.000000,1.000000,0.000000,1.000000,0.000000,0.000000
85,100,1.275000,5.025000,5,0.000000,0.000000,1.000000,0.000000,1.000000,0.000000,0.000000
86,100,1.325000,5.025000,4,0.000000,0.000000,1.000000,0.000000,1.000000,0.000000,0.000000
87,100,1.375000,5.025000,8,0.000000,0.000000,1.000000,0.000000,1.000000,0.000000,0.000000
88,100,1.425000,5.025000,12,0.000000,0.000000,1.000000,0.000000,1.000000,0.000000,0.000000
89,100,1.475000,5.025000,14,0.000000,0.000000,1.000000,0.000000,1.000000,0.000000,0.000000
90,100,1.525000,5.025000,7,0.000000,0.000000,1.000000,0.000000,1.000000,0.000000,0.000000
96,100,1.825000,5.025000,22,0.000000,0.000000,1.000000,0.000000,1.000000,0.000000,0.000000
97,100,1.875000,5.025000,39,0.000000,0.000000,1.000000,0.000000,1.000000,0.000000,0.000000
98,100,1.925000,5.025000,35,0.000000,0.000000,1.000000,0.000000,1.000000,0.000000,0.000000
99,100,1.975000,5.025000,31,0.000000,0.000000,1.000000,0.000000,1.000000,0.000000,0.000000
100,100,2.025000,5.025000,35,0.000000,0.000000,1.000000,0.000000,1.000000,0.000000,0.000000
26,101,-1.675000,5.075000,25,0.000000,0.000000,1.000000,0.000000,1.000000,0.000000,0.000000
27,101,-1.625000,5.075000,35,0.000000,0.000000,1.000000,0.000000,1.000000,0.000000,0.000000
28,101,-1.575000,5.075000,19,0.000000,0.000000,1.000000,0.000000,1.000000,0.000000,0.000000
29,101,-1.525000,5.075000,25,0.000000,0.000000,1.000000,0.000000,1.000000,0.000000,0.000000
30,101,-1.475000,5.075000,26,0.000000,0.000000,1.000000,0.000000,1.000000,0.000000,0.000000
31,101,-1.425000,5.075000,20,0.000000,0.000000,1.000000,0.000000,1.000000,0.000000,0.000000
39,101,-1.025000,5.075000,4,0.000000,0.000000,1.000000,0.000000,1.000000,0.000000,0.000000
40,101,-0.975000,5.075000,16,0.000000,0.000000,1.000000,0.000000,1.000000,0.000000,0.000000
41,101,-0.925000,5.075000,17,0.000000,0.000000,1.000000,0.000000,1.000000,0.000000,0.000000
42,101,-0.875000,5.075000,6,0.000000,0.000000,1.000000,0.000000,1.000000,0.000000,0.000000
43,101,-0.825000,5.075000,9,0.000000,0.000000,1.000000,0.000000,1.000000,0.000000,0.000000
44,101,-0.775000,5.075000,11,0.000000,0.000000,1.000000,0.000000,1.000000,0.000000,0.000000
45,101,-0.725000,5.075000,8,0.000000,0.000000,1.000000,0.000000,1.000000,0.000000,0.000000
46,101,-0.675000,5.075000,4,0.000000,0.000000,1.000000,0.000000,1.000000,0.000000,0.000000
47,101,-0.625000,5.075000,2,0.000000,0.000000,1.000000,0.000000,1.000000,0.000000,0.000000
48,101,-0.575000,5.075000,7,0.000000,0.000000,1.000000,0.000000,1.000000,0.000000,0.000000
49,101,-0.525000,5.075000,7,0.000000,0.000000,1.000000,0.000000,1.000000,0.000000,0.000000
50,101,-0.475000,5.075000,6,0.000000,0.000000,1.000000,0.000000,1.000000,0.000000,0.000000
51,101,-0.425000,5.075000,14,0.000000,0.000000,1.000000,0.000000,1.000000,0.000000,0.000000
52,101,-0.375000,5.075000,9,0.000000,0.000000,1.000000,0.000000,1.000000,0.000000,0.000000
53,101,-0.325000,5.075000,16,0.000000,0.000000,1.000000,0.000000,1.000000,0.000000,0.000000
54,101,-0.275000,5.075000,10,0.000000,0.000000,1.000000,0.000000,1.000000,0.000000,0.000000
55,101,-0.225000,5.075000,10,0.000000,0.000000,1.000000,0.000000,1.000000,0.000000,0.000000
56,101,-0.175000,5.075000,9,0.000000,0.000000,1.000000,0.000000,1.000000,0.000000,0.000000
57,101,-0.125000,5.075000,4,0.000000,0.000000,1.000000,0.000000,1.000000,0.000000,0.000000
59,101,-0.025000,5.075000,43,0.000000,0.000000,1.000000,0.000000,1.000000,0.000000,0.000000
60,101,0.025000,5.075000,4,0.000000,0.000000,1.000000,0.000000,1.000000,0.000000,0.000000
66,101,0.325000,5.075000,67,0.000000,0.000000,1.000000,0.000000,1.000000,0.000000,0.000000
70,101,0.525000,5.075000,12,0.000000,0.000000,1.000000,0.000000,1.000000,0.000000,0.000000
71,101,0.575000,5.075000,12,0.000000,0.000000,1.000000,0.000000,1.000000,0.000000,0.000000
72,101,0.625000,5.075000,7,0.000000,0.000000,1.000000,0.000000,1.000000,0.000000,0.000000
73,101,0.675000,5.075000,5,0.000000,0.000000,1.000000,0.000000,1.000000,0.000000,0.000000
74,101,0.725000,5.075000,11,0.000000,0.000000,1.000000,0.000000,1.000000,0.000000,0.000000
75,101,0.775000,5.075000,12,0.000000,0.000000,1.000000,0.000000,1.000000,0.000000,0.000000
76,101,0.825000,5.075000,17,0.000000,0.000000,1.000000,0.000000,1.000000,0.000000,0.000000
77,101,0.875000,5.075000,5,0.000000,0.000000,1.000000,0.000000,1.000000,0.000000,0.000000
78,101,0.925000,5.075000,3,0.000000,0.000000,1.000000,0.000000,1.000000,0.000000,0.000000
79,101,0.975000,5.075000,15,0.000000,0.000000,1.000000,0.000000,1.000000,0.000000,0.000000
80,101,1.025000,5.075000,7,0.000000,0.000000,1.000000,0.000000,1.000000,0.000000,0.000000
81,101,1.075000,5.075000,4,0.000000,0.000000,1.000000,0.000000,1.000000,0.000000,0.000000
82,101,1.125000,5.075000,5,0.000000,0.000000,1.000000,0.000000,1.000000,0.000000,0.000000
83,101,1.175000,5.075000,7,0.000000,0.000000,1.000000,0.000000,1.000000,0.000000,0.000000
84,101,1.225000,5.075000,12,0.000000,0.000000,1.000000,0.000000,1.000000,0.000000,0.000000
85,101,1.275000,5.075000,6,0.000000,0.000000,1.000000,0.000000,1.000000,0.000000,0.000000
86,101,1.325000,5.075000,7,0.000000,0.000000,1.000000,0.000000,1.000000,0.000000,0.000000
87,101,1.375000,5.075000,11,0.000000,0.000000,1.000000,0.000000,1.000000,0.000000,0.000000
88,101,1.425000,5.075000,14,0.000000,0.000000,1.000000,0.000000,1.000000,0.000000,0.000000
89,101,1.475000,5.075000,18,0.000000,0.000000,1.000000,0.000000,1.000000,0.000000,0.000000
90,101,1.525000,5.075000,22,0.000000,0.000000,1.000000,0.000000,1.000000,0.000000,0.000000
91,101,1.575000,5.075000,32,0.000000,0.000000,1.000000,0.000000,1.000000,0.000000,0.000000
97,101,1.875000,5.075000,36,0.000000,0.000000,1.000000,0.000000,1.000000,0.000000,0.000000
98,101,1.925000,5.075000,49,0.000000,0.000000,1.000000,0.000000,1.000000,0.000000,0.000000
99,101,1.975000,5.075000,31,0.000000,0.000000,1.000000,0.000000,1.000000,0.000000,0.000000
100,101,2.025000,5.075000,50,0.000000,0.000000,1.000000,0.000000,1.000000,0.000000,0.000000
26,102,-1.675000,5.125000,48,0.000000,0.000000,1.000000,0.000000,1.000000,0.000000,0.000000
27,102,-1.625000,5.125000,36,0.000000,0.000000,1.000000,0.000000,1.000000,0.000000,0.000000
28,102,-1.575000,5.125000,27,0.000000,0.000000,1.000000,0.000000,1.000000,0.000000,0.000000
29,102,-1.525000,5.125000,44,0.000000,0.000000,1.000000,0.000000,1.000000,0.000000,0.000000
30,102,-1.475000,5.125000,31,0.000000,0.000000,1.000000,0.000000,1.000000,0.000000,0.000000
38,102,-1.075000,5.125000,11,0.000000,0.000000,1.000000,0.000000,1.000000,0.000000,0.000000
39,102,-1.025000,5.125000,17,0.000000,0.000000,1.000000,0.000000,1.000000,0.000000,0.000000
40,102,-0.975000,5.125000,2,0.000000,0.000000,1.000000,0.000000,1.000000,0.000000,0.000000
41,102,-0.925000,5.125000,10,0.000000,0.000000,1.000000,0.000000,1.000000,0.000000,0.000000
42,102,-0.875000,5.125000,4,0.000000,0.000000,1.000000,0.000000,1.000000,0.000000,0.000000
43,102,-0.825000,5.125000,8,0.000000,0.000000,1.000000,0.000000,1.000000,0.000000,0.000000
44,102,-0.775000,5.125000,4,0.000000,0.000000,1.000000,0.000000,1.000000,0.000000,0.000000
45,102,-0.725000,5.125000,10,0.000000,0.000000,1.000000,0.000000,1.000000,0.000000,0.000000
46,102,-0.675000,5.125000,14,0.000000,0.000000,1.000000,0.000000,1.000000,0.000000,0.000000
47,102,-0.625000,5.125000,7,0.000000,0.000000,1.000000,0.000000,1.000000,0.000000,0.000000
48,102,-0.575000,5.125000,8,0.000000,0.000000,1.000000,0.000000,1.000000,0.000000,0.000000
49,102,-0.525000,5.125000,7,0.000000,0.000000,1.000000,0.000000,1.000000,0.000000,0.000000
50,102,-0.475000,5.125000,5,0.000000,0.000000,1.000000,0.000000,1.000000,0.000000,0.000000
51,102,-0.425000,5.125000,10,0.000000,0.000000,1.000000,0.000000,1.000000,0.000000,0.000000
52,102,-0.375000,5.125000,12,0.000000,0.000000,1.000000,0.000000,1.000000,0.000000,0.000000
53,102,-0.325000,5.125000,10,0.000000,0.000000,1.000000,0.000000,1.000000,0.000000,0.000000
54,102,-0.275000,5.125000,4,0.000000,0.000000,1.000000,0.000000,1.000000,0.000000,0.000000
55,102,-0.225000,5.125000,16,0.000000,0.000000,1.000000,0.000000,1.000000,0.000000,0.000000
56,102,-0.175000,5.125000,8,0.000000,0.000000,1.000000,0.000000,1.000000,0.000000,0.000000
57,102,-0.125000,5.125000,2,0.000000,0.000000,1.000000,0.000000,1.000000,0.000000,0.000000
65,102,0.275000,5.125000,4,0.000000,0.000000,1.000000,0.000000,1.000000,0.000000,0.000000
66,102,0.325000,5.125000,5,0.000000,0.000000,1.000000,0.000000,1.000000,0.000000,0.000000
71,102,0.575000,5.125000,7,0.000000,0.000000,1.000000,0.000000,1.000000,0.000000,0.000000
72,102,0.625000,5.125000,25,0.000000,0.000000,1.000000,0.000000,1.000000,0.000000,0.000000
73,102,0.675000,5.125000,2,0.000000,0.000000,1.000000,0.000000,1.000000,0.000000,0.000000
74,102,0.725000,5.125000,11,0.000000,0.000000,1.000000,0.000000,1.000000,0.000000,0.000000
75,102,0.775000,5.125000,15,0.000000,0.000000,1.000000,0.000000,1.000000,0.000000,0.000000
76,102,0.825000,5.125000,10,0.000000,0.000000,1.000000,0.000000,1.000000,0.000000,0.000000
77,102,0.875000,5.125000,9,0.000000,0.000000,1.000000,0.000000,1.000000,0.000000,0.000000
78,102,0.925000,5.125000,12,0.000000,0.000000,1.000000,0.000000,1.000000,0.000000,0.000000
79,102,0.975000,5.125000,18,0.000000,0.000000,1.000000,0.000000,1.000000,0.000000,0.000000
80,102,1.025000,5.125000,13,0.000000,0.000000,1.000000,0.000000,1.000000,0.000000,0.000000
81,102,1.075000,5.125000,3,0.000000,0.000000,1.000000,0.000000,1.000000,0.000000,0.000000
82,102,1.125000,5.125000,13,0.000000,0.000000,1.000000,0.000000,1.000000,0.000000,0.000000
83,102,1.175000,5.125000,4,0.000000,0.000000,1.000000,0.000000,1.000000,0.000000,0.000000
84,102,1.225000,5.125000,16,0.000000,0.000000,1.000000,0.000000,1.000000,0.000000,0.000000
85,102,1.275000,5.125000,13,0.000000,0.000000,1.000000,0.000000,1.000000,0.000000,0.000000
86,102,1.325000,5.125000,9,0.000000,0.000000,1.000000,0.000000,1.000000,0.000000,0.000000
87,102,1.375000,5.125000,14,0.000000,0.000000,1.000000,0.000000,1.000000,0.000000,0.000000
88,102,1.425000,5.125000,21,0.000000,0.000000,1.000000,0.000000,1.000000,0.000000,0.000000
89,102,1.475000,5.125000,7,0.000000,0.000000,1.000000,0.000000,1.000000,0.000000,0.000000
90,102,1.525000,5.125000,7,0.000000,0.000000,1.000000,0.000000,1.000000,0.000000,0.000000
91,102,1.575000,5.125000,11,0.000000,0.000000,1.000000,0.000000,1.000000,0.000000,0.000000
97,102,1.875000,5.125000,1,0.000000,0.000000,1.000000,0.000000,1.000000,0.000000,0.000000
98,102,1.925000,5.125000,38,0.000000,0.000000,1.000000,0.000000,1.000000,0.000000,0.000000
99,102,1.975000,5.125000,45,0.000000,0.000000,1.000000,0.000000,1.000000,0.000000,0.000000
100,102,2.025000,5.125000,64,0.000000,0.000000,1.000000,0.000000,1.000000,0.000000,0.000000
101,102,2.075000,5.125000,8,0.000000,0.000000,1.000000,0.000000,1.000000,0.000000,0.000000
26,103,-1.675000,5.175000,41,0.000000,0.000000,1.000000,0.000000,1.000000,0.000000,0.000000
27,103,-1.625000,5.175000,41,0.000000,0.000000,1.000000,0.000000,1.000000,0.000000,0.000000
28,103,-1.575000,5.175000,46,0.000000,0.000000,1.000000,0.000000,1.000000,0.000000,0.000000
29,103,-1.525000,5.175000,41,0.000000,0.000000,1.000000,0.000000,1.000000,0.000000,0.000000
30,103,-1.475000,5.175000,1,0.000000,0.000000,1.000000,0.000000,1.000000,0.000000,0.000000
37,103,-1.125000,5.175000,20,0.000000,0.000000,1.000000,0.000000,1.000000,0.000000,0.000000
38,103,-1.075000,5.175000,20,0.000000,0.000000,1.000000,0.000000,1.000000,0.000000,0.000000
39,103,-1.025000,5.175000,14,0.000000,0.000000,1.000000,0.000000,1.000000,0.000000,0.000000
40,103,-0.975000,5.175000,23,0.000000,0.000000,1.000000,0.000000,1.000000,0.000000,0.000000
41,103,-0.925000,5.175000,17,0.000000,0.000000,1.000000,0.000000,1.000000,0.000000,0.000000
42,103,-0.875000,5.175000,16,0.000000,0.000000,1.000000,0.000000,1.000000,0.000000,0.000000
43,103,-0.825000,5.175000,12,0.000000,0.000000,1.000000,0.000000,1.000000,0.000000,0.000000
44,103,-0.775000,5.175000,9,0.000000,0.000000,1.000000,0.000000,1.000000,0.000000,0.000000
45,103,-0.725000,5.175000,12,0.000000,0.000000,1.000000,0.000000,1.000000,0.000000,0.000000
46,103,-0.675000,5.175000,10,0.000000,0.000000,1.000000,0.000000,1.000000,0.000000,0.000000
47,103,-0.625000,5.175000,5,0.000000,0.000000,1.000000,0.000000,1.000000,0.000000,0.000000
48,103,-0.575000,5.175000,8,0.000000,0.000000,1.000000,0.000000,1.000000,0.000000,0.000000
49,103,-0.525000,5.175000,5,0.000000,0.000000,1.000000,0.000000,1.000000,0.000000,0.000000
50,103,-0.475000,5.175000,13,0.000000,0.000000,1.000000,0.000000,1.000000,0.000000,0.000000
51,103,-0.425000,5.175000,6,0.000000,0.000000,1.000000,0.000000,1.000000,0.000000,0.000000
52,103,-0.375000,5.175000,5,0.000000,0.000000,1.000000,0.000000,1.000000,0.000000,0.000000
53,103,-0.325000,5.175000,15,0.000000,0.000000,1.000000,0.000000,1.000000,0.000000,0.000000
54,103,-0.275000,5.175000,1,0.000000,0.000000,1.000000,0.000000,1.000000,0.000000,0.000000
55,103,-0.225000,5.175000,23,0.000000,0.000000,1.000000,0.000000,1.000000,0.000000,0.000000
56,103,-0.175000,5.175000,7,0.000000,0.000000,1.000000,0.000000,1.000000,0.000000,0.000000
64,103,0.225000,5.175000,19,0.000000,0.000000,1.000000,0.000000,1.000000,0.000000,0.000000
65,103,0.275000,5.175000,5,0.000000,0.000000,1.000000,0.000000,1.000000,0.000000,0.000000
66,103,0.325000,5.175000,11,0.000000,0.000000,1.000000,0.000000,1.000000,0.000000,0.000000
72,103,0.625000,5.175000,12,0.000000,0.000000,1.000000,0.000000,1.000000,0.000000,0.000000
73,103,0.675000,5.175000,23,0.000000,0.000000,1.000000,0.000000,1.000000,0.000000,0.000000
74,103,0.725000,5.175000,1,0.000000,0.000000,1.000000,0.000000,1.000000,0.000000,0.000000
75,103,0.775000,5.175000,16,0.000000,0.000000,1.000000,0.000000,1.000000,0.000000,0.000000
76,103,0.825000,5.175000,9,0.000000,0.000000,1.000000,0.000000,1.000000,0.000000,0.000000
77,103,0.875000,5.175000,4,0.000000,0.000000,1.000000,0.000000,1.000000,0.000000,0.000000
78,103,0.925000,5.175000,13,0.000000,0.000000,1.000000,0.000000,1.000000,0.000000,0.000000
79,103,0.975000,5.175000,13,0.000000,0.000000,1.000000,0.000000,1.000000,0.000000,0.000000
80,103,1.025000,5.175000,10,0.000000,0.000000,1.000000,0.000000,1.000000,0.000000,0.000000
81,103,1.075000,5.175000,7,0.000000,0.000000,1.000000,0.000000,1.000000,0.000000,0.000000
82,103,1.125000,5.175000,9,0.000000,0.000000,1.000000,0.000000,1.000000,0.000000,0.000000
83,103,1.175000,5.175000,9,0.000000,0.000000,1.000000,0.000000,1.000000,0.000000,0.000000
84,103,1.225000,5.175000,7,0.000000,0.000000,1.000000,0.000000,1.000000,0.000000,0.000000
85,103,1.275000,5.175000,18,0.000000,0.000000,1.000000,0.000000,1.000000,0.000000,0.000000
86,103,1.325000,5.175000,8,0.000000,0.000000,1.000000,0.000000,1.000000,0.000000,0.000000
87,103,1.375000,5.175000,6,0.000000,0.000000,1.000000,0.000000,1.000000,0.000000,0.000000
88,103,1.425000,5.175000,11,0.000000,0.000000,1.000000,0.000000,1.000000,0.000000,0.000000
89,103,1.475000,5.175000,10,0.000000,0.000000,1.000000,0.000000,1.000000,0.000000,0.000000
90,103,1.525000,5.175000,8,0.000000,0.000000,1.000000,0.000000,1.000000,0.000000,0.000000
91,103,1.575000,5.175000,14,0.000000,0.000000,1.000000,0.000000,1.000000,0.000000,0.000000
92,103,1.625000,5.175000,8,0.000000,0.000000,1.000000,0.000000,1.000000,0.000000,0.000000
98,103,1.925000,5.175000,7,0.000000,0.000000,1.000000,0.000000,1.000000,0.000000,0.000000
99,103,1.975000,5.175000,65,0.000000,0.000000,1.000000,0.000000,1.000000,0.000000,0.000000
100,103,2.025000,5.175000,68,0.000000,0.000000,1.000000,0.000000,1.000000,0.000000,0.000000
101,103,2.075000,5.175000,27,0.000000,0.000000,1.000000,0.000000,1.000000,0.000000,0.000000
26,104,-1.675000,5.225000,65,0.000000,0.000000,1.000000,0.000000,1.000000,0.000000,0.000000
27,104,-1.625000,5.225000,50,0.000000,0.000000,1.000000,0.000000,1.000000,0.000000,0.000000
28,104,-1.575000,5.225000,51,0.000000,0.000000,1.000000,0.000000,1.000000,0.000000,0.000000
29,104,-1.525000,5.225000,29,0.000000,0.000000,1.000000,0.000000,1.000000,0.000000,0.000000
37,104,-1.125000,5.225000,36,0.000000,0.000000,1.000000,0.000000,1.000000,0.000000,0.000000
38,104,-1.075000,5.225000,3,0.000000,0.000000,1.000000,0.000000,1.000000,0.000000,0.000000
39,104,-1.025000,5.225000,12,0.000000,0.000000,1.000000,0.000000,1.000000,0.000000,0.000000
40,104,-0.975000,5.225000,5,0.000000,0.000000,1.000000,0.000000,1.000000,0.000000,0.000000
41,104,-0.925000,5.225000,2,0.000000,0.000000,1.000000,0.000000,1.000000,0.000000,0.000000
42,104,-0.875000,5.225000,9,0.000000,0.000000,1.000000,0.000000,1.000000,0.000000,0.000000
43,104,-0.825000,5.225000,2,0.000000,0.000000,1.000000,0.000000,1.000000,0.000000,0.000000
44,104,-0.775000,5.225000,16,0.000000,0.000000,1.000000,0.000000,1.000000,0.000000,0.000000
45,104,-0.725000,5.225000,8,0.000000,0.000000,1.000000,0.000000,1.000000,0.000000,0.000000
46,104,-0.675000,5.225000,2,0.000000,0.000000,1.000000,0.000000,1.000000,0.000000,0.000000
47,104,-0.625000,5.225000,10,0.000000,0.000000,1.000000,0.000000,1.000000,0.000000,0.000000
48,104,-0.575000,5.225000,16,0.000000,0.000000,1.000000,0.000000,1.000000,0.000000,0.000000
49,104,-0.525000,5.225000,13,0.000000,0.000000,1.000000,0.000000,1.000000,0.000000,0.000000
50,104,-0.475000,5.225000,18,0.000000,0.000000,1.000000,0.000000,1.000000,0.000000,0.000000
51,104,-0.425000,5.225000,6,0.000000,0.000000,1.000000,0.000000,1.000000,0.000000,0.000000
52,104,-0.375000,5.225000,25,0.000000,0.000000,1.000000,0.000000,1.000000,0.000000,0.000000
53,104,-0.325000,5.225000,11,0.000000,0.000000,1.000000,0.000000,1.000000,0.000000,0.000000
54,104,-0.275000,5.225000,2,0.000000,0.000000,1.000000,0.000000,1.000000,0.000000,0.000000
55,104,-0.225000,5.225000,30,0.000000,0.000000,1.000000,0.000000,1.000000,0.000000,0.000000
56,104,-0.175000,5.225000,4,0.000000,0.000000,1.000000,0.000000,1.000000,0.000000,0.000000
57,104,-0.125000,5.225000,6,0.000000,0.000000,1.000000,0.000000,1.000000,0.000000,0.000000
58,104,-0.075000,5.225000,1,0.000000,0.000000,1.000000,0.000000,1.000000,0.000000,0.000000
63,104,0.175000,5.225000,13,0.000000,0.000000,1.000000,0.000000,1.000000,0.000000,0.000000
64,104,0.225000,5.225000,3,0.000000,0.000000,1.000000,0.000000,1.000000,0.000000,0.000000
65,104,0.275000,5.225000,1,0.000000,0.000000,1.000000,0.000000,1.000000,0.000000,0.000000
66,104,0.325000,5.225000,16,0.000000,0.000000,1.000000,0.000000,1.000000,0.000000,0.000000
73,104,0.675000,5.225000,16,0.000000,0.000000,1.000000,0.000000,1.000000,0.000000,0.000000
74,104,0.725000,5.225000,17,0.000000,0.000000,1.000000,0.000000,1.000000,0.000000,0.000000
75,104,0.775000,5.225000,1,0.000000,0.000000,1.000000,0.000000,1.000000,0.000000,0.000000
76,104,0.825000,5.225000,22,0.000000,0.000000,1.000000,0.000000,1.000000,0.000000,0.000000
77,104,0.875000,5.225000,13,0.000000,0.000000,1.000000,0.000000,1.000000,0.000000,0.000000
78,104,0.925000,5.225000,11,0.000000,0.000000,1.000000,0.000000,1.000000,0.000000,0.000000
79,104,0.975000,5.225000,14,0.000000,0.000000,1.000000,0.000000,1.000000,0.000000,0.000000
80,104,1.025000,5.225000,11,0.000000,0.000000,1.000000,0.000000,1.000000,0.000000,0.000000
81,104,1.075000,5.225000,9,0.000000,0.000000,1.000000,0.000000,1.000000,0.000000,0.000000
82,104,1.125000,5.225000,13,0.000000,0.000000,1.000000,0.000000,1.000000,0.000000,0.000000
83,104,1.175000,5.225000,20,0.000000,0.000000,1.000000,0.000000,1.000000,0.000000,0.000000
84,104,1.225000,5.225000,9,0.000000,0.000000,1.000000,0.000000,1.000000,0.000000,0.000000
85,104,1.275000,5.225000,11,0.000000,0.000000,1.000000,0.000000,1.000000,0.000000,0.000000
86,104,1.325000,5.225000,2,0.000000,0.000000,1.000000,0.000000,1.000000,0.000000,0.000000
87,104,1.375000,5.225000,15,0.000000,0.000000,1.000000,0.000000,1.000000,0.000000,0.000000
88,104,1.425000,5.225000,9,0.000000,0.000000,1.000000,0.000000,1.000000,0.000000,0.000000
89,104,1.475000,5.225000,15,0.000000,0.000000,1.000000,0.000000,1.000000,0.000000,0.000000
90,104,1.525000,5.225000,18,0.000000,0.000000,1.000000,0.000000,1.000000,0.000000,0.000000
91,104,1.575000,5.225000,16,0.000000,0.000000,1.000000,0.000000,1.000000,0.000000,0.000000
92,104,1.625000,5.225000,26,0.000000,0.000000,1.000000,0.000000,1.000000,0.000000,0.000000
93,104,1.675000,5.225000,30,0.000000,0.000000,1.000000,0.000000,1.000000,0.000000,0.000000
99,104,1.975000,5.225000,24,0.000000,0.000000,1.000000,0.000000,1.000000,0.000000,0.000000
100,104,2.025000,5.225000,104,0.000000,0.000000,1.000000,0.000000,1.000000,0.000000,0.000000
101,104,2.075000,5.225000,38,0.000000,0.000000,1.000000,0.000000,1.000000,0.000000,0.000000
26,105,-1.675000,5.275000,37,0.000000,0.000000,1.000000,0.000000,1.000000,0.000000,0.000000
27,105,-1.625000,5.275000,60,0.000000,0.000000,1.000000,0.000000,1.000000,0.000000,0.000000
28,105,-1.575000,5.275000,87,0.000000,0.000000,1.000000,0.000000,1.000000,0.000000,0.000000
37,105,-1.125000,5.275000,4,0.000000,0.000000,1.000000,0.000000,1.000000,0.000000,0.000000
38,105,-1.075000,5.275000,9,0.000000,0.000000,1.000000,0.000000,1.000000,0.000000,0.000000
39,105,-1.025000,5.275000,13,0.000000,0.000000,1.000000,0.000000,1.000000,0.000000,0.000000
40,105,-0.975000,5.275000,10,0.000000,0.000000,1.000000,0.000000,1.000000,0.000000,0.000000
41,105,-0.925000,5.275000,9,0.000000,0.000000,1.000000,0.000000,1.000000,0.000000,0.000000
42,105,-0.875000,5.275000,14,0.000000,0.000000,1.000000,0.000000,1.000000,0.000000,0.000000
43,105,-0.825000,5.275000,10,0.000000,0.000000,1.000000,0.000000,1.000000,0.000000,0.000000
44,105,-0.775000,5.275000,2,0.000000,0.000000,1.000000,0.000000,1.000000,0.000000,0.000000
45,105,-0.725000,5.275000,9,0.000000,0.000000,1.000000,0.000000,1.000000,0.000000,0.000000
46,105,-0.675000,5.275000,7,0.000000,0.000000,1.000000,0.000000,1.000000,0.000000,0.000000
47,105,-0.625000,5.275000,8,0.000000,0.000000,1.000000,0.000000,1.000000,0.000000,0.000000
48,105,-0.575000,5.275000,13,0.000000,0.000000,1.000000,0.000000,1.000000,0.000000,0.000000
49,105,-0.525000,5.275000,7,0.000000,0.000000,1.000000,0.000000,1.000000,0.000000,0.000000
50,105,-0.475000,5.275000,11,0.000000,0.000000,1.000000,0.000000,1.000000,0.000000,0.000000
51,105,-0.425000,5.275000,5,0.000000,0.000000,1.000000,0.000000,1.000000,0.000000,0.000000
52,105,-0.375000,5.275000,21,0.000000,0.000000,1.000000,0.000000,1.000000,0.000000,0.000000
53,105,-0.325000,5.275000,9,0.000000,0.000000,1.000000,0.000000,1.000000,0.000000,0.000000
54,105,-0.275000,5.275000,7,0.000000,0.000000,1.000000,0.000000,1.000000,0.000000,0.000000
55,105,-0.225000,5.275000,9,0.000000,0.000000,1.000000,0.000000,1.000000,0.000000,0.000000
56,105,-0.175000,5.275000,4,0.000000,0.000000,1.000000,0.000000,1.000000,0.000000,0.000000
57,105,-0.125000,5.275000,7,0.000000,0.000000,1.000000,0.000000,1.000000,0.000000,0.000000
58,105,-0.075000,5.275000,2,0.000000,0.000000,1.000000,0.000000,1.000000,0.000000,0.000000
59,105,-0.025000,5.275000,2,0.000000,0.000000,1.000000,0.000000,1.000000,0.000000,0.000000
62,105,0.125000,5.275000,8,0.000000,0.000000,1.000000,0.000000,1.000000,0.000000,0.000000
63,105,0.175000,5.275000,8,0.000000,0.000000,1.000000,0.000000,1.000000,0.000000,0.000000
64,105,0.225000,5.275000,6,0.000000,0.000000,1.000000,0.000000,1.000000,0.000000,0.000000
65,105,0.275000,5.275000,1,0.000000,0.000000,1.000000,0.000000,1.000000,0.000000,0.000000
66,105,0.325000,5.275000,29,0.000000,0.000000,1.000000,0.000000,1.000000,0.000000,0.000000
67,105,0.375000,5.275000,8,0.000000,0.000000,1.000000,0.000000,1.000000,0.000000,0.000000
74,105,0.725000,5.275000,4,0.000000,0.000000,1.000000,0.000000,1.000000,0.000000,0.000000
75,105,0.775000,5.275000,6,0.000000,0.000000,1.000000,0.000000,1.000000,0.000000,0.000000
76,105,0.825000,5.275000,1,0.000000,0.000000,1.000000,0.000000,1.000000,0.000000,0.000000
77,105,0.875000,5.275000,27,0.000000,0.000000,1.000000,0.000000,1.000000,0.000000,0.000000
78,105,0.925000,5.275000,5,0.000000,0.000000,1.000000,0.000000,1.000000,0.000000,0.000000
79,105,0.975000,5.275000,12,0.000000,0.000000,1.000000,0.000000,1.000000,0.000000,0.000000
80,105,1.025000,5.275000,20,0.000000,0.000000,1.000000,0.000000,1.000000,0.000000,0.000000
81,105,1.075000,5.275000,5,0.000000,0.000000,1.000000,0.000000,1.000000,0.000000,0.000000
82,105,1.125000,5.275000,13,0.000000,0.000000,1.000000,0.000000,1.000000,0.000000,0.000000
83,105,1.175000,5.275000,15,0.000000,0.000000,1.000000,0.000000,1.000000,0.000000,0.000000
84,105,1.225000,5.275000,10,0.000000,0.000000,1.000000,0.000000,1.000000,0.000000,0.000000
85,105,1.275000,5.275000,6,0.000000,0.000000,1.000000,0.000000,1.000000,0.000000,0.000000
86,105,1.325000,5.275000,6,0.000000,0.000000,1.000000,0.000000,1.000000,0.000000,0.000000
87,105,1.375000,5.275000,6,0.000000,0.000000,1.000000,0.000000,1.000000,0.000000,0.000000
88,105,1.425000,5.275000,13,0.000000,0.000000,1.000000,0.000000,1.000000,0.000000,0.000000
89,105,1.475000,5.275000,1,0.000000,0.000000,1.000000,0.000000,1.000000,0.000000,0.000000
90,105,1.525000,5.275000,5,0.000000,0.000000,1.000000,0.000000,1.000000,0.000000,0.000000
91,105,1.575000,5.275000,13,0.000000,0.000000,1.000000,0.000000,1.000000,0.000000,0.000000
92,105,1.625000,5.275000,8,0.000000,0.000000,1.000000,0.000000,1.000000,0.000000,0.000000
93,105,1.675000,5.275000,3,0.000000,0.000000,1.000000,0.000000,1.000000,0.000000,0.000000
100,105,2.025000,5.275000,120,0.000000,0.000000,1.000000,0.000000,1.000000,0.000000,0.000000
101,105,2.075000,5.275000,30,0.000000,0.000000,1.000000,0.000000,1.000000,0.000000,0.000000
26,106,-1.675000,5.325000,12,0.000000,0.000000,1.000000,0.000000,1.000000,0.000000,0.000000
27,106,-1.625000,5.325000,97,0.000000,0.000000,1.000000,0.000000,1.000000,0.000000,0.000000
28,106,-1.575000,5.325000,76,0.000000,0.000000,1.000000,0.000000,1.000000,0.000000,0.000000
36,106,-1.175000,5.325000,3,0.000000,0.000000,1.000000,0.000000,1.000000,0.000000,0.000000
37,106,-1.125000,5.325000,19,0.000000,0.000000,1.000000,0.000000,1.000000,0.000000,0.000000
38,106,-1.075000,5.325000,18,0.000000,0.000000,1.000000,0.000000,1.000000,0.000000,0.000000
39,106,-1.025000,5.325000,19,0.000000,0.000000,1.000000,0.000000,1.000000,0.000000,0.000000
40,106,-0.975000,5.325000,16,0.000000,0.000000,1.000000,0.000000,1.000000,0.000000,0.000000
41,106,-0.925000,5.325000,12,0.000000,0.000000,1.000000,0.000000,1.000000,0.000000,0.000000
42,106,-0.875000,5.325000,7,0.000000,0.000000,1.000000,0.000000,1.000000,0.000000,0.000000
43,106,-0.825000,5.325000,21,0.000000,0.000000,1.000000,0.000000,1.000000,0.000000,0.000000
44,106,-0.775000,5.325000,8,0.000000,0.000000,1.000000,0.000000,1.000000,0.000000,0.000000
45,106,-0.725000,5.325000,9,0.000000,0.000000,1.000000,0.000000,1.000000,0.000000,0.000000
46,106,-0.675000,5.325000,10,0.000000,0.000000,1.000000,0.000000,1.000000,0.000000,0.000000
47,106,-0.625000,5.325000,12,0.000000,0.000000,1.000000,0.000000,1.000000,0.000000,0.000000
48,106,-0.575000,5.325000,11,0.000000,0.000000,1.000000,0.000000,1.000000,0.000000,0.000000
49,106,-0.525000,5.325000,20,0.000000,0.000000,1.000000,0.000000,1.000000,0.000000,0.000000
50,106,-0.475000,5.325000,9,0.000000,0.000000,1.000000,0.000000,1.000000,0.000000,0.000000
51,106,-0.425000,5.325000,17,0.000000,0.000000,1.000000,0.000000,1.000000,0.000000,0.000000
52,106,-0.375000,5.325000,25,0.000000,0.000000,1.000000,0.000000,1.000000,0.000000,0.000000
53,106,-0.325000,5.325000,7,0.000000,0.000000,1.000000,0.000000,1.000000,0.000000,0.000000
54,106,-0.275000,5.325000,5,0.000000,0.000000,1.000000,0.000000,1.000000,0.000000,0.000000
55,106,-0.225000,5.325000,5,0.000000,0.000000,1.000000,0.000000,1.000000,0.000000,0.000000
56,106,-0.175000,5.325000,4,0.000000,0.000000,1.000000,0.000000,1.000000,0.000000,0.000000
57,106,-0.125000,5.325000,4,0.000000,0.000000,1.000000,0.000000,1.000000,0.000000,0.000000
58,106,-0.075000,5.325000,4,0.000000,0.000000,1.000000,0.000000,1.000000,0.000000,0.000000
59,106,-0.025000,5.325000,3,0.000000,0.000000,1.000000,0.000000,1.000000,0.000000,0.000000
61,106,0.075000,5.325000,9,0.000000,0.000000,1.000000,0.000000,1.000000,0.000000,0.000000
62,106,0.125000,5.325000,7,0.000000,0.000000,1.000000,0.000000,1.000000,0.000000,0.000000
63,106,0.175000,5.325000,7,0.000000,0.000000,1.000000,0.000000,1.000000,0.000000,0.000000
64,106,0.225000,5.325000,4,0.000000,0.000000,1.000000,0.000000,1.000000,0.000000,0.000000
65,106,0.275000,5.325000,9,0.000000,0.000000,1.000000,0.000000,1.000000,0.000000,0.000000
66,106,0.325000,5.325000,5,0.000000,0.000000,1.000000,0.000000,1.000000,0.000000,0.000000
67,106,0.375000,5.325000,49,0.000000,0.000000,1.000000,0.000000,1.000000,0.000000,0.000000
68,106,0.425000,5.325000,2,0.000000,0.000000,1.000000,0.000000,1.000000,0.000000,0.000000
74,106,0.725000,5.325000,9,0.000000,0.000000,1.000000,0.000000,1.000000,0.000000,0.000000
75,106,0.775000,5.325000,5,0.000000,0.000000,1.000000,0.000000,1.000000,0.000000,0.000000
76,106,0.825000,5.325000,9,0.000000,0.000000,1.000000,0.000000,1.000000,0.000000,0.000000
77,106,0.875000,5.325000,7,0.000000,0.000000,1.000000,0.000000,1.000000,0.000000,0.000000
78,106,0.925000,5.325000,21,0.000000,0.000000,1.000000,0.000000,1.000000,0.000000,0.000000
79,106,0.975000,5.325000,13,0.000000,0.000000,1.000000,0.000000,1.000000,0.000000,0.000000
80,106,1.025000,5.325000,31,0.000000,0.000000,1.000000,0.000000,1.000000,0.000000,0.000000
81,106,1.075000,5.325000,14,0.000000,0.000000,1.000000,0.000000,1.000000,0.000000,0.000000
82,106,1.125000,5.325000,13,0.000000,0.000000,1.000000,0.000000,1.000000,0.000000,0.000000
83,106,1.175000,5.325000,21,0.000000,0.000000,1.000000,0.000000,1.000000,0.000000,0.000000
84,106,1.225000,5.325000,15,0.000000,0.000000,1.000000,0.000000,1.000000,0.000000,0.000000
85,106,1.275000,5.325000,14,0.000000,0.000000,1.000000,0.000000,1.000000,0.000000,0.000000
86,106,1.325000,5.325000,11,0.000000,0.000000,1.000000,0.000000,1.000000,0.000000,0.000000
87,106,1.375000,5.325000,12,0.000000,0.000000,1.000000,0.000000,1.000000,0.000000,0.000000
88,106,1.425000,5.325000,3,0.000000,0.000000,1.000000,0.000000,1.000000,0.000000,0.000000
89,106,1.475000,5.325000,9,0.000000,0.000000,1.000000,0.000000,1.000000,0.000000,0.000000
90,106,1.525000,5.325000,7,0.000000,0.000000,1.000000,0.000000,1.000000,0.000000,0.000000
91,106,1.575000,5.325000,13,0.000000,0.000000,1.000000,0.000000,1.000000,0.000000,0.000000
92,106,1.625000,5.325000,15,0.000000,0.000000,1.000000,0.000000,1.000000,0.000000,0.000000
93,106,1.675000,5.325000,36,0.000000,0.000000,1.000000,0.000000,1.000000,0.000000,0.000000
94,106,1.725000,5.325000,21,0.000000,0.000000,1.000000,0.000000,1.000000,0.000000,0.000000
100,106,2.025000,5.325000,124,0.000000,0.000000,1.000000,0.000000,1.000000,0.000000,0.000000
101,106,2.075000,5.325000,1,0.000000,0.000000,1.000000,0.000000,1.000000,0.000000,0.000000
27,107,-1.625000,5.375000,94,0.000000,0.000000,1.000000,0.000000,1.000000,0.000000,0.000000
28,107,-1.575000,5.375000,84,0.000000,0.000000,1.000000,0.000000,1.000000,0.000000,0.000000
36,107,-1.175000,5.375000,42,0.000000,0.000000,1.000000,0.000000,1.000000,0.000000,0.000000
37,107,-1.125000,5.375000,12,0.000000,0.000000,1.000000,0.000000,1.000000,0.000000,0.000000
38,107,-1.075000,5.375000,15,0.000000,0.000000,1.000000,0.000000,1.000000,0.000000,0.000000
39,107,-1.025000,5.375000,17,0.000000,0.000000,1.000000,0.000000,1.000000,0.000000,0.000000
40,107,-0.975000,5.375000,8,0.000000,0.000000,1.000000,0.000000,1.000000,0.000000,0.000000
41,107,-0.925000,5.375000,4,0.000000,0.000000,1.000000,0.000000,1.000000,0.000000,0.000000
42,107,-0.875000,5.375000,12,0.000000,0.000000,1.000000,0.000000,1.000000,0.000000,0.000000
43,107,-0.825000,5.375000,7,0.000000,0.000000,1.000000,0.000000,1.000000,0.000000,0.000000
44,107,-0.775000,5.375000,9,0.000000,0.000000,1.000000,0.000000,1.000000,0.000000,0.000000
45,107,-0.725000,5.375000,14,0.000000,0.000000,1.000000,0.000000,1.000000,0.000000,0.000000
46,107,-0.675000,5.375000,15,0.000000,0.000000,1.000000,0.000000,1.000000,0.000000,0.000000
47,107,-0.625000,5.375000,6,0.000000,0.000000,1.000000,0.000000,1.000000,0.000000,0.000000
48,107,-0.575000,5.375000,2,0.000000,0.000000,1.000000,0.000000,1.000000,0.000000,0.000000
49,107,-0.525000,5.375000,22,0.000000,0.000000,1.000000,0.000000,1.000000,0.000000,0.000000
50,107,-0.475000,5.375000,15,0.000000,0.000000,1.000000,0.000000,1.000000,0.000000,0.000000
51,107,-0.425000,5.375000,25,0.000000,0.000000,1.000000,0.000000,1.000000,0.000000,0.000000
52,107,-0.375000,5.375000,9,0.000000,0.000000,1.000000,0.000000,1.000000,0.000000,0.000000
53,107,-0.325000,5.375000,6,0.000000,0.000000,1.000000,0.000000,1.000000,0.000000,0.000000
54,107,-0.275000,5.375000,5,0.000000,0.000000,1.000000,0.000000,1.000000,0.000000,0.000000
55,107,-0.225000,5.375000,4,0.000000,0.000000,1.000000,0.000000,1.000000,0.000000,0.000000
56,107,-0.175000,5.375000,8,0.000000,0.000000,1.000000,0.000000,1.000000,0.000000,0.000000
57,107,-0.125000,5.375000,6,0.000000,0.000000,1.000000,0.000000,1.000000,0.000000,0.000000
58,107,-0.075000,5.375000,4,0.000000,0.000000,1.000000,0.000000,1.000000,0.000000,0.000000
59,107,-0.025000,5.375000,2,0.000000,0.000000,1.000000,0.000000,1.000000,0.000000,0.000000
60,107,0.025000,5.375000,5,0.000000,0.000000,1.000000,0.000000,1.000000,0.000000,0.000000
61,107,0.075000,5.375000,7,0.000000,0.000000,1.000000,0.000000,1.000000,0.000000,0.000000
62,107,0.125000,5.375000,1,0.000000,0.000000,1.000000,0.000000,1.000000,0.000000,0.000000
63,107,0.175000,5.375000,4,0.000000,0.000000,1.000000,0.000000,1.000000,0.000000,0.000000
64,107,0.225000,5.375000,8,0.000000,0.000000,1.000000,0.000000,1.000000,0.000000,0.000000
65,107,0.275000,5.375000,3,0.000000,0.000000,1.000000,0.000000,1.000000,0.000000,0.000000
66,107,0.325000,5.375000,3,0.000000,0.000000,1.000000,0.000000,1.000000,0.000000,0.000000
67,107,0.375000,5.375000,58,0.000000,0.000000,1.000000,0.000000,1.000000,0.000000,0.000000
68,107,0.425000,5.375000,9,0.000000,0.000000,1.000000,0.000000,1.000000,0.000000,0.000000
69,107,0.475000,5.375000,7,0.000000,0.000000,1.000000,0.000000,1.000000,0.000000,0.000000
74,107,0.725000,5.375000,3,0.000000,0.000000,1.000000,0.000000,1.000000,0.000000,0.000000
75,107,0.775000,5.375000,5,0.000000,0.000000,1.000000,0.000000,1.000000,0.000000,0.000000
76,107,0.825000,5.375000,9,0.000000,0.000000,1.000000,0.000000,1.000000,0.000000,0.000000
77,107,0.875000,5.375000,7,0.000000,0.000000,1.000000,0.000000,1.000000,0.000000,0.000000
78,107,0.925000,5.375000,9,0.000000,0.000000,1.000000,0.000000,1.000000,0.000000,0.000000
79,107,0.975000,5.375000,9,0.000000,0.000000,1.000000,0.000000,1.000000,0.000000,0.000000
80,107,1.025000,5.375000,15,0.000000,0.000000,1.000000,0.000000,1.000000,0.000000,0.000000
81,107,1.075000,5.375000,38,0.000000,0.000000,1.000000,0.000000,1.000000,0.000000,0.000000
82,107,1.125000,5.375000,27,0.000000,0.000000,1.000000,0.000000,1.000000,0.000000,0.000000
83,107,1.175000,5.375000,32,0.000000,0.000000,1.000000,0.000000,1.000000,0.000000,0.000000
84,107,1.225000,5.375000,6,0.000000,0.000000,1.000000,0.000000,1.000000,0.000000,0.000000
85,107,1.275000,5.375000,22,0.000000,0.000000,1.000000,0.000000,1.000000,0.000000,0.000000
86,107,1.325000,5.375000,16,0.000000,0.000000,1.000000,0.000000,1.000000,0.000000,0.000000
87,107,1.375000,5.375000,8,0.000000,0.000000,1.000000,0.000000,1.000000,0.000000,0.000000
88,107,1.425000,5.375000,13,0.000000,0.000000,1.000000,0.000000,1.000000,0.000000,0.000000
89,107,1.475000,5.375000,12,0.000000,0.000000,1.000000,0.000000,1.000000,0.000000,0.000000
90,107,1.525000,5.375000,15,0.000000,0.000000,1.000000,0.000000,1.000000,0.000000,0.000000
91,107,1.575000,5.375000,13,0.000000,0.000000,1.000000,0.000000,1.000000,0.000000,0.000000
92,107,1.625000,5.375000,20,0.000000,0.000000,1.000000,0.000000,1.000000,0.000000,0.000000
93,107,1.675000,5.375000,6,0.000000,0.000000,1.000000,0.000000,1.000000,0.000000,0.000000
94,107,1.725000,5.375000,16,0.000000,0.000000,1.000000,0.000000,1.000000,0.000000,0.000000
27,108,-1.625000,5.425000,13,0.000000,0.000000,1.000000,0.000000,1.000000,0.000000,0.000000
28,108,-1.575000,5.425000,104,0.000000,0.000000,1.000000,0.000000,1.000000,0.000000,0.000000
37,108,-1.125000,5.425000,14,0.000000,0.000000,1.000000,0.000000,1.000000,0.000000,0.000000
38,108,-1.075000,5.425000,16,0.000000,0.000000,1.000000,0.000000,1.000000,0.000000,0.000000
39,108,-1.025000,5.425000,13,0.000000,0.000000,1.000000,0.000000,1.000000,0.000000,0.000000
40,108,-0.975000,5.425000,5,0.000000,0.000000,1.000000,0.000000,1.000000,0.000000,0.000000
41,108,-0.925000,5.425000,14,0.000000,0.000000,1.000000,0.000000,1.000000,0.000000,0.000000
42,108,-0.875000,5.425000,11,0.000000,0.000000,1.000000,0.000000,1.000000,0.000000,0.000000
43,108,-0.825000,5.425000,8,0.000000,0.000000,1.000000,0.000000,1.000000,0.000000,0.000000
44,108,-0.775000,5.425000,12,0.000000,0.000000,1.000000,0.000000,1.000000,0.000000,0.000000
45,108,-0.725000,5.425000,12,0.000000,0.000000,1.000000,0.000000,1.000000,0.000000,0.000000
46,108,-0.675000,5.425000,23,0.000000,0.000000,1.000000,0.000000,1.000000,0.000000,0.000000
47,108,-0.625000,5.425000,17,0.000000,0.000000,1.000000,0.000000,1.000000,0.000000,0.000000
48,108,-0.575000,5.425000,3,0.000000,0.000000,1.000000,0.000000,1.000000,0.000000,0.000000
49,108,-0.525000,5.425000,53,0.000000,0.000000,1.000000,0.000000,1.000000,0.000000,0.000000
50,108,-0.475000,5.425000,17,0.000000,0.000000,1.000000,0.000000,1.000000,0.000000,0.000000
51,108,-0.425000,5.425000,11,0.000000,0.000000,1.000000,0.000000,1.000000,0.000000,0.000000
52,108,-0.375000,5.425000,7,0.000000,0.000000,1.000000,0.000000,1.000000,0.000000,0.000000
53,108,-0.325000,5.425000,4,0.000000,0.000000,1.000000,0.000000,1.000000,0.000000,0.000000
54,108,-0.275000,5.425000,3,0.000000,0.000000,1.000000,0.000000,1.000000,0.000000,0.000000
55,108,-0.225000,5.425000,9,0.000000,0.000000,1.000000,0.000000,1.000000,0.000000,0.000000
56,108,-0.175000,5.425000,4,0.000000,0.000000,1.000000,0.000000,1.000000,0.000000,0.000000
57,108,-0.125000,5.425000,7,0.000000,0.000000,1.000000,0.000000,1.000000,0.000000,0.000000
58,108,-0.075000,5.425000,8,0.000000,0.000000,1.000000,0.000000,1.000000,0.000000,0.000000
59,108,-0.025000,5.425000,3,0.000000,0.000000,1.000000,0.000000,1.000000,0.000000,0.000000
60,108,0.025000,5.425000,18,0.000000,0.000000,1.000000,0.000000,1.000000,0.000000,0.000000
62,108,0.125000,5.425000,4,0.000000,0.000000,1.000000,0.000000,1.000000,0.000000,0.000000
63,108,0.175000,5.425000,3,0.000000,0.000000,1.000000,0.000000,1.000000,0.000000,0.000000
64,108,0.225000,5.425000,5,0.000000,0.000000,1.000000,0.000000,1.000000,0.000000,0.000000
65,108,0.275000,5.425000,5,0.000000,0.000000,1.000000,0.000000,1.000000,0.000000,0.000000
66,108,0.325000,5.425000,5,0.000000,0.000000,1.000000,0.000000,1.000000,0.000000,0.000000
67,108,0.375000,5.425000,65,0.000000,0.000000,1.000000,0.000000,1.000000,0.000000,0.000000
68,108,0.425000,5.425000,1,0.000000,0.000000,1.000000,0.000000,1.000000,0.000000,0.000000
69,108,0.475000,5.425000,3,0.000000,0.000000,1.000000,0.000000,1.000000,0.000000,0.000000
70,108,0.525000,5.425000,12,0.000000,0.000000,1.000000,0.000000,1.000000,0.000000,0.000000
71,108,0.575000,5.425000,11,0.000000,0.000000,1.000000,0.000000,1.000000,0.000000,0.000000
74,108,0.725000,5.425000,2,0.000000,0.000000,1.000000,0.000000,1.000000,0.000000,0.000000
75,108,0.775000,5.425000,6,0.000000,0.000000,1.000000,0.000000,1.000000,0.000000,0.000000
76,108,0.825000,5.425000,5,0.000000,0.000000,1.000000,0.000000,1.000000,0.000000,0.000000
77,108,0.875000,5.425000,6,0.000000,0.000000,1.000000,0.000000,1.000000,0.000000,0.000000
78,108,0.925000,5.425000,10,0.000000,0.000000,1.000000,0.000000,1.000000,0.000000,0.000000
79,108,0.975000,5.425000,12,0.000000,0.000000,1.000000,0.000000,1.000000,0.000000,0.000000
80,108,1.025000,5.425000,12,0.000000,0.000000,1.000000,0.000000,1.000000,0.000000,0.000000
81,108,1.075000,5.425000,16,0.000000,0.000000,1.000000,0.000000,1.000000,0.000000,0.000000
82,108,1.125000,5.425000,13,0.000000,0.000000,1.000000,0.000000,1.000000,0.000000,0.000000
83,108,1.175000,5.425000,38,0.000000,0.000000,1.000000,0.000000,1.000000,0.000000,0.000000
84,108,1.225000,5.425000,25,0.000000,0.000000,1.000000,0.000000,1.000000,0.000000,0.000000
85,108,1.275000,5.425000,20,0.000000,0.000000,1.000000,0.000000,1.000000,0.000000,0.000000
86,108,1.325000,5.425000,25,0.000000,0.000000,1.000000,0.000000,1.000000,0.000000,0.000000
87,108,1.375000,5.425000,18,0.000000,0.000000,1.000000,0.000000,1.000000,0.000000,0.000000
88,108,1.425000,5.425000,29,0.000000,0.000000,1.000000,0.000000,1.000000,0.000000,0.000000
89,108,1.475000,5.425000,9,0.000000,0.000000,1.000000,0.000000,1.000000,0.000000,0.000000
90,108,1.525000,5.425000,9,0.000000,0.000000,1.000000,0.000000,1.000000,0.000000,0.000000
91,108,1.575000,5.425000,13,0.000000,0.000000,1.000000,0.000000,1.000000,0.000000,0.000000
92,108,1.625000,5.425000,13,0.000000,0.000000,1.000000,0.000000,1.000000,0.000000,0.000000
93,108,1.675000,5.425000,19,0.000000,0.000000,1.000000,0.000000,1.000000,0.000000,0.000000
94,108,1.725000,5.425000,30,0.000000,0.000000,1.000000,0.000000,1.000000,0.000000,0.000000
95,108,1.775000,5.425000,22,0.000000,0.000000,1.000000,0.000000,1.000000,0.000000,0.000000
36,109,-1.175000,5.475000,21,0.000000,0.000000,1.000000,0.000000,1.000000,0.000000,0.000000
37,109,-1.125000,5.475000,23,0.000000,0.000000,1.000000,0.000000,1.000000,0.000000,0.000000
38,109,-1.075000,5.475000,19,0.000000,0.000000,1.000000,0.000000,1.000000,0.000000,0.000000
39,109,-1.025000,5.475000,15,0.000000,0.000000,1.000000,0.000000,1.000000,0.000000,0.000000
40,109,-0.975000,5.475000,7,0.000000,0.000000,1.000000,0.000000,1.000000,0.000000,0.000000
41,109,-0.925000,5.475000,14,0.000000,0.000000,1.000000,0.000000,1.000000,0.000000,0.000000
42,109,-0.875000,5.475000,6,0.000000,0.000000,1.000000,0.000000,1.000000,0.000000,0.000000
43,109,-0.825000,5.475000,9,0.000000,0.000000,1.000000,0.000000,1.000000,0.000000,0.000000
44,109,-0.775000,5.475000,21,0.000000,0.000000,1.000000,0.000000,1.000000,0.000000,0.000000
45,109,-0.725000,5.475000,8,0.000000,0.000000,1.000000,0.000000,1.000000,0.000000,0.000000
46,109,-0.675000,5.475000,17,0.000000,0.000000,1.000000,0.000000,1.000000,0.000000,0.000000
47,109,-0.625000,5.475000,15,0.000000,0.000000,1.000000,0.000000,1.000000,0.000000,0.000000
48,109,-0.575000,5.475000,42,0.000000,0.000000,1.000000,0.000000,1.000000,0.000000,0.000000
49,109,-0.525000,5.475000,34,0.000000,0.000000,1.000000,0.000000,1.000000,0.000000,0.000000
50,109,-0.475000,5.475000,17,0.000000,0.000000,1.000000,0.000000,1.000000,0.000000,0.000000
51,109,-0.425000,5.475000,5,0.000000,0.000000,1.000000,0.000000,1.000000,0.000000,0.000000
52,109,-0.375000,5.475000,12,0.000000,0.000000,1.000000,0.000000,1.000000,0.000000,0.000000
53,109,-0.325000,5.475000,16,0.000000,0.000000,1.000000,0.000000,1.000000,0.000000,0.000000
54,109,-0.275000,5.475000,15,0.000000,0.000000,1.000000,0.000000,1.000000,0.000000,0.000000
55,109,-0.225000,5.475000,12,0.000000,0.000000,1.000000,0.000000,1.000000,0.000000,0.000000
56,109,-0.175000,5.475000,9,0.000000,0.000000,1.000000,0.000000,1.000000,0.000000,0.000000
57,109,-0.125000,5.475000,12,0.000000,0.000000,1.000000,0.000000,1.000000,0.000000,0.000000
59,109,-0.025000,5.475000,15,0.000000,0.000000,1.000000,0.000000,1.000000,0.000000,0.000000
60,109,0.025000,5.475000,6,0.000000,0.000000,1.000000,0.000000,1.000000,0.000000,0.000000
62,109,0.125000,5.475000,1,0.000000,0.000000,1.000000,0.000000,1.000000,0.000000,0.000000
63,109,0.175000,5.475000,5,0.000000,0.000000,1.000000,0.000000,1.000000,0.000000,0.000000
64,109,0.225000,5.475000,7,0.000000,0.000000,1.000000,0.000000,1.000000,0.000000,0.000000
65,109,0.275000,5.475000,2,0.000000,0.000000,1.000000,0.000000,1.000000,0.000000,0.000000
66,109,0.325000,5.475000,8,0.000000,0.000000,1.000000,0.000000,1.000000,0.000000,0.000000
67,109,0.375000,5.475000,52,0.000000,0.000000,1.000000,0.000000,1.000000,0.000000,0.000000
68,109,0.425000,5.475000,3,0.000000,0.000000,1.000000,0.000000,1.000000,0.000000,0.000000
69,109,0.475000,5.475000,4,0.000000,0.000000,1.000000,0.000000,1.000000,0.000000,0.000000
70,109,0.525000,5.475000,6,0.000000,0.000000,1.000000,0.000000,1.000000,0.000000,0.000000
71,109,0.575000,5.475000,3,0.000000,0.000000,1.000000,0.000000,1.000000,0.000000,0.000000
72,109,0.625000,5.475000,10,0.000000,0.000000,1.000000,0.000000,1.000000,0.000000,0.000000
73,109,0.675000,5.475000,3,0.000000,0.000000,1.000000,0.000000,1.000000,0.000000,0.000000
74,109,0.725000,5.475000,6,0.000000,0.000000,1.000000,0.000000,1.000000,0.000000,0.000000
75,109,0.775000,5.475000,4,0.000000,0.000000,1.000000,0.000000,1.000000,0.000000,0.000000
76,109,0.825000,5.475000,8,0.000000,0.000000,1.000000,0.000000,1.000000,0.000000,0.000000
77,109,0.875000,5.475000,5,0.000000,0.000000,1.000000,0.000000,1.000000,0.000000,0.000000
78,109,0.925000,5.475000,12,0.000000,0.000000,1.000000,0.000000,1.000000,0.000000,0.000000
79,109,0.975000,5.475000,16,0.000000,0.000000,1.000000,0.000000,1.000000,0.000000,0.000000
80,109,1.025000,5.475000,9,0.000000,0.000000,1.000000,0.000000,1.000000,0.000000,0.000000
81,109,1.075000,5.475000,4,0.000000,0.000000,1.000000,0.000000,1.000000,0.000000,0.000000
82,109,1.125000,5.475000,3,0.000000,0.000000,1.000000,0.000000,1.000000,0.000000,0.000000
84,109,1.225000,5.475000,8,0.000000,0.000000,1.000000,0.000000,1.000000,0.000000,0.000000
85,109,1.275000,5.475000,3,0.000000,0.000000,1.000000,0.000000,1.000000,0.000000,0.000000
86,109,1.325000,5.475000,27,0.000000,0.000000,1.000000,0.000000,1.000000,0.000000,0.000000
87,109,1.375000,5.475000,17,0.000000,0.000000,1.000000,0.000000,1.000000,0.000000,0.000000
88,109,1.425000,5.475000,20,0.000000,0.000000,1.000000,0.000000,1.000000,0.000000,0.000000
89,109,1.475000,5.475000,14,0.000000,0.000000,1.000000,0.000000,1.000000,0.000000,0.000000
90,109,1.525000,5.475000,14,0.000000,0.000000,1.000000,0.000000,1.000000,0.000000,0.000000
91,109,1.575000,5.475000,18,0.000000,0.000000,1.000000,0.000000,1.000000,0.000000,0.000000
92,109,1.625000,5.475000,16,0.000000,0.000000,1.000000,0.000000,1.000000,0.000000,0.000000
93,109,1.675000,5.475000,20,0.000000,0.000000,1.000000,0.000000,1.000000,0.000000,0.000000
94,109,1.725000,5.475000,25,0.000000,0.000000,1.000000,0.000000,1.000000,0.000000,0.000000
95,109,1.775000,5.475000,24,0.000000,0.000000,1.000000,0.000000,1.000000,0.000000,0.000000
96,109,1.825000,5.475000,4,0.000000,0.000000,1.000000,0.000000,1.000000,0.000000,0.000000
35,110,-1.225000,5.525000,18,0.000000,0.000000,1.000000,0.000000,1.000000,0.000000,0.000000
36,110,-1.175000,5.525000,17,0.000000,0.000000,1.000000,0.000000,1.000000,0.000000,0.000000
37,110,-1.125000,5.525000,11,0.000000,0.000000,1.000000,0.000000,1.000000,0.000000,0.000000
38,110,-1.075000,5.525000,13,0.000000,0.000000,1.000000,0.000000,1.000000,0.000000,0.000000
39,110,-1.025000,5.525000,18,0.000000,0.000000,1.000000,0.000000,1.000000,0.000000,0.000000
40,110,-0.975000,5.525000,8,0.000000,0.000000,1.000000,0.000000,1.000000,0.000000,0.000000
41,110,-0.925000,5.525000,7,0.000000,0.000000,1.000000,0.000000,1.000000,0.000000,0.000000
42,110,-0.875000,5.525000,16,0.000000,0.000000,1.000000,0.000000,1.000000,0.000000,0.000000
43,110,-0.825000,5.525000,17,0.000000,0.000000,1.000000,0.000000,1.000000,0.000000,0.000000
44,110,-0.775000,5.525000,18,0.000000,0.000000,1.000000,0.000000,1.000000,0.000000,0.000000
45,110,-0.725000,5.525000,17,0.000000,0.000000,1.000000,0.000000,1.000000,0.000000,0.000000
46,110,-0.675000,5.525000,18,0.000000,0.000000,1.000000,0.000000,1.000000,0.000000,0.000000
47,110,-0.625000,5.525000,19,0.000000,0.000000,1.000000,0.000000,1.000000,0.000000,0.000000
48,110,-0.575000,5.525000,26,0.000000,0.000000,1.000000,0.000000,1.000000,0.000000,0.000000
50,110,-0.475000,5.525000,1,0.000000,0.000000,1.000000,0.000000,1.000000,0.000000,0.000000
51,110,-0.425000,5.525000,11,0.000000,0.000000,1.000000,0.000000,1.000000,0.000000,0.000000
52,110,-0.375000,5.525000,13,0.000000,0.000000,1.000000,0.000000,1.000000,0.000000,0.000000
53,110,-0.325000,5.525000,6,0.000000,0.000000,1.000000,0.000000,1.000000,0.000000,0.000000
54,110,-0.275000,5.525000,11,0.000000,0.000000,1.000000,0.000000,1.000000,0.000000,0.000000
55,110,-0.225000,5.525000,4,0.000000,0.000000,1.000000,0.000000,1.000000,0.000000,0.000000
58,110,-0.075000,5.525000,11,0.000000,0.000000,1.000000,0.000000,1.000000,0.000000,0.000000
59,110,-0.025000,5.525000,8,0.000000,0.000000,1.000000,0.000000,1.000000,0.000000,0.000000
60,110,0.025000,5.525000,3,0.000000,0.000000,1.000000,0.000000,1.000000,0.000000,0.000000
61,110,0.075000,5.525000,7,0.000000,0.000000,1.000000,0.000000,1.000000,0.000000,0.000000
62,110,0.125000,5.525000,2,0.000000,0.000000,1.000000,0.000000,1.000000,0.000000,0.000000
63,110,0.175000,5.525000,8,0.000000,0.000000,1.000000,0.000000,1.000000,0.000000,0.000000
64,110,0.225000,5.525000,6,0.000000,0.000000,1.000000,0.000000,1.000000,0.000000,0.000000
65,110,0.275000,5.525000,8,0.000000,0.000000,1.000000,0.000000,1.000000,0.000000,0.000000
66,110,0.325000,5.525000,4,0.000000,0.000000,1.000000,0.000000,1.000000,0.000000,0.000000
67,110,0.375000,5.525000,44,0.000000,0.000000,1.000000,0.000000,1.000000,0.000000,0.000000
69,110,0.475000,5.525000,4,0.000000,0.000000,1.000000,0.000000,1.000000,0.000000,0.000000
70,110,0.525000,5.525000,6,0.000000,0.000000,1.000000,0.000000,1.000000,0.000000,0.000000
71,110,0.575000,5.525000,12,0.000000,0.000000,1.000000,0.000000,1.000000,0.000000,0.000000
72,110,0.625000,5.525000,2,0.000000,0.000000,1.000000,0.000000,1.000000,0.000000,0.000000
73,110,0.675000,5.525000,4,0.000000,0.000000,1.000000,0.000000,1.000000,0.000000,0.000000
74,110,0.725000,5.525000,9,0.000000,0.000000,1.000000,0.000000,1.000000,0.000000,0.000000
75,110,0.775000,5.525000,4,0.000000,0.000000,1.000000,0.000000,1.000000,0.000000,0.000000
76,110,0.825000,5.525000,11,0.000000,0.000000,1.000000,0.000000,1.000000,0.000000,0.000000
77,110,0.875000,5.525000,10,0.000000,0.000000,1.000000,0.000000,1.000000,0.000000,0.000000
78,110,0.925000,5.525000,13,0.000000,0.000000,1.000000,0.000000,1.000000,0.000000,0.000000
79,110,0.975000,5.525000,11,0.000000,0.000000,1.000000,0.000000,1.000000,0.000000,0.000000
80,110,1.025000,5.525000,7,0.000000,0.000000,1.000000,0.000000,1.000000,0.000000,0.000000
81,110,1.075000,5.525000,6,0.000000,0.000000,1.000000,0.000000,1.000000,0.000000,0.000000
82,110,1.125000,5.525000,8,0.000000,0.000000,1.000000,0.000000,1.000000,0.000000,0.000000
83,110,1.175000,5.525000,14,0.000000,0.000000,1.000000,0.000000,1.000000,0.000000,0.000000
84,110,1.225000,5.525000,15,0.000000,0.000000,1.000000,0.000000,1.000000,0.000000,0.000000
85,110,1.275000,5.525000,11,0.000000,0.000000,1.000000,0.000000,1.000000,0.000000,0.000000
86,110,1.325000,5.525000,16,0.000000,0.000000,1.000000,0.000000,1.000000,0.000000,0.000000
87,110,1.375000,5.525000,14,0.000000,0.000000,1.000000,0.000000,1.000000,0.000000,0.000000
88,110,1.425000,5.525000,25,0.000000,0.000000,1.000000,0.000000,1.000000,0.000000,0.000000
89,110,1.475000,5.525000,18,0.000000,0.000000,1.000000,0.000000,1.000000,0.000000,0.000000
90,110,1.525000,5.525000,22,0.000000,0.000000,1.000000,0.000000,1.000000,0.000000,0.000000
91,110,1.575000,5.525000,12,0.000000,0.000000,1.000000,0.000000,1.000000,0.000000,0.000000
92,110,1.625000,5.525000,11,0.000000,0.000000,1.000000,0.000000,1.000000,0.000000,0.000000
93,110,1.675000,5.525000,21,0.000000,0.000000,1.000000,0.000000,1.000000,0.000000,0.000000
94,110,1.725000,5.525000,15,0.000000,0.000000,1.000000,0.000000,1.000000,0.000000,0.000000
95,110,1.775000,5.525000,34,0.000000,0.000000,1.000000,0.000000,1.000000,0.000000,0.000000
96,110,1.825000,5.525000,33,0.000000,0.000000,1.000000,0.000000,1.000000,0.000000,0.000000
36,111,-1.175000,5.575000,23,0.000000,0.000000,1.000000,0.000000,1.000000,0.000000,0.000000
37,111,-1.125000,5.575000,20,0.000000,0.000000,1.000000,0.000000,1.000000,0.000000,0.000000
38,111,-1.075000,5.575000,15,0.000000,0.000000,1.000000,0.000000,1.000000,0.000000,0.000000
39,111,-1.025000,5.575000,6,0.000000,0.000000,1.000000,0.000000,1.000000,0.000000,0.000000
40,111,-0.975000,5.575000,22,0.000000,0.000000,1.000000,0.000000,1.000000,0.000000,0.000000
41,111,-0.925000,5.575000,7,0.000000,0.000000,1.000000,0.000000,1.000000,0.000000,0.000000
42,111,-0.875000,5.575000,19,0.000000,0.000000,1.000000,0.000000,1.000000,0.000000,0.000000
43,111,-0.825000,5.575000,12,0.000000,0.000000,1.000000,0.000000,1.000000,0.000000,0.000000
44,111,-0.775000,5.575000,23,0.000000,0.000000,1.000000,0.000000,1.000000,0.000000,0.000000
45,111,-0.725000,5.575000,16,0.000000,0.000000,1.000000,0.000000,1.000000,0.000000,0.000000
46,111,-0.675000,5.575000,26,0.000000,0.000000,1.000000,0.000000,1.000000,0.000000,0.000000
47,111,-0.625000,5.575000,1,0.000000,0.000000,1.000000,0.000000,1.000000,0.000000,0.000000
48,111,-0.575000,5.575000,1,0.000000,0.000000,1.000000,0.000000,1.000000,0.000000,0.000000
49,111,-0.525000,5.575000,13,0.000000,0.000000,1.000000,0.000000,1.000000,0.000000,0.000000
50,111,-0.475000,5.575000,12,0.000000,0.000000,1.000000,0.000000,1.000000,0.000000,0.000000
51,111,-0.425000,5.575000,13,0.000000,0.000000,1.000000,0.000000,1.000000,0.000000,0.000000
52,111,-0.375000,5.575000,5,0.000000,0.000000,1.000000,0.000000,1.000000,0.000000,0.000000
53,111,-0.325000,5.575000,4,0.000000,0.000000,1.000000,0.000000,1.000000,0.000000,0.000000
54,111,-0.275000,5.575000,5,0.000000,0.000000,1.000000,0.000000,1.000000,0.000000,0.000000
55,111,-0.225000,5.575000,6,0.000000,0.000000,1.000000,0.000000,1.000000,0.000000,0.000000
56,111,-0.175000,5.575000,7,0.000000,0.000000,1.000000,0.000000,1.000000,0.000000,0.000000
57,111,-0.125000,5.575000,1,0.000000,0.000000,1.000000,0.000000,1.000000,0.000000,0.000000
58,111,-0.075000,5.575000,10,0.000000,0.000000,1.000000,0.000000,1.000000,0.000000,0.000000
59,111,-0.025000,5.575000,9,0.000000,0.000000,1.000000,0.000000,1.000000,0.000000,0.000000
60,111,0.025000,5.575000,5,0.000000,0.000000,1.000000,0.000000,1.000000,0.000000,0.000000
61,111,0.075000,5.575000,3,0.000000,0.000000,1.000000,0.000000,1.000000,0.000000,0.000000
62,111,0.125000,5.575000,7,0.000000,0.000000,1.000000,0.000000,1.000000,0.000000,0.000000
63,111,0.175000,5.575000,20,0.000000,0.000000,1.000000,0.000000,1.000000,0.000000,0.000000
64,111,0.225000,5.575000,6,0.000000,0.000000,1.000000,0.000000,1.000000,0.000000,0.000000
65,111,0.275000,5.575000,8,0.000000,0.000000,1.000000,0.000000,1.000000,0.000000,0.000000
66,111,0.325000,5.575000,6,0.000000,0.000000,1.000000,0.000000,1.000000,0.000000,0.000000
67,111,0.375000,5.575000,13,0.000000,0.000000,1.000000,0.000000,1.000000,0.000000,0.000000
68,111,0.425000,5.575000,67,0.000000,0.000000,1.000000,0.000000,1.000000,0.000000,0.000000
69,111,0.475000,5.575000,5,0.000000,0.000000,1.000000,0.000000,1.000000,0.000000,0.000000
70,111,0.525000,5.575000,5,0.000000,0.000000,1.000000,0.000000,1.000000,0.000000,0.000000
71,111,0.575000,5.575000,14,0.000000,0.000000,1.000000,0.000000,1.000000,0.000000,0.000000
72,111,0.625000,5.575000,10,0.000000,0.000000,1.000000,0.000000,1.000000,0.000000,0.000000
74,111,0.725000,5.575000,4,0.000000,0.000000,1.000000,0.000000,1.000000,0.000000,0.000000
75,111,0.775000,5.575000,8,0.000000,0.000000,1.000000,0.000000,1.000000,0.000000,0.000000
76,111,0.825000,5.575000,6,0.000000,0.000000,1.000000,0.000000,1.000000,0.000000,0.000000
77,111,0.875000,5.575000,1,0.000000,0.000000,1.000000,0.000000,1.000000,0.000000,0.000000
78,111,0.925000,5.575000,5,0.000000,0.000000,1.000000,0.000000,1.000000,0.000000,0.000000
79,111,0.975000,5.575000,2,0.000000,0.000000,1.000000,0.000000,1.000000,0.000000,0.000000
80,111,1.025000,5.575000,4,0.000000,0.000000,1.000000,0.000000,1.000000,0.000000,0.000000
81,111,1.075000,5.575000,14,0.000000,0.000000,1.000000,0.000000,1.000000,0.000000,0.000000
82,111,1.125000,5.575000,8,0.000000,0.000000,1.000000,0.000000,1.000000,0.000000,0.000000
83,111,1.175000,5.575000,17,0.000000,0.000000,1.000000,0.000000,1.000000,0.000000,0.000000
84,111,1.225000,5.575000,20,0.000000,0.000000,1.000000,0.000000,1.000000,0.000000,0.000000
85,111,1.275000,5.575000,29,0.000000,0.000000,1.000000,0.000000,1.000000,0.000000,0.000000
86,111,1.325000,5.575000,42,0.000000,0.000000,1.000000,0.000000,1.000000,0.000000,0.000000
88,111,1.425000,5.575000,12,0.000000,0.000000,1.000000,0.000000,1.000000,0.000000,0.000000
89,111,1.475000,5.575000,16,0.000000,0.000000,1.000000,0.000000,1.000000,0.000000,0.000000
90,111,1.525000,5.575000,29,0.000000,0.000000,1.000000,0.000000,1.000000,0.000000,0.000000
91,111,1.575000,5.575000,29,0.000000,0.000000,1.000000,0.000000,1.000000,0.000000,0.000000
92,111,1.625000,5.575000,19,0.000000,0.000000,1.000000,0.000000,1.000000,0.000000,0.000000
93,111,1.675000,5.575000,21,0.000000,0.000000,1.000000,0.000000,1.000000,0.000000,0.000000
94,111,1.725000,5.575000,9,0.000000,0.000000,1.000000,0.000000,1.000000,0.000000,0.000000
95,111,1.775000,5.575000,26,0.000000,0.000000,1.000000,0.000000,1.000000,0.000000,0.000000
96,111,1.825000,5.575000,33,0.000000,0.000000,1.000000,0.000000,1.000000,0.000000,0.000000
35,112,-1.225000,5.625000,27,0.000000,0.000000,1.000000,0.000000,1.000000,0.000000,0.000000
36,112,-1.175000,5.625000,25,0.000000,0.000000,1.000000,0.000000,1.000000,0.000000,0.000000
37,112,-1.125000,5.625000,20,0.000000,0.000000,1.000000,0.000000,1.000000,0.000000,0.000000
38,112,-1.075000,5.625000,15,0.000000,0.000000,1.000000,0.000000,1.000000,0.000000,0.000000
39,112,-1.025000,5.625000,10,0.000000,0.000000,1.000000,0.000000,1.000000,0.000000,0.000000
40,112,-0.975000,5.625000,19,0.000000,0.000000,1.000000,0.000000,1.000000,0.000000,0.000000
41,112,-0.925000,5.625000,12,0.000000,0.000000,1.000000,0.000000,1.000000,0.000000,0.000000
42,112,-0.875000,5.625000,19,0.000000,0.000000,1.000000,0.000000,1.000000,0.000000,0.000000
43,112,-0.825000,5.625000,16,0.000000,0.000000,1.000000,0.000000,1.000000,0.000000,0.000000
44,112,-0.775000,5.625000,17,0.000000,0.000000,1.000000,0.000000,1.000000,0.000000,0.000000
45,112,-0.725000,5.625000,13,0.000000,0.000000,1.000000,0.000000,1.000000,0.000000,0.000000
47,112,-0.625000,5.625000,2,0.000000,0.000000,1.000000,0.000000,1.000000,0.000000,0.000000
48,112,-0.575000,5.625000,13,0.000000,0.000000,1.000000,0.000000,1.000000,0.000000,0.000000
49,112,-0.525000,5.625000,18,0.000000,0.000000,1.000000,0.000000,1.000000,0.000000,0.000000
50,112,-0.475000,5.625000,8,0.000000,0.000000,1.000000,0.000000,1.000000,0.000000,0.000000
51,112,-0.425000,5.625000,11,0.000000,0.000000,1.000000,0.000000,1.000000,0.000000,0.000000
52,112,-0.375000,5.625000,7,0.000000,0.000000,1.000000,0.000000,1.000000,0.000000,0.000000
53,112,-0.325000,5.625000,5,0.000000,0.000000,1.000000,0.000000,1.000000,0.000000,0.000000
54,112,-0.275000,5.625000,2,0.000000,0.000000,1.000000,0.000000,1.000000,0.000000,0.000000
55,112,-0.225000,5.625000,7,0.000000,0.000000,1.000000,0.000000,1.000000,0.000000,0.000000
56,112,-0.175000,5.625000,8,0.000000,0.000000,1.000000,0.000000,1.000000,0.000000,0.000000
57,112,-0.125000,5.625000,14,0.000000,0.000000,1.000000,0.000000,1.000000,0.000000,0.000000
58,112,-0.075000,5.625000,4,0.000000,0.000000,1.000000,0.000000,1.000000,0.000000,0.000000
59,112,-0.025000,5.625000,6,0.000000,0.000000,1.000000,0.000000,1.000000,0.000000,0.000000
60,112,0.025000,5.625000,5,0.000000,0.000000,1.000000,0.000000,1.000000,0.000000,0.000000
61,112,0.075000,5.625000,6,0.000000,0.000000,1.000000,0.000000,1.000000,0.000000,0.000000
62,112,0.125000,5.625000,11,0.000000,0.000000,1.000000,0.000000,1.000000,0.000000,0.000000
63,112,0.175000,5.625000,11,0.000000,0.000000,1.000000,0.000000,1.000000,0.000000,0.000000
64,112,0.225000,5.625000,9,0.000000,0.000000,1.000000,0.000000,1.000000,0.000000,0.000000
65,112,0.275000,5.625000,4,0.000000,0.000000,1.000000,0.000000,1.000000,0.000000,0.000000
66,112,0.325000,5.625000,7,0.000000,0.000000,1.000000,0.000000,1.000000,0.000000,0.000000
68,112,0.425000,5.625000,47,0.000000,0.000000,1.000000,0.000000,1.000000,0.000000,0.000000
69,112,0.475000,5.625000,10,0.000000,0.000000,1.000000,0.000000,1.000000,0.000000,0.000000
70,112,0.525000,5.625000,8,0.000000,0.000000,1.000000,0.000000,1.000000,0.000000,0.000000
71,112,0.575000,5.625000,4,0.000000,0.000000,1.000000,0.000000,1.000000,0.000000,0.000000
72,112,0.625000,5.625000,11,0.000000,0.000000,1.000000,0.000000,1.000000,0.000000,0.000000
73,112,0.675000,5.625000,3,0.000000,0.000000,1.000000,0.000000,1.000000,0.000000,0.000000
74,112,0.725000,5.625000,4,0.000000,0.000000,1.000000,0.000000,1.000000,0.000000,0.000000
75,112,0.775000,5.625000,4,0.000000,0.000000,1.000000,0.000000,1.000000,0.000000,0.000000
76,112,0.825000,5.625000,4,0.000000,0.000000,1.000000,0.000000,1.000000,0.000000,0.000000
77,112,0.875000,5.625000,8,0.000000,0.000000,1.000000,0.000000,1.000000,0.000000,0.000000
78,112,0.925000,5.625000,6,0.000000,0.000000,1.000000,0.000000,1.000000,0.000000,0.000000
79,112,0.975000,5.625000,6,0.000000,0.000000,1.000000,0.000000,1.000000,0.000000,0.000000
80,112,1.025000,5.625000,3,0.000000,0.000000,1.000000,0.000000,1.000000,0.000000,0.000000
81,112,1.075000,5.625000,12,0.000000,0.000000,1.000000,0.000000,1.000000,0.000000,0.000000
82,112,1.125000,5.625000,14,0.000000,0.000000,1.000000,0.000000,1.000000,0.000000,0.000000
83,112,1.175000,5.625000,14,0.000000,0.000000,1.000000,0.000000,1.000000,0.000000,0.000000
84,112,1.225000,5.625000,6,0.000000,0.000000,1.000000,0.000000,1.000000,0.000000,0.000000
85,112,1.275000,5.625000,4,0.000000,0.000000,1.000000,0.000000,1.000000,0.000000,0.000000
86,112,1.325000,5.625000,4,0.000000,0.000000,1.000000,0.000000,1.000000,0.000000,0.000000
90,112,1.525000,5.625000,36,0.000000,0.000000,1.000000,0.000000,1.000000,0.000000,0.000000
91,112,1.575000,5.625000,30,0.000000,0.000000,1.000000,0.000000,1.000000,0.000000,0.000000
92,112,1.625000,5.625000,20,0.000000,0.000000,1.000000,0.000000,1.000000,0.000000,0.000000
93,112,1.675000,5.625000,26,0.000000,0.000000,1.000000,0.000000,1.000000,0.000000,0.000000
94,112,1.725000,5.625000,28,0.000000,0.000000,1.000000,0.000000,1.000000,0.000000,0.000000
95,112,1.775000,5.625000,22,0.000000,0.000000,1.000000,0.000000,1.000000,0.000000,0.000000
96,112,1.825000,5.625000,34,0.000000,0.000000,1.000000,0.000000,1.000000,0.000000,0.000000
97,112,1.875000,5.625000,36,0.000000,0.000000,1.000000,0.000000,1.000000,0.000000,0.000000
35,113,-1.225000,5.675000,6,0.000000,0.000000,1.000000,0.000000,1.000000,0.000000,0.000000
36,113,-1.175000,5.675000,20,0.000000,0.000000,1.000000,0.000000,1.000000,0.000000,0.000000
37,113,-1.125000,5.675000,22,0.000000,0.000000,1.000000,0.000000,1.000000,0.000000,0.000000
38,113,-1.075000,5.675000,12,0.000000,0.000000,1.000000,0.000000,1.000000,0.000000,0.000000
39,113,-1.025000,5.675000,19,0.000000,0.000000,1.000000,0.000000,1.000000,0.000000,0.000000
40,113,-0.975000,5.675000,13,0.000000,0.000000,1.000000,0.000000,1.000000,0.000000,0.000000
41,113,-0.925000,5.675000,17,0.000000,0.000000,1.000000,0.000000,1.000000,0.000000,0.000000
42,113,-0.875000,5.675000,15,0.000000,0.000000,1.000000,0.000000,1.000000,0.000000,0.000000
43,113,-0.825000,5.675000,32,0.000000,0.000000,1.000000,0.000000,1.000000,0.000000,0.000000
44,113,-0.775000,5.675000,10,0.000000,0.000000,1.000000,0.000000,1.000000,0.000000,0.000000
46,113,-0.675000,5.675000,1,0.000000,0.000000,1.000000,0.000000,1.000000,0.000000,0.000000
47,113,-0.625000,5.675000,17,0.000000,0.000000,1.000000,0.000000,1.000000,0.000000,0.000000
48,113,-0.575000,5.675000,16,0.000000,0.000000,1.000000,0.000000,1.000000,0.000000,0.000000
49,113,-0.525000,5.675000,23,0.000000,0.000000,1.000000,0.000000,1.000000,0.000000,0.000000
50,113,-0.475000,5.675000,12,0.000000,0.000000,1.000000,0.000000,1.000000,0.000000,0.000000
51,113,-0.425000,5.675000,19,0.000000,0.000000,1.000000,0.000000,1.000000,0.000000,0.000000
52,113,-0.375000,5.675000,11,0.000000,0.000000,1.000000,0.000000,1.000000,0.000000,0.000000
53,113,-0.325000,5.675000,13,0.000000,0.000000,1.000000,0.000000,1.000000,0.000000,0.000000
54,113,-0.275000,5.675000,7,0.000000,0.000000,1.000000,0.000000,1.000000,0.000000,0.000000
55,113,-0.225000,5.675000,7,0.000000,0.000000,1.000000,0.000000,1.000000,0.000000,0.000000
56,113,-0.175000,5.675000,15,0.000000,0.000000,1.000000,0.000000,1.000000,0.000000,0.000000
57,113,-0.125000,5.675000,3,0.000000,0.000000,1.000000,0.000000,1.000000,0.000000,0.000000
58,113,-0.075000,5.675000,1,0.000000,0.000000,1.000000,0.000000,1.000000,0.000000,0.000000
59,113,-0.025000,5.675000,9,0.000000,0.000000,1.000000,0.000000,1.000000,0.000000,0.000000
60,113,0.025000,5.675000,9,0.000000,0.000000,1.000000,0.000000,1.000000,0.000000,0.000000
61,113,0.075000,5.675000,7,0.000000,0.000000,1.000000,0.000000,1.000000,0.000000,0.000000
62,113,0.125000,5.675000,6,0.000000,0.000000,1.000000,0.000000,1.000000,0.000000,0.000000
63,113,0.175000,5.675000,10,0.000000,0.000000,1.000000,0.000000,1.000000,0.000000,0.000000
64,113,0.225000,5.675000,12,0.000000,0.000000,1.000000,0.000000,1.000000,0.000000,0.000000
65,113,0.275000,5.675000,8,0.000000,0.000000,1.000000,0.000000,1.000000,0.000000,0.000000
66,113,0.325000,5.675000,2,0.000000,0.000000,1.000000,0.000000,1.000000,0.000000,0.000000
68,113,0.425000,5.675000,55,0.000000,0.000000,1.000000,0.000000,1.000000,0.000000,0.000000
69,113,0.475000,5.675000,7,0.000000,0.000000,1.000000,0.000000,1.000000,0.000000,0.000000
70,113,0.525000,5.675000,4,0.000000,0.000000,1.000000,0.000000,1.000000,0.000000,0.000000
71,113,0.575000,5.675000,4,0.000000,0.000000,1.000000,0.000000,1.000000,0.000000,0.000000
72,113,0.625000,5.675000,12,0.000000,0.000000,1.000000,0.000000,1.000000,0.000000,0.000000
73,113,0.675000,5.675000,12,0.000000,0.000000,1.000000,0.000000,1.000000,0.000000,0.000000
74,113,0.725000,5.675000,8,0.000000,0.000000,1.000000,0.000000,1.000000,0.000000,0.000000
75,113,0.775000,5.675000,6,0.000000,0.000000,1.000000,0.000000,1.000000,0.000000,0.000000
76,113,0.825000,5.675000,10,0.000000,0.000000,1.000000,0.000000,1.000000,0.000000,0.000000
78,113,0.925000,5.675000,16,0.000000,0.000000,1.000000,0.000000,1.000000,0.000000,0.000000
79,113,0.975000,5.675000,13,0.000000,0.000000,1.000000,0.000000,1.000000,0.000000,0.000000
80,113,1.025000,5.675000,15,0.000000,0.000000,1.000000,0.000000,1.000000,0.000000,0.000000
81,113,1.075000,5.675000,7,0.000000,0.000000,1.000000,0.000000,1.000000,0.000000,0.000000
82,113,1.125000,5.675000,7,0.000000,0.000000,1.000000,0.000000,1.000000,0.000000,0.000000
83,113,1.175000,5.675000,13,0.000000,0.000000,1.000000,0.000000,1.000000,0.000000,0.000000
84,113,1.225000,5.675000,8,0.000000,0.000000,1.000000,0.000000,1.000000,0.000000,0.000000
85,113,1.275000,5.675000,14,0.000000,0.000000,1.000000,0.000000,1.000000,0.000000,0.000000
86,113,1.325000,5.675000,8,0.000000,0.000000,1.000000,0.000000,1.000000,0.000000,0.000000
87,113,1.375000,5.675000,14,0.000000,0.000000,1.000000,0.000000,1.000000,0.000000,0.000000
91,113,1.575000,5.675000,7,0.000000,0.000000,1.000000,0.000000,1.000000,0.000000,0.000000
92,113,1.625000,5.675000,30,0.000000,0.000000,1.000000,0.000000,1.000000,0.000000,0.000000
93,113,1.675000,5.675000,41,0.000000,0.000000,1.000000,0.000000,1.000000,0.000000,0.000000
94,113,1.725000,5.675000,22,0.000000,0.000000,1.000000,0.000000,1.000000,0.000000,0.000000
95,113,1.775000,5.675000,15,0.000000,0.000000,1.000000,0.000000,1.000000,0.000000,0.000000
96,113,1.825000,5.675000,31,0.000000,0.000000,1.000000,0.000000,1.000000,0.000000,0.000000
97,113,1.875000,5.675000,36,0.000000,0.000000,1.000000,0.000000,1.000000,0.000000,0.000000
98,113,1.925000,5.675000,2,0.000000,0.000000,1.000000,0.000000,1.000000,0.000000,0.000000
35,114,-1.225000,5.725000,31,0.000000,0.000000,1.000000,0.000000,1.000000,0.000000,0.000000
36,114,-1.175000,5.725000,31,0.000000,0.000000,1.000000,0.000000,1.000000,0.000000,0.000000
37,114,-1.125000,5.725000,13,0.000000,0.000000,1.000000,0.000000,1.000000,0.000000,0.000000
38,114,-1.075000,5.725000,17,0.000000,0.000000,1.000000,0.000000,1.000000,0.000000,0.000000
39,114,-1.025000,5.725000,17,0.000000,0.000000,1.000000,0.000000,1.000000,0.000000,0.000000
40,114,-0.975000,5.725000,10,0.000000,0.000000,1.000000,0.000000,1.000000,0.000000,0.000000
41,114,-0.925000,5.725000,28,0.000000,0.000000,1.000000,0.000000,1.000000,0.000000,0.000000
42,114,-0.875000,5.725000,21,0.000000,0.000000,1.000000,0.000000,1.000000,0.000000,0.000000
43,114,-0.825000,5.725000,19,0.000000,0.000000,1.000000,0.000000,1.000000,0.000000,0.000000
46,114,-0.675000,5.725000,25,0.000000,0.000000,1.000000,0.000000,1.000000,0.000000,0.000000
47,114,-0.625000,5.725000,17,0.000000,0.000000,1.000000,0.000000,1.000000,0.000000,0.000000
48,114,-0.575000,5.725000,2,0.000000,0.000000,1.000000,0.000000,1.000000,0.000000,0.000000
49,114,-0.525000,5.725000,5,0.000000,0.000000,1.000000,0.000000,1.000000,0.000000,0.000000
50,114,-0.475000,5.725000,17,0.000000,0.000000,1.000000,0.000000,1.000000,0.000000,0.000000
51,114,-0.425000,5.725000,11,0.000000,0.000000,1.000000,0.000000,1.000000,0.000000,0.000000
52,114,-0.375000,5.725000,8,0.000000,0.000000,1.000000,0.000000,1.000000,0.000000,0.000000
53,114,-0.325000,5.725000,2,0.000000,0.000000,1.000000,0.000000,1.000000,0.000000,0.000000
54,114,-0.275000,5.725000,1,0.000000,0.000000,1.000000,0.000000,1.000000,0.000000,0.000000
55,114,-0.225000,5.725000,10,0.000000,0.000000,1.000000,0.000000,1.000000,0.000000,0.000000
56,114,-0.175000,5.725000,4,0.000000,0.000000,1.000000,0.000000,1.000000,0.000000,0.000000
57,114,-0.125000,5.725000,7,0.000000,0.000000,1.000000,0.000000,1.000000,0.000000,0.000000
58,114,-0.075000,5.725000,3,0.000000,0.000000,1.000000,0.000000,1.000000,0.000000,0.000000
59,114,-0.025000,5.725000,15,0.000000,0.000000,1.000000,0.000000,1.000000,0.000000,0.000000
60,114,0.025000,5.725000,9,0.000000,0.000000,1.000000,0.000000,1.000000,0.000000,0.000000
61,114,0.075000,5.725000,10,0.000000,0.000000,1.000000,0.000000,1.000000,0.000000,0.000000
62,114,0.125000,5.725000,11,0.000000,0.000000,1.000000,0.000000,1.000000,0.000000,0.000000
63,114,0.175000,5.725000,5,0.000000,0.000000,1.000000,0.000000,1.000000,0.000000,0.000000
64,114,0.225000,5.725000,9,0.000000,0.000000,1.000000,0.000000,1.000000,0.000000,0.000000
65,114,0.275000,5.725000,16,0.000000,0.000000,1.000000,0.000000,1.000000,0.000000,0.000000
66,114,0.325000,5.725000,3,0.000000,0.000000,1.000000,0.000000,1.000000,0.000000,0.000000
68,114,0.425000,5.725000,36,0.000000,0.000000,1.000000,0.000000,1.000000,0.000000,0.000000
70,114,0.525000,5.725000,12,0.000000,0.000000,1.000000,0.000000,1.000000,0.000000,0.000000
71,114,0.575000,5.725000,5,0.000000,0.000000,1.000000,0.000000,1.000000,0.000000,0.000000
72,114,0.625000,5.725000,11,0.000000,0.000000,1.000000,0.000000,1.000000,0.000000,0.000000
73,114,0.675000,5.725000,15,0.000000,0.000000,1.000000,0.000000,1.000000,0.000000,0.000000
74,114,0.725000,5.725000,14,0.000000,0.000000,1.000000,0.000000,1.000000,0.000000,0.000000
75,114,0.775000,5.725000,3,0.000000,0.000000,1.000000,0.000000,1.000000,0.000000,0.000000
76,114,0.825000,5.725000,10,0.000000,0.000000,1.000000,0.000000,1.000000,0.000000,0.000000
77,114,0.875000,5.725000,7,0.000000,0.000000,1.000000,0.000000,1.000000,0.000000,0.000000
78,114,0.925000,5.725000,2,0.000000,0.000000,1.000000,0.000000,1.000000,0.000000,0.000000
79,114,0.975000,5.725000,6,0.000000,0.000000,1.000000,0.000000,1.000000,0.000000,0.000000
80,114,1.025000,5.725000,15,0.000000,0.000000,1.000000,0.000000,1.000000,0.000000,0.000000
81,114,1.075000,5.725000,5,0.000000,0.000000,1.000000,0.000000,1.000000,0.000000,0.000000
82,114,1.125000,5.725000,8,0.000000,0.000000,1.000000,0.000000,1.000000,0.000000,0.000000
83,114,1.175000,5.725000,13,0.000000,0.000000,1.000000,0.000000,1.000000,0.000000,0.000000
84,114,1.225000,5.725000,6,0.000000,0.000000,1.000000,0.000000,1.000000,0.000000,0.000000
85,114,1.275000,5.725000,8,0.000000,0.000000,1.000000,0.000000,1.000000,0.000000,0.000000
86,114,1.325000,5.725000,18,0.000000,0.000000,1.000000,0.000000,1.000000,0.000000,0.000000
87,114,1.375000,5.725000,20,0.000000,0.000000,1.000000,0.000000,1.000000,0.000000,0.000000
88,114,1.425000,5.725000,29,0.000000,0.000000,1.000000,0.000000,1.000000,0.000000,0.000000
89,114,1.475000,5.725000,10,0.000000,0.000000,1.000000,0.000000,1.000000,0.000000,0.000000
92,114,1.625000,5.725000,2,0.000000,0.000000,1.000000,0.000000,1.000000,0.000000,0.000000
93,114,1.675000,5.725000,30,0.000000,0.000000,1.000000,0.000000,1.000000,0.000000,0.000000
94,114,1.725000,5.725000,47,0.000000,0.000000,1.000000,0.000000,1.000000,0.000000,0.000000
95,114,1.775000,5.725000,31,0.000000,0.000000,1.000000,0.000000,1.000000,0.000000,0.000000
96,114,1.825000,5.725000,24,0.000000,0.000000,1.000000,0.000000,1.000000,0.000000,0.000000
97,114,1.875000,5.725000,36,0.000000,0.000000,1.000000,0.000000,1.000000,0.000000,0.000000
98,114,1.925000,5.725000,16,0.000000,0.000000,1.000000,0.000000,1.000000,0.000000,0.000000
35,115,-1.225000,5.775000,13,0.000000,0.000000,1.000000,0.000000,1.000000,0.000000,0.000000
36,115,-1.175000,5.775000,32,0.000000,0.000000,1.000000,0.000000,1.000000,0.000000,0.000000
37,115,-1.125000,5.775000,20,0.000000,0.000000,1.000000,0.000000,1.000000,0.000000,0.000000
38,115,-1.075000,5.775000,16,0.000000,0.000000,1.000000,0.000000,1.000000,0.000000,0.000000
39,115,-1.025000,5.775000,16,0.000000,0.000000,1.000000,0.000000,1.000000,0.000000,0.000000
40,115,-0.975000,5.775000,20,0.000000,0.000000,1.000000,0.000000,1.000000,0.000000,0.000000
41,115,-0.925000,5.775000,25,0.000000,0.000000,1.000000,0.000000,1.000000,0.000000,0.000000
42,115,-0.875000,5.775000,25,0.000000,0.000000,1.000000,0.000000,1.000000,0.000000,0.000000
47,115,-0.625000,5.775000,1,0.000000,0.000000,1.000000,0.000000,1.000000,0.000000,0.000000
48,115,-0.575000,5.775000,5,0.000000,0.000000,1.000000,0.000000,1.000000,0.000000,0.000000
49,115,-0.525000,5.775000,9,0.000000,0.000000,1.000000,0.000000,1.000000,0.000000,0.000000
50,115,-0.475000,5.775000,7,0.000000,0.000000,1.000000,0.000000,1.000000,0.000000,0.000000
51,115,-0.425000,5.775000,4,0.000000,0.000000,1.000000,0.000000,1.000000,0.000000,0.000000
52,115,-0.375000,5.775000,4,0.000000,0.000000,1.000000,0.000000,1.000000,0.000000,0.000000
53,115,-0.325000,5.775000,3,0.000000,0.000000,1.000000,0.000000,1.000000,0.000000,0.000000
54,115,-0.275000,5.775000,9,0.000000,0.000000,1.000000,0.000000,1.000000,0.000000,0.000000
55,115,-0.225000,5.775000,6,0.000000,0.000000,1.000000,0.000000,1.000000,0.000000,0.000000
56,115,-0.175000,5.775000,7,0.000000,0.000000,1.000000,0.000000,1.000000,0.000000,0.000000
57,115,-0.125000,5.775000,10,0.000000,0.000000,1.000000,0.000000,1.000000,0.000000,0.000000
58,115,-0.075000,5.775000,6,0.000000,0.000000,1.000000,0.000000,1.000000,0.000000,0.000000
59,115,-0.025000,5.775000,8,0.000000,0.000000,1.000000,0.000000,1.000000,0.000000,0.000000
60,115,0.025000,5.775000,10,0.000000,0.000000,1.000000,0.000000,1.000000,0.000000,0.000000
61,115,0.075000,5.775000,8,0.000000,0.000000,1.000000,0.000000,1.000000,0.000000,0.000000
62,115,0.125000,5.775000,14,0.000000,0.000000,1.000000,0.000000,1.000000,0.000000,0.000000
63,115,0.175000,5.775000,4,0.000000,0.000000,1.000000,0.000000,1.000000,0.000000,0.000000
64,115,0.225000,5.775000,11,0.000000,0.000000,1.000000,0.000000,1.000000,0.000000,0.000000
65,115,0.275000,5.775000,11,0.000000,0.000000,1.000000,0.000000,1.000000,0.000000,0.000000
68,115,0.425000,5.775000,56,0.000000,0.000000,1.000000,0.000000,1.000000,0.000000,0.000000
70,115,0.525000,5.775000,2,0.000000,0.000000,1.000000,0.000000,1.000000,0.000000,0.000000
71,115,0.575000,5.775000,14,0.000000,0.000000,1.000000,0.000000,1.000000,0.000000,0.000000
72,115,0.625000,5.775000,8,0.000000,0.000000,1.000000,0.000000,1.000000,0.000000,0.000000
73,115,0.675000,5.775000,9,0.000000,0.000000,1.000000,0.000000,1.000000,0.000000,0.000000
74,115,0.725000,5.775000,11,0.000000,0.000000,1.000000,0.000000,1.000000,0.000000,0.000000
75,115,0.775000,5.775000,6,0.000000,0.000000,1.000000,0.000000,1.000000,0.000000,0.000000
76,115,0.825000,5.775000,17,0.000000,0.000000,1.000000,0.000000,1.000000,0.000000,0.000000
77,115,0.875000,5.775000,14,0.000000,0.000000,1.000000,0.000000,1.000000,0.000000,0.000000
78,115,0.925000,5.775000,7,0.000000,0.000000,1.000000,0.000000,1.000000,0.000000,0.000000
79,115,0.975000,5.775000,6,0.000000,0.000000,1.000000,0.000000,1.000000,0.000000,0.000000
80,115,1.025000,5.775000,4,0.000000,0.000000,1.000000,0.000000,1.000000,0.000000,0.000000
81,115,1.075000,5.775000,11,0.000000,0.000000,1.000000,0.000000,1.000000,0.000000,0.000000
82,115,1.125000,5.775000,12,0.000000,0.000000,1.000000,0.000000,1.000000,0.000000,0.000000
83,115,1.175000,5.775000,11,0.000000,0.000000,1.000000,0.000000,1.000000,0.000000,0.000000
84,115,1.225000,5.775000,10,0.000000,0.000000,1.000000,0.000000,1.000000,0.000000,0.000000
85,115,1.275000,5.775000,18,0.000000,0.000000,1.000000,0.000000,1.000000,0.000000,0.000000
86,115,1.325000,5.775000,13,0.000000,0.000000,1.000000,0.000000,1.000000,0.000000,0.000000
87,115,1.375000,5.775000,12,0.000000,0.000000,1.000000,0.000000,1.000000,0.000000,0.000000
88,115,1.425000,5.775000,5,0.000000,0.000000,1.000000,0.000000,1.000000,0.000000,0.000000
94,115,1.725000,5.775000,27,0.000000,0.000000,1.000000,0.000000,1.000000,0.000000,0.000000
95,115,1.775000,5.775000,39,0.000000,0.000000,1.000000,0.000000,1.000000,0.000000,0.000000
96,115,1.825000,5.775000,39,0.000000,0.000000,1.000000,0.000000,1.000000,0.000000,0.000000
97,115,1.875000,5.775000,37,0.000000,0.000000,1.000000,0.000000,1.000000,0.000000,0.000000
98,115,1.925000,5.775000,29,0.000000,0.000000,1.000000,0.000000,1.000000,0.000000,0.000000
35,116,-1.225000,5.825000,36,0.000000,0.000000,1.000000,0.000000,1.000000,0.000000,0.000000
36,116,-1.175000,5.825000,23,0.000000,0.000000,1.000000,0.000000,1.000000,0.000000,0.000000
37,116,-1.125000,5.825000,15,0.000000,0.000000,1.000000,0.000000,1.000000,0.000000,0.000000
38,116,-1.075000,5.825000,22,0.000000,0.000000,1.000000,0.000000,1.000000,0.000000,0.000000
39,116,-1.025000,5.825000,19,0.000000,0.000000,1.000000,0.000000,1.000000,0.000000,0.000000
40,116,-0.975000,5.825000,27,0.000000,0.000000,1.000000,0.000000,1.000000,0.000000,0.000000
41,116,-0.925000,5.825000,21,0.000000,0.000000,1.000000,0.000000,1.000000,0.000000,0.000000
42,116,-0.875000,5.825000,8,0.000000,0.000000,1.000000,0.000000,1.000000,0.000000,0.000000
46,116,-0.675000,5.825000,4,0.000000,0.000000,1.000000,0.000000,1.000000,0.000000,0.000000
47,116,-0.625000,5.825000,23,0.000000,0.000000,1.000000,0.000000,1.000000,0.000000,0.000000
48,116,-0.575000,5.825000,20,0.000000,0.000000,1.000000,0.000000,1.000000,0.000000,0.000000
49,116,-0.525000,5.825000,18,0.000000,0.000000,1.000000,0.000000,1.000000,0.000000,0.000000
50,116,-0.475000,5.825000,10,0.000000,0.000000,1.000000,0.000000,1.000000,0.000000,0.000000
51,116,-0.425000,5.825000,9,0.000000,0.000000,1.000000,0.000000,1.000000,0.000000,0.000000
52,116,-0.375000,5.825000,5,0.000000,0.000000,1.000000,0.000000,1.000000,0.000000,0.000000
53,116,-0.325000,5.825000,8,0.000000,0.000000,1.000000,0.000000,1.000000,0.000000,0.000000
54,116,-0.275000,5.825000,21,0.000000,0.000000,1.000000,0.000000,1.000000,0.000000,0.000000
55,116,-0.225000,5.825000,2,0.000000,0.000000,1.000000,0.000000,1.000000,0.000000,0.000000
56,116,-0.175000,5.825000,10,0.000000,0.000000,1.000000,0.000000,1.000000,0.000000,0.000000
57,116,-0.125000,5.825000,7,0.000000,0.000000,1.000000,0.000000,1.000000,0.000000,0.000000
58,116,-0.075000,5.825000,5,0.000000,0.000000,1.000000,0.000000,1.000000,0.000000,0.000000
59,116,-0.025000,5.825000,5,0.000000,0.000000,1.000000,0.000000,1.000000,0.000000,0.000000
60,116,0.025000,5.825000,11,0.000000,0.000000,1.000000,0.000000,1.000000,0.000000,0.000000
61,116,0.075000,5.825000,13,0.000000,0.000000,1.000000,0.000000,1.000000,0.000000,0.000000
62,116,0.125000,5.825000,11,0.000000,0.000000,1.000000,0.000000,1.000000,0.000000,0.000000
63,116,0.175000,5.825000,9,0.000000,0.000000,1.000000,0.000000,1.000000,0.000000,0.000000
64,116,0.225000,5.825000,27,0.000000,0.000000,1.000000,0.000000,1.000000,0.000000,0.000000
65,116,0.275000,5.825000,3,0.000000,0.000000,1.000000,0.000000,1.000000,0.000000,0.000000
68,116,0.425000,5.825000,24,0.000000,0.000000,1.000000,0.000000,1.000000,0.000000,0.000000
69,116,0.475000,5.825000,30,0.000000,0.000000,1.000000,0.000000,1.000000,0.000000,0.000000
71,116,0.575000,5.825000,3,0.000000,0.000000,1.000000,0.000000,1.000000,0.000000,0.000000
72,116,0.625000,5.825000,11,0.000000,0.000000,1.000000,0.000000,1.000000,0.000000,0.000000
73,116,0.675000,5.825000,17,0.000000,0.000000,1.000000,0.000000,1.000000,0.000000,0.000000
74,116,0.725000,5.825000,10,0.000000,0.000000,1.000000,0.000000,1.000000,0.000000,0.000000
75,116,0.775000,5.825000,10,0.000000,0.000000,1.000000,0.000000,1.000000,0.000000,0.000000
76,116,0.825000,5.825000,10,0.000000,0.000000,1.000000,0.000000,1.000000,0.000000,0.000000
77,116,0.875000,5.825000,17,0.000000,0.000000,1.000000,0.000000,1.000000,0.000000,0.000000
78,116,0.925000,5.825000,6,0.000000,0.000000,1.000000,0.000000,1.000000,0.000000,0.000000
79,116,0.975000,5.825000,6,0.000000,0.000000,1.000000,0.000000,1.000000,0.000000,0.000000
80,116,1.025000,5.825000,6,0.000000,0.000000,1.000000,0.000000,1.000000,0.000000,0.000000
81,116,1.075000,5.825000,9,0.000000,0.000000,1.000000,0.000000,1.000000,0.000000,0.000000
82,116,1.125000,5.825000,9,0.000000,0.000000,1.000000,0.000000,1.000000,0.000000,0.000000
83,116,1.175000,5.825000,13,0.000000,0.000000,1.000000,0.000000,1.000000,0.000000,0.000000
84,116,1.225000,5.825000,3,0.000000,0.000000,1.000000,0.000000,1.000000,0.000000,0.000000
85,116,1.275000,5.825000,6,0.000000,0.000000,1.000000,0.000000,1.000000,0.000000,0.000000
86,116,1.325000,5.825000,2,0.000000,0.000000,1.000000,0.000000,1.000000,0.000000,0.000000
87,116,1.375000,5.825000,11,0.000000,0.000000,1.000000,0.000000,1.000000,0.000000,0.000000
88,116,1.425000,5.825000,14,0.000000,0.000000,1.000000,0.000000,1.000000,0.000000,0.000000
89,116,1.475000,5.825000,16,0.000000,0.000000,1.000000,0.000000,1.000000,0.000000,0.000000
90,116,1.525000,5.825000,12,0.000000,0.000000,1.000000,0.000000,1.000000,0.000000,0.000000
95,116,1.775000,5.825000,39,0.000000,0.000000,1.000000,0.000000,1.000000,0.000000,0.000000
96,116,1.825000,5.825000,44,0.000000,0.000000,1.000000,0.000000,1.000000,0.000000,0.000000
97,116,1.875000,5.825000,43,0.000000,0.000000,1.000000,0.000000,1.000000,0.000000,0.000000
98,116,1.925000,5.825000,44,0.000000,0.000000,1.000000,0.000000,1.000000,0.000000,0.000000
35,117,-1.225000,5.875000,28,0.000000,0.000000,1.000000,0.000000,1.000000,0.000000,0.000000
36,117,-1.175000,5.875000,30,0.000000,0.000000,1.000000,0.000000,1.000000,0.000000,0.000000
37,117,-1.125000,5.875000,16,0.000000,0.000000,1.000000,0.000000,1.000000,0.000000,0.000000
38,117,-1.075000,5.875000,22,0.000000,0.000000,1.000000,0.000000,1.000000,0.000000,0.000000
39,117,-1.025000,5.875000,30,0.000000,0.000000,1.000000,0.000000,1.000000,0.000000,0.000000
40,117,-0.975000,5.875000,27,0.000000,0.000000,1.000000,0.000000,1.000000,0.000000,0.000000
41,117,-0.925000,5.875000,10,0.000000,0.000000,1.000000,0.000000,1.000000,0.000000,0.000000
45,117,-0.725000,5.875000,7,0.000000,0.000000,1.000000,0.000000,1.000000,0.000000,0.000000
46,117,-0.675000,5.875000,27,0.000000,0.000000,1.000000,0.000000,1.000000,0.000000,0.000000
47,117,-0.625000,5.875000,22,0.000000,0.000000,1.000000,0.000000,1.000000,0.000000,0.000000
48,117,-0.575000,5.875000,19,0.000000,0.000000,1.000000,0.000000,1.000000,0.000000,0.000000
49,117,-0.525000,5.875000,12,0.000000,0.000000,1.000000,0.000000,1.000000,0.000000,0.000000
50,117,-0.475000,5.875000,16,0.000000,0.000000,1.000000,0.000000,1.000000,0.000000,0.000000
51,117,-0.425000,5.875000,8,0.000000,0.000000,1.000000,0.000000,1.000000,0.000000,0.000000
52,117,-0.375000,5.875000,5,0.000000,0.000000,1.000000,0.000000,1.000000,0.000000,0.000000
53,117,-0.325000,5.875000,15,0.000000,0.000000,1.000000,0.000000,1.000000,0.000000,0.000000
54,117,-0.275000,5.875000,6,0.000000,0.000000,1.000000,0.000000,1.000000,0.000000,0.000000
55,117,-0.225000,5.875000,2,0.000000,0.000000,1.000000,0.000000,1.000000,0.000000,0.000000
56,117,-0.175000,5.875000,9,0.000000,0.000000,1.000000,0.000000,1.000000,0.000000,0.000000
57,117,-0.125000,5.875000,4,0.000000,0.000000,1.000000,0.000000,1.000000,0.000000,0.000000
58,117,-0.075000,5.875000,11,0.000000,0.000000,1.000000,0.000000,1.000000,0.000000,0.000000
59,117,-0.025000,5.875000,5,0.000000,0.000000,1.000000,0.000000,1.000000,0.000000,0.000000
60,117,0.025000,5.875000,21,0.000000,0.000000,1.000000,0.000000,1.000000,0.000000,0.000000
61,117,0.075000,5.875000,14,0.000000,0.000000,1.000000,0.000000,1.000000,0.000000,0.000000
62,117,0.125000,5.875000,2,0.000000,0.000000,1.000000,0.000000,1.000000,0.000000,0.000000
63,117,0.175000,5.875000,14,0.000000,0.000000,1.000000,0.000000,1.000000,0.000000,0.000000
64,117,0.225000,5.875000,24,0.000000,0.000000,1.000000,0.000000,1.000000,0.000000,0.000000
69,117,0.475000,5.875000,82,0.000000,0.000000,1.000000,0.000000,1.000000,0.000000,0.000000
72,117,0.625000,5.875000,5,0.000000,0.000000,1.000000,0.000000,1.000000,0.000000,0.000000
73,117,0.675000,5.875000,13,0.000000,0.000000,1.000000,0.000000,1.000000,0.000000,0.000000
74,117,0.725000,5.875000,7,0.000000,0.000000,1.000000,0.000000,1.000000,0.000000,0.000000
75,117,0.775000,5.875000,4,0.000000,0.000000,1.000000,0.000000,1.000000,0.000000,0.000000
76,117,0.825000,5.875000,11,0.000000,0.000000,1.000000,0.000000,1.000000,0.000000,0.000000
77,117,0.875000,5.875000,21,0.000000,0.000000,1.000000,0.000000,1.000000,0.000000,0.000000
78,117,0.925000,5.875000,14,0.000000,0.000000,1.000000,0.000000,1.000000,0.000000,0.000000
79,117,0.975000,5.875000,1,0.000000,0.000000,1.000000,0.000000,1.000000,0.000000,0.000000
80,117,1.025000,5.875000,15,0.000000,0.000000,1.000000,0.000000,1.000000,0.000000,0.000000
81,117,1.075000,5.875000,12,0.000000,0.000000,1.000000,0.000000,1.000000,0.000000,0.000000
82,117,1.125000,5.875000,5,0.000000,0.000000,1.000000,0.000000,1.000000,0.000000,0.000000
83,117,1.175000,5.875000,8,0.000000,0.000000,1.000000,0.000000,1.000000,0.000000,0.000000
84,117,1.225000,5.875000,17,0.000000,0.000000,1.000000,0.000000,1.000000,0.000000,0.000000
85,117,1.275000,5.875000,10,0.000000,0.000000,1.000000,0.000000,1.000000,0.000000,0.000000
86,117,1.325000,5.875000,8,0.000000,0.000000,1.000000,0.000000,1.000000,0.000000,0.000000
87,117,1.375000,5.875000,21,0.000000,0.000000,1.000000,0.000000,1.000000,0.000000,0.000000
88,117,1.425000,5.875000,25,0.000000,0.000000,1.000000,0.000000,1.000000,0.000000,0.000000
89,117,1.475000,5.875000,12,0.000000,0.000000,1.000000,0.000000,1.000000,0.000000,0.000000
90,117,1.525000,5.875000,28,0.000000,0.000000,1.000000,0.000000,1.000000,0.000000,0.000000
91,117,1.575000,5.875000,11,0.000000,0.000000,1.000000,0.000000,1.000000,0.000000,0.000000
96,117,1.825000,5.875000,32,0.000000,0.000000,1.000000,0.000000,1.000000,0.000000,0.000000
97,117,1.875000,5.875000,56,0.000000,0.000000,1.000000,0.000000,1.000000,0.000000,0.000000
98,117,1.925000,5.875000,74,0.000000,0.000000,1.000000,0.000000,1.000000,0.000000,0.000000
99,117,1.975000,5.875000,9,0.000000,0.000000,1.000000,0.000000,1.000000,0.000000,0.000000
35,118,-1.225000,5.925000,33,0.000000,0.000000,1.000000,0.000000,1.000000,0.000000,0.000000
36,118,-1.175000,5.925000,21,0.000000,0.000000,1.000000,0.000000,1.000000,0.000000,0.000000
37,118,-1.125000,5.925000,21,0.000000,0.000000,1.000000,0.000000,1.000000,0.000000,0.000000
38,118,-1.075000,5.925000,27,0.000000,0.000000,1.000000,0.000000,1.000000,0.000000,0.000000
39,118,-1.025000,5.925000,26,0.000000,0.000000,1.000000,0.000000,1.000000,0.000000,0.000000
40,118,-0.975000,5.925000,22,0.000000,0.000000,1.000000,0.000000,1.000000,0.000000,0.000000
45,118,-0.725000,5.925000,26,0.000000,0.000000,1.000000,0.000000,1.000000,0.000000,0.000000
46,118,-0.675000,5.925000,2,0.000000,0.000000,1.000000,0.000000,1.000000,0.000000,0.000000
47,118,-0.625000,5.925000,6,0.000000,0.000000,1.000000,0.000000,1.000000,0.000000,0.000000
48,118,-0.575000,5.925000,21,0.000000,0.000000,1.000000,0.000000,1.000000,0.000000,0.000000
49,118,-0.525000,5.925000,9,0.000000,0.000000,1.000000,0.000000,1.000000,0.000000,0.000000
50,118,-0.475000,5.925000,11,0.000000,0.000000,1.000000,0.000000,1.000000,0.000000,0.000000
51,118,-0.425000,5.925000,6,0.000000,0.000000,1.000000,0.000000,1.000000,0.000000,0.000000
52,118,-0.375000,5.925000,3,0.000000,0.000000,1.000000,0.000000,1.000000,0.000000,0.000000
53,118,-0.325000,5.925000,6,0.000000,0.000000,1.000000,0.000000,1.000000,0.000000,0.000000
54,118,-0.275000,5.925000,6,0.000000,0.000000,1.000000,0.000000,1.000000,0.000000,0.000000
55,118,-0.225000,5.925000,9,0.000000,0.000000,1.000000,0.000000,1.000000,0.000000,0.000000
56,118,-0.175000,5.925000,14,0.000000,0.000000,1.000000,0.000000,1.000000,0.000000,0.000000
57,118,-0.125000,5.925000,4,0.000000,0.000000,1.000000,0.000000,1.000000,0.000000,0.000000
58,118,-0.075000,5.925000,15,0.000000,0.000000,1.000000,0.000000,1.000000,0.000000,0.000000
59,118,-0.025000,5.925000,9,0.000000,0.000000,1.000000,0.000000,1.000000,0.000000,0.000000
60,118,0.025000,5.925000,13,0.000000,0.000000,1.000000,0.000000,1.000000,0.000000,0.000000
61,118,0.075000,5.925000,7,0.000000,0.000000,1.000000,0.000000,1.000000,0.000000,0.000000
63,118,0.175000,5.925000,30,0.000000,0.000000,1.000000,0.000000,1.000000,0.000000,0.000000
64,118,0.225000,5.925000,2,0.000000,0.000000,1.000000,0.000000,1.000000,0.000000,0.000000
69,118,0.475000,5.925000,24,0.000000,0.000000,1.000000,0.000000,1.000000,0.000000,0.000000
73,118,0.675000,5.925000,8,0.000000,0.000000,1.000000,0.000000,1.000000,0.000000,0.000000
74,118,0.725000,5.925000,25,0.000000,0.000000,1.000000,0.000000,1.000000,0.000000,0.000000
75,118,0.775000,5.925000,4,0.000000,0.000000,1.000000,0.000000,1.000000,0.000000,0.000000
76,118,0.825000,5.925000,13,0.000000,0.000000,1.000000,0.000000,1.000000,0.000000,0.000000
77,118,0.875000,5.925000,14,0.000000,0.000000,1.000000,0.000000,1.000000,0.000000,0.000000
78,118,0.925000,5.925000,8,0.000000,0.000000,1.000000,0.000000,1.000000,0.000000,0.000000
79,118,0.975000,5.925000,16,0.000000,0.000000,1.000000,0.000000,1.000000,0.000000,0.000000
80,118,1.025000,5.925000,14,0.000000,0.000000,1.000000,0.000000,1.000000,0.000000,0.000000
81,118,1.075000,5.925000,20,0.000000,0.000000,1.000000,0.000000,1.000000,0.000000,0.000000
82,118,1.125000,5.925000,7,0.000000,0.000000,1.000000,0.000000,1.000000,0.000000,0.000000
83,118,1.175000,5.925000,9,0.000000,0.000000,1.000000,0.000000,1.000000,0.000000,0.000000
84,118,1.225000,5.925000,3,0.000000,0.000000,1.000000,0.000000,1.000000,0.000000,0.000000
85,118,1.275000,5.925000,23,0.000000,0.000000,1.000000,0.000000,1.000000,0.000000,0.000000
86,118,1.325000,5.925000,8,0.000000,0.000000,1.000000,0.000000,1.000000,0.000000,0.000000
87,118,1.375000,5.925000,6,0.000000,0.000000,1.000000,0.000000,1.000000,0.000000,0.000000
88,118,1.425000,5.925000,13,0.000000,0.000000,1.000000,0.000000,1.000000,0.000000,0.000000
89,118,1.475000,5.925000,11,0.000000,0.000000,1.000000,0.000000,1.000000,0.000000,0.000000
90,118,1.525000,5.925000,15,0.000000,0.000000,1.000000,0.000000,1.000000,0.000000,0.000000
91,118,1.575000,5.925000,7,0.000000,0.000000,1.000000,0.000000,1.000000,0.000000,0.000000
97,118,1.875000,5.925000,54,0.000000,0.000000,1.000000,0.000000,1.000000,0.000000,0.000000
98,118,1.925000,5.925000,85,0.000000,0.000000,1.000000,0.000000,1.000000,0.000000,0.000000
99,118,1.975000,5.925000,21,0.000000,0.000000,1.000000,0.000000,1.000000,0.000000,0.000000
35,119,-1.225000,5.975000,30,0.000000,0.000000,1.000000,0.000000,1.000000,0.000000,0.000000
36,119,-1.175000,5.975000,38,0.000000,0.000000,1.000000,0.000000,1.000000,0.000000,0.000000
37,119,-1.125000,5.975000,24,0.000000,0.000000,1.000000,0.000000,1.000000,0.000000,0.000000
38,119,-1.075000,5.975000,30,0.000000,0.000000,1.000000,0.000000,1.000000,0.000000,0.000000
39,119,-1.025000,5.975000,26,0.000000,0.000000,1.000000,0.000000,1.000000,0.000000,0.000000
45,119,-0.725000,5.975000,2,0.000000,0.000000,1.000000,0.000000,1.000000,0.000000,0.000000
46,119,-0.675000,5.975000,14,0.000000,0.000000,1.000000,0.000000,1.000000,0.000000,0.000000
47,119,-0.625000,5.975000,13,0.000000,0.000000,1.000000,0.000000,1.000000,0.000000,0.000000
48,119,-0.575000,5.975000,7,0.000000,0.000000,1.000000,0.000000,1.000000,0.000000,0.000000
49,119,-0.525000,5.975000,5,0.000000,0.000000,1.000000,0.000000,1.000000,0.000000,0.000000
50,119,-0.475000,5.975000,10,0.000000,0.000000,1.000000,0.000000,1.000000,0.000000,0.000000
51,119,-0.425000,5.975000,8,0.000000,0.000000,1.000000,0.000000,1.000000,0.000000,0.000000
52,119,-0.375000,5.975000,19,0.000000,0.000000,1.000000,0.000000,1.000000,0.000000,0.000000
53,119,-0.325000,5.975000,6,0.000000,0.000000,1.000000,0.000000,1.000000,0.000000,0.000000
54,119,-0.275000,5.975000,6,0.000000,0.000000,1.000000,0.000000,1.000000,0.000000,0.000000
55,119,-0.225000,5.975000,7,0.000000,0.000000,1.000000,0.000000,1.000000,0.000000,0.000000
56,119,-0.175000,5.975000,6,0.000000,0.000000,1.000000,0.000000,1.000000,0.000000,0.000000
57,119,-0.125000,5.975000,15,0.000000,0.000000,1.000000,0.000000,1.000000,0.000000,0.000000
58,119,-0.075000,5.975000,14,0.000000,0.000000,1.000000,0.000000,1.000000,0.000000,0.000000
59,119,-0.025000,5.975000,4,0.000000,0.000000,1.000000,0.000000,1.000000,0.000000,0.000000
60,119,0.025000,5.975000,23,0.000000,0.000000,1.000000,0.000000,1.000000,0.000000,0.000000
61,119,0.075000,5.975000,5,0.000000,0.000000,1.000000,0.000000,1.000000,0.000000,0.000000
68,119,0.425000,5.975000,17,0.000000,0.000000,1.000000,0.000000,1.000000,0.000000,0.000000
69,119,0.475000,5.975000,12,0.000000,0.000000,1.000000,0.000000,1.000000,0.000000,0.000000
74,119,0.725000,5.975000,10,0.000000,0.000000,1.000000,0.000000,1.000000,0.000000,0.000000
75,119,0.775000,5.975000,29,0.000000,0.000000,1.000000,0.000000,1.000000,0.000000,0.000000
76,119,0.825000,5.975000,4,0.000000,0.000000,1.000000,0.000000,1.000000,0.000000,0.000000
77,119,0.875000,5.975000,15,0.000000,0.000000,1.000000,0.000000,1.000000,0.000000,0.000000
78,119,0.925000,5.975000,13,0.000000,0.000000,1.000000,0.000000,1.000000,0.000000,0.000000
79,119,0.975000,5.975000,14,0.000000,0.000000,1.000000,0.000000,1.000000,0.000000,0.000000
80,119,1.025000,5.975000,7,0.000000,0.000000,1.000000,0.000000,1.000000,0.000000,0.000000
81,119,1.075000,5.975000,17,0.000000,0.000000,1.000000,0.000000,1.000000,0.000000,0.000000
82,119,1.125000,5.975000,5,0.000000,0.000000,1.000000,0.000000,1.000000,0.000000,0.000000
83,119,1.175000,5.975000,23,0.000000,0.000000,1.000000,0.000000,1.000000,0.000000,0.000000
84,119,1.225000,5.975000,13,0.000000,0.000000,1.000000,0.000000,1.000000,0.000000,0.000000
85,119,1.275000,5.975000,9,0.000000,0.000000,1.000000,0.000000,1.000000,0.000000,0.000000
86,119,1.325000,5.975000,11,0.000000,0.000000,1.000000,0.000000,1.000000,0.000000,0.000000
87,119,1.375000,5.975000,12,0.000000,0.000000,1.000000,0.000000,1.000000,0.000000,0.000000
88,119,1.425000,5.975000,8,0.000000,0.000000,1.000000,0.000000,1.000000,0.000000,0.000000
89,119,1.475000,5.975000,15,0.000000,0.000000,1.000000,0.000000,1.000000,0.000000,0.000000
90,119,1.525000,5.975000,18,0.000000,0.000000,1.000000,0.000000,1.000000,0.000000,0.000000
91,119,1.575000,5.975000,21,0.000000,0.000000,1.000000,0.000000,1.000000,0.000000,0.000000
92,119,1.625000,5.975000,35,0.000000,0.000000,1.000000,0.000000,1.000000,0.000000,0.000000
97,119,1.875000,5.975000,4,0.000000,0.000000,1.000000,0.000000,1.000000,0.000000,0.000000
98,119,1.925000,5.975000,131,0.000000,0.000000,1.000000,0.000000,1.000000,0.000000,0.000000
99,119,1.975000,5.975000,45,0.000000,0.000000,1.000000,0.000000,1.000000,0.000000,0.000000
35,120,-1.225000,6.025000,42,0.000000,0.000000,1.000000,0.000000,1.000000,0.000000,0.000000
36,120,-1.175000,6.025000,44,0.000000,0.000000,1.000000,0.000000,1.000000,0.000000,0.000000
37,120,-1.125000,6.025000,40,0.000000,0.000000,1.000000,0.000000,1.000000,0.000000,0.000000
38,120,-1.075000,6.025000,59,0.000000,0.000000,1.000000,0.000000,1.000000,0.000000,0.000000
39,120,-1.025000,6.025000,7,0.000000,0.000000,1.000000,0.000000,1.000000,0.000000,0.000000
45,120,-0.725000,6.025000,13,0.000000,0.000000,1.000000,0.000000,1.000000,0.000000,0.000000
46,120,-0.675000,6.025000,22,0.000000,0.000000,1.000000,0.000000,1.000000,0.000000,0.000000
47,120,-0.625000,6.025000,25,0.000000,0.000000,1.000000,0.000000,1.000000,0.000000,0.000000
48,120,-0.575000,6.025000,24,0.000000,0.000000,1.000000,0.000000,1.000000,0.000000,0.000000
49,120,-0.525000,6.025000,15,0.000000,0.000000,1.000000,0.000000,1.000000,0.000000,0.000000
50,120,-0.475000,6.025000,11,0.000000,0.000000,1.000000,0.000000,1.000000,0.000000,0.000000
51,120,-0.425000,6.025000,15,0.000000,0.000000,1.000000,0.000000,1.000000,0.000000,0.000000
52,120,-0.375000,6.025000,10,0.000000,0.000000,1.000000,0.000000,1.000000,0.000000,0.000000
53,120,-0.325000,6.025000,6,0.000000,0.000000,1.000000,0.000000,1.000000,0.000000,0.000000
54,120,-0.275000,6.025000,11,0.000000,0.000000,1.000000,0.000000,1.000000,0.000000,0.000000
55,120,-0.225000,6.025000,6,0.000000,0.000000,1.000000,0.000000,1.000000,0.000000,0.000000
56,120,-0.175000,6.025000,15,0.000000,0.000000,1.000000,0.000000,1.000000,0.000000,0.000000
57,120,-0.125000,6.025000,11,0.000000,0.000000,1.000000,0.000000,1.000000,0.000000,0.000000
58,120,-0.075000,6.025000,17,0.000000,0.000000,1.000000,0.000000,1.000000,0.000000,0.000000
60,120,0.025000,6.025000,37,0.000000,0.000000,1.000000,0.000000,1.000000,0.000000,0.000000
61,120,0.075000,6.025000,4,0.000000,0.000000,1.000000,0.000000,1.000000,0.000000,0.000000
67,120,0.375000,6.025000,20,0.000000,0.000000,1.000000,0.000000,1.000000,0.000000,0.000000
68,120,0.425000,6.025000,4,0.000000,0.000000,1.000000,0.000000,1.000000,0.000000,0.000000
69,120,0.475000,6.025000,12,0.000000,0.000000,1.000000,0.000000,1.000000,0.000000,0.000000
70,120,0.525000,6.025000,3,0.000000,0.000000,1.000000,0.000000,1.000000,0.000000,0.000000
75,120,0.775000,6.025000,5,0.000000,0.000000,1.000000,0.000000,1.000000,0.000000,0.000000
76,120,0.825000,6.025000,14,0.000000,0.000000,1.000000,0.000000,1.000000,0.000000,0.000000
77,120,0.875000,6.025000,1,0.000000,0.000000,1.000000,0.000000,1.000000,0.000000,0.000000
78,120,0.925000,6.025000,26,0.000000,0.000000,1.000000,0.000000,1.000000,0.000000,0.000000
79,120,0.975000,6.025000,11,0.000000,0.000000,1.000000,0.000000,1.000000,0.000000,0.000000
80,120,1.025000,6.025000,10,0.000000,0.000000,1.000000,0.000000,1.000000,0.000000,0.000000
81,120,1.075000,6.025000,19,0.000000,0.000000,1.000000,0.000000,1.000000,0.000000,0.000000
82,120,1.125000,6.025000,9,0.000000,0.000000,1.000000,0.000000,1.000000,0.000000,0.000000
83,120,1.175000,6.025000,15,0.000000,0.000000,1.000000,0.000000,1.000000,0.000000,0.000000
84,120,1.225000,6.025000,11,0.000000,0.000000,1.000000,0.000000,1.000000,0.000000,0.000000
85,120,1.275000,6.025000,7,0.000000,0.000000,1.000000,0.000000,1.000000,0.000000,0.000000
86,120,1.325000,6.025000,8,0.000000,0.000000,1.000000,0.000000,1.000000,0.000000,0.000000
87,120,1.375000,6.025000,9,0.000000,0.000000,1.000000,0.000000,1.000000,0.000000,0.000000
88,120,1.425000,6.025000,13,0.000000,0.000000,1.000000,0.000000,1.000000,0.000000,0.000000
89,120,1.475000,6.025000,2,0.000000,0.000000,1.000000,0.000000,1.000000,0.000000,0.000000
90,120,1.525000,6.025000,15,0.000000,0.000000,1.000000,0.000000,1.000000,0.000000,0.000000
91,120,1.575000,6.025000,18,0.000000,0.000000,1.000000,0.000000,1.000000,0.000000,0.000000
92,120,1.625000,6.025000,9,0.000000,0.000000,1.000000,0.000000,1.000000,0.000000,0.000000
98,120,1.925000,6.025000,114,0.000000,0.000000,1.000000,0.000000,1.000000,0.000000,0.000000
99,120,1.975000,6.025000,28,0.000000,0.000000,1.000000,0.000000,1.000000,0.000000,0.000000
35,121,-1.225000,6.075000,42,0.000000,0.000000,1.000000,0.000000,1.000000,0.000000,0.000000
36,121,-1.175000,6.075000,53,0.000000,0.000000,1.000000,0.000000,1.000000,0.000000,0.000000
37,121,-1.125000,6.075000,57,0.000000,0.000000,1.000000,0.000000,1.000000,0.000000,0.000000
38,121,-1.075000,6.075000,22,0.000000,0.000000,1.000000,0.000000,1.000000,0.000000,0.000000
44,121,-0.775000,6.075000,26,0.000000,0.000000,1.000000,0.000000,1.000000,0.000000,0.000000
45,121,-0.725000,6.075000,22,0.000000,0.000000,1.000000,0.000000,1.000000,0.000000,0.000000
46,121,-0.675000,6.075000,8,0.000000,0.000000,1.000000,0.000000,1.000000,0.000000,0.000000
47,121,-0.625000,6.075000,9,0.000000,0.000000,1.000000,0.000000,1.000000,0.000000,0.000000
48,121,-0.575000,6.075000,4,0.000000,0.000000,1.000000,0.000000,1.000000,0.000000,0.000000
49,121,-0.525000,6.075000,11,0.000000,0.000000,1.000000,0.000000,1.000000,0.000000,0.000000
50,121,-0.475000,6.075000,5,0.000000,0.000000,1.000000,0.000000,1.000000,0.000000,0.000000
51,121,-0.425000,6.075000,14,0.000000,0.000000,1.000000,0.000000,1.000000,0.000000,0.000000
52,121,-0.375000,6.075000,3,0.000000,0.000000,1.000000,0.000000,1.000000,0.000000,0.000000
53,121,-0.325000,6.075000,9,0.000000,0.000000,1.000000,0.000000,1.000000,0.000000,0.000000
54,121,-0.275000,6.075000,17,0.000000,0.000000,1.000000,0.000000,1.000000,0.000000,0.000000
55,121,-0.225000,6.075000,18,0.000000,0.000000,1.000000,0.000000,1.000000,0.000000,0.000000
56,121,-0.175000,6.075000,8,0.000000,0.000000,1.000000,0.000000,1.000000,0.000000,0.000000
57,121,-0.125000,6.075000,19,0.000000,0.000000,1.000000,0.000000,1.000000,0.000000,0.000000
58,121,-0.075000,6.075000,13,0.000000,0.000000,1.000000,0.000000,1.000000,0.000000,0.000000
59,121,-0.025000,6.075000,14,0.000000,0.000000,1.000000,0.000000,1.000000,0.000000,0.000000
60,121,0.025000,6.075000,11,0.000000,0.000000,1.000000,0.000000,1.000000,0.000000,0.000000
61,121,0.075000,6.075000,6,0.000000,0.000000,1.000000,0.000000,1.000000,0.000000,0.000000
62,121,0.125000,6.075000,6,0.000000,0.000000,1.000000,0.000000,1.000000,0.000000,0.000000
63,121,0.175000,6.075000,2,0.000000,0.000000,1.000000,0.000000,1.000000,0.000000,0.000000
66,121,0.325000,6.075000,11,0.000000,0.000000,1.000000,0.000000,1.000000,0.000000,0.000000
67,121,0.375000,6.075000,4,0.000000,0.000000,1.000000,0.000000,1.000000,0.000000,0.000000
68,121,0.425000,6.075000,6,0.000000,0.000000,1.000000,0.000000,1.000000,0.000000,0.000000
69,121,0.475000,6.075000,2,0.000000,0.000000,1.000000,0.000000,1.000000,0.000000,0.000000
70,121,0.525000,6.075000,33,0.000000,0.000000,1.000000,0.000000,1.000000,0.000000,0.000000
76,121,0.825000,6.075000,6,0.000000,0.000000,1.000000,0.000000,1.000000,0.000000,0.000000
77,121,0.875000,6.075000,9,0.000000,0.000000,1.000000,0.000000,1.000000,0.000000,0.000000
78,121,0.925000,6.075000,5,0.000000,0.000000,1.000000,0.000000,1.000000,0.000000,0.000000
79,121,0.975000,6.075000,30,0.000000,0.000000,1.000000,0.000000,1.000000,0.000000,0.000000
80,121,1.025000,6.075000,11,0.000000,0.000000,1.000000,0.000000,1.000000,0.000000,0.000000
81,121,1.075000,6.075000,39,0.000000,0.000000,1.000000,0.000000,1.000000,0.000000,0.000000
82,121,1.125000,6.075000,16,0.000000,0.000000,1.000000,0.000000,1.000000,0.000000,0.000000
83,121,1.175000,6.075000,11,0.000000,0.000000,1.000000,0.000000,1.000000,0.000000,0.000000
84,121,1.225000,6.075000,20,0.000000,0.000000,1.000000,0.000000,1.000000,0.000000,0.000000
85,121,1.275000,6.075000,15,0.000000,0.000000,1.000000,0.000000,1.000000,0.000000,0.000000
86,121,1.325000,6.075000,14,0.000000,0.000000,1.000000,0.000000,1.000000,0.000000,0.000000
87,121,1.375000,6.075000,12,0.000000,0.000000,1.000000,0.000000,1.000000,0.000000,0.000000
88,121,1.425000,6.075000,8,0.000000,0.000000,1.000000,0.000000,1.000000,0.000000,0.000000
89,121,1.475000,6.075000,12,0.000000,0.000000,1.000000,0.000000,1.000000,0.000000,0.000000
90,121,1.525000,6.075000,8,0.000000,0.000000,1.000000,0.000000,1.000000,0.000000,0.000000
91,121,1.575000,6.075000,21,0.000000,0.000000,1.000000,0.000000,1.000000,0.000000,0.000000
92,121,1.625000,6.075000,29,0.000000,0.000000,1.000000,0.000000,1.000000,0.000000,0.000000
93,121,1.675000,6.075000,32,0.000000,0.000000,1.000000,0.000000,1.000000,0.000000,0.000000
94,121,1.725000,6.075000,4,0.000000,0.000000,1.000000,0.000000,1.000000,0.000000,0.000000
98,121,1.925000,6.075000,21,0.000000,0.000000,1.000000,0.000000,1.000000,0.000000,0.000000
35,122,-1.225000,6.125000,30,0.000000,0.000000,1.000000,0.000000,1.000000,0.000000,0.000000
36,122,-1.175000,6.125000,74,0.000000,0.000000,1.000000,0.000000,1.000000,0.000000,0.000000
37,122,-1.125000,6.125000,75,0.000000,0.000000,1.000000,0.000000,1.000000,0.000000,0.000000
38,122,-1.075000,6.125000,2,0.000000,0.000000,1.000000,0.000000,1.000000,0.000000,0.000000
45,122,-0.725000,6.125000,5,0.000000,0.000000,1.000000,0.000000,1.000000,0.000000,0.000000
46,122,-0.675000,6.125000,18,0.000000,0.000000,1.000000,0.000000,1.000000,0.000000,0.000000
47,122,-0.625000,6.125000,11,0.000000,0.000000,1.000000,0.000000,1.000000,0.000000,0.000000
48,122,-0.575000,6.125000,10,0.000000,0.000000,1.000000,0.000000,1.000000,0.000000,0.000000
49,122,-0.525000,6.125000,12,0.000000,0.000000,1.000000,0.000000,1.000000,0.000000,0.000000
50,122,-0.475000,6.125000,15,0.000000,0.000000,1.000000,0.000000,1.000000,0.000000,0.000000
51,122,-0.425000,6.125000,7,0.000000,0.000000,1.000000,0.000000,1.000000,0.000000,0.000000
52,122,-0.375000,6.125000,13,0.000000,0.000000,1.000000,0.000000,1.000000,0.000000,0.000000
53,122,-0.325000,6.125000,16,0.000000,0.000000,1.000000,0.000000,1.000000,0.000000,0.000000
54,122,-0.275000,6.125000,16,0.000000,0.000000,1.000000,0.000000,1.000000,0.000000,0.000000
55,122,-0.225000,6.125000,11,0.000000,0.000000,1.000000,0.000000,1.000000,0.000000,0.000000
56,122,-0.175000,6.125000,7,0.000000,0.000000,1.000000,0.000000,1.000000,0.000000,0.000000
57,122,-0.125000,6.125000,24,0.000000,0.000000,1.000000,0.000000,1.000000,0.000000,0.000000
58,122,-0.075000,6.125000,12,0.000000,0.000000,1.000000,0.000000,1.000000,0.000000,0.000000
59,122,-0.025000,6.125000,7,0.000000,0.000000,1.000000,0.000000,1.000000,0.000000,0.000000
60,122,0.025000,6.125000,7,0.000000,0.000000,1.000000,0.000000,1.000000,0.000000,0.000000
61,122,0.075000,6.125000,6,0.000000,0.000000,1.000000,0.000000,1.000000,0.000000,0.000000
62,122,0.125000,6.125000,6,0.000000,0.000000,1.000000,0.000000,1.000000,0.000000,0.000000
63,122,0.175000,6.125000,4,0.000000,0.000000,1.000000,0.000000,1.000000,0.000000,0.000000
65,122,0.275000,6.125000,12,0.000000,0.000000,1.000000,0.000000,1.000000,0.000000,0.000000
66,122,0.325000,6.125000,5,0.000000,0.000000,1.000000,0.000000,1.000000,0.000000,0.000000
67,122,0.375000,6.125000,7,0.000000,0.000000,1.000000,0.000000,1.000000,0.000000,0.000000
68,122,0.425000,6.125000,7,0.000000,0.000000,1.000000,0.000000,1.000000,0.000000,0.000000
69,122,0.475000,6.125000,1,0.000000,0.000000,1.000000,0.000000,1.000000,0.000000,0.000000
70,122,0.525000,6.125000,52,0.000000,0.000000,1.000000,0.000000,1.000000,0.000000,0.000000
71,122,0.575000,6.125000,10,0.000000,0.000000,1.000000,0.000000,1.000000,0.000000,0.000000
76,122,0.825000,6.125000,6,0.000000,0.000000,1.000000,0.000000,1.000000,0.000000,0.000000
77,122,0.875000,6.125000,8,0.000000,0.000000,1.000000,0.000000,1.000000,0.000000,0.000000
78,122,0.925000,6.125000,9,0.000000,0.000000,1.000000,0.000000,1.000000,0.000000,0.000000
79,122,0.975000,6.125000,6,0.000000,0.000000,1.000000,0.000000,1.000000,0.000000,0.000000
80,122,1.025000,6.125000,12,0.000000,0.000000,1.000000,0.000000,1.000000,0.000000,0.000000
81,122,1.075000,6.125000,11,0.000000,0.000000,1.000000,0.000000,1.000000,0.000000,0.000000
82,122,1.125000,6.125000,42,0.000000,0.000000,1.000000,0.000000,1.000000,0.000000,0.000000
83,122,1.175000,6.125000,28,0.000000,0.000000,1.000000,0.000000,1.000000,0.000000,0.000000
84,122,1.225000,6.125000,33,0.000000,0.000000,1.000000,0.000000,1.000000,0.000000,0.000000
85,122,1.275000,6.125000,19,0.000000,0.000000,1.000000,0.000000,1.000000,0.000000,0.000000
86,122,1.325000,6.125000,26,0.000000,0.000000,1.000000,0.000000,1.000000,0.000000,0.000000
87,122,1.375000,6.125000,17,0.000000,0.000000,1.000000,0.000000,1.000000,0.000000,0.000000
88,122,1.425000,6.125000,17,0.000000,0.000000,1.000000,0.000000,1.000000,0.000000,0.000000
89,122,1.475000,6.125000,20,0.000000,0.000000,1.000000,0.000000,1.000000,0.000000,0.000000
90,122,1.525000,6.125000,10,0.000000,0.000000,1.000000,0.000000,1.000000,0.000000,0.000000
91,122,1.575000,6.125000,11,0.000000,0.000000,1.000000,0.000000,1.000000,0.000000,0.000000
92,122,1.625000,6.125000,23,0.000000,0.000000,1.000000,0.000000,1.000000,0.000000,0.000000
93,122,1.675000,6.125000,16,0.000000,0.000000,1.000000,0.000000,1.000000,0.000000,0.000000
94,122,1.725000,6.125000,13,0.000000,0.000000,1.000000,0.000000,1.000000,0.000000,0.000000
35,123,-1.225000,6.175000,7,0.000000,0.000000,1.000000,0.000000,1.000000,0.000000,0.000000
36,123,-1.175000,6.175000,104,0.000000,0.000000,1.000000,0.000000,1.000000,0.000000,0.000000
37,123,-1.125000,6.175000,87,0.000000,0.000000,1.000000,0.000000,1.000000,0.000000,0.000000
44,123,-0.775000,6.175000,7,0.000000,0.000000,1.000000,0.000000,1.000000,0.000000,0.000000
45,123,-0.725000,6.175000,31,0.000000,0.000000,1.000000,0.000000,1.000000,0.000000,0.000000
46,123,-0.675000,6.175000,17,0.000000,0.000000,1.000000,0.000000,1.000000,0.000000,0.000000
47,123,-0.625000,6.175000,16,0.000000,0.000000,1.000000,0.000000,1.000000,0.000000,0.000000
48,123,-0.575000,6.175000,13,0.000000,0.000000,1.000000,0.000000,1.000000,0.000000,0.000000
49,123,-0.525000,6.175000,12,0.000000,0.000000,1.000000,0.000000,1.000000,0.000000,0.000000
50,123,-0.475000,6.175000,12,0.000000,0.000000,1.000000,0.000000,1.000000,0.000000,0.000000
51,123,-0.425000,6.175000,13,0.000000,0.000000,1.000000,0.000000,1.000000,0.000000,0.000000
52,123,-0.375000,6.175000,13,0.000000,0.000000,1.000000,0.000000,1.000000,0.000000,0.000000
53,123,-0.325000,6.175000,11,0.000000,0.000000,1.000000,0.000000,1.000000,0.000000,0.000000
54,123,-0.275000,6.175000,10,0.000000,0.000000,1.000000,0.000000,1.000000,0.000000,0.000000
55,123,-0.225000,6.175000,33,0.000000,0.000000,1.000000,0.000000,1.000000,0.000000,0.000000
56,123,-0.175000,6.175000,8,0.000000,0.000000,1.000000,0.000000,1.000000,0.000000,0.000000
57,123,-0.125000,6.175000,35,0.000000,0.000000,1.000000,0.000000,1.000000,0.000000,0.000000
58,123,-0.075000,6.175000,11,0.000000,0.000000,1.000000,0.000000,1.000000,0.000000,0.000000
59,123,-0.025000,6.175000,2,0.000000,0.000000,1.000000,0.000000,1.000000,0.000000,0.000000
60,123,0.025000,6.175000,5,0.000000,0.000000,1.000000,0.000000,1.000000,0.000000,0.000000
61,123,0.075000,6.175000,13,0.000000,0.000000,1.000000,0.000000,1.000000,0.000000,0.000000
62,123,0.125000,6.175000,4,0.000000,0.000000,1.000000,0.000000,1.000000,0.000000,0.000000
63,123,0.175000,6.175000,5,0.000000,0.000000,1.000000,0.000000,1.000000,0.000000,0.000000
64,123,0.225000,6.175000,4,0.000000,0.000000,1.000000,0.000000,1.000000,0.000000,0.000000
65,123,0.275000,6.175000,10,0.000000,0.000000,1.000000,0.000000,1.000000,0.000000,0.000000
66,123,0.325000,6.175000,4,0.000000,0.000000,1.000000,0.000000,1.000000,0.000000,0.000000
67,123,0.375000,6.175000,3,0.000000,0.000000,1.000000,0.000000,1.000000,0.000000,0.000000
68,123,0.425000,6.175000,5,0.000000,0.000000,1.000000,0.000000,1.000000,0.000000,0.000000
69,123,0.475000,6.175000,4,0.000000,0.000000,1.000000,0.000000,1.000000,0.000000,0.000000
70,123,0.525000,6.175000,47,0.000000,0.000000,1.000000,0.000000,1.000000,0.000000,0.000000
71,123,0.575000,6.175000,11,0.000000,0.000000,1.000000,0.000000,1.000000,0.000000,0.000000
72,123,0.625000,6.175000,8,0.000000,0.000000,1.000000,0.000000,1.000000,0.000000,0.000000
73,123,0.675000,6.175000,8,0.000000,0.000000,1.000000,0.000000,1.000000,0.000000,0.000000
76,123,0.825000,6.175000,1,0.000000,0.000000,1.000000,0.000000,1.000000,0.000000,0.000000
77,123,0.875000,6.175000,8,0.000000,0.000000,1.000000,0.000000,1.000000,0.000000,0.000000
78,123,0.925000,6.175000,6,0.000000,0.000000,1.000000,0.000000,1.000000,0.000000,0.000000
79,123,0.975000,6.175000,10,0.000000,0.000000,1.000000,0.000000,1.000000,0.000000,0.000000
80,123,1.025000,6.175000,11,0.000000,0.000000,1.000000,0.000000,1.000000,0.000000,0.000000
81,123,1.075000,6.175000,14,0.000000,0.000000,1.000000,0.000000,1.000000,0.000000,0.000000
82,123,1.125000,6.175000,16,0.000000,0.000000,1.000000,0.000000,1.000000,0.000000,0.000000
83,123,1.175000,6.175000,10,0.000000,0.000000,1.000000,0.000000,1.000000,0.000000,0.000000
84,123,1.225000,6.175000,43,0.000000,0.000000,1.000000,0.000000,1.000000,0.000000,0.000000
85,123,1.275000,6.175000,20,0.000000,0.000000,1.000000,0.000000,1.000000,0.000000,0.000000
86,123,1.325000,6.175000,34,0.000000,0.000000,1.000000,0.000000,1.000000,0.000000,0.000000
87,123,1.375000,6.175000,17,0.000000,0.000000,1.000000,0.000000,1.000000,0.000000,0.000000
88,123,1.425000,6.175000,34,0.000000,0.000000,1.000000,0.000000,1.000000,0.000000,0.000000
89,123,1.475000,6.175000,12,0.000000,0.000000,1.000000,0.000000,1.000000,0.000000,0.000000
90,123,1.525000,6.175000,10,0.000000,0.000000,1.000000,0.000000,1.000000,0.000000,0.000000
91,123,1.575000,6.175000,24,0.000000,0.000000,1.000000,0.000000,1.000000,0.000000,0.000000
92,123,1.625000,6.175000,14,0.000000,0.000000,1.000000,0.000000,1.000000,0.000000,0.000000
93,123,1.675000,6.175000,35,0.000000,0.000000,1.000000,0.000000,1.000000,0.000000,0.000000
94,123,1.725000,6.175000,39,0.000000,0.000000,1.000000,0.000000,1.000000,0.000000,0.000000
95,123,1.775000,6.175000,1,0.000000,0.000000,1.000000,0.000000,1.000000,0.000000,0.000000
36,124,-1.175000,6.225000,83,0.000000,0.000000,1.000000,0.000000,1.000000,0.000000,0.000000
37,124,-1.125000,6.225000,91,0.000000,0.000000,1.000000,0.000000,1.000000,0.000000,0.000000
44,124,-0.775000,6.225000,39,0.000000,0.000000,1.000000,0.000000,1.000000,0.000000,0.000000
45,124,-0.725000,6.225000,10,0.000000,0.000000,1.000000,0.000000,1.000000,0.000000,0.000000
46,124,-0.675000,6.225000,18,0.000000,0.000000,1.000000,0.000000,1.000000,0.000000,0.000000
47,124,-0.625000,6.225000,12,0.000000,0.000000,1.000000,0.000000,1.000000,0.000000,0.000000
48,124,-0.575000,6.225000,11,0.000000,0.000000,1.000000,0.000000,1.000000,0.000000,0.000000
49,124,-0.525000,6.225000,14,0.000000,0.000000,1.000000,0.000000,1.000000,0.000000,0.000000
50,124,-0.475000,6.225000,7,0.000000,0.000000,1.000000,0.000000,1.000000,0.000000,0.000000
51,124,-0.425000,6.225000,13,0.000000,0.000000,1.000000,0.000000,1.000000,0.000000,0.000000
52,124,-0.375000,6.225000,20,0.000000,0.000000,1.000000,0.000000,1.000000,0.000000,0.000000
53,124,-0.325000,6.225000,14,0.000000,0.000000,1.000000,0.000000,1.000000,0.000000,0.000000
54,124,-0.275000,6.225000,5,0.000000,0.000000,1.000000,0.000000,1.000000,0.000000,0.000000
55,124,-0.225000,6.225000,49,0.000000,0.000000,1.000000,0.000000,1.000000,0.000000,0.000000
56,124,-0.175000,6.225000,23,0.000000,0.000000,1.000000,0.000000,1.000000,0.000000,0.000000
57,124,-0.125000,6.225000,7,0.000000,0.000000,1.000000,0.000000,1.000000,0.000000,0.000000
58,124,-0.075000,6.225000,4,0.000000,0.000000,1.000000,0.000000,1.000000,0.000000,0.000000
59,124,-0.025000,6.225000,6,0.000000,0.000000,1.000000,0.000000,1.000000,0.000000,0.000000
60,124,0.025000,6.225000,14,0.000000,0.000000,1.000000,0.000000,1.000000,0.000000,0.000000
61,124,0.075000,6.225000,4,0.000000,0.000000,1.000000,0.000000,1.000000,0.000000,0.000000
62,124,0.125000,6.225000,9,0.000000,0.000000,1.000000,0.000000,1.000000,0.000000,0.000000
63,124,0.175000,6.225000,4,0.000000,0.000000,1.000000,0.000000,1.000000,0.000000,0.000000
64,124,0.225000,6.225000,18,0.000000,0.000000,1.000000,0.000000,1.000000,0.000000,0.000000
65,124,0.275000,6.225000,2,0.000000,0.000000,1.000000,0.000000,1.000000,0.000000,0.000000
66,124,0.325000,6.225000,2,0.000000,0.000000,1.000000,0.000000,1.000000,0.000000,0.000000
67,124,0.375000,6.225000,4,0.000000,0.000000,1.000000,0.000000,1.000000,0.000000,0.000000
68,124,0.425000,6.225000,1,0.000000,0.000000,1.000000,0.000000,1.000000,0.000000,0.000000
69,124,0.475000,6.225000,7,0.000000,0.000000,1.000000,0.000000,1.000000,0.000000,0.000000
70,124,0.525000,6.225000,56,0.000000,0.000000,1.000000,0.000000,1.000000,0.000000,0.000000
71,124,0.575000,6.225000,2,0.000000,0.000000,1.000000,0.000000,1.000000,0.000000,0.000000
72,124,0.625000,6.225000,7,0.000000,0.000000,1.000000,0.000000,1.000000,0.000000,0.000000
73,124,0.675000,6.225000,7,0.000000,0.000000,1.000000,0.000000,1.000000,0.000000,0.000000
74,124,0.725000,6.225000,12,0.000000,0.000000,1.000000,0.000000,1.000000,0.000000,0.000000
75,124,0.775000,6.225000,4,0.000000,0.000000,1.000000,0.000000,1.000000,0.000000,0.000000
76,124,0.825000,6.225000,6,0.000000,0.000000,1.000000,0.000000,1.000000,0.000000,0.000000
77,124,0.875000,6.225000,2,0.000000,0.000000,1.000000,0.000000,1.000000,0.000000,0.000000
78,124,0.925000,6.225000,12,0.000000,0.000000,1.000000,0.000000,1.000000,0.000000,0.000000
79,124,0.975000,6.225000,10,0.000000,0.000000,1.000000,0.000000,1.000000,0.000000,0.000000
80,124,1.025000,6.225000,13,0.000000,0.000000,1.000000,0.000000,1.000000,0.000000,0.000000
81,124,1.075000,6.225000,14,0.000000,0.000000,1.000000,0.000000,1.000000,0.000000,0.000000
82,124,1.125000,6.225000,11,0.000000,0.000000,1.000000,0.000000,1.000000,0.000000,0.000000
83,124,1.175000,6.225000,9,0.000000,0.000000,1.000000,0.000000,1.000000,0.000000,0.000000
84,124,1.225000,6.225000,6,0.000000,0.000000,1.000000,0.000000,1.000000,0.000000,0.000000
85,124,1.275000,6.225000,4,0.000000,0.000000,1.000000,0.000000,1.000000,0.000000,0.000000
86,124,1.325000,6.225000,7,0.000000,0.000000,1.000000,0.000000,1.000000,0.000000,0.000000
87,124,1.375000,6.225000,33,0.000000,0.000000,1.000000,0.000000,1.000000,0.000000,0.000000
88,124,1.425000,6.225000,29,0.000000,0.000000,1.000000,0.000000,1.000000,0.000000,0.000000
89,124,1.475000,6.225000,15,0.000000,0.000000,1.000000,0.000000,1.000000,0.000000,0.000000
90,124,1.525000,6.225000,27,0.000000,0.000000,1.000000,0.000000,1.000000,0.000000,0.000000
91,124,1.575000,6.225000,15,0.000000,0.000000,1.000000,0.000000,1.000000,0.000000,0.000000
92,124,1.625000,6.225000,20,0.000000,0.000000,1.000000,0.000000,1.000000,0.000000,0.000000
93,124,1.675000,6.225000,13,0.000000,0.000000,1.000000,0.000000,1.000000,0.000000,0.000000
94,124,1.725000,6.225000,32,0.000000,0.000000,1.000000,0.000000,1.000000,0.000000,0.000000
95,124,1.775000,6.225000,33,0.000000,0.000000,1.000000,0.000000,1.000000,0.000000,0.000000
36,125,-1.175000,6.275000,8,0.000000,0.000000,1.000000,0.000000,1.000000,0.000000,0.000000
37,125,-1.125000,6.275000,102,0.000000,0.000000,1.000000,0.000000,1.000000,0.000000,0.000000
44,125,-0.775000,6.275000,13,0.000000,0.000000,1.000000,0.000000,1.000000,0.000000,0.000000
45,125,-0.725000,6.275000,24,0.000000,0.000000,1.000000,0.000000,1.000000,0.000000,0.000000
46,125,-0.675000,6.275000,17,0.000000,0.000000,1.000000,0.000000,1.000000,0.000000,0.000000
47,125,-0.625000,6.275000,12,0.000000,0.000000,1.000000,0.000000,1.000000,0.000000,0.000000
48,125,-0.575000,6.275000,14,0.000000,0.000000,1.000000,0.000000,1.000000,0.000000,0.000000
49,125,-0.525000,6.275000,5,0.000000,0.000000,1.000000,0.000000,1.000000,0.000000,0.000000
50,125,-0.475000,6.275000,15,0.000000,0.000000,1.000000,0.000000,1.000000,0.000000,0.000000
51,125,-0.425000,6.275000,18,0.000000,0.000000,1.000000,0.000000,1.000000,0.000000,0.000000
52,125,-0.375000,6.275000,10,0.000000,0.000000,1.000000,0.000000,1.000000,0.000000,0.000000
53,125,-0.325000,6.275000,30,0.000000,0.000000,1.000000,0.000000,1.000000,0.000000,0.000000
54,125,-0.275000,6.275000,36,0.000000,0.000000,1.000000,0.000000,1.000000,0.000000,0.000000
55,125,-0.225000,6.275000,38,0.000000,0.000000,1.000000,0.000000,1.000000,0.000000,0.000000
56,125,-0.175000,6.275000,17,0.000000,0.000000,1.000000,0.000000,1.000000,0.000000,0.000000
57,125,-0.125000,6.275000,8,0.000000,0.000000,1.000000,0.000000,1.000000,0.000000,0.000000
58,125,-0.075000,6.275000,17,0.000000,0.000000,1.000000,0.000000,1.000000,0.000000,0.000000
59,125,-0.025000,6.275000,16,0.000000,0.000000,1.000000,0.000000,1.000000,0.000000,0.000000
60,125,0.025000,6.275000,7,0.000000,0.000000,1.000000,0.000000,1.000000,0.000000,0.000000
61,125,0.075000,6.275000,8,0.000000,0.000000,1.000000,0.000000,1.000000,0.000000,0.000000
62,125,0.125000,6.275000,9,0.000000,0.000000,1.000000,0.000000,1.000000,0.000000,0.000000
63,125,0.175000,6.275000,16,0.000000,0.000000,1.000000,0.000000,1.000000,0.000000,0.000000
64,125,0.225000,6.275000,8,0.000000,0.000000,1.000000,0.000000,1.000000,0.000000,0.000000
65,125,0.275000,6.275000,6,0.000000,0.000000,1.000000,0.000000,1.000000,0.000000,0.000000
66,125,0.325000,6.275000,2,0.000000,0.000000,1.000000,0.000000,1.000000,0.000000,0.000000
67,125,0.375000,6.275000,7,0.000000,0.000000,1.000000,0.000000,1.000000,0.000000,0.000000
68,125,0.425000,6.275000,11,0.000000,0.000000,1.000000,0.000000,1.000000,0.000000,0.000000
69,125,0.475000,6.275000,2,0.000000,0.000000,1.000000,0.000000,1.000000,0.000000,0.000000
70,125,0.525000,6.275000,11,0.000000,0.000000,1.000000,0.000000,1.000000,0.000000,0.000000
71,125,0.575000,6.275000,45,0.000000,0.000000,1.000000,0.000000,1.000000,0.000000,0.000000
72,125,0.625000,6.275000,5,0.000000,0.000000,1.000000,0.000000,1.000000,0.000000,0.000000
73,125,0.675000,6.275000,4,0.000000,0.000000,1.000000,0.000000,1.000000,0.000000,0.000000
74,125,0.725000,6.275000,10,0.000000,0.000000,1.000000,0.000000,1.000000,0.000000,0.000000
76,125,0.825000,6.275000,9,0.000000,0.000000,1.000000,0.000000,1.000000,0.000000,0.000000
77,125,0.875000,6.275000,9,0.000000,0.000000,1.000000,0.000000,1.000000,0.000000,0.000000
78,125,0.925000,6.275000,8,0.000000,0.000000,1.000000,0.000000,1.000000,0.000000,0.000000
79,125,0.975000,6.275000,9,0.000000,0.000000,1.000000,0.000000,1.000000,0.000000,0.000000
80,125,1.025000,6.275000,11,0.000000,0.000000,1.000000,0.000000,1.000000,0.000000,0.000000
81,125,1.075000,6.275000,6,0.000000,0.000000,1.000000,0.000000,1.000000,0.000000,0.000000
82,125,1.125000,6.275000,10,0.000000,0.000000,1.000000,0.000000,1.000000,0.000000,0.000000
83,125,1.175000,6.275000,16,0.000000,0.000000,1.000000,0.000000,1.000000,0.000000,0.000000
84,125,1.225000,6.275000,17,0.000000,0.000000,1.000000,0.000000,1.000000,0.000000,0.000000
85,125,1.275000,6.275000,28,0.000000,0.000000,1.000000,0.000000,1.000000,0.000000,0.000000
86,125,1.325000,6.275000,31,0.000000,0.000000,1.000000,0.000000,1.000000,0.000000,0.000000
87,125,1.375000,6.275000,12,0.000000,0.000000,1.000000,0.000000,1.000000,0.000000,0.000000
88,125,1.425000,6.275000,13,0.000000,0.000000,1.000000,0.000000,1.000000,0.000000,0.000000
89,125,1.475000,6.275000,22,0.000000,0.000000,1.000000,0.000000,1.000000,0.000000,0.000000
90,125,1.525000,6.275000,24,0.000000,0.000000,1.000000,0.000000,1.000000,0.000000,0.000000
91,125,1.575000,6.275000,36,0.000000,0.000000,1.000000,0.000000,1.000000,0.000000,0.000000
92,125,1.625000,6.275000,26,0.000000,0.000000,1.000000,0.000000,1.000000,0.000000,0.000000
93,125,1.675000,6.275000,20,0.000000,0.000000,1.000000,0.000000,1.000000,0.000000,0.000000
94,125,1.725000,6.275000,35,0.000000,0.000000,1.000000,0.000000,1.000000,0.000000,0.000000
95,125,1.775000,6.275000,42,0.000000,0.000000,1.000000,0.000000,1.000000,0.000000,0.000000
96,125,1.825000,6.275000,7,0.000000,0.000000,1.000000,0.000000,1.000000,0.000000,0.000000
43,126,-0.825000,6.325000,12,0.000000,0.000000,1.000000,0.000000,1.000000,0.000000,0.000000
44,126,-0.775000,6.325000,28,0.000000,0.000000,1.000000,0.000000,1.000000,0.000000,0.000000
45,126,-0.725000,6.325000,22,0.000000,0.000000,1.000000,0.000000,1.000000,0.000000,0.000000
46,126,-0.675000,6.325000,16,0.000000,0.000000,1.000000,0.000000,1.000000,0.000000,0.000000
47,126,-0.625000,6.325000,11,0.000000,0.000000,1.000000,0.000000,1.000000,0.000000,0.000000
48,126,-0.575000,6.325000,10,0.000000,0.000000,1.000000,0.000000,1.000000,0.000000,0.000000
49,126,-0.525000,6.325000,17,0.000000,0.000000,1.000000,0.000000,1.000000,0.000000,0.000000
50,126,-0.475000,6.325000,17,0.000000,0.000000,1.000000,0.000000,1.000000,0.000000,0.000000
51,126,-0.425000,6.325000,18,0.000000,0.000000,1.000000,0.000000,1.000000,0.000000,0.000000
52,126,-0.375000,6.325000,13,0.000000,0.000000,1.000000,0.000000,1.000000,0.000000,0.000000
53,126,-0.325000,6.325000,33,0.000000,0.000000,1.000000,0.000000,1.000000,0.000000,0.000000
54,126,-0.275000,6.325000,18,0.000000,0.000000,1.000000,0.000000,1.000000,0.000000,0.000000
56,126,-0.175000,6.325000,12,0.000000,0.000000,1.000000,0.000000,1.000000,0.000000,0.000000
57,126,-0.125000,6.325000,11,0.000000,0.000000,1.000000,0.000000,1.000000,0.000000,0.000000
58,126,-0.075000,6.325000,9,0.000000,0.000000,1.000000,0.000000,1.000000,0.000000,0.000000
59,126,-0.025000,6.325000,7,0.000000,0.000000,1.000000,0.000000,1.000000,0.000000,0.000000
60,126,0.025000,6.325000,7,0.000000,0.000000,1.000000,0.000000,1.000000,0.000000,0.000000
61,126,0.075000,6.325000,4,0.000000,0.000000,1.000000,0.000000,1.000000,0.000000,0.000000
62,126,0.125000,6.325000,8,0.000000,0.000000,1.000000,0.000000,1.000000,0.000000,0.000000
63,126,0.175000,6.325000,8,0.000000,0.000000,1.000000,0.000000,1.000000,0.000000,0.000000
64,126,0.225000,6.325000,3,0.000000,0.000000,1.000000,0.000000,1.000000,0.000000,0.000000
65,126,0.275000,6.325000,4,0.000000,0.000000,1.000000,0.000000,1.000000,0.000000,0.000000
66,126,0.325000,6.325000,9,0.000000,0.000000,1.000000,0.000000,1.000000,0.000000,0.000000
67,126,0.375000,6.325000,21,0.000000,0.000000,1.000000,0.000000,1.000000,0.000000,0.000000
68,126,0.425000,6.325000,9,0.000000,0.000000,1.000000,0.000000,1.000000,0.000000,0.000000
69,126,0.475000,6.325000,10,0.000000,0.000000,1.000000,0.000000,1.000000,0.000000,0.000000
70,126,0.525000,6.325000,12,0.000000,0.000000,1.000000,0.000000,1.000000,0.000000,0.000000
71,126,0.575000,6.325000,69,0.000000,0.000000,1.000000,0.000000,1.000000,0.000000,0.000000
72,126,0.625000,6.325000,6,0.000000,0.000000,1.000000,0.000000,1.000000,0.000000,0.000000
73,126,0.675000,6.325000,9,0.000000,0.000000,1.000000,0.000000,1.000000,0.000000,0.000000
74,126,0.725000,6.325000,16,0.000000,0.000000,1.000000,0.000000,1.000000,0.000000,0.000000
75,126,0.775000,6.325000,6,0.000000,0.000000,1.000000,0.000000,1.000000,0.000000,0.000000
76,126,0.825000,6.325000,3,0.000000,0.000000,1.000000,0.000000,1.000000,0.000000,0.000000
77,126,0.875000,6.325000,4,0.000000,0.000000,1.000000,0.000000,1.000000,0.000000,0.000000
78,126,0.925000,6.325000,9,0.000000,0.000000,1.000000,0.000000,1.000000,0.000000,0.000000
79,126,0.975000,6.325000,3,0.000000,0.000000,1.000000,0.000000,1.000000,0.000000,0.000000
80,126,1.025000,6.325000,6,0.000000,0.000000,1.000000,0.000000,1.000000,0.000000,0.000000
82,126,1.125000,6.325000,9,0.000000,0.000000,1.000000,0.000000,1.000000,0.000000,0.000000
83,126,1.175000,6.325000,16,0.000000,0.000000,1.000000,0.000000,1.000000,0.000000,0.000000
84,126,1.225000,6.325000,17,0.000000,0.000000,1.000000,0.000000,1.000000,0.000000,0.000000
85,126,1.275000,6.325000,15,0.000000,0.000000,1.000000,0.000000,1.000000,0.000000,0.000000
86,126,1.325000,6.325000,2,0.000000,0.000000,1.000000,0.000000,1.000000,0.000000,0.000000
87,126,1.375000,6.325000,12,0.000000,0.000000,1.000000,0.000000,1.000000,0.000000,0.000000
90,126,1.525000,6.325000,33,0.000000,0.000000,1.000000,0.000000,1.000000,0.000000,0.000000
91,126,1.575000,6.325000,34,0.000000,0.000000,1.000000,0.000000,1.000000,0.000000,0.000000
92,126,1.625000,6.325000,35,0.000000,0.000000,1.000000,0.000000,1.000000,0.000000,0.000000
93,126,1.675000,6.325000,26,0.000000,0.000000,1.000000,0.000000,1.000000,0.000000,0.000000
94,126,1.725000,6.325000,19,0.000000,0.000000,1.000000,0.000000,1.000000,0.000000,0.000000
95,126,1.775000,6.325000,33,0.000000,0.000000,1.000000,0.000000,1.000000,0.000000,0.000000
96,126,1.825000,6.325000,31,0.000000,0.000000,1.000000,0.000000,1.000000,0.000000,0.000000
44,127,-0.775000,6.375000,23,0.000000,0.000000,1.000000,0.000000,1.000000,0.000000,0.000000
45,127,-0.725000,6.375000,18,0.000000,0.000000,1.000000,0.000000,1.000000,0.000000,0.000000
46,127,-0.675000,6.375000,13,0.000000,0.000000,1.000000,0.000000,1.000000,0.000000,0.000000
47,127,-0.625000,6.375000,15,0.000000,0.000000,1.000000,0.000000,1.000000,0.000000,0.000000
48,127,-0.575000,6.375000,16,0.000000,0.000000,1.000000,0.000000,1.000000,0.000000,0.000000
49,127,-0.525000,6.375000,19,0.000000,0.000000,1.000000,0.000000,1.000000,0.000000,0.000000
50,127,-0.475000,6.375000,12,0.000000,0.000000,1.000000,0.000000,1.000000,0.000000,0.000000
51,127,-0.425000,6.375000,27,0.000000,0.000000,1.000000,0.000000,1.000000,0.000000,0.000000
52,127,-0.375000,6.375000,9,0.000000,0.000000,1.000000,0.000000,1.000000,0.000000,0.000000
53,127,-0.325000,6.375000,17,0.000000,0.000000,1.000000,0.000000,1.000000,0.000000,0.000000
54,127,-0.275000,6.375000,1,0.000000,0.000000,1.000000,0.000000,1.000000,0.000000,0.000000
55,127,-0.225000,6.375000,27,0.000000,0.000000,1.000000,0.000000,1.000000,0.000000,0.000000
56,127,-0.175000,6.375000,10,0.000000,0.000000,1.000000,0.000000,1.000000,0.000000,0.000000
57,127,-0.125000,6.375000,12,0.000000,0.000000,1.000000,0.000000,1.000000,0.000000,0.000000
58,127,-0.075000,6.375000,7,0.000000,0.000000,1.000000,0.000000,1.000000,0.000000,0.000000
59,127,-0.025000,6.375000,4,0.000000,0.000000,1.000000,0.000000,1.000000,0.000000,0.000000
60,127,0.025000,6.375000,5,0.000000,0.000000,1.000000,0.000000,1.000000,0.000000,0.000000
61,127,0.075000,6.375000,6,0.000000,0.000000,1.000000,0.000000,1.000000,0.000000,0.000000
62,127,0.125000,6.375000,12,0.000000,0.000000,1.000000,0.000000,1.000000,0.000000,0.000000
63,127,0.175000,6.375000,8,0.000000,0.000000,1.000000,0.000000,1.000000,0.000000,0.000000
64,127,0.225000,6.375000,7,0.000000,0.000000,1.000000,0.000000,1.000000,0.000000,0.000000
65,127,0.275000,6.375000,7,0.000000,0.000000,1.000000,0.000000,1.000000,0.000000,0.000000
66,127,0.325000,6.375000,9,0.000000,0.000000,1.000000,0.000000,1.000000,0.000000,0.000000
67,127,0.375000,6.375000,13,0.000000,0.000000,1.000000,0.000000,1.000000,0.000000,0.000000
68,127,0.425000,6.375000,11,0.000000,0.000000,1.000000,0.000000,1.000000,0.000000,0.000000
69,127,0.475000,6.375000,9,0.000000,0.000000,1.000000,0.000000,1.000000,0.000000,0.000000
70,127,0.525000,6.375000,1,0.000000,0.000000,1.000000,0.000000,1.000000,0.000000,0.000000
71,127,0.575000,6.375000,56,0.000000,0.000000,1.000000,0.000000,1.000000,0.000000,0.000000
72,127,0.625000,6.375000,9,0.000000,0.000000,1.000000,0.000000,1.000000,0.000000,0.000000
73,127,0.675000,6.375000,6,0.000000,0.000000,1.000000,0.000000,1.000000,0.000000,0.000000
74,127,0.725000,6.375000,7,0.000000,0.000000,1.000000,0.000000,1.000000,0.000000,0.000000
75,127,0.775000,6.375000,10,0.000000,0.000000,1.000000,0.000000,1.000000,0.000000,0.000000
76,127,0.825000,6.375000,10,0.000000,0.000000,1.000000,0.000000,1.000000,0.000000,0.000000
77,127,0.875000,6.375000,12,0.000000,0.000000,1.000000,0.000000,1.000000,0.000000,0.000000
78,127,0.925000,6.375000,7,0.000000,0.000000,1.000000,0.000000,1.000000,0.000000,0.000000
79,127,0.975000,6.375000,8,0.000000,0.000000,1.000000,0.000000,1.000000,0.000000,0.000000
80,127,1.025000,6.375000,19,0.000000,0.000000,1.000000,0.000000,1.000000,0.000000,0.000000
81,127,1.075000,6.375000,11,0.000000,0.000000,1.000000,0.000000,1.000000,0.000000,0.000000
82,127,1.125000,6.375000,12,0.000000,0.000000,1.000000,0.000000,1.000000,0.000000,0.000000
83,127,1.175000,6.375000,8,0.000000,0.000000,1.000000,0.000000,1.000000,0.000000,0.000000
84,127,1.225000,6.375000,16,0.000000,0.000000,1.000000,0.000000,1.000000,0.000000,0.000000
85,127,1.275000,6.375000,9,0.000000,0.000000,1.000000,0.000000,1.000000,0.000000,0.000000
86,127,1.325000,6.375000,20,0.000000,0.000000,1.000000,0.000000,1.000000,0.000000,0.000000
87,127,1.375000,6.375000,11,0.000000,0.000000,1.000000,0.000000,1.000000,0.000000,0.000000
88,127,1.425000,6.375000,7,0.000000,0.000000,1.000000,0.000000,1.000000,0.000000,0.000000
91,127,1.575000,6.375000,13,0.000000,0.000000,1.000000,0.000000,1.000000,0.000000,0.000000
92,127,1.625000,6.375000,39,0.000000,0.000000,1.000000,0.000000,1.000000,0.000000,0.000000
93,127,1.675000,6.375000,48,0.000000,0.000000,1.000000,0.000000,1.000000,0.000000,0.000000
94,127,1.725000,6.375000,24,0.000000,0.000000,1.000000,0.000000,1.000000,0.000000,0.000000
95,127,1.775000,6.375000,34,0.000000,0.000000,1.000000,0.000000,1.000000,0.000000,0.000000
96,127,1.825000,6.375000,43,0.000000,0.000000,1.000000,0.000000,1.000000,0.000000,0.000000
43,128,-0.825000,6.425000,19,0.000000,0.000000,1.000000,0.000000,1.000000,0.000000,0.000000
44,128,-0.775000,6.425000,25,0.000000,0.000000,1.000000,0.000000,1.000000,0.000000,0.000000
45,128,-0.725000,6.425000,21,0.000000,0.000000,1.000000,0.000000,1.000000,0.000000,0.000000
46,128,-0.675000,6.425000,16,0.000000,0.000000,1.000000,0.000000,1.000000,0.000000,0.000000
47,128,-0.625000,6.425000,18,0.000000,0.000000,1.000000,0.000000,1.000000,0.000000,0.000000
48,128,-0.575000,6.425000,21,0.000000,0.000000,1.000000,0.000000,1.000000,0.000000,0.000000
49,128,-0.525000,6.425000,14,0.000000,0.000000,1.000000,0.000000,1.000000,0.000000,0.000000
50,128,-0.475000,6.425000,21,0.000000,0.000000,1.000000,0.000000,1.000000,0.000000,0.000000
51,128,-0.425000,6.425000,28,0.000000,0.000000,1.000000,0.000000,1.000000,0.000000,0.000000
53,128,-0.325000,6.425000,1,0.000000,0.000000,1.000000,0.000000,1.000000,0.000000,0.000000
54,128,-0.275000,6.425000,16,0.000000,0.000000,1.000000,0.000000,1.000000,0.000000,0.000000
55,128,-0.225000,6.425000,17,0.000000,0.000000,1.000000,0.000000,1.000000,0.000000,0.000000
56,128,-0.175000,6.425000,9,0.000000,0.000000,1.000000,0.000000,1.000000,0.000000,0.000000
57,128,-0.125000,6.425000,12,0.000000,0.000000,1.000000,0.000000,1.000000,0.000000,0.000000
58,128,-0.075000,6.425000,11,0.000000,0.000000,1.000000,0.000000,1.000000,0.000000,0.000000
59,128,-0.025000,6.425000,10,0.000000,0.000000,1.000000,0.000000,1.000000,0.000000,0.000000
60,128,0.025000,6.425000,13,0.000000,0.000000,1.000000,0.000000,1.000000,0.000000,0.000000
61,128,0.075000,6.425000,13,0.000000,0.000000,1.000000,0.000000,1.000000,0.000000,0.000000
62,128,0.125000,6.425000,3,0.000000,0.000000,1.000000,0.000000,1.000000,0.000000,0.000000
63,128,0.175000,6.425000,2,0.000000,0.000000,1.000000,0.000000,1.000000,0.000000,0.000000
64,128,0.225000,6.425000,12,0.000000,0.000000,1.000000,0.000000,1.000000,0.000000,0.000000
65,128,0.275000,6.425000,9,0.000000,0.000000,1.000000,0.000000,1.000000,0.000000,0.000000
66,128,0.325000,6.425000,7,0.000000,0.000000,1.000000,0.000000,1.000000,0.000000,0.000000
67,128,0.375000,6.425000,12,0.000000,0.000000,1.000000,0.000000,1.000000,0.000000,0.000000
68,128,0.425000,6.425000,10,0.000000,0.000000,1.000000,0.000000,1.000000,0.000000,0.000000
69,128,0.475000,6.425000,14,0.000000,0.000000,1.000000,0.000000,1.000000,0.000000,0.000000
71,128,0.575000,6.425000,41,0.000000,0.000000,1.000000,0.000000,1.000000,0.000000,0.000000
72,128,0.625000,6.425000,2,0.000000,0.000000,1.000000,0.000000,1.000000,0.000000,0.000000
73,128,0.675000,6.425000,8,0.000000,0.000000,1.000000,0.000000,1.000000,0.000000,0.000000
74,128,0.725000,6.425000,8,0.000000,0.000000,1.000000,0.000000,1.000000,0.000000,0.000000
75,128,0.775000,6.425000,15,0.000000,0.000000,1.000000,0.000000,1.000000,0.000000,0.000000
76,128,0.825000,6.425000,13,0.000000,0.000000,1.000000,0.000000,1.000000,0.000000,0.000000
77,128,0.875000,6.425000,10,0.000000,0.000000,1.000000,0.000000,1.000000,0.000000,0.000000
78,128,0.925000,6.425000,14,0.000000,0.000000,1.000000,0.000000,1.000000,0.000000,0.000000
79,128,0.975000,6.425000,7,0.000000,0.000000,1.000000,0.000000,1.000000,0.000000,0.000000
80,128,1.025000,6.425000,5,0.000000,0.000000,1.000000,0.000000,1.000000,0.000000,0.000000
81,128,1.075000,6.425000,15,0.000000,0.000000,1.000000,0.000000,1.000000,0.000000,0.000000
82,128,1.125000,6.425000,8,0.000000,0.000000,1.000000,0.000000,1.000000,0.000000,0.000000
83,128,1.175000,6.425000,4,0.000000,0.000000,1.000000,0.000000,1.000000,0.000000,0.000000
84,128,1.225000,6.425000,13,0.000000,0.000000,1.000000,0.000000,1.000000,0.000000,0.000000
85,128,1.275000,6.425000,6,0.000000,0.000000,1.000000,0.000000,1.000000,0.000000,0.000000
86,128,1.325000,6.425000,16,0.000000,0.000000,1.000000,0.000000,1.000000,0.000000,0.000000
87,128,1.375000,6.425000,18,0.000000,0.000000,1.000000,0.000000,1.000000,0.000000,0.000000
88,128,1.425000,6.425000,21,0.000000,0.000000,1.000000,0.000000,1.000000,0.000000,0.000000
89,128,1.475000,6.425000,13,0.000000,0.000000,1.000000,0.000000,1.000000,0.000000,0.000000
92,128,1.625000,6.425000,6,0.000000,0.000000,1.000000,0.000000,1.000000,0.000000,0.000000
93,128,1.675000,6.425000,25,0.000000,0.000000,1.000000,0.000000,1.000000,0.000000,0.000000
94,128,1.725000,6.425000,49,0.000000,0.000000,1.000000,0.000000,1.000000,0.000000,0.000000
95,128,1.775000,6.425000,31,0.000000,0.000000,1.000000,0.000000,1.000000,0.000000,0.000000
96,128,1.825000,6.425000,44,0.000000,0.000000,1.000000,0.000000,1.000000,0.000000,0.000000
97,128,1.875000,6.425000,27,0.000000,0.000000,1.000000,0.000000,1.000000,0.000000,0.000000
43,129,-0.825000,6.475000,5,0.000000,0.000000,1.000000,0.000000,1.000000,0.000000,0.000000
44,129,-0.775000,6.475000,36,0.000000,0.000000,1.000000,0.000000,1.000000,0.000000,0.000000
45,129,-0.725000,6.475000,25,0.000000,0.000000,1.000000,0.000000,1.000000,0.000000,0.000000
46,129,-0.675000,6.475000,12,0.000000,0.000000,1.000000,0.000000,1.000000,0.000000,0.000000
47,129,-0.625000,6.475000,14,0.000000,0.000000,1.000000,0.000000,1.000000,0.000000,0.000000
48,129,-0.575000,6.475000,20,0.000000,0.000000,1.000000,0.000000,1.000000,0.000000,0.000000
49,129,-0.525000,6.475000,21,0.000000,0.000000,1.000000,0.000000,1.000000,0.000000,0.000000
50,129,-0.475000,6.475000,28,0.000000,0.000000,1.000000,0.000000,1.000000,0.000000,0.000000
53,129,-0.325000,6.475000,29,0.000000,0.000000,1.000000,0.000000,1.000000,0.000000,0.000000
54,129,-0.275000,6.475000,18,0.000000,0.000000,1.000000,0.000000,1.000000,0.000000,0.000000
55,129,-0.225000,6.475000,10,0.000000,0.000000,1.000000,0.000000,1.000000,0.000000,0.000000
56,129,-0.175000,6.475000,18,0.000000,0.000000,1.000000,0.000000,1.000000,0.000000,0.000000
57,129,-0.125000,6.475000,21,0.000000,0.000000,1.000000,0.000000,1.000000,0.000000,0.000000
58,129,-0.075000,6.475000,8,0.000000,0.000000,1.000000,0.000000,1.000000,0.000000,0.000000
59,129,-0.025000,6.475000,2,0.000000,0.000000,1.000000,0.000000,1.000000,0.000000,0.000000
60,129,0.025000,6.475000,8,0.000000,0.000000,1.000000,0.000000,1.000000,0.000000,0.000000
61,129,0.075000,6.475000,7,0.000000,0.000000,1.000000,0.000000,1.000000,0.000000,0.000000
62,129,0.125000,6.475000,7,0.000000,0.000000,1.000000,0.000000,1.000000,0.000000,0.000000
63,129,0.175000,6.475000,7,0.000000,0.000000,1.000000,0.000000,1.000000,0.000000,0.000000
64,129,0.225000,6.475000,13,0.000000,0.000000,1.000000,0.000000,1.000000,0.000000,0.000000
65,129,0.275000,6.475000,11,0.000000,0.000000,1.000000,0.000000,1.000000,0.000000,0.000000
66,129,0.325000,6.475000,10,0.000000,0.000000,1.000000,0.000000,1.000000,0.000000,0.000000
67,129,0.375000,6.475000,8,0.000000,0.000000,1.000000,0.000000,1.000000,0.000000,0.000000
68,129,0.425000,6.475000,13,0.000000,0.000000,1.000000,0.000000,1.000000,0.000000,0.000000
69,129,0.475000,6.475000,8,0.000000,0.000000,1.000000,0.000000,1.000000,0.000000,0.000000
71,129,0.575000,6.475000,7,0.000000,0.000000,1.000000,0.000000,1.000000,0.000000,0.000000
72,129,0.625000,6.475000,36,0.000000,0.000000,1.000000,0.000000,1.000000,0.000000,0.000000
73,129,0.675000,6.475000,7,0.000000,0.000000,1.000000,0.000000,1.000000,0.000000,0.000000
74,129,0.725000,6.475000,13,0.000000,0.000000,1.000000,0.000000,1.000000,0.000000,0.000000
75,129,0.775000,6.475000,10,0.000000,0.000000,1.000000,0.000000,1.000000,0.000000,0.000000
76,129,0.825000,6.475000,13,0.000000,0.000000,1.000000,0.000000,1.000000,0.000000,0.000000
77,129,0.875000,6.475000,9,0.000000,0.000000,1.000000,0.000000,1.000000,0.000000,0.000000
78,129,0.925000,6.475000,14,0.000000,0.000000,1.000000,0.000000,1.000000,0.000000,0.000000
79,129,0.975000,6.475000,18,0.000000,0.000000,1.000000,0.000000,1.000000,0.000000,0.000000
80,129,1.025000,6.475000,8,0.000000,0.000000,1.000000,0.000000,1.000000,0.000000,0.000000
81,129,1.075000,6.475000,6,0.000000,0.000000,1.000000,0.000000,1.000000,0.000000,0.000000
82,129,1.125000,6.475000,4,0.000000,0.000000,1.000000,0.000000,1.000000,0.000000,0.000000
83,129,1.175000,6.475000,20,0.000000,0.000000,1.000000,0.000000,1.000000,0.000000,0.000000
84,129,1.225000,6.475000,12,0.000000,0.000000,1.000000,0.000000,1.000000,0.000000,0.000000
85,129,1.275000,6.475000,7,0.000000,0.000000,1.000000,0.000000,1.000000,0.000000,0.000000
86,129,1.325000,6.475000,10,0.000000,0.000000,1.000000,0.000000,1.000000,0.000000,0.000000
87,129,1.375000,6.475000,19,0.000000,0.000000,1.000000,0.000000,1.000000,0.000000,0.000000
88,129,1.425000,6.475000,12,0.000000,0.000000,1.000000,0.000000,1.000000,0.000000,0.000000
89,129,1.475000,6.475000,10,0.000000,0.000000,1.000000,0.000000,1.000000,0.000000,0.000000
90,129,1.525000,6.475000,6,0.000000,0.000000,1.000000,0.000000,1.000000,0.000000,0.000000
94,129,1.725000,6.475000,20,0.000000,0.000000,1.000000,0.000000,1.000000,0.000000,0.000000
95,129,1.775000,6.475000,64,0.000000,0.000000,1.000000,0.000000,1.000000,0.000000,0.000000
96,129,1.825000,6.475000,42,0.000000,0.000000,1.000000,0.000000,1.000000,0.000000,0.000000
97,129,1.875000,6.475000,48,0.000000,0.000000,1.000000,0.000000,1.000000,0.000000,0.000000
43,130,-0.825000,6.525000,22,0.000000,0.000000,1.000000,0.000000,1.000000,0.000000,0.000000
44,130,-0.775000,6.525000,25,0.000000,0.000000,1.000000,0.000000,1.000000,0.000000,0.000000
45,130,-0.725000,6.525000,15,0.000000,0.000000,1.000000,0.000000,1.000000,0.000000,0.000000
46,130,-0.675000,6.525000,24,0.000000,0.000000,1.000000,0.000000,1.000000,0.000000,0.000000
47,130,-0.625000,6.525000,21,0.000000,0.000000,1.000000,0.000000,1.000000,0.000000,0.000000
48,130,-0.575000,6.525000,18,0.000000,0.000000,1.000000,0.000000,1.000000,0.000000,0.000000
49,130,-0.525000,6.525000,33,0.000000,0.000000,1.000000,0.000000,1.000000,0.000000,0.000000
50,130,-0.475000,6.525000,13,0.000000,0.000000,1.000000,0.000000,1.000000,0.000000,0.000000
53,130,-0.325000,6.525000,10,0.000000,0.000000,1.000000,0.000000,1.000000,0.000000,0.000000
54,130,-0.275000,6.525000,4,0.000000,0.000000,1.000000,0.000000,1.000000,0.000000,0.000000
55,130,-0.225000,6.525000,8,0.000000,0.000000,1.000000,0.000000,1.000000,0.000000,0.000000
56,130,-0.175000,6.525000,8,0.000000,0.000000,1.000000,0.000000,1.000000,0.000000,0.000000
57,130,-0.125000,6.525000,7,0.000000,0.000000,1.000000,0.000000,1.000000,0.000000,0.000000
58,130,-0.075000,6.525000,6,0.000000,0.000000,1.000000,0.000000,1.000000,0.000000,0.000000
59,130,-0.025000,6.525000,6,0.000000,0.000000,1.000000,0.000000,1.000000,0.000000,0.000000
60,130,0.025000,6.525000,8,0.000000,0.000000,1.000000,0.000000,1.000000,0.000000,0.000000
61,130,0.075000,6.525000,12,0.000000,0.000000,1.000000,0.000000,1.000000,0.000000,0.000000
62,130,0.125000,6.525000,10,0.000000,0.000000,1.000000,0.000000,1.000000,0.000000,0.000000
63,130,0.175000,6.525000,4,0.000000,0.000000,1.000000,0.000000,1.000000,0.000000,0.000000
64,130,0.225000,6.525000,12,0.000000,0.000000,1.000000,0.000000,1.000000,0.000000,0.000000
65,130,0.275000,6.525000,7,0.000000,0.000000,1.000000,0.000000,1.000000,0.000000,0.000000
66,130,0.325000,6.525000,17,0.000000,0.000000,1.000000,0.000000,1.000000,0.000000,0.000000
67,130,0.375000,6.525000,5,0.000000,0.000000,1.000000,0.000000,1.000000,0.000000,0.000000
68,130,0.425000,6.525000,20,0.000000,0.000000,1.000000,0.000000,1.000000,0.000000,0.000000
69,130,0.475000,6.525000,5,0.000000,0.000000,1.000000,0.000000,1.000000,0.000000,0.000000
72,130,0.625000,6.525000,53,0.000000,0.000000,1.000000,0.000000,1.000000,0.000000,0.000000
74,130,0.725000,6.525000,3,0.000000,0.000000,1.000000,0.000000,1.000000,0.000000,0.000000
75,130,0.775000,6.525000,13,0.000000,0.000000,1.000000,0.000000,1.000000,0.000000,0.000000
76,130,0.825000,6.525000,17,0.000000,0.000000,1.000000,0.000000,1.000000,0.000000,0.000000
77,130,0.875000,6.525000,13,0.000000,0.000000,1.000000,0.000000,1.000000,0.000000,0.000000
78,130,0.925000,6.525000,7,0.000000,0.000000,1.000000,0.000000,1.000000,0.000000,0.000000
79,130,0.975000,6.525000,23,0.000000,0.000000,1.000000,0.000000,1.000000,0.000000,0.000000
80,130,1.025000,6.525000,11,0.000000,0.000000,1.000000,0.000000,1.000000,0.000000,0.000000
81,130,1.075000,6.525000,11,0.000000,0.000000,1.000000,0.000000,1.000000,0.000000,0.000000
82,130,1.125000,6.525000,7,0.000000,0.000000,1.000000,0.000000,1.000000,0.000000,0.000000
83,130,1.175000,6.525000,7,0.000000,0.000000,1.000000,0.000000,1.000000,0.000000,0.000000
84,130,1.225000,6.525000,12,0.000000,0.000000,1.000000,0.000000,1.000000,0.000000,0.000000
85,130,1.275000,6.525000,9,0.000000,0.000000,1.000000,0.000000,1.000000,0.000000,0.000000
86,130,1.325000,6.525000,9,0.000000,0.000000,1.000000,0.000000,1.000000,0.000000,0.000000
87,130,1.375000,6.525000,10,0.000000,0.000000,1.000000,0.000000,1.000000,0.000000,0.000000
88,130,1.425000,6.525000,24,0.000000,0.000000,1.000000,0.000000,1.000000,0.000000,0.000000
89,130,1.475000,6.525000,19,0.000000,0.000000,1.000000,0.000000,1.000000,0.000000,0.000000
90,130,1.525000,6.525000,39,0.000000,0.000000,1.000000,0.000000,1.000000,0.000000,0.000000
91,130,1.575000,6.525000,11,0.000000,0.000000,1.000000,0.000000,1.000000,0.000000,0.000000
95,130,1.775000,6.525000,16,0.000000,0.000000,1.000000,0.000000,1.000000,0.000000,0.000000
96,130,1.825000,6.525000,68,0.000000,0.000000,1.000000,0.000000,1.000000,0.000000,0.000000
97,130,1.875000,6.525000,84,0.000000,0.000000,1.000000,0.000000,1.000000,0.000000,0.000000
43,131,-0.825000,6.575000,28,0.000000,0.000000,1.000000,0.000000,1.000000,0.000000,0.000000
44,131,-0.775000,6.575000,32,0.000000,0.000000,1.000000,0.000000,1.000000,0.000000,0.000000
45,131,-0.725000,6.575000,28,0.000000,0.000000,1.000000,0.000000,1.000000,0.000000,0.000000
46,131,-0.675000,6.575000,23,0.000000,0.000000,1.000000,0.000000,1.000000,0.000000,0.000000
47,131,-0.625000,6.575000,23,0.000000,0.000000,1.000000,0.000000,1.000000,0.000000,0.000000
48,131,-0.575000,6.575000,33,0.000000,0.000000,1.000000,0.000000,1.000000,0.000000,0.000000
49,131,-0.525000,6.575000,22,0.000000,0.000000,1.000000,0.000000,1.000000,0.000000,0.000000
53,131,-0.325000,6.575000,12,0.000000,0.000000,1.000000,0.000000,1.000000,0.000000,0.000000
54,131,-0.275000,6.575000,21,0.000000,0.000000,1.000000,0.000000,1.000000,0.000000,0.000000
55,131,-0.225000,6.575000,23,0.000000,0.000000,1.000000,0.000000,1.000000,0.000000,0.000000
56,131,-0.175000,6.575000,11,0.000000,0.000000,1.000000,0.000000,1.000000,0.000000,0.000000
57,131,-0.125000,6.575000,12,0.000000,0.000000,1.000000,0.000000,1.000000,0.000000,0.000000
58,131,-0.075000,6.575000,7,0.000000,0.000000,1.000000,0.000000,1.000000,0.000000,0.000000
59,131,-0.025000,6.575000,25,0.000000,0.000000,1.000000,0.000000,1.000000,0.000000,0.000000
60,131,0.025000,6.575000,4,0.000000,0.000000,1.000000,0.000000,1.000000,0.000000,0.000000
61,131,0.075000,6.575000,7,0.000000,0.000000,1.000000,0.000000,1.000000,0.000000,0.000000
62,131,0.125000,6.575000,7,0.000000,0.000000,1.000000,0.000000,1.000000,0.000000,0.000000
63,131,0.175000,6.575000,8,0.000000,0.000000,1.000000,0.000000,1.000000,0.000000,0.000000
64,131,0.225000,6.575000,4,0.000000,0.000000,1.000000,0.000000,1.000000,0.000000,0.000000
65,131,0.275000,6.575000,21,0.000000,0.000000,1.000000,0.000000,1.000000,0.000000,0.000000
66,131,0.325000,6.575000,17,0.000000,0.000000,1.000000,0.000000,1.000000,0.000000,0.000000
67,131,0.375000,6.575000,9,0.000000,0.000000,1.000000,0.000000,1.000000,0.000000,0.000000
68,131,0.425000,6.575000,34,0.000000,0.000000,1.000000,0.000000,1.000000,0.000000,0.000000
72,131,0.625000,6.575000,75,0.000000,0.000000,1.000000,0.000000,1.000000,0.000000,0.000000
75,131,0.775000,6.575000,7,0.000000,0.000000,1.000000,0.000000,1.000000,0.000000,0.000000
76,131,0.825000,6.575000,18,0.000000,0.000000,1.000000,0.000000,1.000000,0.000000,0.000000
77,131,0.875000,6.575000,5,0.000000,0.000000,1.000000,0.000000,1.000000,0.000000,0.000000
78,131,0.925000,6.575000,12,0.000000,0.000000,1.000000,0.000000,1.000000,0.000000,0.000000
79,131,0.975000,6.575000,17,0.000000,0.000000,1.000000,0.000000,1.000000,0.000000,0.000000
80,131,1.025000,6.575000,13,0.000000,0.000000,1.000000,0.000000,1.000000,0.000000,0.000000
81,131,1.075000,6.575000,11,0.000000,0.000000,1.000000,0.000000,1.000000,0.000000,0.000000
82,131,1.125000,6.575000,19,0.000000,0.000000,1.000000,0.000000,1.000000,0.000000,0.000000
83,131,1.175000,6.575000,11,0.000000,0.000000,1.000000,0.000000,1.000000,0.000000,0.000000
84,131,1.225000,6.575000,12,0.000000,0.000000,1.000000,0.000000,1.000000,0.000000,0.000000
85,131,1.275000,6.575000,11,0.000000,0.000000,1.000000,0.000000,1.000000,0.000000,0.000000
86,131,1.325000,6.575000,25,0.000000,0.000000,1.000000,0.000000,1.000000,0.000000,0.000000
87,131,1.375000,6.575000,7,0.000000,0.000000,1.000000,0.000000,1.000000,0.000000,0.000000
88,131,1.425000,6.575000,12,0.000000,0.000000,1.000000,0.000000,1.000000,0.000000,0.000000
89,131,1.475000,6.575000,15,0.000000,0.000000,1.000000,0.000000,1.000000,0.000000,0.000000
90,131,1.525000,6.575000,17,0.000000,0.000000,1.000000,0.000000,1.000000,0.000000,0.000000
91,131,1.575000,6.575000,13,0.000000,0.000000,1.000000,0.000000,1.000000,0.000000,0.000000
96,131,1.825000,6.575000,27,0.000000,0.000000,1.000000,0.000000,1.000000,0.000000,0.000000
97,131,1.875000,6.575000,123,0.000000,0.000000,1.000000,0.000000,1.000000,0.000000,0.000000
98,131,1.925000,6.575000,20,0.000000,0.000000,1.000000,0.000000,1.000000,0.000000,0.000000
43,132,-0.825000,6.625000,9,0.000000,0.000000,1.000000,0.000000,1.000000,0.000000,0.000000
44,132,-0.775000,6.625000,42,0.000000,0.000000,1.000000,0.000000,1.000000,0.000000,0.000000
45,132,-0.725000,6.625000,21,0.000000,0.000000,1.000000,0.000000,1.000000,0.000000,0.000000
46,132,-0.675000,6.625000,23,0.000000,0.000000,1.000000,0.000000,1.000000,0.000000,0.000000
47,132,-0.625000,6.625000,40,0.000000,0.000000,1.000000,0.000000,1.000000,0.000000,0.000000
48,132,-0.575000,6.625000,27,0.000000,0.000000,1.000000,0.000000,1.000000,0.000000,0.000000
52,132,-0.375000,6.625000,25,0.000000,0.000000,1.000000,0.000000,1.000000,0.000000,0.000000
53,132,-0.325000,6.625000,15,0.000000,0.000000,1.000000,0.000000,1.000000,0.000000,0.000000
54,132,-0.275000,6.625000,23,0.000000,0.000000,1.000000,0.000000,1.000000,0.000000,0.000000
55,132,-0.225000,6.625000,19,0.000000,0.000000,1.000000,0.000000,1.000000,0.000000,0.000000
56,132,-0.175000,6.625000,18,0.000000,0.000000,1.000000,0.000000,1.000000,0.000000,0.000000
57,132,-0.125000,6.625000,5,0.000000,0.000000,1.000000,0.000000,1.000000,0.000000,0.000000
58,132,-0.075000,6.625000,5,0.000000,0.000000,1.000000,0.000000,1.000000,0.000000,0.000000
59,132,-0.025000,6.625000,13,0.000000,0.000000,1.000000,0.000000,1.000000,0.000000,0.000000
60,132,0.025000,6.625000,8,0.000000,0.000000,1.000000,0.000000,1.000000,0.000000,0.000000
61,132,0.075000,6.625000,18,0.000000,0.000000,1.000000,0.000000,1.000000,0.000000,0.000000
62,132,0.125000,6.625000,5,0.000000,0.000000,1.000000,0.000000,1.000000,0.000000,0.000000
63,132,0.175000,6.625000,16,0.000000,0.000000,1.000000,0.000000,1.000000,0.000000,0.000000
64,132,0.225000,6.625000,10,0.000000,0.000000,1.000000,0.000000,1.000000,0.000000,0.000000
65,132,0.275000,6.625000,18,0.000000,0.000000,1.000000,0.000000,1.000000,0.000000,0.000000
66,132,0.325000,6.625000,3,0.000000,0.000000,1.000000,0.000000,1.000000,0.000000,0.000000
67,132,0.375000,6.625000,20,0.000000,0.000000,1.000000,0.000000,1.000000,0.000000,0.000000
68,132,0.425000,6.625000,10,0.000000,0.000000,1.000000,0.000000,1.000000,0.000000,0.000000
72,132,0.625000,6.625000,19,0.000000,0.000000,1.000000,0.000000,1.000000,0.000000,0.000000
76,132,0.825000,6.625000,7,0.000000,0.000000,1.000000,0.000000,1.000000,0.000000,0.000000
77,132,0.875000,6.625000,29,0.000000,0.000000,1.000000,0.000000,1.000000,0.000000,0.000000
78,132,0.925000,6.625000,3,0.000000,0.000000,1.000000,0.000000,1.000000,0.000000,0.000000
79,132,0.975000,6.625000,19,0.000000,0.000000,1.000000,0.000000,1.000000,0.000000,0.000000
80,132,1.025000,6.625000,11,0.000000,0.000000,1.000000,0.000000,1.000000,0.000000,0.000000
81,132,1.075000,6.625000,15,0.000000,0.000000,1.000000,0.000000,1.000000,0.000000,0.000000
82,132,1.125000,6.625000,22,0.000000,0.000000,1.000000,0.000000,1.000000,0.000000,0.000000
83,132,1.175000,6.625000,4,0.000000,0.000000,1.000000,0.000000,1.000000,0.000000,0.000000
84,132,1.225000,6.625000,15,0.000000,0.000000,1.000000,0.000000,1.000000,0.000000,0.000000
85,132,1.275000,6.625000,18,0.000000,0.000000,1.000000,0.000000,1.000000,0.000000,0.000000
86,132,1.325000,6.625000,11,0.000000,0.000000,1.000000,0.000000,1.000000,0.000000,0.000000
87,132,1.375000,6.625000,16,0.000000,0.000000,1.000000,0.000000,1.000000,0.000000,0.000000
88,132,1.425000,6.625000,14,0.000000,0.000000,1.000000,0.000000,1.000000,0.000000,0.000000
89,132,1.475000,6.625000,11,0.000000,0.000000,1.000000,0.000000,1.000000,0.000000,0.000000
90,132,1.525000,6.625000,22,0.000000,0.000000,1.000000,0.000000,1.000000,0.000000,0.000000
91,132,1.575000,6.625000,21,0.000000,0.000000,1.000000,0.000000,1.000000,0.000000,0.000000
92,132,1.625000,6.625000,26,0.000000,0.000000,1.000000,0.000000,1.000000,0.000000,0.000000
97,132,1.875000,6.625000,116,0.000000,0.000000,1.000000,0.000000,1.000000,0.000000,0.000000
98,132,1.925000,6.625000,29,0.000000,0.000000,1.000000,0.000000,1.000000,0.000000,0.000000
43,133,-0.825000,6.675000,20,0.000000,0.000000,1.000000,0.000000,1.000000,0.000000,0.000000
44,133,-0.775000,6.675000,24,0.000000,0.000000,1.000000,0.000000,1.000000,0.000000,0.000000
45,133,-0.725000,6.675000,23,0.000000,0.000000,1.000000,0.000000,1.000000,0.000000,0.000000
46,133,-0.675000,6.675000,35,0.000000,0.000000,1.000000,0.000000,1.000000,0.000000,0.000000
47,133,-0.625000,6.675000,35,0.000000,0.000000,1.000000,0.000000,1.000000,0.000000,0.000000
52,133,-0.375000,6.675000,17,0.000000,0.000000,1.000000,0.000000,1.000000,0.000000,0.000000
53,133,-0.325000,6.675000,5,0.000000,0.000000,1.000000,0.000000,1.000000,0.000000,0.000000
54,133,-0.275000,6.675000,18,0.000000,0.000000,1.000000,0.000000,1.000000,0.000000,0.000000
55,133,-0.225000,6.675000,7,0.000000,0.000000,1.000000,0.000000,1.000000,0.000000,0.000000
56,133,-0.175000,6.675000,13,0.000000,0.000000,1.000000,0.000000,1.000000,0.000000,0.000000
57,133,-0.125000,6.675000,13,0.000000,0.000000,1.000000,0.000000,1.000000,0.000000,0.000000
58,133,-0.075000,6.675000,16,0.000000,0.000000,1.000000,0.000000,1.000000,0.000000,0.000000
59,133,-0.025000,6.675000,9,0.000000,0.000000,1.000000,0.000000,1.000000,0.000000,0.000000
60,133,0.025000,6.675000,6,0.000000,0.000000,1.000000,0.000000,1.000000,0.000000,0.000000
61,133,0.075000,6.675000,3,0.000000,0.000000,1.000000,0.000000,1.000000,0.000000,0.000000
62,133,0.125000,6.675000,20,0.000000,0.000000,1.000000,0.000000,1.000000,0.000000,0.000000
63,133,0.175000,6.675000,17,0.000000,0.000000,1.000000,0.000000,1.000000,0.000000,0.000000
64,133,0.225000,6.675000,2,0.000000,0.000000,1.000000,0.000000,1.000000,0.000000,0.000000
65,133,0.275000,6.675000,27,0.000000,0.000000,1.000000,0.000000,1.000000,0.000000,0.000000
71,133,0.575000,6.675000,21,0.000000,0.000000,1.000000,0.000000,1.000000,0.000000,0.000000
72,133,0.625000,6.675000,7,0.000000,0.000000,1.000000,0.000000,1.000000,0.000000,0.000000
73,133,0.675000,6.675000,9,0.000000,0.000000,1.000000,0.000000,1.000000,0.000000,0.000000
77,133,0.875000,6.675000,3,0.000000,0.000000,1.000000,0.000000,1.000000,0.000000,0.000000
78,133,0.925000,6.675000,36,0.000000,0.000000,1.000000,0.000000,1.000000,0.000000,0.000000
79,133,0.975000,6.675000,4,0.000000,0.000000,1.000000,0.000000,1.000000,0.000000,0.000000
80,133,1.025000,6.675000,29,0.000000,0.000000,1.000000,0.000000,1.000000,0.000000,0.000000
81,133,1.075000,6.675000,12,0.000000,0.000000,1.000000,0.000000,1.000000,0.000000,0.000000
82,133,1.125000,6.675000,16,0.000000,0.000000,1.000000,0.000000,1.000000,0.000000,0.000000
83,133,1.175000,6.675000,16,0.000000,0.000000,1.000000,0.000000,1.000000,0.000000,0.000000
84,133,1.225000,6.675000,9,0.000000,0.000000,1.000000,0.000000,1.000000,0.000000,0.000000
85,133,1.275000,6.675000,16,0.000000,0.000000,1.000000,0.000000,1.000000,0.000000,0.000000
86,133,1.325000,6.675000,10,0.000000,0.000000,1.000000,0.000000,1.000000,0.000000,0.000000
87,133,1.375000,6.675000,11,0.000000,0.000000,1.000000,0.000000,1.000000,0.000000,0.000000
88,133,1.425000,6.675000,17,0.000000,0.000000,1.000000,0.000000,1.000000,0.000000,0.000000
89,133,1.475000,6.675000,7,0.000000,0.000000,1.000000,0.000000,1.000000,0.000000,0.000000
90,133,1.525000,6.675000,9,0.000000,0.000000,1.000000,0.000000,1.000000,0.000000,0.000000
91,133,1.575000,6.675000,23,0.000000,0.000000,1.000000,0.000000,1.000000,0.000000,0.000000
92,133,1.625000,6.675000,24,0.000000,0.000000,1.000000,0.000000,1.000000,0.000000,0.000000
93,133,1.675000,6.675000,17,0.000000,0.000000,1.000000,0.000000,1.000000,0.000000,0.000000
97,133,1.875000,6.675000,62,0.000000,0.000000,1.000000,0.000000,1.000000,0.000000,0.000000
98,133,1.925000,6.675000,1,0.000000,0.000000,1.000000,0.000000,1.000000,0.000000,0.000000
43,134,-0.825000,6.725000,18,0.000000,0.000000,1.000000,0.000000,1.000000,0.000000,0.000000
44,134,-0.775000,6.725000,39,0.000000,0.000000,1.000000,0.000000,1.000000,0.000000,0.000000
45,134,-0.725000,6.725000,35,0.000000,0.000000,1.000000,0.000000,1.000000,0.000000,0.000000
46,134,-0.675000,6.725000,43,0.000000,0.000000,1.000000,0.000000,1.000000,0.000000,0.000000
47,134,-0.625000,6.725000,20,0.000000,0.000000,1.000000,0.000000,1.000000,0.000000,0.000000
52,134,-0.375000,6.725000,4,0.000000,0.000000,1.000000,0.000000,1.000000,0.000000,0.000000
53,134,-0.325000,6.725000,19,0.000000,0.000000,1.000000,0.000000,1.000000,0.000000,0.000000
54,134,-0.275000,6.725000,14,0.000000,0.000000,1.000000,0.000000,1.000000,0.000000,0.000000
55,134,-0.225000,6.725000,14,0.000000,0.000000,1.000000,0.000000,1.000000,0.000000,0.000000
56,134,-0.175000,6.725000,14,0.000000,0.000000,1.000000,0.000000,1.000000,0.000000,0.000000
57,134,-0.125000,6.725000,11,0.000000,0.000000,1.000000,0.000000,1.000000,0.000000,0.000000
58,134,-0.075000,6.725000,11,0.000000,0.000000,1.000000,0.000000,1.000000,0.000000,0.000000
59,134,-0.025000,6.725000,13,0.000000,0.000000,1.000000,0.000000,1.000000,0.000000,0.000000
60,134,0.025000,6.725000,7,0.000000,0.000000,1.000000,0.000000,1.000000,0.000000,0.000000
61,134,0.075000,6.725000,15,0.000000,0.000000,1.000000,0.000000,1.000000,0.000000,0.000000
62,134,0.125000,6.725000,10,0.000000,0.000000,1.000000,0.000000,1.000000,0.000000,0.000000
63,134,0.175000,6.725000,15,0.000000,0.000000,1.000000,0.000000,1.000000,0.000000,0.000000
64,134,0.225000,6.725000,13,0.000000,0.000000,1.000000,0.000000,1.000000,0.000000,0.000000
65,134,0.275000,6.725000,28,0.000000,0.000000,1.000000,0.000000,1.000000,0.000000,0.000000
66,134,0.325000,6.725000,4,0.000000,0.000000,1.000000,0.000000,1.000000,0.000000,0.000000
67,134,0.375000,6.725000,2,0.000000,0.000000,1.000000,0.000000,1.000000,0.000000,0.000000
70,134,0.525000,6.725000,9,0.000000,0.000000,1.000000,0.000000,1.000000,0.000000,0.000000
71,134,0.575000,6.725000,9,0.000000,0.000000,1.000000,0.000000,1.000000,0.000000,0.000000
73,134,0.675000,6.725000,27,0.000000,0.000000,1.000000,0.000000,1.000000,0.000000,0.000000
78,134,0.925000,6.725000,1,0.000000,0.000000,1.000000,0.000000,1.000000,0.000000,0.000000
79,134,0.975000,6.725000,9,0.000000,0.000000,1.000000,0.000000,1.000000,0.000000,0.000000
80,134,1.025000,6.725000,6,0.000000,0.000000,1.000000,0.000000,1.000000,0.000000,0.000000
81,134,1.075000,6.725000,32,0.000000,0.000000,1.000000,0.000000,1.000000,0.000000,0.000000
82,134,1.125000,6.725000,21,0.000000,0.000000,1.000000,0.000000,1.000000,0.000000,0.000000
83,134,1.175000,6.725000,40,0.000000,0.000000,1.000000,0.000000,1.000000,0.000000,0.000000
84,134,1.225000,6.725000,16,0.000000,0.000000,1.000000,0.000000,1.000000,0.000000,0.000000
85,134,1.275000,6.725000,22,0.000000,0.000000,1.000000,0.000000,1.000000,0.000000,0.000000
86,134,1.325000,6.725000,19,0.000000,0.000000,1.000000,0.000000,1.000000,0.000000,0.000000
87,134,1.375000,6.725000,23,0.000000,0.000000,1.000000,0.000000,1.000000,0.000000,0.000000
88,134,1.425000,6.725000,14,0.000000,0.000000,1.000000,0.000000,1.000000,0.000000,0.000000
89,134,1.475000,6.725000,10,0.000000,0.000000,1.000000,0.000000,1.000000,0.000000,0.000000
90,134,1.525000,6.725000,20,0.000000,0.000000,1.000000,0.000000,1.000000,0.000000,0.000000
91,134,1.575000,6.725000,18,0.000000,0.000000,1.000000,0.000000,1.000000,0.000000,0.000000
92,134,1.625000,6.725000,22,0.000000,0.000000,1.000000,0.000000,1.000000,0.000000,0.000000
93,134,1.675000,6.725000,24,0.000000,0.000000,1.000000,0.000000,1.000000,0.000000,0.000000
94,134,1.725000,6.725000,1,0.000000,0.000000,1.000000,0.000000,1.000000,0.000000,0.000000
43,135,-0.825000,6.775000,12,0.000000,0.000000,1.000000,0.000000,1.000000,0.000000,0.000000
44,135,-0.775000,6.775000,64,0.000000,0.000000,1.000000,0.000000,1.000000,0.000000,0.000000
45,135,-0.725000,6.775000,50,0.000000,0.000000,1.000000,0.000000,1.000000,0.000000,0.000000
46,135,-0.675000,6.775000,60,0.000000,0.000000,1.000000,0.000000,1.000000,0.000000,0.000000
47,135,-0.625000,6.775000,1,0.000000,0.000000,1.000000,0.000000,1.000000,0.000000,0.000000
51,135,-0.425000,6.775000,8,0.000000,0.000000,1.000000,0.000000,1.000000,0.000000,0.000000
52,135,-0.375000,6.775000,38,0.000000,0.000000,1.000000,0.000000,1.000000,0.000000,0.000000
53,135,-0.325000,6.775000,20,0.000000,0.000000,1.000000,0.000000,1.000000,0.000000,0.000000
54,135,-0.275000,6.775000,11,0.000000,0.000000,1.000000,0.000000,1.000000,0.000000,0.000000
55,135,-0.225000,6.775000,20,0.000000,0.000000,1.000000,0.000000,1.000000,0.000000,0.000000
56,135,-0.175000,6.775000,5,0.000000,0.000000,1.000000,0.000000,1.000000,0.000000,0.000000
57,135,-0.125000,6.775000,19,0.000000,0.000000,1.000000,0.000000,1.000000,0.000000,0.000000
58,135,-0.075000,6.775000,4,0.000000,0.000000,1.000000,0.000000,1.000000,0.000000,0.000000
59,135,-0.025000,6.775000,14,0.000000,0.000000,1.000000,0.000000,1.000000,0.000000,0.000000
60,135,0.025000,6.775000,15,0.000000,0.000000,1.000000,0.000000,1.000000,0.000000,0.000000
61,135,0.075000,6.775000,16,0.000000,0.000000,1.000000,0.000000,1.000000,0.000000,0.000000
62,135,0.125000,6.775000,16,0.000000,0.000000,1.000000,0.000000,1.000000,0.000000,0.000000
63,135,0.175000,6.775000,16,0.000000,0.000000,1.000000,0.000000,1.000000,0.000000,0.000000
64,135,0.225000,6.775000,15,0.000000,0.000000,1.000000,0.000000,1.000000,0.000000,0.000000
65,135,0.275000,6.775000,3,0.000000,0.000000,1.000000,0.000000,1.000000,0.000000,0.000000
66,135,0.325000,6.775000,7,0.000000,0.000000,1.000000,0.000000,1.000000,0.000000,0.000000
67,135,0.375000,6.775000,2,0.000000,0.000000,1.000000,0.000000,1.000000,0.000000,0.000000
69,135,0.475000,6.775000,6,0.000000,0.000000,1.000000,0.000000,1.000000,0.000000,0.000000
70,135,0.525000,6.775000,7,0.000000,0.000000,1.000000,0.000000,1.000000,0.000000,0.000000
71,135,0.575000,6.775000,6,0.000000,0.000000,1.000000,0.000000,1.000000,0.000000,0.000000
72,135,0.625000,6.775000,8,0.000000,0.000000,1.000000,0.000000,1.000000,0.000000,0.000000
73,135,0.675000,6.775000,49,0.000000,0.000000,1.000000,0.000000,1.000000,0.000000,0.000000
74,135,0.725000,6.775000,9,0.000000,0.000000,1.000000,0.000000,1.000000,0.000000,0.000000
78,135,0.925000,6.775000,1,0.000000,0.000000,1.000000,0.000000,1.000000,0.000000,0.000000
79,135,0.975000,6.775000,8,0.000000,0.000000,1.000000,0.000000,1.000000,0.000000,0.000000
80,135,1.025000,6.775000,8,0.000000,0.000000,1.000000,0.000000,1.000000,0.000000,0.000000
81,135,1.075000,6.775000,9,0.000000,0.000000,1.000000,0.000000,1.000000,0.000000,0.000000
82,135,1.125000,6.775000,12,0.000000,0.000000,1.000000,0.000000,1.000000,0.000000,0.000000
83,135,1.175000,6.775000,25,0.000000,0.000000,1.000000,0.000000,1.000000,0.000000,0.000000
84,135,1.225000,6.775000,36,0.000000,0.000000,1.000000,0.000000,1.000000,0.000000,0.000000
85,135,1.275000,6.775000,59,0.000000,0.000000,1.000000,0.000000,1.000000,0.000000,0.000000
86,135,1.325000,6.775000,26,0.000000,0.000000,1.000000,0.000000,1.000000,0.000000,0.000000
87,135,1.375000,6.775000,35,0.000000,0.000000,1.000000,0.000000,1.000000,0.000000,0.000000
88,135,1.425000,6.775000,24,0.000000,0.000000,1.000000,0.000000,1.000000,0.000000,0.000000
89,135,1.475000,6.775000,30,0.000000,0.000000,1.000000,0.000000,1.000000,0.000000,0.000000
90,135,1.525000,6.775000,11,0.000000,0.000000,1.000000,0.000000,1.000000,0.000000,0.000000
91,135,1.575000,6.775000,23,0.000000,0.000000,1.000000,0.000000,1.000000,0.000000,0.000000
92,135,1.625000,6.775000,15,0.000000,0.000000,1.000000,0.000000,1.000000,0.000000,0.000000
93,135,1.675000,6.775000,38,0.000000,0.000000,1.000000,0.000000,1.000000,0.000000,0.000000
94,135,1.725000,6.775000,24,0.000000,0.000000,1.000000,0.000000,1.000000,0.000000,0.000000
43,136,-0.825000,6.825000,4,0.000000,0.000000,1.000000,0.000000,1.000000,0.000000,0.000000
44,136,-0.775000,6.825000,83,0.000000,0.000000,1.000000,0.000000,1.000000,0.000000,0.000000
45,136,-0.725000,6.825000,66,0.000000,0.000000,1.000000,0.000000,1.000000,0.000000,0.000000
46,136,-0.675000,6.825000,28,0.000000,0.000000,1.000000,0.000000,1.000000,0.000000,0.000000
51,136,-0.425000,6.825000,4,0.000000,0.000000,1.000000,0.000000,1.000000,0.000000,0.000000
52,136,-0.375000,6.825000,4,0.000000,0.000000,1.000000,0.000000,1.000000,0.000000,0.000000
53,136,-0.325000,6.825000,19,0.000000,0.000000,1.000000,0.000000,1.000000,0.000000,0.000000
54,136,-0.275000,6.825000,15,0.000000,0.000000,1.000000,0.000000,1.000000,0.000000,0.000000
55,136,-0.225000,6.825000,12,0.000000,0.000000,1.000000,0.000000,1.000000,0.000000,0.000000
56,136,-0.175000,6.825000,21,0.000000,0.000000,1.000000,0.000000,1.000000,0.000000,0.000000
57,136,-0.125000,6.825000,7,0.000000,0.000000,1.000000,0.000000,1.000000,0.000000,0.000000
58,136,-0.075000,6.825000,14,0.000000,0.000000,1.000000,0.000000,1.000000,0.000000,0.000000
59,136,-0.025000,6.825000,19,0.000000,0.000000,1.000000,0.000000,1.000000,0.000000,0.000000
60,136,0.025000,6.825000,21,0.000000,0.000000,1.000000,0.000000,1.000000,0.000000,0.000000
61,136,0.075000,6.825000,12,0.000000,0.000000,1.000000,0.000000,1.000000,0.000000,0.000000
62,136,0.125000,6.825000,25,0.000000,0.000000,1.000000,0.000000,1.000000,0.000000,0.000000
63,136,0.175000,6.825000,13,0.000000,0.000000,1.000000,0.000000,1.000000,0.000000,0.000000
64,136,0.225000,6.825000,7,0.000000,0.000000,1.000000,0.000000,1.000000,0.000000,0.000000
65,136,0.275000,6.825000,7,0.000000,0.000000,1.000000,0.000000,1.000000,0.000000,0.000000
66,136,0.325000,6.825000,12,0.000000,0.000000,1.000000,0.000000,1.000000,0.000000,0.000000
67,136,0.375000,6.825000,4,0.000000,0.000000,1.000000,0.000000,1.000000,0.000000,0.000000
68,136,0.425000,6.825000,3,0.000000,0.000000,1.000000,0.000000,1.000000,0.000000,0.000000
69,136,0.475000,6.825000,13,0.000000,0.000000,1.000000,0.000000,1.000000,0.000000,0.000000
70,136,0.525000,6.825000,5,0.000000,0.000000,1.000000,0.000000,1.000000,0.000000,0.000000
71,136,0.575000,6.825000,5,0.000000,0.000000,1.000000,0.000000,1.000000,0.000000,0.000000
72,136,0.625000,6.825000,7,0.000000,0.000000,1.000000,0.000000,1.000000,0.000000,0.000000
73,136,0.675000,6.825000,39,0.000000,0.000000,1.000000,0.000000,1.000000,0.000000,0.000000
74,136,0.725000,6.825000,22,0.000000,0.000000,1.000000,0.000000,1.000000,0.000000,0.000000
75,136,0.775000,6.825000,9,0.000000,0.000000,1.000000,0.000000,1.000000,0.000000,0.000000
76,136,0.825000,6.825000,9,0.000000,0.000000,1.000000,0.000000,1.000000,0.000000,0.000000
77,136,0.875000,6.825000,3,0.000000,0.000000,1.000000,0.000000,1.000000,0.000000,0.000000
78,136,0.925000,6.825000,2,0.000000,0.000000,1.000000,0.000000,1.000000,0.000000,0.000000
79,136,0.975000,6.825000,6,0.000000,0.000000,1.000000,0.000000,1.000000,0.000000,0.000000
80,136,1.025000,6.825000,11,0.000000,0.000000,1.000000,0.000000,1.000000,0.000000,0.000000
81,136,1.075000,6.825000,10,0.000000,0.000000,1.000000,0.000000,1.000000,0.000000,0.000000
82,136,1.125000,6.825000,14,0.000000,0.000000,1.000000,0.000000,1.000000,0.000000,0.000000
83,136,1.175000,6.825000,14,0.000000,0.000000,1.000000,0.000000,1.000000,0.000000,0.000000
84,136,1.225000,6.825000,5,0.000000,0.000000,1.000000,0.000000,1.000000,0.000000,0.000000
85,136,1.275000,6.825000,2,0.000000,0.000000,1.000000,0.000000,1.000000,0.000000,0.000000
86,136,1.325000,6.825000,6,0.000000,0.000000,1.000000,0.000000,1.000000,0.000000,0.000000
87,136,1.375000,6.825000,21,0.000000,0.000000,1.000000,0.000000,1.000000,0.000000,0.000000
88,136,1.425000,6.825000,40,0.000000,0.000000,1.000000,0.000000,1.000000,0.000000,0.000000
89,136,1.475000,6.825000,30,0.000000,0.000000,1.000000,0.000000,1.000000,0.000000,0.000000
90,136,1.525000,6.825000,27,0.000000,0.000000,1.000000,0.000000,1.000000,0.000000,0.000000
91,136,1.575000,6.825000,18,0.000000,0.000000,1.000000,0.000000,1.000000,0.000000,0.000000
92,136,1.625000,6.825000,24,0.000000,0.000000,1.000000,0.000000,1.000000,0.000000,0.000000
93,136,1.675000,6.825000,16,0.000000,0.000000,1.000000,0.000000,1.000000,0.000000,0.000000
94,136,1.725000,6.825000,47,0.000000,0.000000,1.000000,0.000000,1.000000,0.000000,0.000000
95,136,1.775000,6.825000,24,0.000000,0.000000,1.000000,0.000000,1.000000,0.000000,0.000000
44,137,-0.775000,6.875000,80,0.000000,0.000000,1.000000,0.000000,1.000000,0.000000,0.000000
45,137,-0.725000,6.875000,99,0.000000,0.000000,1.000000,0.000000,1.000000,0.000000,0.000000
46,137,-0.675000,6.875000,11,0.000000,0.000000,1.000000,0.000000,1.000000,0.000000,0.000000
51,137,-0.425000,6.875000,4,0.000000,0.000000,1.000000,0.000000,1.000000,0.000000,0.000000
52,137,-0.375000,6.875000,29,0.000000,0.000000,1.000000,0.000000,1.000000,0.000000,0.000000
53,137,-0.325000,6.875000,21,0.000000,0.000000,1.000000,0.000000,1.000000,0.000000,0.000000
54,137,-0.275000,6.875000,22,0.000000,0.000000,1.000000,0.000000,1.000000,0.000000,0.000000
55,137,-0.225000,6.875000,10,0.000000,0.000000,1.000000,0.000000,1.000000,0.000000,0.000000
56,137,-0.175000,6.875000,17,0.000000,0.000000,1.000000,0.000000,1.000000,0.000000,0.000000
57,137,-0.125000,6.875000,17,0.000000,0.000000,1.000000,0.000000,1.000000,0.000000,0.000000
58,137,-0.075000,6.875000,14,0.000000,0.000000,1.000000,0.000000,1.000000,0.000000,0.000000
59,137,-0.025000,6.875000,11,0.000000,0.000000,1.000000,0.000000,1.000000,0.000000,0.000000
60,137,0.025000,6.875000,15,0.000000,0.000000,1.000000,0.000000,1.000000,0.000000,0.000000
61,137,0.075000,6.875000,33,0.000000,0.000000,1.000000,0.000000,1.000000,0.000000,0.000000
62,137,0.125000,6.875000,22,0.000000,0.000000,1.000000,0.000000,1.000000,0.000000,0.000000
63,137,0.175000,6.875000,8,0.000000,0.000000,1.000000,0.000000,1.000000,0.000000,0.000000
64,137,0.225000,6.875000,8,0.000000,0.000000,1.000000,0.000000,1.000000,0.000000,0.000000
65,137,0.275000,6.875000,9,0.000000,0.000000,1.000000,0.000000,1.000000,0.000000,0.000000
66,137,0.325000,6.875000,8,0.000000,0.000000,1.000000,0.000000,1.000000,0.000000,0.000000
67,137,0.375000,6.875000,9,0.000000,0.000000,1.000000,0.000000,1.000000,0.000000,0.000000
68,137,0.425000,6.875000,12,0.000000,0.000000,1.000000,0.000000,1.000000,0.000000,0.000000
69,137,0.475000,6.875000,5,0.000000,0.000000,1.000000,0.000000,1.000000,0.000000,0.000000
70,137,0.525000,6.875000,2,0.000000,0.000000,1.000000,0.000000,1.000000,0.000000,0.000000
71,137,0.575000,6.875000,6,0.000000,0.000000,1.000000,0.000000,1.000000,0.000000,0.000000
72,137,0.625000,6.875000,2,0.000000,0.000000,1.000000,0.000000,1.000000,0.000000,0.000000
73,137,0.675000,6.875000,12,0.000000,0.000000,1.000000,0.000000,1.000000,0.000000,0.000000
74,137,0.725000,6.875000,61,0.000000,0.000000,1.000000,0.000000,1.000000,0.000000,0.000000
75,137,0.775000,6.875000,6,0.000000,0.000000,1.000000,0.000000,1.000000,0.000000,0.000000
76,137,0.825000,6.875000,8,0.000000,0.000000,1.000000,0.000000,1.000000,0.000000,0.000000
77,137,0.875000,6.875000,12,0.000000,0.000000,1.000000,0.000000,1.000000,0.000000,0.000000
78,137,0.925000,6.875000,3,0.000000,0.000000,1.000000,0.000000,1.000000,0.000000,0.000000
79,137,0.975000,6.875000,10,0.000000,0.000000,1.000000,0.000000,1.000000,0.000000,0.000000
80,137,1.025000,6.875000,11,0.000000,0.000000,1.000000,0.000000,1.000000,0.000000,0.000000
81,137,1.075000,6.875000,14,0.000000,0.000000,1.000000,0.000000,1.000000,0.000000,0.000000
82,137,1.125000,6.875000,18,0.000000,0.000000,1.000000,0.000000,1.000000,0.000000,0.000000
83,137,1.175000,6.875000,12,0.000000,0.000000,1.000000,0.000000,1.000000,0.000000,0.000000
84,137,1.225000,6.875000,15,0.000000,0.000000,1.000000,0.000000,1.000000,0.000000,0.000000
85,137,1.275000,6.875000,14,0.000000,0.000000,1.000000,0.000000,1.000000,0.000000,0.000000
86,137,1.325000,6.875000,24,0.000000,0.000000,1.000000,0.000000,1.000000,0.000000,0.000000
87,137,1.375000,6.875000,31,0.000000,0.000000,1.000000,0.000000,1.000000,0.000000,0.000000
88,137,1.425000,6.875000,9,0.000000,0.000000,1.000000,0.000000,1.000000,0.000000,0.000000
89,137,1.475000,6.875000,25,0.000000,0.000000,1.000000,0.000000,1.000000,0.000000,0.000000
90,137,1.525000,6.875000,27,0.000000,0.000000,1.000000,0.000000,1.000000,0.000000,0.000000
91,137,1.575000,6.875000,31,0.000000,0.000000,1.000000,0.000000,1.000000,0.000000,0.000000
92,137,1.625000,6.875000,31,0.000000,0.000000,1.000000,0.000000,1.000000,0.000000,0.000000
93,137,1.675000,6.875000,24,0.000000,0.000000,1.000000,0.000000,1.000000,0.000000,0.000000
94,137,1.725000,6.875000,35,0.000000,0.000000,1.000000,0.000000,1.000000,0.000000,0.000000
95,137,1.775000,6.875000,48,0.000000,0.000000,1.000000,0.000000,1.000000,0.000000,0.000000
96,137,1.825000,6.875000,1,0.000000,0.000000,1.000000,0.000000,1.000000,0.000000,0.000000
44,138,-0.775000,6.925000,29,0.000000,0.000000,1.000000,0.000000,1.000000,0.000000,0.000000
45,138,-0.725000,6.925000,140,0.000000,0.000000,1.000000,0.000000,1.000000,0.000000,0.000000
51,138,-0.425000,6.925000,29,0.000000,0.000000,1.000000,0.000000,1.000000,0.000000,0.000000
52,138,-0.375000,6.925000,14,0.000000,0.000000,1.000000,0.000000,1.000000,0.000000,0.000000
53,138,-0.325000,6.925000,16,0.000000,0.000000,1.000000,0.000000,1.000000,0.000000,0.000000
54,138,-0.275000,6.925000,16,0.000000,0.000000,1.000000,0.000000,1.000000,0.000000,0.000000
55,138,-0.225000,6.925000,23,0.000000,0.000000,1.000000,0.000000,1.000000,0.000000,0.000000
56,138,-0.175000,6.925000,6,0.000000,0.000000,1.000000,0.000000,1.000000,0.000000,0.000000
57,138,-0.125000,6.925000,12,0.000000,0.000000,1.000000,0.000000,1.000000,0.000000,0.000000
58,138,-0.075000,6.925000,21,0.000000,0.000000,1.000000,0.000000,1.000000,0.000000,0.000000
59,138,-0.025000,6.925000,32,0.000000,0.000000,1.000000,0.000000,1.000000,0.000000,0.000000
60,138,0.025000,6.925000,43,0.000000,0.000000,1.000000,0.000000,1.000000,0.000000,0.000000
61,138,0.075000,6.925000,37,0.000000,0.000000,1.000000,0.000000,1.000000,0.000000,0.000000
62,138,0.125000,6.925000,12,0.000000,0.000000,1.000000,0.000000,1.000000,0.000000,0.000000
63,138,0.175000,6.925000,17,0.000000,0.000000,1.000000,0.000000,1.000000,0.000000,0.000000
64,138,0.225000,6.925000,17,0.000000,0.000000,1.000000,0.000000,1.000000,0.000000,0.000000
65,138,0.275000,6.925000,13,0.000000,0.000000,1.000000,0.000000,1.000000,0.000000,0.000000
66,138,0.325000,6.925000,9,0.000000,0.000000,1.000000,0.000000,1.000000,0.000000,0.000000
67,138,0.375000,6.925000,8,0.000000,0.000000,1.000000,0.000000,1.000000,0.000000,0.000000
68,138,0.425000,6.925000,16,0.000000,0.000000,1.000000,0.000000,1.000000,0.000000,0.000000
69,138,0.475000,6.925000,8,0.000000,0.000000,1.000000,0.000000,1.000000,0.000000,0.000000
70,138,0.525000,6.925000,5,0.000000,0.000000,1.000000,0.000000,1.000000,0.000000,0.000000
71,138,0.575000,6.925000,7,0.000000,0.000000,1.000000,0.000000,1.000000,0.000000,0.000000
72,138,0.625000,6.925000,9,0.000000,0.000000,1.000000,0.000000,1.000000,0.000000,0.000000
73,138,0.675000,6.925000,10,0.000000,0.000000,1.000000,0.000000,1.000000,0.000000,0.000000
74,138,0.725000,6.925000,52,0.000000,0.000000,1.000000,0.000000,1.000000,0.000000,0.000000
75,138,0.775000,6.925000,8,0.000000,0.000000,1.000000,0.000000,1.000000,0.000000,0.000000
76,138,0.825000,6.925000,10,0.000000,0.000000,1.000000,0.000000,1.000000,0.000000,0.000000
77,138,0.875000,6.925000,15,0.000000,0.000000,1.000000,0.000000,1.000000,0.000000,0.000000
78,138,0.925000,6.925000,1,0.000000,0.000000,1.000000,0.000000,1.000000,0.000000,0.000000
79,138,0.975000,6.925000,8,0.000000,0.000000,1.000000,0.000000,1.000000,0.000000,0.000000
80,138,1.025000,6.925000,9,0.000000,0.000000,1.000000,0.000000,1.000000,0.000000,0.000000
81,138,1.075000,6.925000,3,0.000000,0.000000,1.000000,0.000000,1.000000,0.000000,0.000000
82,138,1.125000,6.925000,6,0.000000,0.000000,1.000000,0.000000,1.000000,0.000000,0.000000
83,138,1.175000,6.925000,4,0.000000,0.000000,1.000000,0.000000,1.000000,0.000000,0.000000
84,138,1.225000,6.925000,13,0.000000,0.000000,1.000000,0.000000,1.000000,0.000000,0.000000
85,138,1.275000,6.925000,22,0.000000,0.000000,1.000000,0.000000,1.000000,0.000000,0.000000
86,138,1.325000,6.925000,18,0.000000,0.000000,1.000000,0.000000,1.000000,0.000000,0.000000
87,138,1.375000,6.925000,12,0.000000,0.000000,1.000000,0.000000,1.000000,0.000000,0.000000
88,138,1.425000,6.925000,11,0.000000,0.000000,1.000000,0.000000,1.000000,0.000000,0.000000
90,138,1.525000,6.925000,10,0.000000,0.000000,1.000000,0.000000,1.000000,0.000000,0.000000
91,138,1.575000,6.925000,36,0.000000,0.000000,1.000000,0.000000,1.000000,0.000000,0.000000
92,138,1.625000,6.925000,53,0.000000,0.000000,1.000000,0.000000,1.000000,0.000000,0.000000
93,138,1.675000,6.925000,36,0.000000,0.000000,1.000000,0.000000,1.000000,0.000000,0.000000
94,138,1.725000,6.925000,21,0.000000,0.000000,1.000000,0.000000,1.000000,0.000000,0.000000
95,138,1.775000,6.925000,47,0.000000,0.000000,1.000000,0.000000,1.000000,0.000000,0.000000
96,138,1.825000,6.925000,19,0.000000,0.000000,1.000000,0.000000,1.000000,0.000000,0.000000
45,139,-0.725000,6.975000,136,0.000000,0.000000,1.000000,0.000000,1.000000,0.000000,0.000000
51,139,-0.425000,6.975000,10,0.000000,0.000000,1.000000,0.000000,1.000000,0.000000,0.000000
52,139,-0.375000,6.975000,27,0.000000,0.000000,1.000000,0.000000,1.000000,0.000000,0.000000
53,139,-0.325000,6.975000,24,0.000000,0.000000,1.000000,0.000000,1.000000,0.000000,0.000000
54,139,-0.275000,6.975000,12,0.000000,0.000000,1.000000,0.000000,1.000000,0.000000,0.000000
55,139,-0.225000,6.975000,17,0.000000,0.000000,1.000000,0.000000,1.000000,0.000000,0.000000
56,139,-0.175000,6.975000,12,0.000000,0.000000,1.000000,0.000000,1.000000,0.000000,0.000000
57,139,-0.125000,6.975000,25,0.000000,0.000000,1.000000,0.000000,1.000000,0.000000,0.000000
58,139,-0.075000,6.975000,13,0.000000,0.000000,1.000000,0.000000,1.000000,0.000000,0.000000
59,139,-0.025000,6.975000,33,0.000000,0.000000,1.000000,0.000000,1.000000,0.000000,0.000000
60,139,0.025000,6.975000,31,0.000000,0.000000,1.000000,0.000000,1.000000,0.000000,0.000000
61,139,0.075000,6.975000,5,0.000000,0.000000,1.000000,0.000000,1.000000,0.000000,0.000000
62,139,0.125000,6.975000,16,0.000000,0.000000,1.000000,0.000000,1.000000,0.000000,0.000000
63,139,0.175000,6.975000,12,0.000000,0.000000,1.000000,0.000000,1.000000,0.000000,0.000000
64,139,0.225000,6.975000,9,0.000000,0.000000,1.000000,0.000000,1.000000,0.000000,0.000000
65,139,0.275000,6.975000,8,0.000000,0.000000,1.000000,0.000000,1.000000,0.000000,0.000000
66,139,0.325000,6.975000,4,0.000000,0.000000,1.000000,0.000000,1.000000,0.000000,0.000000
67,139,0.375000,6.975000,12,0.000000,0.000000,1.000000,0.000000,1.000000,0.000000,0.000000
68,139,0.425000,6.975000,9,0.000000,0.000000,1.000000,0.000000,1.000000,0.000000,0.000000
69,139,0.475000,6.975000,4,0.000000,0.000000,1.000000,0.000000,1.000000,0.000000,0.000000
70,139,0.525000,6.975000,10,0.000000,0.000000,1.000000,0.000000,1.000000,0.000000,0.000000
71,139,0.575000,6.975000,19,0.000000,0.000000,1.000000,0.000000,1.000000,0.000000,0.000000
72,139,0.625000,6.975000,15,0.000000,0.000000,1.000000,0.000000,1.000000,0.000000,0.000000
73,139,0.675000,6.975000,9,0.000000,0.000000,1.000000,0.000000,1.000000,0.000000,0.000000
74,139,0.725000,6.975000,60,0.000000,0.000000,1.000000,0.000000,1.000000,0.000000,0.000000
75,139,0.775000,6.975000,10,0.000000,0.000000,1.000000,0.000000,1.000000,0.000000,0.000000
76,139,0.825000,6.975000,10,0.000000,0.000000,1.000000,0.000000,1.000000,0.000000,0.000000
77,139,0.875000,6.975000,10,0.000000,0.000000,1.000000,0.000000,1.000000,0.000000,0.000000
78,139,0.925000,6.975000,8,0.000000,0.000000,1.000000,0.000000,1.000000,0.000000,0.000000
79,139,0.975000,6.975000,10,0.000000,0.000000,1.000000,0.000000,1.000000,0.000000,0.000000
80,139,1.025000,6.975000,10,0.000000,0.000000,1.000000,0.000000,1.000000,0.000000,0.000000
81,139,1.075000,6.975000,8,0.000000,0.000000,1.000000,0.000000,1.000000,0.000000,0.000000
82,139,1.125000,6.975000,17,0.000000,0.000000,1.000000,0.000000,1.000000,0.000000,0.000000
83,139,1.175000,6.975000,14,0.000000,0.000000,1.000000,0.000000,1.000000,0.000000,0.000000
84,139,1.225000,6.975000,14,0.000000,0.000000,1.000000,0.000000,1.000000,0.000000,0.000000
85,139,1.275000,6.975000,13,0.000000,0.000000,1.000000,0.000000,1.000000,0.000000,0.000000
86,139,1.325000,6.975000,13,0.000000,0.000000,1.000000,0.000000,1.000000,0.000000,0.000000
87,139,1.375000,6.975000,17,0.000000,0.000000,1.000000,0.000000,1.000000,0.000000,0.000000
88,139,1.425000,6.975000,28,0.000000,0.000000,1.000000,0.000000,1.000000,0.000000,0.000000
89,139,1.475000,6.975000,23,0.000000,0.000000,1.000000,0.000000,1.000000,0.000000,0.000000
90,139,1.525000,6.975000,5,0.000000,0.000000,1.000000,0.000000,1.000000,0.000000,0.000000
92,139,1.625000,6.975000,11,0.000000,0.000000,1.000000,0.000000,1.000000,0.000000,0.000000
93,139,1.675000,6.975000,56,0.000000,0.000000,1.000000,0.000000,1.000000,0.000000,0.000000
94,139,1.725000,6.975000,50,0.000000,0.000000,1.000000,0.000000,1.000000,0.000000,0.000000
95,139,1.775000,6.975000,34,0.000000,0.000000,1.000000,0.000000,1.000000,0.000000,0.000000
96,139,1.825000,6.975000,56,0.000000,0.000000,1.000000,0.000000,1.000000,0.000000,0.000000
51,140,-0.425000,7.025000,24,0.000000,0.000000,1.000000,0.000000,1.000000,0.000000,0.000000
52,140,-0.375000,7.025000,21,0.000000,0.000000,1.000000,0.000000,1.000000,0.000000,0.000000
53,140,-0.325000,7.025000,21,0.000000,0.000000,1.000000,0.000000,1.000000,0.000000,0.000000
54,140,-0.275000,7.025000,22,0.000000,0.000000,1.000000,0.000000,1.000000,0.000000,0.000000
55,140,-0.225000,7.025000,13,0.000000,0.000000,1.000000,0.000000,1.000000,0.000000,0.000000
56,140,-0.175000,7.025000,16,0.000000,0.000000,1.000000,0.000000,1.000000,0.000000,0.000000
57,140,-0.125000,7.025000,28,0.000000,0.000000,1.000000,0.000000,1.000000,0.000000,0.000000
58,140,-0.075000,7.025000,18,0.000000,0.000000,1.000000,0.000000,1.000000,0.000000,0.000000
59,140,-0.025000,7.025000,22,0.000000,0.000000,1.000000,0.000000,1.000000,0.000000,0.000000
60,140,0.025000,7.025000,4,0.000000,0.000000,1.000000,0.000000,1.000000,0.000000,0.000000
61,140,0.075000,7.025000,22,0.000000,0.000000,1.000000,0.000000,1.000000,0.000000,0.000000
62,140,0.125000,7.025000,14,0.000000,0.000000,1.000000,0.000000,1.000000,0.000000,0.000000
63,140,0.175000,7.025000,11,0.000000,0.000000,1.000000,0.000000,1.000000,0.000000,0.000000
64,140,0.225000,7.025000,8,0.000000,0.000000,1.000000,0.000000,1.000000,0.000000,0.000000
65,140,0.275000,7.025000,6,0.000000,0.000000,1.000000,0.000000,1.000000,0.000000,0.000000
66,140,0.325000,7.025000,17,0.000000,0.000000,1.000000,0.000000,1.000000,0.000000,0.000000
67,140,0.375000,7.025000,3,0.000000,0.000000,1.000000,0.000000,1.000000,0.000000,0.000000
68,140,0.425000,7.025000,11,0.000000,0.000000,1.000000,0.000000,1.000000,0.000000,0.000000
69,140,0.475000,7.025000,8,0.000000,0.000000,1.000000,0.000000,1.000000,0.000000,0.000000
70,140,0.525000,7.025000,10,0.000000,0.000000,1.000000,0.000000,1.000000,0.000000,0.000000
71,140,0.575000,7.025000,17,0.000000,0.000000,1.000000,0.000000,1.000000,0.000000,0.000000
72,140,0.625000,7.025000,8,0.000000,0.000000,1.000000,0.000000,1.000000,0.000000,0.000000
73,140,0.675000,7.025000,11,0.000000,0.000000,1.000000,0.000000,1.000000,0.000000,0.000000
74,140,0.725000,7.025000,6,0.000000,0.000000,1.000000,0.000000,1.000000,0.000000,0.000000
75,140,0.775000,7.025000,48,0.000000,0.000000,1.000000,0.000000,1.000000,0.000000,0.000000
76,140,0.825000,7.025000,5,0.000000,0.000000,1.000000,0.000000,1.000000,0.000000,0.000000
77,140,0.875000,7.025000,11,0.000000,0.000000,1.000000,0.000000,1.000000,0.000000,0.000000
78,140,0.925000,7.025000,25,0.000000,0.000000,1.000000,0.000000,1.000000,0.000000,0.000000
79,140,0.975000,7.025000,11,0.000000,0.000000,1.000000,0.000000,1.000000,0.000000,0.000000
80,140,1.025000,7.025000,9,0.000000,0.000000,1.000000,0.000000,1.000000,0.000000,0.000000
81,140,1.075000,7.025000,16,0.000000,0.000000,1.000000,0.000000,1.000000,0.000000,0.000000
82,140,1.125000,7.025000,5,0.000000,0.000000,1.000000,0.000000,1.000000,0.000000,0.000000
83,140,1.175000,7.025000,14,0.000000,0.000000,1.000000,0.000000,1.000000,0.000000,0.000000
84,140,1.225000,7.025000,8,0.000000,0.000000,1.000000,0.000000,1.000000,0.000000,0.000000
85,140,1.275000,7.025000,9,0.000000,0.000000,1.000000,0.000000,1.000000,0.000000,0.000000
86,140,1.325000,7.025000,11,0.000000,0.000000,1.000000,0.000000,1.000000,0.000000,0.000000
87,140,1.375000,7.025000,14,0.000000,0.000000,1.000000,0.000000,1.000000,0.000000,0.000000
88,140,1.425000,7.025000,23,0.000000,0.000000,1.000000,0.000000,1.000000,0.000000,0.000000
89,140,1.475000,7.025000,8,0.000000,0.000000,1.000000,0.000000,1.000000,0.000000,0.000000
90,140,1.525000,7.025000,3,0.000000,0.000000,1.000000,0.000000,1.000000,0.000000,0.000000
93,140,1.675000,7.025000,3,0.000000,0.000000,1.000000,0.000000,1.000000,0.000000,0.000000
94,140,1.725000,7.025000,30,0.000000,0.000000,1.000000,0.000000,1.000000,0.000000,0.000000
95,140,1.775000,7.025000,69,0.000000,0.000000,1.000000,0.000000,1.000000,0.000000,0.000000
96,140,1.825000,7.025000,57,0.000000,0.000000,1.000000,0.000000,1.000000,0.000000,0.000000
97,140,1.875000,7.025000,17,0.000000,0.000000,1.000000,0.000000,1.000000,0.000000,0.000000
51,141,-0.425000,7.075000,26,0.000000,0.000000,1.000000,0.000000,1.000000,0.000000,0.000000
52,141,-0.375000,7.075000,28,0.000000,0.000000,1.000000,0.000000,1.000000,0.000000,0.000000
53,141,-0.325000,7.075000,16,0.000000,0.000000,1.000000,0.000000,1.000000,0.000000,0.000000
54,141,-0.275000,7.075000,20,0.000000,0.000000,1.000000,0.000000,1.000000,0.000000,0.000000
55,141,-0.225000,7.075000,21,0.000000,0.000000,1.000000,0.000000,1.000000,0.000000,0.000000
56,141,-0.175000,7.075000,20,0.000000,0.000000,1.000000,0.000000,1.000000,0.000000,0.000000
57,141,-0.125000,7.075000,22,0.000000,0.000000,1.000000,0.000000,1.000000,0.000000,0.000000
58,141,-0.075000,7.075000,11,0.000000,0.000000,1.000000,0.000000,1.000000,0.000000,0.000000
59,141,-0.025000,7.075000,1,0.000000,0.000000,1.000000,0.000000,1.000000,0.000000,0.000000
60,141,0.025000,7.075000,18,0.000000,0.000000,1.000000,0.000000,1.000000,0.000000,0.000000
61,141,0.075000,7.075000,24,0.000000,0.000000,1.000000,0.000000,1.000000,0.000000,0.000000
62,141,0.125000,7.075000,18,0.000000,0.000000,1.000000,0.000000,1.000000,0.000000,0.000000
63,141,0.175000,7.075000,14,0.000000,0.000000,1.000000,0.000000,1.000000,0.000000,0.000000
64,141,0.225000,7.075000,11,0.000000,0.000000,1.000000,0.000000,1.000000,0.000000,0.000000
65,141,0.275000,7.075000,9,0.000000,0.000000,1.000000,0.000000,1.000000,0.000000,0.000000
66,141,0.325000,7.075000,11,0.000000,0.000000,1.000000,0.000000,1.000000,0.000000,0.000000
67,141,0.375000,7.075000,5,0.000000,0.000000,1.000000,0.000000,1.000000,0.000000,0.000000
68,141,0.425000,7.075000,12,0.000000,0.000000,1.000000,0.000000,1.000000,0.000000,0.000000
69,141,0.475000,7.075000,15,0.000000,0.000000,1.000000,0.000000,1.000000,0.000000,0.000000
70,141,0.525000,7.075000,10,0.000000,0.000000,1.000000,0.000000,1.000000,0.000000,0.000000
71,141,0.575000,7.075000,9,0.000000,0.000000,1.000000,0.000000,1.000000,0.000000,0.000000
72,141,0.625000,7.075000,13,0.000000,0.000000,1.000000,0.000000,1.000000,0.000000,0.000000
73,141,0.675000,7.075000,10,0.000000,0.000000,1.000000,0.000000,1.000000,0.000000,0.000000
75,141,0.775000,7.075000,40,0.000000,0.000000,1.000000,0.000000,1.000000,0.000000,0.000000
76,141,0.825000,7.075000,5,0.000000,0.000000,1.000000,0.000000,1.000000,0.000000,0.000000
77,141,0.875000,7.075000,14,0.000000,0.000000,1.000000,0.000000,1.000000,0.000000,0.000000
78,141,0.925000,7.075000,14,0.000000,0.000000,1.000000,0.000000,1.000000,0.000000,0.000000
79,141,0.975000,7.075000,18,0.000000,0.000000,1.000000,0.000000,1.000000,0.000000,0.000000
80,141,1.025000,7.075000,10,0.000000,0.000000,1.000000,0.000000,1.000000,0.000000,0.000000
81,141,1.075000,7.075000,23,0.000000,0.000000,1.000000,0.000000,1.000000,0.000000,0.000000
82,141,1.125000,7.075000,10,0.000000,0.000000,1.000000,0.000000,1.000000,0.000000,0.000000
83,141,1.175000,7.075000,6,0.000000,0.000000,1.000000,0.000000,1.000000,0.000000,0.000000
84,141,1.225000,7.075000,14,0.000000,0.000000,1.000000,0.000000,1.000000,0.000000,0.000000
85,141,1.275000,7.075000,15,0.000000,0.000000,1.000000,0.000000,1.000000,0.000000,0.000000
86,141,1.325000,7.075000,9,0.000000,0.000000,1.000000,0.000000,1.000000,0.000000,0.000000
87,141,1.375000,7.075000,6,0.000000,0.000000,1.000000,0.000000,1.000000,0.000000,0.000000
88,141,1.425000,7.075000,8,0.000000,0.000000,1.000000,0.000000,1.000000,0.000000,0.000000
89,141,1.475000,7.075000,14,0.000000,0.000000,1.000000,0.000000,1.000000,0.000000,0.000000
90,141,1.525000,7.075000,33,0.000000,0.000000,1.000000,0.000000,1.000000,0.000000,0.000000
91,141,1.575000,7.075000,32,0.000000,0.000000,1.000000,0.000000,1.000000,0.000000,0.000000
95,141,1.775000,7.075000,29,0.000000,0.000000,1.000000,0.000000,1.000000,0.000000,0.000000
96,141,1.825000,7.075000,80,0.000000,0.000000,1.000000,0.000000,1.000000,0.000000,0.000000
97,141,1.875000,7.075000,62,0.000000,0.000000,1.000000,0.000000,1.000000,0.000000,0.000000
51,142,-0.425000,7.125000,23,0.000000,0.000000,1.000000,0.000000,1.000000,0.000000,0.000000
52,142,-0.375000,7.125000,30,0.000000,0.000000,1.000000,0.000000,1.000000,0.000000,0.000000
53,142,-0.325000,7.125000,10,0.000000,0.000000,1.000000,0.000000,1.000000,0.000000,0.000000
54,142,-0.275000,7.125000,21,0.000000,0.000000,1.000000,0.000000,1.000000,0.000000,0.000000
55,142,-0.225000,7.125000,28,0.000000,0.000000,1.000000,0.000000,1.000000,0.000000,0.000000
56,142,-0.175000,7.125000,30,0.000000,0.000000,1.000000,0.000000,1.000000,0.000000,0.000000
57,142,-0.125000,7.125000,15,0.000000,0.000000,1.000000,0.000000,1.000000,0.000000,0.000000
59,142,-0.025000,7.125000,33,0.000000,0.000000,1.000000,0.000000,1.000000,0.000000,0.000000
60,142,0.025000,7.125000,14,0.000000,0.000000,1.000000,0.000000,1.000000,0.000000,0.000000
61,142,0.075000,7.125000,11,0.000000,0.000000,1.000000,0.000000,1.000000,0.000000,0.000000
62,142,0.125000,7.125000,14,0.000000,0.000000,1.000000,0.000000,1.000000,0.000000,0.000000
63,142,0.175000,7.125000,8,0.000000,0.000000,1.000000,0.000000,1.000000,0.000000,0.000000
64,142,0.225000,7.125000,5,0.000000,0.000000,1.000000,0.000000,1.000000,0.000000,0.000000
65,142,0.275000,7.125000,11,0.000000,0.000000,1.000000,0.000000,1.000000,0.000000,0.000000
66,142,0.325000,7.125000,9,0.000000,0.000000,1.000000,0.000000,1.000000,0.000000,0.000000
67,142,0.375000,7.125000,8,0.000000,0.000000,1.000000,0.000000,1.000000,0.000000,0.000000
68,142,0.425000,7.125000,6,0.000000,0.000000,1.000000,0.000000,1.000000,0.000000,0.000000
69,142,0.475000,7.125000,13,0.000000,0.000000,1.000000,0.000000,1.000000,0.000000,0.000000
70,142,0.525000,7.125000,13,0.000000,0.000000,1.000000,0.000000,1.000000,0.000000,0.000000
71,142,0.575000,7.125000,5,0.000000,0.000000,1.000000,0.000000,1.000000,0.000000,0.000000
72,142,0.625000,7.125000,21,0.000000,0.000000,1.000000,0.000000,1.000000,0.000000,0.000000
73,142,0.675000,7.125000,4,0.000000,0.000000,1.000000,0.000000,1.000000,0.000000,0.000000
75,142,0.775000,7.125000,52,0.000000,0.000000,1.000000,0.000000,1.000000,0.000000,0.000000
77,142,0.875000,7.125000,1,0.000000,0.000000,1.000000,0.000000,1.000000,0.000000,0.000000
78,142,0.925000,7.125000,17,0.000000,0.000000,1.000000,0.000000,1.000000,0.000000,0.000000
79,142,0.975000,7.125000,15,0.000000,0.000000,1.000000,0.000000,1.000000,0.000000,0.000000
80,142,1.025000,7.125000,13,0.000000,0.000000,1.000000,0.000000,1.000000,0.000000,0.000000
81,142,1.075000,7.125000,17,0.000000,0.000000,1.000000,0.000000,1.000000,0.000000,0.000000
82,142,1.125000,7.125000,17,0.000000,0.000000,1.000000,0.000000,1.000000,0.000000,0.000000
83,142,1.175000,7.125000,10,0.000000,0.000000,1.000000,0.000000,1.000000,0.000000,0.000000
84,142,1.225000,7.125000,15,0.000000,0.000000,1.000000,0.000000,1.000000,0.000000,0.000000
85,142,1.275000,7.125000,7,0.000000,0.000000,1.000000,0.000000,1.000000,0.000000,0.000000
86,142,1.325000,7.125000,12,0.000000,0.000000,1.000000,0.000000,1.000000,0.000000,0.000000
87,142,1.375000,7.125000,24,0.000000,0.000000,1.000000,0.000000,1.000000,0.000000,0.000000
88,142,1.425000,7.125000,11,0.000000,0.000000,1.000000,0.000000,1.000000,0.000000,0.000000
89,142,1.475000,7.125000,25,0.000000,0.000000,1.000000,0.000000,1.000000,0.000000,0.000000
90,142,1.525000,7.125000,16,0.000000,0.000000,1.000000,0.000000,1.000000,0.000000,0.000000
91,142,1.575000,7.125000,16,0.000000,0.000000,1.000000,0.000000,1.000000,0.000000,0.000000
92,142,1.625000,7.125000,9,0.000000,0.000000,1.000000,0.000000,1.000000,0.000000,0.000000
96,142,1.825000,7.125000,51,0.000000,0.000000,1.000000,0.000000,1.000000,0.000000,0.000000
97,142,1.875000,7.125000,117,0.000000,0.000000,1.000000,0.000000,1.000000,0.000000,0.000000
51,143,-0.425000,7.175000,32,0.000000,0.000000,1.000000,0.000000,1.000000,0.000000,0.000000
52,143,-0.375000,7.175000,39,0.000000,0.000000,1.000000,0.000000,1.000000,0.000000,0.000000
53,143,-0.325000,7.175000,28,0.000000,0.000000,1.000000,0.000000,1.000000,0.000000,0.000000
54,143,-0.275000,7.175000,23,0.000000,0.000000,1.000000,0.000000,1.000000,0.000000,0.000000
55,143,-0.225000,7.175000,21,0.000000,0.000000,1.000000,0.000000,1.000000,0.000000,0.000000
56,143,-0.175000,7.175000,36,0.000000,0.000000,1.000000,0.000000,1.000000,0.000000,0.000000
57,143,-0.125000,7.175000,7,0.000000,0.000000,1.000000,0.000000,1.000000,0.000000,0.000000
60,143,0.025000,7.175000,13,0.000000,0.000000,1.000000,0.000000,1.000000,0.000000,0.000000
61,143,0.075000,7.175000,18,0.000000,0.000000,1.000000,0.000000,1.000000,0.000000,0.000000
62,143,0.125000,7.175000,13,0.000000,0.000000,1.000000,0.000000,1.000000,0.000000,0.000000
63,143,0.175000,7.175000,8,0.000000,0.000000,1.000000,0.000000,1.000000,0.000000,0.000000
64,143,0.225000,7.175000,13,0.000000,0.000000,1.000000,0.000000,1.000000,0.000000,0.000000
65,143,0.275000,7.175000,13,0.000000,0.000000,1.000000,0.000000,1.000000,0.000000,0.000000
66,143,0.325000,7.175000,9,0.000000,0.000000,1.000000,0.000000,1.000000,0.000000,0.000000
67,143,0.375000,7.175000,8,0.000000,0.000000,1.000000,0.000000,1.000000,0.000000,0.000000
68,143,0.425000,7.175000,8,0.000000,0.000000,1.000000,0.000000,1.000000,0.000000,0.000000
69,143,0.475000,7.175000,18,0.000000,0.000000,1.000000,0.000000,1.000000,0.000000,0.000000
70,143,0.525000,7.175000,21,0.000000,0.000000,1.000000,0.000000,1.000000,0.000000,0.000000
71,143,0.575000,7.175000,5,0.000000,0.000000,1.000000,0.000000,1.000000,0.000000,0.000000
72,143,0.625000,7.175000,34,0.000000,0.000000,1.000000,0.000000,1.000000,0.000000,0.000000
75,143,0.775000,7.175000,51,0.000000,0.000000,1.000000,0.000000,1.000000,0.000000,0.000000
76,143,0.825000,7.175000,21,0.000000,0.000000,1.000000,0.000000,1.000000,0.000000,0.000000
78,143,0.925000,7.175000,6,0.000000,0.000000,1.000000,0.000000,1.000000,0.000000,0.000000
79,143,0.975000,7.175000,18,0.000000,0.000000,1.000000,0.000000,1.000000,0.000000,0.000000
80,143,1.025000,7.175000,13,0.000000,0.000000,1.000000,0.000000,1.000000,0.000000,0.000000
81,143,1.075000,7.175000,18,0.000000,0.000000,1.000000,0.000000,1.000000,0.000000,0.000000
82,143,1.125000,7.175000,16,0.000000,0.000000,1.000000,0.000000,1.000000,0.000000,0.000000
83,143,1.175000,7.175000,18,0.000000,0.000000,1.000000,0.000000,1.000000,0.000000,0.000000
84,143,1.225000,7.175000,25,0.000000,0.000000,1.000000,0.000000,1.000000,0.000000,0.000000
85,143,1.275000,7.175000,11,0.000000,0.000000,1.000000,0.000000,1.000000,0.000000,0.000000
86,143,1.325000,7.175000,21,0.000000,0.000000,1.000000,0.000000,1.000000,0.000000,0.000000
87,143,1.375000,7.175000,16,0.000000,0.000000,1.000000,0.000000,1.000000,0.000000,0.000000
88,143,1.425000,7.175000,13,0.000000,0.000000,1.000000,0.000000,1.000000,0.000000,0.000000
89,143,1.475000,7.175000,20,0.000000,0.000000,1.000000,0.000000,1.000000,0.000000,0.000000
90,143,1.525000,7.175000,16,0.000000,0.000000,1.000000,0.000000,1.000000,0.000000,0.000000
91,143,1.575000,7.175000,20,0.000000,0.000000,1.000000,0.000000,1.000000,0.000000,0.000000
92,143,1.625000,7.175000,29,0.000000,0.000000,1.000000,0.000000,1.000000,0.000000,0.000000
93,143,1.675000,7.175000,4,0.000000,0.000000,1.000000,0.000000,1.000000,0.000000,0.000000
97,143,1.875000,7.175000,114,0.000000,0.000000,1.000000,0.000000,1.000000,0.000000,0.000000
51,144,-0.425000,7.225000,41,0.000000,0.000000,1.000000,0.000000,1.000000,0.000000,0.000000
52,144,-0.375000,7.225000,37,0.000000,0.000000,1.000000,0.000000,1.000000,0.000000,0.000000
53,144,-0.325000,7.225000,19,0.000000,0.000000,1.000000,0.000000,1.000000,0.000000,0.000000
54,144,-0.275000,7.225000,34,0.000000,0.000000,1.000000,0.000000,1.000000,0.000000,0.000000
55,144,-0.225000,7.225000,37,0.000000,0.000000,1.000000,0.000000,1.000000,0.000000,0.000000
56,144,-0.175000,7.225000,9,0.000000,0.000000,1.000000,0.000000,1.000000,0.000000,0.000000
59,144,-0.025000,7.225000,17,0.000000,0.000000,1.000000,0.000000,1.000000,0.000000,0.000000
60,144,0.025000,7.225000,33,0.000000,0.000000,1.000000,0.000000,1.000000,0.000000,0.000000
61,144,0.075000,7.225000,25,0.000000,0.000000,1.000000,0.000000,1.000000,0.000000,0.000000
62,144,0.125000,7.225000,14,0.000000,0.000000,1.000000,0.000000,1.000000,0.000000,0.000000
63,144,0.175000,7.225000,8,0.000000,0.000000,1.000000,0.000000,1.000000,0.000000,0.000000
64,144,0.225000,7.225000,15,0.000000,0.000000,1.000000,0.000000,1.000000,0.000000,0.000000
65,144,0.275000,7.225000,10,0.000000,0.000000,1.000000,0.000000,1.000000,0.000000,0.000000
66,144,0.325000,7.225000,18,0.000000,0.000000,1.000000,0.000000,1.000000,0.000000,0.000000
67,144,0.375000,7.225000,7,0.000000,0.000000,1.000000,0.000000,1.000000,0.000000,0.000000
68,144,0.425000,7.225000,19,0.000000,0.000000,1.000000,0.000000,1.000000,0.000000,0.000000
69,144,0.475000,7.225000,14,0.000000,0.000000,1.000000,0.000000,1.000000,0.000000,0.000000
70,144,0.525000,7.225000,10,0.000000,0.000000,1.000000,0.000000,1.000000,0.000000,0.000000
71,144,0.575000,7.225000,14,0.000000,0.000000,1.000000,0.000000,1.000000,0.000000,0.000000
72,144,0.625000,7.225000,6,0.000000,0.000000,1.000000,0.000000,1.000000,0.000000,0.000000
75,144,0.775000,7.225000,8,0.000000,0.000000,1.000000,0.000000,1.000000,0.000000,0.000000
76,144,0.825000,7.225000,10,0.000000,0.000000,1.000000,0.000000,1.000000,0.000000,0.000000
79,144,0.975000,7.225000,4,0.000000,0.000000,1.000000,0.000000,1.000000,0.000000,0.000000
80,144,1.025000,7.225000,31,0.000000,0.000000,1.000000,0.000000,1.000000,0.000000,0.000000
81,144,1.075000,7.225000,11,0.000000,0.000000,1.000000,0.000000,1.000000,0.000000,0.000000
82,144,1.125000,7.225000,32,0.000000,0.000000,1.000000,0.000000,1.000000,0.000000,0.000000
83,144,1.175000,7.225000,15,0.000000,0.000000,1.000000,0.000000,1.000000,0.000000,0.000000
84,144,1.225000,7.225000,20,0.000000,0.000000,1.000000,0.000000,1.000000,0.000000,0.000000
85,144,1.275000,7.225000,16,0.000000,0.000000,1.000000,0.000000,1.000000,0.000000,0.000000
86,144,1.325000,7.225000,13,0.000000,0.000000,1.000000,0.000000,1.000000,0.000000,0.000000
87,144,1.375000,7.225000,11,0.000000,0.000000,1.000000,0.000000,1.000000,0.000000,0.000000
88,144,1.425000,7.225000,14,0.000000,0.000000,1.000000,0.000000,1.000000,0.000000,0.000000
89,144,1.475000,7.225000,18,0.000000,0.000000,1.000000,0.000000,1.000000,0.000000,0.000000
90,144,1.525000,7.225000,7,0.000000,0.000000,1.000000,0.000000,1.000000,0.000000,0.000000
91,144,1.575000,7.225000,15,0.000000,0.000000,1.000000,0.000000,1.000000,0.000000,0.000000
92,144,1.625000,7.225000,38,0.000000,0.000000,1.000000,0.000000,1.000000,0.000000,0.000000
93,144,1.675000,7.225000,28,0.000000,0.000000,1.000000,0.000000,1.000000,0.000000,0.000000
94,144,1.725000,7.225000,4,0.000000,0.000000,1.000000,0.000000,1.000000,0.000000,0.000000
51,145,-0.425000,7.275000,22,0.000000,0.000000,1.000000,0.000000,1.000000,0.000000,0.000000
52,145,-0.375000,7.275000,24,0.000000,0.000000,1.000000,0.000000,1.000000,0.000000,0.000000
53,145,-0.325000,7.275000,39,0.000000,0.000000,1.000000,0.000000,1.000000,0.000000,0.000000
54,145,-0.275000,7.275000,34,0.000000,0.000000,1.000000,0.000000,1.000000,0.000000,0.000000
55,145,-0.225000,7.275000,23,0.000000,0.000000,1.000000,0.000000,1.000000,0.000000,0.000000
58,145,-0.075000,7.275000,11,0.000000,0.000000,1.000000,0.000000,1.000000,0.000000,0.000000
59,145,-0.025000,7.275000,23,0.000000,0.000000,1.000000,0.000000,1.000000,0.000000,0.000000
60,145,0.025000,7.275000,15,0.000000,0.000000,1.000000,0.000000,1.000000,0.000000,0.000000
61,145,0.075000,7.275000,14,0.000000,0.000000,1.000000,0.000000,1.000000,0.000000,0.000000
62,145,0.125000,7.275000,17,0.000000,0.000000,1.000000,0.000000,1.000000,0.000000,0.000000
63,145,0.175000,7.275000,18,0.000000,0.000000,1.000000,0.000000,1.000000,0.000000,0.000000
64,145,0.225000,7.275000,11,0.000000,0.000000,1.000000,0.000000,1.000000,0.000000,0.000000
65,145,0.275000,7.275000,12,0.000000,0.000000,1.000000,0.000000,1.000000,0.000000,0.000000
66,145,0.325000,7.275000,5,0.000000,0.000000,1.000000,0.000000,1.000000,0.000000,0.000000
67,145,0.375000,7.275000,18,0.000000,0.000000,1.000000,0.000000,1.000000,0.000000,0.000000
68,145,0.425000,7.275000,15,0.000000,0.000000,1.000000,0.000000,1.000000,0.000000,0.000000
69,145,0.475000,7.275000,23,0.000000,0.000000,1.000000,0.000000,1.000000,0.000000,0.000000
70,145,0.525000,7.275000,7,0.000000,0.000000,1.000000,0.000000,1.000000,0.000000,0.000000
74,145,0.725000,7.275000,9,0.000000,0.000000,1.000000,0.000000,1.000000,0.000000,0.000000
75,145,0.775000,7.275000,13,0.000000,0.000000,1.000000,0.000000,1.000000,0.000000,0.000000
76,145,0.825000,7.275000,18,0.000000,0.000000,1.000000,0.000000,1.000000,0.000000,0.000000
81,145,1.075000,7.275000,5,0.000000,0.000000,1.000000,0.000000,1.000000,0.000000,0.000000
82,145,1.125000,7.275000,11,0.000000,0.000000,1.000000,0.000000,1.000000,0.000000,0.000000
83,145,1.175000,7.275000,29,0.000000,0.000000,1.000000,0.000000,1.000000,0.000000,0.000000
84,145,1.225000,7.275000,20,0.000000,0.000000,1.000000,0.000000,1.000000,0.000000,0.000000
85,145,1.275000,7.275000,44,0.000000,0.000000,1.000000,0.000000,1.000000,0.000000,0.000000
86,145,1.325000,7.275000,32,0.000000,0.000000,1.000000,0.000000,1.000000,0.000000,0.000000
87,145,1.375000,7.275000,22,0.000000,0.000000,1.000000,0.000000,1.000000,0.000000,0.000000
88,145,1.425000,7.275000,36,0.000000,0.000000,1.000000,0.000000,1.000000,0.000000,0.000000
89,145,1.475000,7.275000,19,0.000000,0.000000,1.000000,0.000000,1.000000,0.000000,0.000000
90,145,1.525000,7.275000,20,0.000000,0.000000,1.000000,0.000000,1.000000,0.000000,0.000000
91,145,1.575000,7.275000,23,0.000000,0.000000,1.000000,0.000000,1.000000,0.000000,0.000000
92,145,1.625000,7.275000,17,0.000000,0.000000,1.000000,0.000000,1.000000,0.000000,0.000000
93,145,1.675000,7.275000,33,0.000000,0.000000,1.000000,0.000000,1.000000,0.000000,0.000000
94,145,1.725000,7.275000,33,0.000000,0.000000,1.000000,0.000000,1.000000,0.000000,0.000000
51,146,-0.425000,7.325000,35,0.000000,0.000000,1.000000,0.000000,1.000000,0.000000,0.000000
52,146,-0.375000,7.325000,38,0.000000,0.000000,1.000000,0.000000,1.000000,0.000000,0.000000
53,146,-0.325000,7.325000,40,0.000000,0.000000,1.000000,0.000000,1.000000,0.000000,0.000000
54,146,-0.275000,7.325000,45,0.000000,0.000000,1.000000,0.000000,1.000000,0.000000,0.000000
55,146,-0.225000,7.325000,1,0.000000,0.000000,1.000000,0.000000,1.000000,0.000000,0.000000
59,146,-0.025000,7.325000,14,0.000000,0.000000,1.000000,0.000000,1.000000,0.000000,0.000000
60,146,0.025000,7.325000,13,0.000000,0.000000,1.000000,0.000000,1.000000,0.000000,0.000000
61,146,0.075000,7.325000,17,0.000000,0.000000,1.000000,0.000000,1.000000,0.000000,0.000000
62,146,0.125000,7.325000,16,0.000000,0.000000,1.000000,0.000000,1.000000,0.000000,0.000000
63,146,0.175000,7.325000,19,0.000000,0.000000,1.000000,0.000000,1.000000,0.000000,0.000000
64,146,0.225000,7.325000,12,0.000000,0.000000,1.000000,0.000000,1.000000,0.000000,0.000000
65,146,0.275000,7.325000,18,0.000000,0.000000,1.000000,0.000000,1.000000,0.000000,0.000000
66,146,0.325000,7.325000,13,0.000000,0.000000,1.000000,0.000000,1.000000,0.000000,0.000000
67,146,0.375000,7.325000,17,0.000000,0.000000,1.000000,0.000000,1.000000,0.000000,0.000000
68,146,0.425000,7.325000,16,0.000000,0.000000,1.000000,0.000000,1.000000,0.000000,0.000000
69,146,0.475000,7.325000,33,0.000000,0.000000,1.000000,0.000000,1.000000,0.000000,0.000000
70,146,0.525000,7.325000,7,0.000000,0.000000,1.000000,0.000000,1.000000,0.000000,0.000000
71,146,0.575000,7.325000,5,0.000000,0.000000,1.000000,0.000000,1.000000,0.000000,0.000000
72,146,0.625000,7.325000,1,0.000000,0.000000,1.000000,0.000000,1.000000,0.000000,0.000000
73,146,0.675000,7.325000,1,0.000000,0.000000,1.000000,0.000000,1.000000,0.000000,0.000000
74,146,0.725000,7.325000,12,0.000000,0.000000,1.000000,0.000000,1.000000,0.000000,0.000000
75,146,0.775000,7.325000,9,0.000000,0.000000,1.000000,0.000000,1.000000,0.000000,0.000000
76,146,0.825000,7.325000,28,0.000000,0.000000,1.000000,0.000000,1.000000,0.000000,0.000000
77,146,0.875000,7.325000,30,0.000000,0.000000,1.000000,0.000000,1.000000,0.000000,0.000000
78,146,0.925000,7.325000,3,0.000000,0.000000,1.000000,0.000000,1.000000,0.000000,0.000000
81,146,1.075000,7.325000,5,0.000000,0.000000,1.000000,0.000000,1.000000,0.000000,0.000000
82,146,1.125000,7.325000,12,0.000000,0.000000,1.000000,0.000000,1.000000,0.000000,0.000000
83,146,1.175000,7.325000,9,0.000000,0.000000,1.000000,0.000000,1.000000,0.000000,0.000000
84,146,1.225000,7.325000,19,0.000000,0.000000,1.000000,0.000000,1.000000,0.000000,0.000000
85,146,1.275000,7.325000,23,0.000000,0.000000,1.000000,0.000000,1.000000,0.000000,0.000000
86,146,1.325000,7.325000,23,0.000000,0.000000,1.000000,0.000000,1.000000,0.000000,0.000000
87,146,1.375000,7.325000,47,0.000000,0.000000,1.000000,0.000000,1.000000,0.000000,0.000000
88,146,1.425000,7.325000,24,0.000000,0.000000,1.000000,0.000000,1.000000,0.000000,0.000000
89,146,1.475000,7.325000,34,0.000000,0.000000,1.000000,0.000000,1.000000,0.000000,0.000000
90,146,1.525000,7.325000,42,0.000000,0.000000,1.000000,0.000000,1.000000,0.000000,0.000000
91,146,1.575000,7.325000,18,0.000000,0.000000,1.000000,0.000000,1.000000,0.000000,0.000000
92,146,1.625000,7.325000,32,0.000000,0.000000,1.000000,0.000000,1.000000,0.000000,0.000000
93,146,1.675000,7.325000,24,0.000000,0.000000,1.000000,0.000000,1.000000,0.000000,0.000000
94,146,1.725000,7.325000,36,0.000000,0.000000,1.000000,0.000000,1.000000,0.000000,0.000000
95,146,1.775000,7.325000,26,0.000000,0.000000,1.000000,0.000000,1.000000,0.000000,0.000000
51,147,-0.425000,7.375000,24,0.000000,0.000000,1.000000,0.000000,1.000000,0.000000,0.000000
52,147,-0.375000,7.375000,54,0.000000,0.000000,1.000000,0.000000,1.000000,0.000000,0.000000
53,147,-0.325000,7.375000,58,0.000000,0.000000,1.000000,0.000000,1.000000,0.000000,0.000000
54,147,-0.275000,7.375000,31,0.000000,0.000000,1.000000,0.000000,1.000000,0.000000,0.000000
58,147,-0.075000,7.375000,29,0.000000,0.000000,1.000000,0.000000,1.000000,0.000000,0.000000
59,147,-0.025000,7.375000,23,0.000000,0.000000,1.000000,0.000000,1.000000,0.000000,0.000000
60,147,0.025000,7.375000,24,0.000000,0.000000,1.000000,0.000000,1.000000,0.000000,0.000000
61,147,0.075000,7.375000,16,0.000000,0.000000,1.000000,0.000000,1.000000,0.000000,0.000000
62,147,0.125000,7.375000,6,0.000000,0.000000,1.000000,0.000000,1.000000,0.000000,0.000000
63,147,0.175000,7.375000,17,0.000000,0.000000,1.000000,0.000000,1.000000,0.000000,0.000000
64,147,0.225000,7.375000,10,0.000000,0.000000,1.000000,0.000000,1.000000,0.000000,0.000000
65,147,0.275000,7.375000,21,0.000000,0.000000,1.000000,0.000000,1.000000,0.000000,0.000000
66,147,0.325000,7.375000,12,0.000000,0.000000,1.000000,0.000000,1.000000,0.000000,0.000000
67,147,0.375000,7.375000,18,0.000000,0.000000,1.000000,0.000000,1.000000,0.000000,0.000000
68,147,0.425000,7.375000,16,0.000000,0.000000,1.000000,0.000000,1.000000,0.000000,0.000000
69,147,0.475000,7.375000,5,0.000000,0.000000,1.000000,0.000000,1.000000,0.000000,0.000000
70,147,0.525000,7.375000,11,0.000000,0.000000,1.000000,0.000000,1.000000,0.000000,0.000000
71,147,0.575000,7.375000,5,0.000000,0.000000,1.000000,0.000000,1.000000,0.000000,0.000000
72,147,0.625000,7.375000,1,0.000000,0.000000,1.000000,0.000000,1.000000,0.000000,0.000000
73,147,0.675000,7.375000,16,0.000000,0.000000,1.000000,0.000000,1.000000,0.000000,0.000000
74,147,0.725000,7.375000,4,0.000000,0.000000,1.000000,0.000000,1.000000,0.000000,0.000000
75,147,0.775000,7.375000,6,0.000000,0.000000,1.000000,0.000000,1.000000,0.000000,0.000000
76,147,0.825000,7.375000,7,0.000000,0.000000,1.000000,0.000000,1.000000,0.000000,0.000000
77,147,0.875000,7.375000,58,0.000000,0.000000,1.000000,0.000000,1.000000,0.000000,0.000000
78,147,0.925000,7.375000,10,0.000000,0.000000,1.000000,0.000000,1.000000,0.000000,0.000000
79,147,0.975000,7.375000,14,0.000000,0.000000,1.000000,0.000000,1.000000,0.000000,0.000000
80,147,1.025000,7.375000,6,0.000000,0.000000,1.000000,0.000000,1.000000,0.000000,0.000000
81,147,1.075000,7.375000,6,0.000000,0.000000,1.000000,0.000000,1.000000,0.000000,0.000000
82,147,1.125000,7.375000,11,0.000000,0.000000,1.000000,0.000000,1.000000,0.000000,0.000000
83,147,1.175000,7.375000,9,0.000000,0.000000,1.000000,0.000000,1.000000,0.000000,0.000000
84,147,1.225000,7.375000,18,0.000000,0.000000,1.000000,0.000000,1.000000,0.000000,0.000000
85,147,1.275000,7.375000,13,0.000000,0.000000,1.000000,0.000000,1.000000,0.000000,0.000000
86,147,1.325000,7.375000,11,0.000000,0.000000,1.000000,0.000000,1.000000,0.000000,0.000000
87,147,1.375000,7.375000,18,0.000000,0.000000,1.000000,0.000000,1.000000,0.000000,0.000000
88,147,1.425000,7.375000,17,0.000000,0.000000,1.000000,0.000000,1.000000,0.000000,0.000000
89,147,1.475000,7.375000,24,0.000000,0.000000,1.000000,0.000000,1.000000,0.000000,0.000000
90,147,1.525000,7.375000,29,0.000000,0.000000,1.000000,0.000000,1.000000,0.000000,0.000000
91,147,1.575000,7.375000,30,0.000000,0.000000,1.000000,0.000000,1.000000,0.000000,0.000000
92,147,1.625000,7.375000,34,0.000000,0.000000,1.000000,0.000000,1.000000,0.000000,0.000000
93,147,1.675000,7.375000,27,0.000000,0.000000,1.000000,0.000000,1.000000,0.000000,0.000000
94,147,1.725000,7.375000,40,0.000000,0.000000,1.000000,0.000000,1.000000,0.000000,0.000000
95,147,1.775000,7.375000,56,0.000000,0.000000,1.000000,0.000000,1.000000,0.000000,0.000000
96,147,1.825000,7.375000,3,0.000000,0.000000,1.000000,0.000000,1.000000,0.000000,0.000000
51,148,-0.425000,7.425000,15,0.000000,0.000000,1.000000,0.000000,1.000000,0.000000,0.000000
52,148,-0.375000,7.425000,74,0.000000,0.000000,1.000000,0.000000,1.000000,0.000000,0.000000
53,148,-0.325000,7.425000,77,0.000000,0.000000,1.000000,0.000000,1.000000,0.000000,0.000000
58,148,-0.075000,7.425000,3,0.000000,0.000000,1.000000,0.000000,1.000000,0.000000,0.000000
59,148,-0.025000,7.425000,17,0.000000,0.000000,1.000000,0.000000,1.000000,0.000000,0.000000
60,148,0.025000,7.425000,24,0.000000,0.000000,1.000000,0.000000,1.000000,0.000000,0.000000
61,148,0.075000,7.425000,18,0.000000,0.000000,1.000000,0.000000,1.000000,0.000000,0.000000
62,148,0.125000,7.425000,27,0.000000,0.000000,1.000000,0.000000,1.000000,0.000000,0.000000
63,148,0.175000,7.425000,17,0.000000,0.000000,1.000000,0.000000,1.000000,0.000000,0.000000
64,148,0.225000,7.425000,13,0.000000,0.000000,1.000000,0.000000,1.000000,0.000000,0.000000
65,148,0.275000,7.425000,13,0.000000,0.000000,1.000000,0.000000,1.000000,0.000000,0.000000
66,148,0.325000,7.425000,32,0.000000,0.000000,1.000000,0.000000,1.000000,0.000000,0.000000
67,148,0.375000,7.425000,32,0.000000,0.000000,1.000000,0.000000,1.000000,0.000000,0.000000
68,148,0.425000,7.425000,11,0.000000,0.000000,1.000000,0.000000,1.000000,0.000000,0.000000
69,148,0.475000,7.425000,11,0.000000,0.000000,1.000000,0.000000,1.000000,0.000000,0.000000
70,148,0.525000,7.425000,9,0.000000,0.000000,1.000000,0.000000,1.000000,0.000000,0.000000
71,148,0.575000,7.425000,14,0.000000,0.000000,1.000000,0.000000,1.000000,0.000000,0.000000
72,148,0.625000,7.425000,8,0.000000,0.000000,1.000000,0.000000,1.000000,0.000000,0.000000
73,148,0.675000,7.425000,11,0.000000,0.000000,1.000000,0.000000,1.000000,0.000000,0.000000
74,148,0.725000,7.425000,1,0.000000,0.000000,1.000000,0.000000,1.000000,0.000000,0.000000
75,148,0.775000,7.425000,11,0.000000,0.000000,1.000000,0.000000,1.000000,0.000000,0.000000
76,148,0.825000,7.425000,2,0.000000,0.000000,1.000000,0.000000,1.000000,0.000000,0.000000
77,148,0.875000,7.425000,64,0.000000,0.000000,1.000000,0.000000,1.000000,0.000000,0.000000
78,148,0.925000,7.425000,8,0.000000,0.000000,1.000000,0.000000,1.000000,0.000000,0.000000
79,148,0.975000,7.425000,8,0.000000,0.000000,1.000000,0.000000,1.000000,0.000000,0.000000
80,148,1.025000,7.425000,6,0.000000,0.000000,1.000000,0.000000,1.000000,0.000000,0.000000
81,148,1.075000,7.425000,7,0.000000,0.000000,1.000000,0.000000,1.000000,0.000000,0.000000
82,148,1.125000,7.425000,12,0.000000,0.000000,1.000000,0.000000,1.000000,0.000000,0.000000
83,148,1.175000,7.425000,8,0.000000,0.000000,1.000000,0.000000,1.000000,0.000000,0.000000
84,148,1.225000,7.425000,12,0.000000,0.000000,1.000000,0.000000,1.000000,0.000000,0.000000
85,148,1.275000,7.425000,6,0.000000,0.000000,1.000000,0.000000,1.000000,0.000000,0.000000
86,148,1.325000,7.425000,12,0.000000,0.000000,1.000000,0.000000,1.000000,0.000000,0.000000
87,148,1.375000,7.425000,20,0.000000,0.000000,1.000000,0.000000,1.000000,0.000000,0.000000
88,148,1.425000,7.425000,31,0.000000,0.000000,1.000000,0.000000,1.000000,0.000000,0.000000
89,148,1.475000,7.425000,25,0.000000,0.000000,1.000000,0.000000,1.000000,0.000000,0.000000
91,148,1.575000,7.425000,19,0.000000,0.000000,1.000000,0.000000,1.000000,0.000000,0.000000
92,148,1.625000,7.425000,35,0.000000,0.000000,1.000000,0.000000,1.000000,0.000000,0.000000
93,148,1.675000,7.425000,52,0.000000,0.000000,1.000000,0.000000,1.000000,0.000000,0.000000
94,148,1.725000,7.425000,44,0.000000,0.000000,1.000000,0.000000,1.000000,0.000000,0.000000
95,148,1.775000,7.425000,49,0.000000,0.000000,1.000000,0.000000,1.000000,0.000000,0.000000
96,148,1.825000,7.425000,40,0.000000,0.000000,1.000000,0.000000,1.000000,0.000000,0.000000
52,149,-0.375000,7.475000,104,0.000000,0.000000,1.000000,0.000000,1.000000,0.000000,0.000000
53,149,-0.325000,7.475000,85,0.000000,0.000000,1.000000,0.000000,1.000000,0.000000,0.000000
58,149,-0.075000,7.475000,27,0.000000,0.000000,1.000000,0.000000,1.000000,0.000000,0.000000
59,149,-0.025000,7.475000,26,0.000000,0.000000,1.000000,0.000000,1.000000,0.000000,0.000000
60,149,0.025000,7.475000,22,0.000000,0.000000,1.000000,0.000000,1.000000,0.000000,0.000000
61,149,0.075000,7.475000,15,0.000000,0.000000,1.000000,0.000000,1.000000,0.000000,0.000000
62,149,0.125000,7.475000,16,0.000000,0.000000,1.000000,0.000000,1.000000,0.000000,0.000000
63,149,0.175000,7.475000,19,0.000000,0.000000,1.000000,0.000000,1.000000,0.000000,0.000000
64,149,0.225000,7.475000,24,0.000000,0.000000,1.000000,0.000000,1.000000,0.000000,0.000000
65,149,0.275000,7.475000,21,0.000000,0.000000,1.000000,0.000000,1.000000,0.000000,0.000000
66,149,0.325000,7.475000,67,0.000000,0.000000,1.000000,0.000000,1.000000,0.000000,0.000000
67,149,0.375000,7.475000,23,0.000000,0.000000,1.000000,0.000000,1.000000,0.000000,0.000000
68,149,0.425000,7.475000,21,0.000000,0.000000,1.000000,0.000000,1.000000,0.000000,0.000000
69,149,0.475000,7.475000,14,0.000000,0.000000,1.000000,0.000000,1.000000,0.000000,0.000000
70,149,0.525000,7.475000,9,0.000000,0.000000,1.000000,0.000000,1.000000,0.000000,0.000000
71,149,0.575000,7.475000,11,0.000000,0.000000,1.000000,0.000000,1.000000,0.000000,0.000000
72,149,0.625000,7.475000,16,0.000000,0.000000,1.000000,0.000000,1.000000,0.000000,0.000000
73,149,0.675000,7.475000,7,0.000000,0.000000,1.000000,0.000000,1.000000,0.000000,0.000000
74,149,0.725000,7.475000,9,0.000000,0.000000,1.000000,0.000000,1.000000,0.000000,0.000000
75,149,0.775000,7.475000,11,0.000000,0.000000,1.000000,0.000000,1.000000,0.000000,0.000000
76,149,0.825000,7.475000,12,0.000000,0.000000,1.000000,0.000000,1.000000,0.000000,0.000000
77,149,0.875000,7.475000,35,0.000000,0.000000,1.000000,0.000000,1.000000,0.000000,0.000000
78,149,0.925000,7.475000,50,0.000000,0.000000,1.000000,0.000000,1.000000,0.000000,0.000000
79,149,0.975000,7.475000,13,0.000000,0.000000,1.000000,0.000000,1.000000,0.000000,0.000000
80,149,1.025000,7.475000,16,0.000000,0.000000,1.000000,0.000000,1.000000,0.000000,0.000000
81,149,1.075000,7.475000,4,0.000000,0.000000,1.000000,0.000000,1.000000,0.000000,0.000000
82,149,1.125000,7.475000,9,0.000000,0.000000,1.000000,0.000000,1.000000,0.000000,0.000000
83,149,1.175000,7.475000,13,0.000000,0.000000,1.000000,0.000000,1.000000,0.000000,0.000000
84,149,1.225000,7.475000,17,0.000000,0.000000,1.000000,0.000000,1.000000,0.000000,0.000000
85,149,1.275000,7.475000,12,0.000000,0.000000,1.000000,0.000000,1.000000,0.000000,0.000000
86,149,1.325000,7.475000,18,0.000000,0.000000,1.000000,0.000000,1.000000,0.000000,0.000000
87,149,1.375000,7.475000,19,0.000000,0.000000,1.000000,0.000000,1.000000,0.000000,0.000000
88,149,1.425000,7.475000,13,0.000000,0.000000,1.000000,0.000000,1.000000,0.000000,0.000000
89,149,1.475000,7.475000,27,0.000000,0.000000,1.000000,0.000000,1.000000,0.000000,0.000000
90,149,1.525000,7.475000,30,0.000000,0.000000,1.000000,0.000000,1.000000,0.000000,0.000000
91,149,1.575000,7.475000,5,0.000000,0.000000,1.000000,0.000000,1.000000,0.000000,0.000000
93,149,1.675000,7.475000,13,0.000000,0.000000,1.000000,0.000000,1.000000,0.000000,0.000000
94,149,1.725000,7.475000,57,0.000000,0.000000,1.000000,0.000000,1.000000,0.000000,0.000000
95,149,1.775000,7.475000,48,0.000000,0.000000,1.000000,0.000000,1.000000,0.000000,0.000000
96,149,1.825000,7.475000,67,0.000000,0.000000,1.000000,0.000000,1.000000,0.000000,0.000000
97,149,1.875000,7.475000,6,0.000000,0.000000,1.000000,0.000000,1.000000,0.000000,0.000000
52,150,-0.375000,7.525000,54,0.000000,0.000000,1.000000,0.000000,1.000000,0.000000,0.000000
53,150,-0.325000,7.525000,142,0.000000,0.000000,1.000000,0.000000,1.000000,0.000000,0.000000
58,150,-0.075000,7.525000,18,0.000000,0.000000,1.000000,0.000000,1.000000,0.000000,0.000000
59,150,-0.025000,7.525000,29,0.000000,0.000000,1.000000,0.000000,1.000000,0.000000,0.000000
60,150,0.025000,7.525000,20,0.000000,0.000000,1.000000,0.000000,1.000000,0.000000,0.000000
61,150,0.075000,7.525000,16,0.000000,0.000000,1.000000,0.000000,1.000000,0.000000,0.000000
62,150,0.125000,7.525000,14,0.000000,0.000000,1.000000,0.000000,1.000000,0.000000,0.000000
63,150,0.175000,7.525000,25,0.000000,0.000000,1.000000,0.000000,1.000000,0.000000,0.000000
64,150,0.225000,7.525000,26,0.000000,0.000000,1.000000,0.000000,1.000000,0.000000,0.000000
65,150,0.275000,7.525000,39,0.000000,0.000000,1.000000,0.000000,1.000000,0.000000,0.000000
66,150,0.325000,7.525000,18,0.000000,0.000000,1.000000,0.000000,1.000000,0.000000,0.000000
67,150,0.375000,7.525000,16,0.000000,0.000000,1.000000,0.000000,1.000000,0.000000,0.000000
68,150,0.425000,7.525000,12,0.000000,0.000000,1.000000,0.000000,1.000000,0.000000,0.000000
69,150,0.475000,7.525000,12,0.000000,0.000000,1.000000,0.000000,1.000000,0.000000,0.000000
70,150,0.525000,7.525000,8,0.000000,0.000000,1.000000,0.000000,1.000000,0.000000,0.000000
71,150,0.575000,7.525000,7,0.000000,0.000000,1.000000,0.000000,1.000000,0.000000,0.000000
72,150,0.625000,7.525000,15,0.000000,0.000000,1.000000,0.000000,1.000000,0.000000,0.000000
73,150,0.675000,7.525000,9,0.000000,0.000000,1.000000,0.000000,1.000000,0.000000,0.000000
74,150,0.725000,7.525000,14,0.000000,0.000000,1.000000,0.000000,1.000000,0.000000,0.000000
75,150,0.775000,7.525000,22,0.000000,0.000000,1.000000,0.000000,1.000000,0.000000,0.000000
76,150,0.825000,7.525000,10,0.000000,0.000000,1.000000,0.000000,1.000000,0.000000,0.000000
77,150,0.875000,7.525000,4,0.000000,0.000000,1.000000,0.000000,1.000000,0.000000,0.000000
78,150,0.925000,7.525000,55,0.000000,0.000000,1.000000,0.000000,1.000000,0.000000,0.000000
79,150,0.975000,7.525000,13,0.000000,0.000000,1.000000,0.000000,1.000000,0.000000,0.000000
80,150,1.025000,7.525000,11,0.000000,0.000000,1.000000,0.000000,1.000000,0.000000,0.000000
81,150,1.075000,7.525000,19,0.000000,0.000000,1.000000,0.000000,1.000000,0.000000,0.000000
82,150,1.125000,7.525000,16,0.000000,0.000000,1.000000,0.000000,1.000000,0.000000,0.000000
83,150,1.175000,7.525000,16,0.000000,0.000000,1.000000,0.000000,1.000000,0.000000,0.000000
84,150,1.225000,7.525000,7,0.000000,0.000000,1.000000,0.000000,1.000000,0.000000,0.000000
85,150,1.275000,7.525000,18,0.000000,0.000000,1.000000,0.000000,1.000000,0.000000,0.000000
86,150,1.325000,7.525000,13,0.000000,0.000000,1.000000,0.000000,1.000000,0.000000,0.000000
87,150,1.375000,7.525000,10,0.000000,0.000000,1.000000,0.000000,1.000000,0.000000,0.000000
88,150,1.425000,7.525000,15,0.000000,0.000000,1.000000,0.000000,1.000000,0.000000,0.000000
89,150,1.475000,7.525000,15,0.000000,0.000000,1.000000,0.000000,1.000000,0.000000,0.000000
90,150,1.525000,7.525000,15,0.000000,0.000000,1.000000,0.000000,1.000000,0.000000,0.000000
91,150,1.575000,7.525000,16,0.000000,0.000000,1.000000,0.000000,1.000000,0.000000,0.000000
92,150,1.625000,7.525000,2,0.000000,0.000000,1.000000,0.000000,1.000000,0.000000,0.000000
94,150,1.725000,7.525000,1,0.000000,0.000000,1.000000,0.000000,1.000000,0.000000,0.000000
95,150,1.775000,7.525000,51,0.000000,0.000000,1.000000,0.000000,1.000000,0.000000,0.000000
96,150,1.825000,7.525000,85,0.000000,0.000000,1.000000,0.000000,1.000000,0.000000,0.000000
97,150,1.875000,7.525000,54,0.000000,0.000000,1.000000,0.000000,1.000000,0.000000,0.000000
53,151,-0.325000,7.575000,55,0.000000,0.000000,1.000000,0.000000,1.000000,0.000000,0.000000
58,151,-0.075000,7.575000,30,0.000000,0.000000,1.000000,0.000000,1.000000,0.000000,0.000000
59,151,-0.025000,7.575000,28,0.000000,0.000000,1.000000,0.000000,1.000000,0.000000,0.000000
60,151,0.025000,7.575000,24,0.000000,0.000000,1.000000,0.000000,1.000000,0.000000,0.000000
61,151,0.075000,7.575000,16,0.000000,0.000000,1.000000,0.000000,1.000000,0.000000,0.000000
62,151,0.125000,7.575000,21,0.000000,0.000000,1.000000,0.000000,1.000000,0.000000,0.000000
63,151,0.175000,7.575000,39,0.000000,0.000000,1.000000,0.000000,1.000000,0.000000,0.000000
64,151,0.225000,7.575000,23,0.000000,0.000000,1.000000,0.000000,1.000000,0.000000,0.000000
65,151,0.275000,7.575000,9,0.000000,0.000000,1.000000,0.000000,1.000000,0.000000,0.000000
66,151,0.325000,7.575000,17,0.000000,0.000000,1.000000,0.000000,1.000000,0.000000,0.000000
67,151,0.375000,7.575000,16,0.000000,0.000000,1.000000,0.000000,1.000000,0.000000,0.000000
68,151,0.425000,7.575000,18,0.000000,0.000000,1.000000,0.000000,1.000000,0.000000,0.000000
69,151,0.475000,7.575000,7,0.000000,0.000000,1.000000,0.000000,1.000000,0.000000,0.000000
70,151,0.525000,7.575000,11,0.000000,0.000000,1.000000,0.000000,1.000000,0.000000,0.000000
71,151,0.575000,7.575000,16,0.000000,0.000000,1.000000,0.000000,1.000000,0.000000,0.000000
72,151,0.625000,7.575000,8,0.000000,0.000000,1.000000,0.000000,1.000000,0.000000,0.000000
73,151,0.675000,7.575000,12,0.000000,0.000000,1.000000,0.000000,1.000000,0.000000,0.000000
74,151,0.725000,7.575000,11,0.000000,0.000000,1.000000,0.000000,1.000000,0.000000,0.000000
75,151,0.775000,7.575000,16,0.000000,0.000000,1.000000,0.000000,1.000000,0.000000,0.000000
76,151,0.825000,7.575000,20,0.000000,0.000000,1.000000,0.000000,1.000000,0.000000,0.000000
77,151,0.875000,7.575000,3,0.000000,0.000000,1.000000,0.000000,1.000000,0.000000,0.000000
78,151,0.925000,7.575000,37,0.000000,0.000000,1.000000,0.000000,1.000000,0.000000,0.000000
79,151,0.975000,7.575000,4,0.000000,0.000000,1.000000,0.000000,1.000000,0.000000,0.000000
80,151,1.025000,7.575000,17,0.000000,0.000000,1.000000,0.000000,1.000000,0.000000,0.000000
81,151,1.075000,7.575000,19,0.000000,0.000000,1.000000,0.000000,1.000000,0.000000,0.000000
82,151,1.125000,7.575000,15,0.000000,0.000000,1.000000,0.000000,1.000000,0.000000,0.000000
83,151,1.175000,7.575000,22,0.000000,0.000000,1.000000,0.000000,1.000000,0.000000,0.000000
84,151,1.225000,7.575000,19,0.000000,0.000000,1.000000,0.000000,1.000000,0.000000,0.000000
85,151,1.275000,7.575000,8,0.000000,0.000000,1.000000,0.000000,1.000000,0.000000,0.000000
86,151,1.325000,7.575000,13,0.000000,0.000000,1.000000,0.000000,1.000000,0.000000,0.000000
87,151,1.375000,7.575000,10,0.000000,0.000000,1.000000,0.000000,1.000000,0.000000,0.000000
88,151,1.425000,7.575000,14,0.000000,0.000000,1.000000,0.000000,1.000000,0.000000,0.000000
89,151,1.475000,7.575000,13,0.000000,0.000000,1.000000,0.000000,1.000000,0.000000,0.000000
90,151,1.525000,7.575000,28,0.000000,0.000000,1.000000,0.000000,1.000000,0.000000,0.000000
91,151,1.575000,7.575000,21,0.000000,0.000000,1.000000,0.000000,1.000000,0.000000,0.000000
92,151,1.625000,7.575000,36,0.000000,0.000000,1.000000,0.000000,1.000000,0.000000,0.000000
96,151,1.825000,7.575000,42,0.000000,0.000000,1.000000,0.000000,1.000000,0.000000,0.000000
97,151,1.875000,7.575000,136,0.000000,0.000000,1.000000,0.000000,1.000000,0.000000,0.000000
58,152,-0.075000,7.625000,26,0.000000,0.000000,1.000000,0.000000,1.000000,0.000000,0.000000
59,152,-0.025000,7.625000,29,0.000000,0.000000,1.000000,0.000000,1.000000,0.000000,0.000000
60,152,0.025000,7.625000,19,0.000000,0.000000,1.000000,0.000000,1.000000,0.000000,0.000000
61,152,0.075000,7.625000,30,0.000000,0.000000,1.000000,0.000000,1.000000,0.000000,0.000000
62,152,0.125000,7.625000,21,0.000000,0.000000,1.000000,0.000000,1.000000,0.000000,0.000000
63,152,0.175000,7.625000,26,0.000000,0.000000,1.000000,0.000000,1.000000,0.000000,0.000000
64,152,0.225000,7.625000,5,0.000000,0.000000,1.000000,0.000000,1.000000,0.000000,0.000000
65,152,0.275000,7.625000,18,0.000000,0.000000,1.000000,0.000000,1.000000,0.000000,0.000000
66,152,0.325000,7.625000,25,0.000000,0.000000,1.000000,0.000000,1.000000,0.000000,0.000000
67,152,0.375000,7.625000,29,0.000000,0.000000,1.000000,0.000000,1.000000,0.000000,0.000000
68,152,0.425000,7.625000,16,0.000000,0.000000,1.000000,0.000000,1.000000,0.000000,0.000000
69,152,0.475000,7.625000,6,0.000000,0.000000,1.000000,0.000000,1.000000,0.000000,0.000000
70,152,0.525000,7.625000,12,0.000000,0.000000,1.000000,0.000000,1.000000,0.000000,0.000000
71,152,0.575000,7.625000,10,0.000000,0.000000,1.000000,0.000000,1.000000,0.000000,0.000000
72,152,0.625000,7.625000,12,0.000000,0.000000,1.000000,0.000000,1.000000,0.000000,0.000000
73,152,0.675000,7.625000,18,0.000000,0.000000,1.000000,0.000000,1.000000,0.000000,0.000000
74,152,0.725000,7.625000,13,0.000000,0.000000,1.000000,0.000000,1.000000,0.000000,0.000000
75,152,0.775000,7.625000,11,0.000000,0.000000,1.000000,0.000000,1.000000,0.000000,0.000000
76,152,0.825000,7.625000,23,0.000000,0.000000,1.000000,0.000000,1.000000,0.000000,0.000000
78,152,0.925000,7.625000,23,0.000000,0.000000,1.000000,0.000000,1.000000,0.000000,0.000000
79,152,0.975000,7.625000,29,0.000000,0.000000,1.000000,0.000000,1.000000,0.000000,0.000000
80,152,1.025000,7.625000,1,0.000000,0.000000,1.000000,0.000000,1.000000,0.000000,0.000000
81,152,1.075000,7.625000,23,0.000000,0.000000,1.000000,0.000000,1.000000,0.000000,0.000000
82,152,1.125000,7.625000,14,0.000000,0.000000,1.000000,0.000000,1.000000,0.000000,0.000000
83,152,1.175000,7.625000,15,0.000000,0.000000,1.000000,0.000000,1.000000,0.000000,0.000000
84,152,1.225000,7.625000,30,0.000000,0.000000,1.000000,0.000000,1.000000,0.000000,0.000000
85,152,1.275000,7.625000,18,0.000000,0.000000,1.000000,0.000000,1.000000,0.000000,0.000000
86,152,1.325000,7.625000,26,0.000000,0.000000,1.000000,0.000000,1.000000,0.000000,0.000000
87,152,1.375000,7.625000,15,0.000000,0.000000,1.000000,0.000000,1.000000,0.000000,0.000000
88,152,1.425000,7.625000,14,0.000000,0.000000,1.000000,0.000000,1.000000,0.000000,0.000000
89,152,1.475000,7.625000,32,0.000000,0.000000,1.000000,0.000000,1.000000,0.000000,0.000000
90,152,1.525000,7.625000,16,0.000000,0.000000,1.000000,0.000000,1.000000,0.000000,0.000000
91,152,1.575000,7.625000,17,0.000000,0.000000,1.000000,0.000000,1.000000,0.000000,0.000000
92,152,1.625000,7.625000,26,0.000000,0.000000,1.000000,0.000000,1.000000,0.000000,0.000000
93,152,1.675000,7.625000,29,0.000000,0.000000,1.000000,0.000000,1.000000,0.000000,0.000000
97,152,1.875000,7.625000,104,0.000000,0.000000,1.000000,0.000000,1.000000,0.000000,0.000000
58,153,-0.075000,7.675000,33,0.000000,0.000000,1.000000,0.000000,1.000000,0.000000,0.000000
59,153,-0.025000,7.675000,41,0.000000,0.000000,1.000000,0.000000,1.000000,0.000000,0.000000
60,153,0.025000,7.675000,20,0.000000,0.000000,1.000000,0.000000,1.000000,0.000000,0.000000
61,153,0.075000,7.675000,27,0.000000,0.000000,1.000000,0.000000,1.000000,0.000000,0.000000
62,153,0.125000,7.675000,33,0.000000,0.000000,1.000000,0.000000,1.000000,0.000000,0.000000
63,153,0.175000,7.675000,27,0.000000,0.000000,1.000000,0.000000,1.000000,0.000000,0.000000
65,153,0.275000,7.675000,24,0.000000,0.000000,1.000000,0.000000,1.000000,0.000000,0.000000
66,153,0.325000,7.675000,8,0.000000,0.000000,1.000000,0.000000,1.000000,0.000000,0.000000
67,153,0.375000,7.675000,11,0.000000,0.000000,1.000000,0.000000,1.000000,0.000000,0.000000
68,153,0.425000,7.675000,8,0.000000,0.000000,1.000000,0.000000,1.000000,0.000000,0.000000
69,153,0.475000,7.675000,11,0.000000,0.000000,1.000000,0.000000,1.000000,0.000000,0.000000
70,153,0.525000,7.675000,12,0.000000,0.000000,1.000000,0.000000,1.000000,0.000000,0.000000
71,153,0.575000,7.675000,10,0.000000,0.000000,1.000000,0.000000,1.000000,0.000000,0.000000
72,153,0.625000,7.675000,11,0.000000,0.000000,1.000000,0.000000,1.000000,0.000000,0.000000
73,153,0.675000,7.675000,9,0.000000,0.000000,1.000000,0.000000,1.000000,0.000000,0.000000
74,153,0.725000,7.675000,29,0.000000,0.000000,1.000000,0.000000,1.000000,0.000000,0.000000
75,153,0.775000,7.675000,11,0.000000,0.000000,1.000000,0.000000,1.000000,0.000000,0.000000
76,153,0.825000,7.675000,29,0.000000,0.000000,1.000000,0.000000,1.000000,0.000000,0.000000
79,153,0.975000,7.675000,58,0.000000,0.000000,1.000000,0.000000,1.000000,0.000000,0.000000
81,153,1.075000,7.675000,3,0.000000,0.000000,1.000000,0.000000,1.000000,0.000000,0.000000
82,153,1.125000,7.675000,28,0.000000,0.000000,1.000000,0.000000,1.000000,0.000000,0.000000
83,153,1.175000,7.675000,17,0.000000,0.000000,1.000000,0.000000,1.000000,0.000000,0.000000
84,153,1.225000,7.675000,25,0.000000,0.000000,1.000000,0.000000,1.000000,0.000000,0.000000
85,153,1.275000,7.675000,25,0.000000,0.000000,1.000000,0.000000,1.000000,0.000000,0.000000
86,153,1.325000,7.675000,23,0.000000,0.000000,1.000000,0.000000,1.000000,0.000000,0.000000
87,153,1.375000,7.675000,10,0.000000,0.000000,1.000000,0.000000,1.000000,0.000000,0.000000
88,153,1.425000,7.675000,22,0.000000,0.000000,1.000000,0.000000,1.000000,0.000000,0.000000
89,153,1.475000,7.675000,15,0.000000,0.000000,1.000000,0.000000,1.000000,0.000000,0.000000
90,153,1.525000,7.675000,18,0.000000,0.000000,1.000000,0.000000,1.000000,0.000000,0.000000
91,153,1.575000,7.675000,13,0.000000,0.000000,1.000000,0.000000,1.000000,0.000000,0.000000
92,153,1.625000,7.675000,15,0.000000,0.000000,1.000000,0.000000,1.000000,0.000000,0.000000
93,153,1.675000,7.675000,38,0.000000,0.000000,1.000000,0.000000,1.000000,0.000000,0.000000
94,153,1.725000,7.675000,25,0.000000,0.000000,1.000000,0.000000,1.000000,0.000000,0.000000
58,154,-0.075000,7.725000,36,0.000000,0.000000,1.000000,0.000000,1.000000,0.000000,0.000000
59,154,-0.025000,7.725000,35,0.000000,0.000000,1.000000,0.000000,1.000000,0.000000,0.000000
60,154,0.025000,7.725000,26,0.000000,0.000000,1.000000,0.000000,1.000000,0.000000,0.000000
61,154,0.075000,7.725000,35,0.000000,0.000000,1.000000,0.000000,1.000000,0.000000,0.000000
62,154,0.125000,7.725000,39,0.000000,0.000000,1.000000,0.000000,1.000000,0.000000,0.000000
65,154,0.275000,7.725000,9,0.000000,0.000000,1.000000,0.000000,1.000000,0.000000,0.000000
66,154,0.325000,7.725000,39,0.000000,0.000000,1.000000,0.000000,1.000000,0.000000,0.000000
67,154,0.375000,7.725000,22,0.000000,0.000000,1.000000,0.000000,1.000000,0.000000,0.000000
68,154,0.425000,7.725000,16,0.000000,0.000000,1.000000,0.000000,1.000000,0.000000,0.000000
69,154,0.475000,7.725000,18,0.000000,0.000000,1.000000,0.000000,1.000000,0.000000,0.000000
70,154,0.525000,7.725000,10,0.000000,0.000000,1.000000,0.000000,1.000000,0.000000,0.000000
71,154,0.575000,7.725000,18,0.000000,0.000000,1.000000,0.000000,1.000000,0.000000,0.000000
72,154,0.625000,7.725000,21,0.000000,0.000000,1.000000,0.000000,1.000000,0.000000,0.000000
73,154,0.675000,7.725000,15,0.000000,0.000000,1.000000,0.000000,1.000000,0.000000,0.000000
74,154,0.725000,7.725000,18,0.000000,0.000000,1.000000,0.000000,1.000000,0.000000,0.000000
75,154,0.775000,7.725000,13,0.000000,0.000000,1.000000,0.000000,1.000000,0.000000,0.000000
76,154,0.825000,7.725000,3,0.000000,0.000000,1.000000,0.000000,1.000000,0.000000,0.000000
78,154,0.925000,7.725000,15,0.000000,0.000000,1.000000,0.000000,1.000000,0.000000,0.000000
79,154,0.975000,7.725000,17,0.000000,0.000000,1.000000,0.000000,1.000000,0.000000,0.000000
83,154,1.175000,7.725000,20,0.000000,0.000000,1.000000,0.000000,1.000000,0.000000,0.000000
84,154,1.225000,7.725000,5,0.000000,0.000000,1.000000,0.000000,1.000000,0.000000,0.000000
85,154,1.275000,7.725000,29,0.000000,0.000000,1.000000,0.000000,1.000000,0.000000,0.000000
86,154,1.325000,7.725000,24,0.000000,0.000000,1.000000,0.000000,1.000000,0.000000,0.000000
87,154,1.375000,7.725000,45,0.000000,0.000000,1.000000,0.000000,1.000000,0.000000,0.000000
88,154,1.425000,7.725000,33,0.000000,0.000000,1.000000,0.000000,1.000000,0.000000,0.000000
89,154,1.475000,7.725000,24,0.000000,0.000000,1.000000,0.000000,1.000000,0.000000,0.000000
90,154,1.525000,7.725000,33,0.000000,0.000000,1.000000,0.000000,1.000000,0.000000,0.000000
91,154,1.575000,7.725000,26,0.000000,0.000000,1.000000,0.000000,1.000000,0.000000,0.000000
92,154,1.625000,7.725000,23,0.000000,0.000000,1.000000,0.000000,1.000000,0.000000,0.000000
93,154,1.675000,7.725000,27,0.000000,0.000000,1.000000,0.000000,1.000000,0.000000,0.000000
94,154,1.725000,7.725000,50,0.000000,0.000000,1.000000,0.000000,1.000000,0.000000,0.000000
95,154,1.775000,7.725000,21,0.000000,0.000000,1.000000,0.000000,1.000000,0.000000,0.000000
58,155,-0.075000,7.775000,33,0.000000,0.000000,1.000000,0.000000,1.000000,0.000000,0.000000
59,155,-0.025000,7.775000,37,0.000000,0.000000,1.000000,0.000000,1.000000,0.000000,0.000000
60,155,0.025000,7.775000,34,0.000000,0.000000,1.000000,0.000000,1.000000,0.000000,0.000000
61,155,0.075000,7.775000,46,0.000000,0.000000,1.000000,0.000000,1.000000,0.000000,0.000000
62,155,0.125000,7.775000,14,0.000000,0.000000,1.000000,0.000000,1.000000,0.000000,0.000000
64,155,0.225000,7.775000,11,0.000000,0.000000,1.000000,0.000000,1.000000,0.000000,0.000000
65,155,0.275000,7.775000,29,0.000000,0.000000,1.000000,0.000000,1.000000,0.000000,0.000000
66,155,0.325000,7.775000,21,0.000000,0.000000,1.000000,0.000000,1.000000,0.000000,0.000000
67,155,0.375000,7.775000,15,0.000000,0.000000,1.000000,0.000000,1.000000,0.000000,0.000000
68,155,0.425000,7.775000,13,0.000000,0.000000,1.000000,0.000000,1.000000,0.000000,0.000000
69,155,0.475000,7.775000,16,0.000000,0.000000,1.000000,0.000000,1.000000,0.000000,0.000000
70,155,0.525000,7.775000,15,0.000000,0.000000,1.000000,0.000000,1.000000,0.000000,0.000000
71,155,0.575000,7.775000,5,0.000000,0.000000,1.000000,0.000000,1.000000,0.000000,0.000000
72,155,0.625000,7.775000,20,0.000000,0.000000,1.000000,0.000000,1.000000,0.000000,0.000000
73,155,0.675000,7.775000,14,0.000000,0.000000,1.000000,0.000000,1.000000,0.000000,0.000000
74,155,0.725000,7.775000,33,0.000000,0.000000,1.000000,0.000000,1.000000,0.000000,0.000000
75,155,0.775000,7.775000,1,0.000000,0.000000,1.000000,0.000000,1.000000,0.000000,0.000000
76,155,0.825000,7.775000,1,0.000000,0.000000,1.000000,0.000000,1.000000,0.000000,0.000000
78,155,0.925000,7.775000,16,0.000000,0.000000,1.000000,0.000000,1.000000,0.000000,0.000000
79,155,0.975000,7.775000,7,0.000000,0.000000,1.000000,0.000000,1.000000,0.000000,0.000000
80,155,1.025000,7.775000,35,0.000000,0.000000,1.000000,0.000000,1.000000,0.000000,0.000000
84,155,1.225000,7.775000,11,0.000000,0.000000,1.000000,0.000000,1.000000,0.000000,0.000000
85,155,1.275000,7.775000,13,0.000000,0.000000,1.000000,0.000000,1.000000,0.000000,0.000000
86,155,1.325000,7.775000,19,0.000000,0.000000,1.000000,0.000000,1.000000,0.000000,0.000000
87,155,1.375000,7.775000,29,0.000000,0.000000,1.000000,0.000000,1.000000,0.000000,0.000000
88,155,1.425000,7.775000,31,0.000000,0.000000,1.000000,0.000000,1.000000,0.000000,0.000000
89,155,1.475000,7.775000,33,0.000000,0.000000,1.000000,0.000000,1.000000,0.000000,0.000000
90,155,1.525000,7.775000,48,0.000000,0.000000,1.000000,0.000000,1.000000,0.000000,0.000000
91,155,1.575000,7.775000,46,0.000000,0.000000,1.000000,0.000000,1.000000,0.000000,0.000000
92,155,1.625000,7.775000,25,0.000000,0.000000,1.000000,0.000000,1.000000,0.000000,0.000000
93,155,1.675000,7.775000,28,0.000000,0.000000,1.000000,0.000000,1.000000,0.000000,0.000000
94,155,1.725000,7.775000,26,0.000000,0.000000,1.000000,0.000000,1.000000,0.000000,0.000000
95,155,1.775000,7.775000,58,0.000000,0.000000,1.000000,0.000000,1.000000,0.000000,0.000000
96,155,1.825000,7.775000,25,0.000000,0.000000,1.000000,0.000000,1.000000,0.000000,0.000000
58,156,-0.075000,7.825000,28,0.000000,0.000000,1.000000,0.000000,1.000000,0.000000,0.000000
59,156,-0.025000,7.825000,25,0.000000,0.000000,1.000000,0.000000,1.000000,0.000000,0.000000
60,156,0.025000,7.825000,50,0.000000,0.000000,1.000000,0.000000,1.000000,0.000000,0.000000
61,156,0.075000,7.825000,39,0.000000,0.000000,1.000000,0.000000,1.000000,0.000000,0.000000
65,156,0.275000,7.825000,14,0.000000,0.000000,1.000000,0.000000,1.000000,0.000000,0.000000
66,156,0.325000,7.825000,21,0.000000,0.000000,1.000000,0.000000,1.000000,0.000000,0.000000
67,156,0.375000,7.825000,22,0.000000,0.000000,1.000000,0.000000,1.000000,0.000000,0.000000
68,156,0.425000,7.825000,25,0.000000,0.000000,1.000000,0.000000,1.000000,0.000000,0.000000
69,156,0.475000,7.825000,14,0.000000,0.000000,1.000000,0.000000,1.000000,0.000000,0.000000
70,156,0.525000,7.825000,17,0.000000,0.000000,1.000000,0.000000,1.000000,0.000000,0.000000
71,156,0.575000,7.825000,21,0.000000,0.000000,1.000000,0.000000,1.000000,0.000000,0.000000
72,156,0.625000,7.825000,20,0.000000,0.000000,1.000000,0.000000,1.000000,0.000000,0.000000
73,156,0.675000,7.825000,18,0.000000,0.000000,1.000000,0.000000,1.000000,0.000000,0.000000
74,156,0.725000,7.825000,10,0.000000,0.000000,1.000000,0.000000,1.000000,0.000000,0.000000
75,156,0.775000,7.825000,8,0.000000,0.000000,1.000000,0.000000,1.000000,0.000000,0.000000
76,156,0.825000,7.825000,2,0.000000,0.000000,1.000000,0.000000,1.000000,0.000000,0.000000
77,156,0.875000,7.825000,13,0.000000,0.000000,1.000000,0.000000,1.000000,0.000000,0.000000
78,156,0.925000,7.825000,7,0.000000,0.000000,1.000000,0.000000,1.000000,0.000000,0.000000
79,156,0.975000,7.825000,7,0.000000,0.000000,1.000000,0.000000,1.000000,0.000000,0.000000
80,156,1.025000,7.825000,59,0.000000,0.000000,1.000000,0.000000,1.000000,0.000000,0.000000
81,156,1.075000,7.825000,9,0.000000,0.000000,1.000000,0.000000,1.000000,0.000000,0.000000
82,156,1.125000,7.825000,13,0.000000,0.000000,1.000000,0.000000,1.000000,0.000000,0.000000
83,156,1.175000,7.825000,7,0.000000,0.000000,1.000000,0.000000,1.000000,0.000000,0.000000
84,156,1.225000,7.825000,10,0.000000,0.000000,1.000000,0.000000,1.000000,0.000000,0.000000
85,156,1.275000,7.825000,14,0.000000,0.000000,1.000000,0.000000,1.000000,0.000000,0.000000
86,156,1.325000,7.825000,17,0.000000,0.000000,1.000000,0.000000,1.000000,0.000000,0.000000
87,156,1.375000,7.825000,17,0.000000,0.000000,1.000000,0.000000,1.000000,0.000000,0.000000
88,156,1.425000,7.825000,18,0.000000,0.000000,1.000000,0.000000,1.000000,0.000000,0.000000
89,156,1.475000,7.825000,29,0.000000,0.000000,1.000000,0.000000,1.000000,0.000000,0.000000
90,156,1.525000,7.825000,44,0.000000,0.000000,1.000000,0.000000,1.000000,0.000000,0.000000
91,156,1.575000,7.825000,9,0.000000,0.000000,1.000000,0.000000,1.000000,0.000000,0.000000
92,156,1.625000,7.825000,36,0.000000,0.000000,1.000000,0.000000,1.000000,0.000000,0.000000
93,156,1.675000,7.825000,57,0.000000,0.000000,1.000000,0.000000,1.000000,0.000000,0.000000
94,156,1.725000,7.825000,48,0.000000,0.000000,1.000000,0.000000,1.000000,0.000000,0.000000
95,156,1.775000,7.825000,43,0.000000,0.000000,1.000000,0.000000,1.000000,0.000000,0.000000
96,156,1.825000,7.825000,54,0.000000,0.000000,1.000000,0.000000,1.000000,0.000000,0.000000
58,157,-0.075000,7.875000,28,0.000000,0.000000,1.000000,0.000000,1.000000,0.000000,0.000000
59,157,-0.025000,7.875000,61,0.000000,0.000000,1.000000,0.000000,1.000000,0.000000,0.000000
60,157,0.025000,7.875000,66,0.000000,0.000000,1.000000,0.000000,1.000000,0.000000,0.000000
61,157,0.075000,7.875000,12,0.000000,0.000000,1.000000,0.000000,1.000000,0.000000,0.000000
64,157,0.225000,7.875000,26,0.000000,0.000000,1.000000,0.000000,1.000000,0.000000,0.000000
65,157,0.275000,7.875000,26,0.000000,0.000000,1.000000,0.000000,1.000000,0.000000,0.000000
66,157,0.325000,7.875000,22,0.000000,0.000000,1.000000,0.000000,1.000000,0.000000,0.000000
67,157,0.375000,7.875000,13,0.000000,0.000000,1.000000,0.000000,1.000000,0.000000,0.000000
68,157,0.425000,7.875000,13,0.000000,0.000000,1.000000,0.000000,1.000000,0.000000,0.000000
69,157,0.475000,7.875000,18,0.000000,0.000000,1.000000,0.000000,1.000000,0.000000,0.000000
70,157,0.525000,7.875000,18,0.000000,0.000000,1.000000,0.000000,1.000000,0.000000,0.000000
71,157,0.575000,7.875000,22,0.000000,0.000000,1.000000,0.000000,1.000000,0.000000,0.000000
72,157,0.625000,7.875000,34,0.000000,0.000000,1.000000,0.000000,1.000000,0.000000,0.000000
73,157,0.675000,7.875000,11,0.000000,0.000000,1.000000,0.000000,1.000000,0.000000,0.000000
74,157,0.725000,7.875000,8,0.000000,0.000000,1.000000,0.000000,1.000000,0.000000,0.000000
75,157,0.775000,7.875000,13,0.000000,0.000000,1.000000,0.000000,1.000000,0.000000,0.000000
76,157,0.825000,7.875000,5,0.000000,0.000000,1.000000,0.000000,1.000000,0.000000,0.000000
77,157,0.875000,7.875000,16,0.000000,0.000000,1.000000,0.000000,1.000000,0.000000,0.000000
78,157,0.925000,7.875000,4,0.000000,0.000000,1.000000,0.000000,1.000000,0.000000,0.000000
79,157,0.975000,7.875000,7,0.000000,0.000000,1.000000,0.000000,1.000000,0.000000,0.000000
80,157,1.025000,7.875000,48,0.000000,0.000000,1.000000,0.000000,1.000000,0.000000,0.000000
81,157,1.075000,7.875000,22,0.000000,0.000000,1.000000,0.000000,1.000000,0.000000,0.000000
82,157,1.125000,7.875000,10,0.000000,0.000000,1.000000,0.000000,1.000000,0.000000,0.000000
83,157,1.175000,7.875000,7,0.000000,0.000000,1.000000,0.000000,1.000000,0.000000,0.000000
84,157,1.225000,7.875000,10,0.000000,0.000000,1.000000,0.000000,1.000000,0.000000,0.000000
85,157,1.275000,7.875000,18,0.000000,0.000000,1.000000,0.000000,1.000000,0.000000,0.000000
86,157,1.325000,7.875000,5,0.000000,0.000000,1.000000,0.000000,1.000000,0.000000,0.000000
87,157,1.375000,7.875000,7,0.000000,0.000000,1.000000,0.000000,1.000000,0.000000,0.000000
88,157,1.425000,7.875000,24,0.000000,0.000000,1.000000,0.000000,1.000000,0.000000,0.000000
89,157,1.475000,7.875000,24,0.000000,0.000000,1.000000,0.000000,1.000000,0.000000,0.000000
90,157,1.525000,7.875000,20,0.000000,0.000000,1.000000,0.000000,1.000000,0.000000,0.000000
91,157,1.575000,7.875000,17,0.000000,0.000000,1.000000,0.000000,1.000000,0.000000,0.000000
92,157,1.625000,7.875000,6,0.000000,0.000000,1.000000,0.000000,1.000000,0.000000,0.000000
93,157,1.675000,7.875000,7,0.000000,0.000000,1.000000,0.000000,1.000000,0.000000,0.000000
94,157,1.725000,7.875000,41,0.000000,0.000000,1.000000,0.000000,1.000000,0.000000,0.000000
95,157,1.775000,7.875000,66,0.000000,0.000000,1.000000,0.000000,1.000000,0.000000,0.000000
96,157,1.825000,7.875000,55,0.000000,0.000000,1.000000,0.000000,1.000000,0.000000,0.000000
97,157,1.875000,7.875000,45,0.000000,0.000000,1.000000,0.000000,1.000000,0.000000,0.000000
58,158,-0.075000,7.925000,4,0.000000,0.000000,1.000000,0.000000,1.000000,0.000000,0.000000
59,158,-0.025000,7.925000,79,0.000000,0.000000,1.000000,0.000000,1.000000,0.000000,0.000000
60,158,0.025000,7.925000,82,0.000000,0.000000,1.000000,0.000000,1.000000,0.000000,0.000000
65,158,0.275000,7.925000,29,0.000000,0.000000,1.000000,0.000000,1.000000,0.000000,0.000000
66,158,0.325000,7.925000,32,0.000000,0.000000,1.000000,0.000000,1.000000,0.000000,0.000000
67,158,0.375000,7.925000,22,0.000000,0.000000,1.000000,0.000000,1.000000,0.000000,0.000000
68,158,0.425000,7.925000,19,0.000000,0.000000,1.000000,0.000000,1.000000,0.000000,0.000000
69,158,0.475000,7.925000,24,0.000000,0.000000,1.000000,0.000000,1.000000,0.000000,0.000000
70,158,0.525000,7.925000,19,0.000000,0.000000,1.000000,0.000000,1.000000,0.000000,0.000000
71,158,0.575000,7.925000,52,0.000000,0.000000,1.000000,0.000000,1.000000,0.000000,0.000000
72,158,0.625000,7.925000,23,0.000000,0.000000,1.000000,0.000000,1.000000,0.000000,0.000000
73,158,0.675000,7.925000,20,0.000000,0.000000,1.000000,0.000000,1.000000,0.000000,0.000000
74,158,0.725000,7.925000,18,0.000000,0.000000,1.000000,0.000000,1.000000,0.000000,0.000000
75,158,0.775000,7.925000,14,0.000000,0.000000,1.000000,0.000000,1.000000,0.000000,0.000000
76,158,0.825000,7.925000,13,0.000000,0.000000,1.000000,0.000000,1.000000,0.000000,0.000000
77,158,0.875000,7.925000,7,0.000000,0.000000,1.000000,0.000000,1.000000,0.000000,0.000000
78,158,0.925000,7.925000,15,0.000000,0.000000,1.000000,0.000000,1.000000,0.000000,0.000000
79,158,0.975000,7.925000,10,0.000000,0.000000,1.000000,0.000000,1.000000,0.000000,0.000000
80,158,1.025000,7.925000,14,0.000000,0.000000,1.000000,0.000000,1.000000,0.000000,0.000000
81,158,1.075000,7.925000,73,0.000000,0.000000,1.000000,0.000000,1.000000,0.000000,0.000000
82,158,1.125000,7.925000,13,0.000000,0.000000,1.000000,0.000000,1.000000,0.000000,0.000000
83,158,1.175000,7.925000,18,0.000000,0.000000,1.000000,0.000000,1.000000,0.000000,0.000000
84,158,1.225000,7.925000,14,0.000000,0.000000,1.000000,0.000000,1.000000,0.000000,0.000000
85,158,1.275000,7.925000,10,0.000000,0.000000,1.000000,0.000000,1.000000,0.000000,0.000000
86,158,1.325000,7.925000,14,0.000000,0.000000,1.000000,0.000000,1.000000,0.000000,0.000000
87,158,1.375000,7.925000,16,0.000000,0.000000,1.000000,0.000000,1.000000,0.000000,0.000000
88,158,1.425000,7.925000,13,0.000000,0.000000,1.000000,0.000000,1.000000,0.000000,0.000000
89,158,1.475000,7.925000,13,0.000000,0.000000,1.000000,0.000000,1.000000,0.000000,0.000000
90,158,1.525000,7.925000,16,0.000000,0.000000,1.000000,0.000000,1.000000,0.000000,0.000000
91,158,1.575000,7.925000,27,0.000000,0.000000,1.000000,0.000000,1.000000,0.000000,0.000000
92,158,1.625000,7.925000,15,0.000000,0.000000,1.000000,0.000000,1.000000,0.000000,0.000000
93,158,1.675000,7.925000,7,0.000000,0.000000,1.000000,0.000000,1.000000,0.000000,0.000000
95,158,1.775000,7.925000,11,0.000000,0.000000,1.000000,0.000000,1.000000,0.000000,0.000000
96,158,1.825000,7.925000,81,0.000000,0.000000,1.000000,0.000000,1.000000,0.000000,0.000000
97,158,1.875000,7.925000,114,0.000000,0.000000,1.000000,0.000000,1.000000,0.000000,0.000000
98,158,1.925000,7.925000,1,0.000000,0.000000,1.000000,0.000000,1.000000,0.000000,0.000000
59,159,-0.025000,7.975000,97,0.000000,0.000000,1.000000,0.000000,1.000000,0.000000,0.000000
60,159,0.025000,7.975000,93,0.000000,0.000000,1.000000,0.000000,1.000000,0.000000,0.000000
64,159,0.225000,7.975000,25,0.000000,0.000000,1.000000,0.000000,1.000000,0.000000,0.000000
65,159,0.275000,7.975000,25,0.000000,0.000000,1.000000,0.000000,1.000000,0.000000,0.000000
66,159,0.325000,7.975000,27,0.000000,0.000000,1.000000,0.000000,1.000000,0.000000,0.000000
67,159,0.375000,7.975000,22,0.000000,0.000000,1.000000,0.000000,1.000000,0.000000,0.000000
68,159,0.425000,7.975000,20,0.000000,0.000000,1.000000,0.000000,1.000000,0.000000,0.000000
69,159,0.475000,7.975000,22,0.000000,0.000000,1.000000,0.000000,1.000000,0.000000,0.000000
70,159,0.525000,7.975000,44,0.000000,0.000000,1.000000,0.000000,1.000000,0.000000,0.000000
71,159,0.575000,7.975000,45,0.000000,0.000000,1.000000,0.000000,1.000000,0.000000,0.000000
72,159,0.625000,7.975000,20,0.000000,0.000000,1.000000,0.000000,1.000000,0.000000,0.000000
73,159,0.675000,7.975000,14,0.000000,0.000000,1.000000,0.000000,1.000000,0.000000,0.000000
74,159,0.725000,7.975000,9,0.000000,0.000000,1.000000,0.000000,1.000000,0.000000,0.000000
75,159,0.775000,7.975000,8,0.000000,0.000000,1.000000,0.000000,1.000000,0.000000,0.000000
76,159,0.825000,7.975000,13,0.000000,0.000000,1.000000,0.000000,1.000000,0.000000,0.000000
77,159,0.875000,7.975000,13,0.000000,0.000000,1.000000,0.000000,1.000000,0.000000,0.000000
78,159,0.925000,7.975000,17,0.000000,0.000000,1.000000,0.000000,1.000000,0.000000,0.000000
79,159,0.975000,7.975000,22,0.000000,0.000000,1.000000,0.000000,1.000000,0.000000,0.000000
80,159,1.025000,7.975000,16,0.000000,0.000000,1.000000,0.000000,1.000000,0.000000,0.000000
81,159,1.075000,7.975000,38,0.000000,0.000000,1.000000,0.000000,1.000000,0.000000,0.000000
82,159,1.125000,7.975000,10,0.000000,0.000000,1.000000,0.000000,1.000000,0.000000,0.000000
83,159,1.175000,7.975000,14,0.000000,0.000000,1.000000,0.000000,1.000000,0.000000,0.000000
84,159,1.225000,7.975000,25,0.000000,0.000000,1.000000,0.000000,1.000000,0.000000,0.000000
85,159,1.275000,7.975000,16,0.000000,0.000000,1.000000,0.000000,1.000000,0.000000,0.000000
86,159,1.325000,7.975000,35,0.000000,0.000000,1.000000,0.000000,1.000000,0.000000,0.000000
87,159,1.375000,7.975000,10,0.000000,0.000000,1.000000,0.000000,1.000000,0.000000,0.000000
88,159,1.425000,7.975000,21,0.000000,0.000000,1.000000,0.000000,1.000000,0.000000,0.000000
89,159,1.475000,7.975000,15,0.000000,0.000000,1.000000,0.000000,1.000000,0.000000,0.000000
90,159,1.525000,7.975000,15,0.000000,0.000000,1.000000,0.000000,1.000000,0.000000,0.000000
91,159,1.575000,7.975000,19,0.000000,0.000000,1.000000,0.000000,1.000000,0.000000,0.000000
92,159,1.625000,7.975000,28,0.000000,0.000000,1.000000,0.000000,1.000000,0.000000,0.000000
93,159,1.675000,7.975000,41,0.000000,0.000000,1.000000,0.000000,1.000000,0.000000,0.000000
94,159,1.725000,7.975000,3,0.000000,0.000000,1.000000,0.000000,1.000000,0.000000,0.000000
97,159,1.875000,7.975000,119,0.000000,0.000000,1.000000,0.000000,1.000000,0.000000,0.000000
98,159,1.925000,7.975000,44,0.000000,0.000000,1.000000,0.000000,1.000000,0.000000,0.000000
59,160,-0.025000,8.025000,16,0.000000,0.000000,1.000000,0.000000,1.000000,0.000000,0.000000
60,160,0.025000,8.025000,143,0.000000,0.000000,1.000000,0.000000,1.000000,0.000000,0.000000
64,160,0.225000,8.025000,18,0.000000,0.000000,1.000000,0.000000,1.000000,0.000000,0.000000
65,160,0.275000,8.025000,35,0.000000,0.000000,1.000000,0.000000,1.000000,0.000000,0.000000
66,160,0.325000,8.025000,21,0.000000,0.000000,1.000000,0.000000,1.000000,0.000000,0.000000
67,160,0.375000,8.025000,20,0.000000,0.000000,1.000000,0.000000,1.000000,0.000000,0.000000
68,160,0.425000,8.025000,22,0.000000,0.000000,1.000000,0.000000,1.000000,0.000000,0.000000
69,160,0.475000,8.025000,38,0.000000,0.000000,1.000000,0.000000,1.000000,0.000000,0.000000
70,160,0.525000,8.025000,27,0.000000,0.000000,1.000000,0.000000,1.000000,0.000000,0.000000
71,160,0.575000,8.025000,16,0.000000,0.000000,1.000000,0.000000,1.000000,0.000000,0.000000
72,160,0.625000,8.025000,22,0.000000,0.000000,1.000000,0.000000,1.000000,0.000000,0.000000
73,160,0.675000,8.025000,14,0.000000,0.000000,1.000000,0.000000,1.000000,0.000000,0.000000
74,160,0.725000,8.025000,9,0.000000,0.000000,1.000000,0.000000,1.000000,0.000000,0.000000
75,160,0.775000,8.025000,18,0.000000,0.000000,1.000000,0.000000,1.000000,0.000000,0.000000
76,160,0.825000,8.025000,6,0.000000,0.000000,1.000000,0.000000,1.000000,0.000000,0.000000
77,160,0.875000,8.025000,18,0.000000,0.000000,1.000000,0.000000,1.000000,0.000000,0.000000
78,160,0.925000,8.025000,16,0.000000,0.000000,1.000000,0.000000,1.000000,0.000000,0.000000
79,160,0.975000,8.025000,14,0.000000,0.000000,1.000000,0.000000,1.000000,0.000000,0.000000
80,160,1.025000,8.025000,15,0.000000,0.000000,1.000000,0.000000,1.000000,0.000000,0.000000
81,160,1.075000,8.025000,2,0.000000,0.000000,1.000000,0.000000,1.000000,0.000000,0.000000
82,160,1.125000,8.025000,50,0.000000,0.000000,1.000000,0.000000,1.000000,0.000000,0.000000
83,160,1.175000,8.025000,6,0.000000,0.000000,1.000000,0.000000,1.000000,0.000000,0.000000
84,160,1.225000,8.025000,21,0.000000,0.000000,1.000000,0.000000,1.000000,0.000000,0.000000
85,160,1.275000,8.025000,20,0.000000,0.000000,1.000000,0.000000,1.000000,0.000000,0.000000
86,160,1.325000,8.025000,26,0.000000,0.000000,1.000000,0.000000,1.000000,0.000000,0.000000
87,160,1.375000,8.025000,21,0.000000,0.000000,1.000000,0.000000,1.000000,0.000000,0.000000
88,160,1.425000,8.025000,29,0.000000,0.000000,1.000000,0.000000,1.000000,0.000000,0.000000
89,160,1.475000,8.025000,15,0.000000,0.000000,1.000000,0.000000,1.000000,0.000000,0.000000
90,160,1.525000,8.025000,18,0.000000,0.000000,1.000000,0.000000,1.000000,0.000000,0.000000
91,160,1.575000,8.025000,28,0.000000,0.000000,1.000000,0.000000,1.000000,0.000000,0.000000
92,160,1.625000,8.025000,19,0.000000,0.000000,1.000000,0.000000,1.000000,0.000000,0.000000
93,160,1.675000,8.025000,24,0.000000,0.000000,1.000000,0.000000,1.000000,0.000000,0.000000
94,160,1.725000,8.025000,32,0.000000,0.000000,1.000000,0.000000,1.000000,0.000000,0.000000
95,160,1.775000,8.025000,3,0.000000,0.000000,1.000000,0.000000,1.000000,0.000000,0.000000
97,160,1.875000,8.025000,1,0.000000,0.000000,1.000000,0.000000,1.000000,0.000000,0.000000
98,160,1.925000,8.025000,48,0.000000,0.000000,1.000000,0.000000,1.000000,0.000000,0.000000
64,161,0.225000,8.075000,13,0.000000,0.000000,1.000000,0.000000,1.000000,0.000000,0.000000
65,161,0.275000,8.075000,39,0.000000,0.000000,1.000000,0.000000,1.000000,0.000000,0.000000
66,161,0.325000,8.075000,25,0.000000,0.000000,1.000000,0.000000,1.000000,0.000000,0.000000
67,161,0.375000,8.075000,30,0.000000,0.000000,1.000000,0.000000,1.000000,0.000000,0.000000
68,161,0.425000,8.075000,33,0.000000,0.000000,1.000000,0.000000,1.000000,0.000000,0.000000
69,161,0.475000,8.075000,18,0.000000,0.000000,1.000000,0.000000,1.000000,0.000000,0.000000
70,161,0.525000,8.075000,10,0.000000,0.000000,1.000000,0.000000,1.000000,0.000000,0.000000
71,161,0.575000,8.075000,24,0.000000,0.000000,1.000000,0.000000,1.000000,0.000000,0.000000
72,161,0.625000,8.075000,33,0.000000,0.000000,1.000000,0.000000,1.000000,0.000000,0.000000
73,161,0.675000,8.075000,13,0.000000,0.000000,1.000000,0.000000,1.000000,0.000000,0.000000
74,161,0.725000,8.075000,5,0.000000,0.000000,1.000000,0.000000,1.000000,0.000000,0.000000
75,161,0.775000,8.075000,13,0.000000,0.000000,1.000000,0.000000,1.000000,0.000000,0.000000
76,161,0.825000,8.075000,12,0.000000,0.000000,1.000000,0.000000,1.000000,0.000000,0.000000
77,161,0.875000,8.075000,18,0.000000,0.000000,1.000000,0.000000,1.000000,0.000000,0.000000
78,161,0.925000,8.075000,25,0.000000,0.000000,1.000000,0.000000,1.000000,0.000000,0.000000
79,161,0.975000,8.075000,25,0.000000,0.000000,1.000000,0.000000,1.000000,0.000000,0.000000
80,161,1.025000,8.075000,13,0.000000,0.000000,1.000000,0.000000,1.000000,0.000000,0.000000
82,161,1.125000,8.075000,60,0.000000,0.000000,1.000000,0.000000,1.000000,0.000000,0.000000
84,161,1.225000,8.075000,9,0.000000,0.000000,1.000000,0.000000,1.000000,0.000000,0.000000
85,161,1.275000,8.075000,29,0.000000,0.000000,1.000000,0.000000,1.000000,0.000000,0.000000
86,161,1.325000,8.075000,18,0.000000,0.000000,1.000000,0.000000,1.000000,0.000000,0.000000
87,161,1.375000,8.075000,38,0.000000,0.000000,1.000000,0.000000,1.000000,0.000000,0.000000
88,161,1.425000,8.075000,22,0.000000,0.000000,1.000000,0.000000,1.000000,0.000000,0.000000
89,161,1.475000,8.075000,23,0.000000,0.000000,1.000000,0.000000,1.000000,0.000000,0.000000
90,161,1.525000,8.075000,25,0.000000,0.000000,1.000000,0.000000,1.000000,0.000000,0.000000
91,161,1.575000,8.075000,20,0.000000,0.000000,1.000000,0.000000,1.000000,0.000000,0.000000
92,161,1.625000,8.075000,22,0.000000,0.000000,1.000000,0.000000,1.000000,0.000000,0.000000
93,161,1.675000,8.075000,18,0.000000,0.000000,1.000000,0.000000,1.000000,0.000000,0.000000
94,161,1.725000,8.075000,36,0.000000,0.000000,1.000000,0.000000,1.000000,0.000000,0.000000
95,161,1.775000,8.075000,42,0.000000,0.000000,1.000000,0.000000,1.000000,0.000000,0.000000
96,161,1.825000,8.075000,16,0.000000,0.000000,1.000000,0.000000,1.000000,0.000000,0.000000
64,162,0.225000,8.125000,27,0.000000,0.000000,1.000000,0.000000,1.000000,0.000000,0.000000
65,162,0.275000,8.125000,47,0.000000,0.000000,1.000000,0.000000,1.000000,0.000000,0.000000
66,162,0.325000,8.125000,25,0.000000,0.000000,1.000000,0.000000,1.000000,0.000000,0.000000
67,162,0.375000,8.125000,37,0.000000,0.000000,1.000000,0.000000,1.000000,0.000000,0.000000
68,162,0.425000,8.125000,45,0.000000,0.000000,1.000000,0.000000,1.000000,0.000000,0.000000
70,162,0.525000,8.125000,17,0.000000,0.000000,1.000000,0.000000,1.000000,0.000000,0.000000
71,162,0.575000,8.125000,15,0.000000,0.000000,1.000000,0.000000,1.000000,0.000000,0.000000
72,162,0.625000,8.125000,18,0.000000,0.000000,1.000000,0.000000,1.000000,0.000000,0.000000
73,162,0.675000,8.125000,17,0.000000,0.000000,1.000000,0.000000,1.000000,0.000000,0.000000
74,162,0.725000,8.125000,21,0.000000,0.000000,1.000000,0.000000,1.000000,0.000000,0.000000
75,162,0.775000,8.125000,14,0.000000,0.000000,1.000000,0.000000,1.000000,0.000000,0.000000
76,162,0.825000,8.125000,13,0.000000,0.000000,1.000000,0.000000,1.000000,0.000000,0.000000
77,162,0.875000,8.125000,19,0.000000,0.000000,1.000000,0.000000,1.000000,0.000000,0.000000
78,162,0.925000,8.125000,24,0.000000,0.000000,1.000000,0.000000,1.000000,0.000000,0.000000
79,162,0.975000,8.125000,23,0.000000,0.000000,1.000000,0.000000,1.000000,0.000000,0.000000
80,162,1.025000,8.125000,2,0.000000,0.000000,1.000000,0.000000,1.000000,0.000000,0.000000
82,162,1.125000,8.125000,23,0.000000,0.000000,1.000000,0.000000,1.000000,0.000000,0.000000
83,162,1.175000,8.125000,3,0.000000,0.000000,1.000000,0.000000,1.000000,0.000000,0.000000
85,162,1.275000,8.125000,1,0.000000,0.000000,1.000000,0.000000,1.000000,0.000000,0.000000
86,162,1.325000,8.125000,18,0.000000,0.000000,1.000000,0.000000,1.000000,0.000000,0.000000
87,162,1.375000,8.125000,24,0.000000,0.000000,1.000000,0.000000,1.000000,0.000000,0.000000
88,162,1.425000,8.125000,29,0.000000,0.000000,1.000000,0.000000,1.000000,0.000000,0.000000
89,162,1.475000,8.125000,49,0.000000,0.000000,1.000000,0.000000,1.000000,0.000000,0.000000
90,162,1.525000,8.125000,65,0.000000,0.000000,1.000000,0.000000,1.000000,0.000000,0.000000
91,162,1.575000,8.125000,45,0.000000,0.000000,1.000000,0.000000,1.000000,0.000000,0.000000
92,162,1.625000,8.125000,44,0.000000,0.000000,1.000000,0.000000,1.000000,0.000000,0.000000
93,162,1.675000,8.125000,34,0.000000,0.000000,1.000000,0.000000,1.000000,0.000000,0.000000
94,162,1.725000,8.125000,36,0.000000,0.000000,1.000000,0.000000,1.000000,0.000000,0.000000
95,162,1.775000,8.125000,41,0.000000,0.000000,1.000000,0.000000,1.000000,0.000000,0.000000
96,162,1.825000,8.125000,52,0.000000,0.000000,1.000000,0.000000,1.000000,0.000000,0.000000
64,163,0.225000,8.175000,19,0.000000,0.000000,1.000000,0.000000,1.000000,0.000000,0.000000
65,163,0.275000,8.175000,47,0.000000,0.000000,1.000000,0.000000,1.000000,0.000000,0.000000
66,163,0.325000,8.175000,30,0.000000,0.000000,1.000000,0.000000,1.000000,0.000000,0.000000
67,163,0.375000,8.175000,56,0.000000,0.000000,1.000000,0.000000,1.000000,0.000000,0.000000
68,163,0.425000,8.175000,15,0.000000,0.000000,1.000000,0.000000,1.000000,0.000000,0.000000
70,163,0.525000,8.175000,23,0.000000,0.000000,1.000000,0.000000,1.000000,0.000000,0.000000
71,163,0.575000,8.175000,35,0.000000,0.000000,1.000000,0.000000,1.000000,0.000000,0.000000
72,163,0.625000,8.175000,25,0.000000,0.000000,1.000000,0.000000,1.000000,0.000000,0.000000
73,163,0.675000,8.175000,10,0.000000,0.000000,1.000000,0.000000,1.000000,0.000000,0.000000
74,163,0.725000,8.175000,16,0.000000,0.000000,1.000000,0.000000,1.000000,0.000000,0.000000
75,163,0.775000,8.175000,15,0.000000,0.000000,1.000000,0.000000,1.000000,0.000000,0.000000
76,163,0.825000,8.175000,24,0.000000,0.000000,1.000000,0.000000,1.000000,0.000000,0.000000
77,163,0.875000,8.175000,17,0.000000,0.000000,1.000000,0.000000,1.000000,0.000000,0.000000
78,163,0.925000,8.175000,36,0.000000,0.000000,1.000000,0.000000,1.000000,0.000000,0.000000
79,163,0.975000,8.175000,2,0.000000,0.000000,1.000000,0.000000,1.000000,0.000000,0.000000
81,163,1.075000,8.175000,13,0.000000,0.000000,1.000000,0.000000,1.000000,0.000000,0.000000
82,163,1.125000,8.175000,6,0.000000,0.000000,1.000000,0.000000,1.000000,0.000000,0.000000
83,163,1.175000,8.175000,44,0.000000,0.000000,1.000000,0.000000,1.000000,0.000000,0.000000
84,163,1.225000,8.175000,3,0.000000,0.000000,1.000000,0.000000,1.000000,0.000000,0.000000
86,163,1.325000,8.175000,4,0.000000,0.000000,1.000000,0.000000,1.000000,0.000000,0.000000
87,163,1.375000,8.175000,13,0.000000,0.000000,1.000000,0.000000,1.000000,0.000000,0.000000
88,163,1.425000,8.175000,17,0.000000,0.000000,1.000000,0.000000,1.000000,0.000000,0.000000
89,163,1.475000,8.175000,25,0.000000,0.000000,1.000000,0.000000,1.000000,0.000000,0.000000
90,163,1.525000,8.175000,14,0.000000,0.000000,1.000000,0.000000,1.000000,0.000000,0.000000
91,163,1.575000,8.175000,23,0.000000,0.000000,1.000000,0.000000,1.000000,0.000000,0.000000
92,163,1.625000,8.175000,35,0.000000,0.000000,1.000000,0.000000,1.000000,0.000000,0.000000
93,163,1.675000,8.175000,33,0.000000,0.000000,1.000000,0.000000,1.000000,0.000000,0.000000
94,163,1.725000,8.175000,66,0.000000,0.000000,1.000000,0.000000,1.000000,0.000000,0.000000
95,163,1.775000,8.175000,51,0.000000,0.000000,1.000000,0.000000,1.000000,0.000000,0.000000
96,163,1.825000,8.175000,47,0.000000,0.000000,1.000000,0.000000,1.000000,0.000000,0.000000
97,163,1.875000,8.175000,50,0.000000,0.000000,1.000000,0.000000,1.000000,0.000000,0.000000
64,164,0.225000,8.225000,12,0.000000,0.000000,1.000000,0.000000,1.000000,0.000000,0.000000
65,164,0.275000,8.225000,45,0.000000,0.000000,1.000000,0.000000,1.000000,0.000000,0.000000
66,164,0.325000,8.225000,36,0.000000,0.000000,1.000000,0.000000,1.000000,0.000000,0.000000
67,164,0.375000,8.225000,54,0.000000,0.000000,1.000000,0.000000,1.000000,0.000000,0.000000
70,164,0.525000,8.225000,13,0.000000,0.000000,1.000000,0.000000,1.000000,0.000000,0.000000
71,164,0.575000,8.225000,24,0.000000,0.000000,1.000000,0.000000,1.000000,0.000000,0.000000
72,164,0.625000,8.225000,15,0.000000,0.000000,1.000000,0.000000,1.000000,0.000000,0.000000
73,164,0.675000,8.225000,32,0.000000,0.000000,1.000000,0.000000,1.000000,0.000000,0.000000
74,164,0.725000,8.225000,16,0.000000,0.000000,1.000000,0.000000,1.000000,0.000000,0.000000
75,164,0.775000,8.225000,19,0.000000,0.000000,1.000000,0.000000,1.000000,0.000000,0.000000
76,164,0.825000,8.225000,25,0.000000,0.000000,1.000000,0.000000,1.000000,0.000000,0.000000
77,164,0.875000,8.225000,18,0.000000,0.000000,1.000000,0.000000,1.000000,0.000000,0.000000
78,164,0.925000,8.225000,17,0.000000,0.000000,1.000000,0.000000,1.000000,0.000000,0.000000
79,164,0.975000,8.225000,9,0.000000,0.000000,1.000000,0.000000,1.000000,0.000000,0.000000
80,164,1.025000,8.225000,3,0.000000,0.000000,1.000000,0.000000,1.000000,0.000000,0.000000
81,164,1.075000,8.225000,15,0.000000,0.000000,1.000000,0.000000,1.000000,0.000000,0.000000
82,164,1.125000,8.225000,11,0.000000,0.000000,1.000000,0.000000,1.000000,0.000000,0.000000
83,164,1.175000,8.225000,50,0.000000,0.000000,1.000000,0.000000,1.000000,0.000000,0.000000
84,164,1.225000,8.225000,24,0.000000,0.000000,1.000000,0.000000,1.000000,0.000000,0.000000
85,164,1.275000,8.225000,18,0.000000,0.000000,1.000000,0.000000,1.000000,0.000000,0.000000
86,164,1.325000,8.225000,7,0.000000,0.000000,1.000000,0.000000,1.000000,0.000000,0.000000
87,164,1.375000,8.225000,21,0.000000,0.000000,1.000000,0.000000,1.000000,0.000000,0.000000
88,164,1.425000,8.225000,15,0.000000,0.000000,1.000000,0.000000,1.000000,0.000000,0.000000
89,164,1.475000,8.225000,15,0.000000,0.000000,1.000000,0.000000,1.000000,0.000000,0.000000
90,164,1.525000,8.225000,19,0.000000,0.000000,1.000000,0.000000,1.000000,0.000000,0.000000
91,164,1.575000,8.225000,30,0.000000,0.000000,1.000000,0.000000,1.000000,0.000000,0.000000
92,164,1.625000,8.225000,33,0.000000,0.000000,1.000000,0.000000,1.000000,0.000000,0.000000
93,164,1.675000,8.225000,17,0.000000,0.000000,1.000000,0.000000,1.000000,0.000000,0.000000
94,164,1.725000,8.225000,3,0.000000,0.000000,1.000000,0.000000,1.000000,0.000000,0.000000
95,164,1.775000,8.225000,45,0.000000,0.000000,1.000000,0.000000,1.000000,0.000000,0.000000
96,164,1.825000,8.225000,70,0.000000,0.000000,1.000000,0.000000,1.000000,0.000000,0.000000
97,164,1.875000,8.225000,87,0.000000,0.000000,1.000000,0.000000,1.000000,0.000000,0.000000
98,164,1.925000,8.225000,22,0.000000,0.000000,1.000000,0.000000,1.000000,0.000000,0.000000
65,165,0.275000,8.275000,56,0.000000,0.000000,1.000000,0.000000,1.000000,0.000000,0.000000
66,165,0.325000,8.275000,58,0.000000,0.000000,1.000000,0.000000,1.000000,0.000000,0.000000
67,165,0.375000,8.275000,38,0.000000,0.000000,1.000000,0.000000,1.000000,0.000000,0.000000
70,165,0.525000,8.275000,36,0.000000,0.000000,1.000000,0.000000,1.000000,0.000000,0.000000
71,165,0.575000,8.275000,27,0.000000,0.000000,1.000000,0.000000,1.000000,0.000000,0.000000
72,165,0.625000,8.275000,19,0.000000,0.000000,1.000000,0.000000,1.000000,0.000000,0.000000
73,165,0.675000,8.275000,19,0.000000,0.000000,1.000000,0.000000,1.000000,0.000000,0.000000
74,165,0.725000,8.275000,16,0.000000,0.000000,1.000000,0.000000,1.000000,0.000000,0.000000
75,165,0.775000,8.275000,25,0.000000,0.000000,1.000000,0.000000,1.000000,0.000000,0.000000
76,165,0.825000,8.275000,41,0.000000,0.000000,1.000000,0.000000,1.000000,0.000000,0.000000
77,165,0.875000,8.275000,18,0.000000,0.000000,1.000000,0.000000,1.000000,0.000000,0.000000
78,165,0.925000,8.275000,13,0.000000,0.000000,1.000000,0.000000,1.000000,0.000000,0.000000
79,165,0.975000,8.275000,18,0.000000,0.000000,1.000000,0.000000,1.000000,0.000000,0.000000
80,165,1.025000,8.275000,13,0.000000,0.000000,1.000000,0.000000,1.000000,0.000000,0.000000
81,165,1.075000,8.275000,5,0.000000,0.000000,1.000000,0.000000,1.000000,0.000000,0.000000
82,165,1.125000,8.275000,11,0.000000,0.000000,1.000000,0.000000,1.000000,0.000000,0.000000
83,165,1.175000,8.275000,9,0.000000,0.000000,1.000000,0.000000,1.000000,0.000000,0.000000
84,165,1.225000,8.275000,71,0.000000,0.000000,1.000000,0.000000,1.000000,0.000000,0.000000
85,165,1.275000,8.275000,14,0.000000,0.000000,1.000000,0.000000,1.000000,0.000000,0.000000
86,165,1.325000,8.275000,16,0.000000,0.000000,1.000000,0.000000,1.000000,0.000000,0.000000
87,165,1.375000,8.275000,14,0.000000,0.000000,1.000000,0.000000,1.000000,0.000000,0.000000
88,165,1.425000,8.275000,17,0.000000,0.000000,1.000000,0.000000,1.000000,0.000000,0.000000
89,165,1.475000,8.275000,16,0.000000,0.000000,1.000000,0.000000,1.000000,0.000000,0.000000
90,165,1.525000,8.275000,25,0.000000,0.000000,1.000000,0.000000,1.000000,0.000000,0.000000
91,165,1.575000,8.275000,17,0.000000,0.000000,1.000000,0.000000,1.000000,0.000000,0.000000
92,165,1.625000,8.275000,26,0.000000,0.000000,1.000000,0.000000,1.000000,0.000000,0.000000
93,165,1.675000,8.275000,26,0.000000,0.000000,1.000000,0.000000,1.000000,0.000000,0.000000
94,165,1.725000,8.275000,27,0.000000,0.000000,1.000000,0.000000,1.000000,0.000000,0.000000
95,165,1.775000,8.275000,3,0.000000,0.000000,1.000000,0.000000,1.000000,0.000000,0.000000
96,165,1.825000,8.275000,1,0.000000,0.000000,1.000000,0.000000,1.000000,0.000000,0.000000
97,165,1.875000,8.275000,63,0.000000,0.000000,1.000000,0.000000,1.000000,0.000000,0.000000
98,165,1.925000,8.275000,128,0.000000,0.000000,1.000000,0.000000,1.000000,0.000000,0.000000
65,166,0.275000,8.325000,62,0.000000,0.000000,1.000000,0.000000,1.000000,0.000000,0.000000
66,166,0.325000,8.325000,88,0.000000,0.000000,1.000000,0.000000,1.000000,0.000000,0.000000
67,166,0.375000,8.325000,12,0.000000,0.000000,1.000000,0.000000,1.000000,0.000000,0.000000
70,166,0.525000,8.325000,12,0.000000,0.000000,1.000000,0.000000,1.000000,0.000000,0.000000
71,166,0.575000,8.325000,43,0.000000,0.000000,1.000000,0.000000,1.000000,0.000000,0.000000
72,166,0.625000,8.325000,29,0.000000,0.000000,1.000000,0.000000,1.000000,0.000000,0.000000
73,166,0.675000,8.325000,20,0.000000,0.000000,1.000000,0.000000,1.000000,0.000000,0.000000
74,166,0.725000,8.325000,31,0.000000,0.000000,1.000000,0.000000,1.000000,0.000000,0.000000
75,166,0.775000,8.325000,43,0.000000,0.000000,1.000000,0.000000,1.000000,0.000000,0.000000
76,166,0.825000,8.325000,54,0.000000,0.000000,1.000000,0.000000,1.000000,0.000000,0.000000
77,166,0.875000,8.325000,22,0.000000,0.000000,1.000000,0.000000,1.000000,0.000000,0.000000
78,166,0.925000,8.325000,13,0.000000,0.000000,1.000000,0.000000,1.000000,0.000000,0.000000
79,166,0.975000,8.325000,10,0.000000,0.000000,1.000000,0.000000,1.000000,0.000000,0.000000
80,166,1.025000,8.325000,14,0.000000,0.000000,1.000000,0.000000,1.000000,0.000000,0.000000
81,166,1.075000,8.325000,9,0.000000,0.000000,1.000000,0.000000,1.000000,0.000000,0.000000
82,166,1.125000,8.325000,25,0.000000,0.000000,1.000000,0.000000,1.000000,0.000000,0.000000
83,166,1.175000,8.325000,16,0.000000,0.000000,1.000000,0.000000,1.000000,0.000000,0.000000
84,166,1.225000,8.325000,50,0.000000,0.000000,1.000000,0.000000,1.000000,0.000000,0.000000
85,166,1.275000,8.325000,15,0.000000,0.000000,1.000000,0.000000,1.000000,0.000000,0.000000
86,166,1.325000,8.325000,19,0.000000,0.000000,1.000000,0.000000,1.000000,0.000000,0.000000
87,166,1.375000,8.325000,20,0.000000,0.000000,1.000000,0.000000,1.000000,0.000000,0.000000
88,166,1.425000,8.325000,29,0.000000,0.000000,1.000000,0.000000,1.000000,0.000000,0.000000
89,166,1.475000,8.325000,15,0.000000,0.000000,1.000000,0.000000,1.000000,0.000000,0.000000
90,166,1.525000,8.325000,25,0.000000,0.000000,1.000000,0.000000,1.000000,0.000000,0.000000
91,166,1.575000,8.325000,16,0.000000,0.000000,1.000000,0.000000,1.000000,0.000000,0.000000
92,166,1.625000,8.325000,23,0.000000,0.000000,1.000000,0.000000,1.000000,0.000000,0.000000
93,166,1.675000,8.325000,31,0.000000,0.000000,1.000000,0.000000,1.000000,0.000000,0.000000
94,166,1.725000,8.325000,26,0.000000,0.000000,1.000000,0.000000,1.000000,0.000000,0.000000
95,166,1.775000,8.325000,28,0.000000,0.000000,1.000000,0.000000,1.000000,0.000000,0.000000
96,166,1.825000,8.325000,1,0.000000,0.000000,1.000000,0.000000,1.000000,0.000000,0.000000
98,166,1.925000,8.325000,127,0.000000,0.000000,1.000000,0.000000,1.000000,0.000000,0.000000
65,167,0.275000,8.375000,44,0.000000,0.000000,1.000000,0.000000,1.000000,0.000000,0.000000
66,167,0.325000,8.375000,158,0.000000,0.000000,1.000000,0.000000,1.000000,0.000000,0.000000
70,167,0.525000,8.375000,32,0.000000,0.000000,1.000000,0.000000,1.000000,0.000000,0.000000
71,167,0.575000,8.375000,38,0.000000,0.000000,1.000000,0.000000,1.000000,0.000000,0.000000
72,167,0.625000,8.375000,20,0.000000,0.000000,1.000000,0.000000,1.000000,0.000000,0.000000
73,167,0.675000,8.375000,32,0.000000,0.000000,1.000000,0.000000,1.000000,0.000000,0.000000
74,167,0.725000,8.375000,26,0.000000,0.000000,1.000000,0.000000,1.000000,0.000000,0.000000
75,167,0.775000,8.375000,53,0.000000,0.000000,1.000000,0.000000,1.000000,0.000000,0.000000
76,167,0.825000,8.375000,14,0.000000,0.000000,1.000000,0.000000,1.000000,0.000000,0.000000
77,167,0.875000,8.375000,27,0.000000,0.000000,1.000000,0.000000,1.000000,0.000000,0.000000
78,167,0.925000,8.375000,8,0.000000,0.000000,1.000000,0.000000,1.000000,0.000000,0.000000
79,167,0.975000,8.375000,19,0.000000,0.000000,1.000000,0.000000,1.000000,0.000000,0.000000
80,167,1.025000,8.375000,12,0.000000,0.000000,1.000000,0.000000,1.000000,0.000000,0.000000
81,167,1.075000,8.375000,15,0.000000,0.000000,1.000000,0.000000,1.000000,0.000000,0.000000
82,167,1.125000,8.375000,23,0.000000,0.000000,1.000000,0.000000,1.000000,0.000000,0.000000
83,167,1.175000,8.375000,20,0.000000,0.000000,1.000000,0.000000,1.000000,0.000000,0.000000
85,167,1.275000,8.375000,53,0.000000,0.000000,1.000000,0.000000,1.000000,0.000000,0.000000
86,167,1.325000,8.375000,8,0.000000,0.000000,1.000000,0.000000,1.000000,0.000000,0.000000
87,167,1.375000,8.375000,27,0.000000,0.000000,1.000000,0.000000,1.000000,0.000000,0.000000
88,167,1.425000,8.375000,20,0.000000,0.000000,1.000000,0.000000,1.000000,0.000000,0.000000
89,167,1.475000,8.375000,30,0.000000,0.000000,1.000000,0.000000,1.000000,0.000000,0.000000
90,167,1.525000,8.375000,30,0.000000,0.000000,1.000000,0.000000,1.000000,0.000000,0.000000
91,167,1.575000,8.375000,24,0.000000,0.000000,1.000000,0.000000,1.000000,0.000000,0.000000
92,167,1.625000,8.375000,24,0.000000,0.000000,1.000000,0.000000,1.000000,0.000000,0.000000
93,167,1.675000,8.375000,26,0.000000,0.000000,1.000000,0.000000,1.000000,0.000000,0.000000
94,167,1.725000,8.375000,23,0.000000,0.000000,1.000000,0.000000,1.000000,0.000000,0.000000
95,167,1.775000,8.375000,32,0.000000,0.000000,1.000000,0.000000,1.000000,0.000000,0.000000
96,167,1.825000,8.375000,27,0.000000,0.000000,1.000000,0.000000,1.000000,0.000000,0.000000
66,168,0.325000,8.425000,134,0.000000,0.000000,1.000000,0.000000,1.000000,0.000000,0.000000
70,168,0.525000,8.425000,30,0.000000,0.000000,1.000000,0.000000,1.000000,0.000000,0.000000
71,168,0.575000,8.425000,40,0.000000,0.000000,1.000000,0.000000,1.000000,0.000000,0.000000
72,168,0.625000,8.425000,24,0.000000,0.000000,1.000000,0.000000,1.000000,0.000000,0.000000
73,168,0.675000,8.425000,27,0.000000,0.000000,1.000000,0.000000,1.000000,0.000000,0.000000
74,168,0.725000,8.425000,43,0.000000,0.000000,1.000000,0.000000,1.000000,0.000000,0.000000
75,168,0.775000,8.425000,10,0.000000,0.000000,1.000000,0.000000,1.000000,0.000000,0.000000
76,168,0.825000,8.425000,29,0.000000,0.000000,1.000000,0.000000,1.000000,0.000000,0.000000
77,168,0.875000,8.425000,27,0.000000,0.000000,1.000000,0.000000,1.000000,0.000000,0.000000
78,168,0.925000,8.425000,11,0.000000,0.000000,1.000000,0.000000,1.000000,0.000000,0.000000
79,168,0.975000,8.425000,17,0.000000,0.000000,1.000000,0.000000,1.000000,0.000000,0.000000
80,168,1.025000,8.425000,13,0.000000,0.000000,1.000000,0.000000,1.000000,0.000000,0.000000
81,168,1.075000,8.425000,25,0.000000,0.000000,1.000000,0.000000,1.000000,0.000000,0.000000
82,168,1.125000,8.425000,24,0.000000,0.000000,1.000000,0.000000,1.000000,0.000000,0.000000
83,168,1.175000,8.425000,42,0.000000,0.000000,1.000000,0.000000,1.000000,0.000000,0.000000
85,168,1.275000,8.425000,54,0.000000,0.000000,1.000000,0.000000,1.000000,0.000000,0.000000
87,168,1.375000,8.425000,10,0.000000,0.000000,1.000000,0.000000,1.000000,0.000000,0.000000
88,168,1.425000,8.425000,36,0.000000,0.000000,1.000000,0.000000,1.000000,0.000000,0.000000
89,168,1.475000,8.425000,28,0.000000,0.000000,1.000000,0.000000,1.000000,0.000000,0.000000
90,168,1.525000,8.425000,29,0.000000,0.000000,1.000000,0.000000,1.000000,0.000000,0.000000
91,168,1.575000,8.425000,48,0.000000,0.000000,1.000000,0.000000,1.000000,0.000000,0.000000
92,168,1.625000,8.425000,37,0.000000,0.000000,1.000000,0.000000,1.000000,0.000000,0.000000
93,168,1.675000,8.425000,41,0.000000,0.000000,1.000000,0.000000,1.000000,0.000000,0.000000
94,168,1.725000,8.425000,41,0.000000,0.000000,1.000000,0.000000,1.000000,0.000000,0.000000
95,168,1.775000,8.425000,35,0.000000,0.000000,1.000000,0.000000,1.000000,0.000000,0.000000
96,168,1.825000,8.425000,50,0.000000,0.000000,1.000000,0.000000,1.000000,0.000000,0.000000
97,168,1.875000,8.425000,50,0.000000,0.000000,1.000000,0.000000,1.000000,0.000000,0.000000
70,169,0.525000,8.475000,33,0.000000,0.000000,1.000000,0.000000,1.000000,0.000000,0.000000
71,169,0.575000,8.475000,33,0.000000,0.000000,1.000000,0.000000,1.000000,0.000000,0.000000
72,169,0.625000,8.475000,29,0.000000,0.000000,1.000000,0.000000,1.000000,0.000000,0.000000
73,169,0.675000,8.475000,46,0.000000,0.000000,1.000000,0.000000,1.000000,0.000000,0.000000
74,169,0.725000,8.475000,16,0.000000,0.000000,1.000000,0.000000,1.000000,0.000000,0.000000
75,169,0.775000,8.475000,24,0.000000,0.000000,1.000000,0.000000,1.000000,0.000000,0.000000
76,169,0.825000,8.475000,20,0.000000,0.000000,1.000000,0.000000,1.000000,0.000000,0.000000
77,169,0.875000,8.475000,18,0.000000,0.000000,1.000000,0.000000,1.000000,0.000000,0.000000
78,169,0.925000,8.475000,17,0.000000,0.000000,1.000000,0.000000,1.000000,0.000000,0.000000
79,169,0.975000,8.475000,16,0.000000,0.000000,1.000000,0.000000,1.000000,0.000000,0.000000
80,169,1.025000,8.475000,20,0.000000,0.000000,1.000000,0.000000,1.000000,0.000000,0.000000
81,169,1.075000,8.475000,32,0.000000,0.000000,1.000000,0.000000,1.000000,0.000000,0.000000
82,169,1.125000,8.475000,14,0.000000,0.000000,1.000000,0.000000,1.000000,0.000000,0.000000
83,169,1.175000,8.475000,15,0.000000,0.000000,1.000000,0.000000,1.000000,0.000000,0.000000
85,169,1.275000,8.475000,21,0.000000,0.000000,1.000000,0.000000,1.000000,0.000000,0.000000
86,169,1.325000,8.475000,14,0.000000,0.000000,1.000000,0.000000,1.000000,0.000000,0.000000
89,169,1.475000,8.475000,21,0.000000,0.000000,1.000000,0.000000,1.000000,0.000000,0.000000
90,169,1.525000,8.475000,22,0.000000,0.000000,1.000000,0.000000,1.000000,0.000000,0.000000
91,169,1.575000,8.475000,38,0.000000,0.000000,1.000000,0.000000,1.000000,0.000000,0.000000
92,169,1.625000,8.475000,48,0.000000,0.000000,1.000000,0.000000,1.000000,0.000000,0.000000
93,169,1.675000,8.475000,35,0.000000,0.000000,1.000000,0.000000,1.000000,0.000000,0.000000
94,169,1.725000,8.475000,43,0.000000,0.000000,1.000000,0.000000,1.000000,0.000000,0.000000
95,169,1.775000,8.475000,57,0.000000,0.000000,1.000000,0.000000,1.000000,0.000000,0.000000
96,169,1.825000,8.475000,58,0.000000,0.000000,1.000000,0.000000,1.000000,0.000000,0.000000
97,169,1.875000,8.475000,57,0.000000,0.000000,1.000000,0.000000,1.000000,0.000000,0.000000
98,169,1.925000,8.475000,49,0.000000,0.000000,1.000000,0.000000,1.000000,0.000000,0.000000
70,170,0.525000,8.525000,26,0.000000,0.000000,1.000000,0.000000,1.000000,0.000000,0.000000
71,170,0.575000,8.525000,56,0.000000,0.000000,1.000000,0.000000,1.000000,0.000000,0.000000
72,170,0.625000,8.525000,43,0.000000,0.000000,1.000000,0.000000,1.000000,0.000000,0.000000
73,170,0.675000,8.525000,47,0.000000,0.000000,1.000000,0.000000,1.000000,0.000000,0.000000
75,170,0.775000,8.525000,24,0.000000,0.000000,1.000000,0.000000,1.000000,0.000000,0.000000
76,170,0.825000,8.525000,35,0.000000,0.000000,1.000000,0.000000,1.000000,0.000000,0.000000
77,170,0.875000,8.525000,22,0.000000,0.000000,1.000000,0.000000,1.000000,0.000000,0.000000
78,170,0.925000,8.525000,17,0.000000,0.000000,1.000000,0.000000,1.000000,0.000000,0.000000
79,170,0.975000,8.525000,19,0.000000,0.000000,1.000000,0.000000,1.000000,0.000000,0.000000
80,170,1.025000,8.525000,24,0.000000,0.000000,1.000000,0.000000,1.000000,0.000000,0.000000
81,170,1.075000,8.525000,32,0.000000,0.000000,1.000000,0.000000,1.000000,0.000000,0.000000
82,170,1.125000,8.525000,18,0.000000,0.000000,1.000000,0.000000,1.000000,0.000000,0.000000
83,170,1.175000,8.525000,4,0.000000,0.000000,1.000000,0.000000,1.000000,0.000000,0.000000
84,170,1.225000,8.525000,10,0.000000,0.000000,1.000000,0.000000,1.000000,0.000000,0.000000
85,170,1.275000,8.525000,15,0.000000,0.000000,1.000000,0.000000,1.000000,0.000000,0.000000
86,170,1.325000,8.525000,55,0.000000,0.000000,1.000000,0.000000,1.000000,0.000000,0.000000
87,170,1.375000,8.525000,18,0.000000,0.000000,1.000000,0.000000,1.000000,0.000000,0.000000
88,170,1.425000,8.525000,12,0.000000,0.000000,1.000000,0.000000,1.000000,0.000000,0.000000
89,170,1.475000,8.525000,13,0.000000,0.000000,1.000000,0.000000,1.000000,0.000000,0.000000
90,170,1.525000,8.525000,18,0.000000,0.000000,1.000000,0.000000,1.000000,0.000000,0.000000
91,170,1.575000,8.525000,19,0.000000,0.000000,1.000000,0.000000,1.000000,0.000000,0.000000
92,170,1.625000,8.525000,22,0.000000,0.000000,1.000000,0.000000,1.000000,0.000000,0.000000
93,170,1.675000,8.525000,41,0.000000,0.000000,1.000000,0.000000,1.000000,0.000000,0.000000
94,170,1.725000,8.525000,33,0.000000,0.000000,1.000000,0.000000,1.000000,0.000000,0.000000
95,170,1.775000,8.525000,7,0.000000,0.000000,1.000000,0.000000,1.000000,0.000000,0.000000
96,170,1.825000,8.525000,33,0.000000,0.000000,1.000000,0.000000,1.000000,0.000000,0.000000
97,170,1.875000,8.525000,62,0.000000,0.000000,1.000000,0.000000,1.000000,0.000000,0.000000
98,170,1.925000,8.525000,113,0.000000,0.000000,1.000000,0.000000,1.000000,0.000000,0.000000
99,170,1.975000,8.525000,28,0.000000,0.000000,1.000000,0.000000,1.000000,0.000000,0.000000
70,171,0.525000,8.575000,26,0.000000,0.000000,1.000000,0.000000,1.000000,0.000000,0.000000
71,171,0.575000,8.575000,47,0.000000,0.000000,1.000000,0.000000,1.000000,0.000000,0.000000
72,171,0.625000,8.575000,49,0.000000,0.000000,1.000000,0.000000,1.000000,0.000000,0.000000
73,171,0.675000,8.575000,28,0.000000,0.000000,1.000000,0.000000,1.000000,0.000000,0.000000
75,171,0.775000,8.575000,11,0.000000,0.000000,1.000000,0.000000,1.000000,0.000000,0.000000
76,171,0.825000,8.575000,28,0.000000,0.000000,1.000000,0.000000,1.000000,0.000000,0.000000
77,171,0.875000,8.575000,23,0.000000,0.000000,1.000000,0.000000,1.000000,0.000000,0.000000
78,171,0.925000,8.575000,30,0.000000,0.000000,1.000000,0.000000,1.000000,0.000000,0.000000
79,171,0.975000,8.575000,20,0.000000,0.000000,1.000000,0.000000,1.000000,0.000000,0.000000
80,171,1.025000,8.575000,29,0.000000,0.000000,1.000000,0.000000,1.000000,0.000000,0.000000
81,171,1.075000,8.575000,24,0.000000,0.000000,1.000000,0.000000,1.000000,0.000000,0.000000
82,171,1.125000,8.575000,15,0.000000,0.000000,1.000000,0.000000,1.000000,0.000000,0.000000
83,171,1.175000,8.575000,10,0.000000,0.000000,1.000000,0.000000,1.000000,0.000000,0.000000
84,171,1.225000,8.575000,13,0.000000,0.000000,1.000000,0.000000,1.000000,0.000000,0.000000
85,171,1.275000,8.575000,8,0.000000,0.000000,1.000000,0.000000,1.000000,0.000000,0.000000
86,171,1.325000,8.575000,18,0.000000,0.000000,1.000000,0.000000,1.000000,0.000000,0.000000
87,171,1.375000,8.575000,64,0.000000,0.000000,1.000000,0.000000,1.000000,0.000000,0.000000
88,171,1.425000,8.575000,17,0.000000,0.000000,1.000000,0.000000,1.000000,0.000000,0.000000
89,171,1.475000,8.575000,11,0.000000,0.000000,1.000000,0.000000,1.000000,0.000000,0.000000
90,171,1.525000,8.575000,24,0.000000,0.000000,1.000000,0.000000,1.000000,0.000000,0.000000
91,171,1.575000,8.575000,20,0.000000,0.000000,1.000000,0.000000,1.000000,0.000000,0.000000
92,171,1.625000,8.575000,28,0.000000,0.000000,1.000000,0.000000,1.000000,0.000000,0.000000
93,171,1.675000,8.575000,19,0.000000,0.000000,1.000000,0.000000,1.000000,0.000000,0.000000
94,171,1.725000,8.575000,33,0.000000,0.000000,1.000000,0.000000,1.000000,0.000000,0.000000
95,171,1.775000,8.575000,18,0.000000,0.000000,1.000000,0.000000,1.000000,0.000000,0.000000
96,171,1.825000,8.575000,24,0.000000,0.000000,1.000000,0.000000,1.000000,0.000000,0.000000
98,171,1.925000,8.575000,35,0.000000,0.000000,1.000000,0.000000,1.000000,0.000000,0.000000
99,171,1.975000,8.575000,143,0.000000,0.000000,1.000000,0.000000,1.000000,0.000000,0.000000
70,172,0.525000,8.625000,4,0.000000,0.000000,1.000000,0.000000,1.000000,0.000000,0.000000
71,172,0.575000,8.625000,79,0.000000,0.000000,1.000000,0.000000,1.000000,0.000000,0.000000
72,172,0.625000,8.625000,80,0.000000,0.000000,1.000000,0.000000,1.000000,0.000000,0.000000
75,172,0.775000,8.625000,33,0.000000,0.000000,1.000000,0.000000,1.000000,0.000000,0.000000
76,172,0.825000,8.625000,30,0.000000,0.000000,1.000000,0.000000,1.000000,0.000000,0.000000
77,172,0.875000,8.625000,29,0.000000,0.000000,1.000000,0.000000,1.000000,0.000000,0.000000
78,172,0.925000,8.625000,21,0.000000,0.000000,1.000000,0.000000,1.000000,0.000000,0.000000
79,172,0.975000,8.625000,25,0.000000,0.000000,1.000000,0.000000,1.000000,0.000000,0.000000
80,172,1.025000,8.625000,65,0.000000,0.000000,1.000000,0.000000,1.000000,0.000000,0.000000
81,172,1.075000,8.625000,27,0.000000,0.000000,1.000000,0.000000,1.000000,0.000000,0.000000
82,172,1.125000,8.625000,17,0.000000,0.000000,1.000000,0.000000,1.000000,0.000000,0.000000
83,172,1.175000,8.625000,23,0.000000,0.000000,1.000000,0.000000,1.000000,0.000000,0.000000
84,172,1.225000,8.625000,15,0.000000,0.000000,1.000000,0.000000,1.000000,0.000000,0.000000
85,172,1.275000,8.625000,22,0.000000,0.000000,1.000000,0.000000,1.000000,0.000000,0.000000
86,172,1.325000,8.625000,19,0.000000,0.000000,1.000000,0.000000,1.000000,0.000000,0.000000
87,172,1.375000,8.625000,53,0.000000,0.000000,1.000000,0.000000,1.000000,0.000000,0.000000
88,172,1.425000,8.625000,16,0.000000,0.000000,1.000000,0.000000,1.000000,0.000000,0.000000
89,172,1.475000,8.625000,21,0.000000,0.000000,1.000000,0.000000,1.000000,0.000000,0.000000
90,172,1.525000,8.625000,25,0.000000,0.000000,1.000000,0.000000,1.000000,0.000000,0.000000
91,172,1.575000,8.625000,31,0.000000,0.000000,1.000000,0.000000,1.000000,0.000000,0.000000
92,172,1.625000,8.625000,20,0.000000,0.000000,1.000000,0.000000,1.000000,0.000000,0.000000
93,172,1.675000,8.625000,17,0.000000,0.000000,1.000000,0.000000,1.000000,0.000000,0.000000
94,172,1.725000,8.625000,39,0.000000,0.000000,1.000000,0.000000,1.000000,0.000000,0.000000
95,172,1.775000,8.625000,41,0.000000,0.000000,1.000000,0.000000,1.000000,0.000000,0.000000
96,172,1.825000,8.625000,35,0.000000,0.000000,1.000000,0.000000,1.000000,0.000000,0.000000
97,172,1.875000,8.625000,32,0.000000,0.000000,1.000000,0.000000,1.000000,0.000000,0.000000
99,172,1.975000,8.625000,30,0.000000,0.000000,1.000000,0.000000,1.000000,0.000000,0.000000
71,173,0.575000,8.675000,79,0.000000,0.000000,1.000000,0.000000,1.000000,0.000000,0.000000
72,173,0.625000,8.675000,77,0.000000,0.000000,1.000000,0.000000,1.000000,0.000000,0.000000
75,173,0.775000,8.675000,32,0.000000,0.000000,1.000000,0.000000,1.000000,0.000000,0.000000
76,173,0.825000,8.675000,47,0.000000,0.000000,1.000000,0.000000,1.000000,0.000000,0.000000
77,173,0.875000,8.675000,23,0.000000,0.000000,1.000000,0.000000,1.000000,0.000000,0.000000
78,173,0.925000,8.675000,33,0.000000,0.000000,1.000000,0.000000,1.000000,0.000000,0.000000
79,173,0.975000,8.675000,43,0.000000,0.000000,1.000000,0.000000,1.000000,0.000000,0.000000
80,173,1.025000,8.675000,49,0.000000,0.000000,1.000000,0.000000,1.000000,0.000000,0.000000
81,173,1.075000,8.675000,26,0.000000,0.000000,1.000000,0.000000,1.000000,0.000000,0.000000
82,173,1.125000,8.675000,10,0.000000,0.000000,1.000000,0.000000,1.000000,0.000000,0.000000
83,173,1.175000,8.675000,16,0.000000,0.000000,1.000000,0.000000,1.000000,0.000000,0.000000
84,173,1.225000,8.675000,21,0.000000,0.000000,1.000000,0.000000,1.000000,0.000000,0.000000
85,173,1.275000,8.675000,26,0.000000,0.000000,1.000000,0.000000,1.000000,0.000000,0.000000
86,173,1.325000,8.675000,32,0.000000,0.000000,1.000000,0.000000,1.000000,0.000000,0.000000
87,173,1.375000,8.675000,3,0.000000,0.000000,1.000000,0.000000,1.000000,0.000000,0.000000
88,173,1.425000,8.675000,59,0.000000,0.000000,1.000000,0.000000,1.000000,0.000000,0.000000
89,173,1.475000,8.675000,16,0.000000,0.000000,1.000000,0.000000,1.000000,0.000000,0.000000
90,173,1.525000,8.675000,30,0.000000,0.000000,1.000000,0.000000,1.000000,0.000000,0.000000
91,173,1.575000,8.675000,35,0.000000,0.000000,1.000000,0.000000,1.000000,0.000000,0.000000
92,173,1.625000,8.675000,40,0.000000,0.000000,1.000000,0.000000,1.000000,0.000000,0.000000
93,173,1.675000,8.675000,37,0.000000,0.000000,1.000000,0.000000,1.000000,0.000000,0.000000
94,173,1.725000,8.675000,31,0.000000,0.000000,1.000000,0.000000,1.000000,0.000000,0.000000
95,173,1.775000,8.675000,27,0.000000,0.000000,1.000000,0.000000,1.000000,0.000000,0.000000
96,173,1.825000,8.675000,33,0.000000,0.000000,1.000000,0.000000,1.000000,0.000000,0.000000
97,173,1.875000,8.675000,49,0.000000,0.000000,1.000000,0.000000,1.000000,0.000000,0.000000
98,173,1.925000,8.675000,45,0.000000,0.000000,1.000000,0.000000,1.000000,0.000000,0.000000
71,174,0.575000,8.725000,39,0.000000,0.000000,1.000000,0.000000,1.000000,0.000000,0.000000
72,174,0.625000,8.725000,171,0.000000,0.000000,1.000000,0.000000,1.000000,0.000000,0.000000
75,174,0.775000,8.725000,22,0.000000,0.000000,1.000000,0.000000,1.000000,0.000000,0.000000
76,174,0.825000,8.725000,47,0.000000,0.000000,1.000000,0.000000,1.000000,0.000000,0.000000
77,174,0.875000,8.725000,23,0.000000,0.000000,1.000000,0.000000,1.000000,0.000000,0.000000
78,174,0.925000,8.725000,43,0.000000,0.000000,1.000000,0.000000,1.000000,0.000000,0.000000
79,174,0.975000,8.725000,27,0.000000,0.000000,1.000000,0.000000,1.000000,0.000000,0.000000
80,174,1.025000,8.725000,28,0.000000,0.000000,1.000000,0.000000,1.000000,0.000000,0.000000
81,174,1.075000,8.725000,32,0.000000,0.000000,1.000000,0.000000,1.000000,0.000000,0.000000
82,174,1.125000,8.725000,16,0.000000,0.000000,1.000000,0.000000,1.000000,0.000000,0.000000
83,174,1.175000,8.725000,21,0.000000,0.000000,1.000000,0.000000,1.000000,0.000000,0.000000
84,174,1.225000,8.725000,18,0.000000,0.000000,1.000000,0.000000,1.000000,0.000000,0.000000
85,174,1.275000,8.725000,38,0.000000,0.000000,1.000000,0.000000,1.000000,0.000000,0.000000
86,174,1.325000,8.725000,35,0.000000,0.000000,1.000000,0.000000,1.000000,0.000000,0.000000
88,174,1.425000,8.725000,45,0.000000,0.000000,1.000000,0.000000,1.000000,0.000000,0.000000
90,174,1.525000,8.725000,10,0.000000,0.000000,1.000000,0.000000,1.000000,0.000000,0.000000
91,174,1.575000,8.725000,25,0.000000,0.000000,1.000000,0.000000,1.000000,0.000000,0.000000
92,174,1.625000,8.725000,34,0.000000,0.000000,1.000000,0.000000,1.000000,0.000000,0.000000
93,174,1.675000,8.725000,59,0.000000,0.000000,1.000000,0.000000,1.000000,0.000000,0.000000
94,174,1.725000,8.725000,54,0.000000,0.000000,1.000000,0.000000,1.000000,0.000000,0.000000
95,174,1.775000,8.725000,44,0.000000,0.000000,1.000000,0.000000,1.000000,0.000000,0.000000
96,174,1.825000,8.725000,53,0.000000,0.000000,1.000000,0.000000,1.000000,0.000000,0.000000
97,174,1.875000,8.725000,61,0.000000,0.000000,1.000000,0.000000,1.000000,0.000000,0.000000
98,174,1.925000,8.725000,69,0.000000,0.000000,1.000000,0.000000,1.000000,0.000000,0.000000
99,174,1.975000,8.725000,62,0.000000,0.000000,1.000000,0.000000,1.000000,0.000000,0.000000
72,175,0.625000,8.775000,20,0.000000,0.000000,1.000000,0.000000,1.000000,0.000000,0.000000
75,175,0.775000,8.775000,28,0.000000,0.000000,1.000000,0.000000,1.000000,0.000000,0.000000
76,175,0.825000,8.775000,45,0.000000,0.000000,1.000000,0.000000,1.000000,0.000000,0.000000
77,175,0.875000,8.775000,46,0.000000,0.000000,1.000000,0.000000,1.000000,0.000000,0.000000
78,175,0.925000,8.775000,42,0.000000,0.000000,1.000000,0.000000,1.000000,0.000000,0.000000
79,175,0.975000,8.775000,9,0.000000,0.000000,1.000000,0.000000,1.000000,0.000000,0.000000
80,175,1.025000,8.775000,25,0.000000,0.000000,1.000000,0.000000,1.000000,0.000000,0.000000
81,175,1.075000,8.775000,22,0.000000,0.000000,1.000000,0.000000,1.000000,0.000000,0.000000
82,175,1.125000,8.775000,26,0.000000,0.000000,1.000000,0.000000,1.000000,0.000000,0.000000
83,175,1.175000,8.775000,22,0.000000,0.000000,1.000000,0.000000,1.000000,0.000000,0.000000
84,175,1.225000,8.775000,38,0.000000,0.000000,1.000000,0.000000,1.000000,0.000000,0.000000
85,175,1.275000,8.775000,25,0.000000,0.000000,1.000000,0.000000,1.000000,0.000000,0.000000
86,175,1.325000,8.775000,2,0.000000,0.000000,1.000000,0.000000,1.000000,0.000000,0.000000
87,175,1.375000,8.775000,2,0.000000,0.000000,1.000000,0.000000,1.000000,0.000000,0.000000
88,175,1.425000,8.775000,20,0.000000,0.000000,1.000000,0.000000,1.000000,0.000000,0.000000
89,175,1.475000,8.775000,41,0.000000,0.000000,1.000000,0.000000,1.000000,0.000000,0.000000
90,175,1.525000,8.775000,9,0.000000,0.000000,1.000000,0.000000,1.000000,0.000000,0.000000
91,175,1.575000,8.775000,8,0.000000,0.000000,1.000000,0.000000,1.000000,0.000000,0.000000
92,175,1.625000,8.775000,25,0.000000,0.000000,1.000000,0.000000,1.000000,0.000000,0.000000
93,175,1.675000,8.775000,26,0.000000,0.000000,1.000000,0.000000,1.000000,0.000000,0.000000
94,175,1.725000,8.775000,27,0.000000,0.000000,1.000000,0.000000,1.000000,0.000000,0.000000
95,175,1.775000,8.775000,50,0.000000,0.000000,1.000000,0.000000,1.000000,0.000000,0.000000
96,175,1.825000,8.775000,23,0.000000,0.000000,1.000000,0.000000,1.000000,0.000000,0.000000
97,175,1.875000,8.775000,22,0.000000,0.000000,1.000000,0.000000,1.000000,0.000000,0.000000
98,175,1.925000,8.775000,73,0.000000,0.000000,1.000000,0.000000,1.000000,0.000000,0.000000
99,175,1.975000,8.775000,108,0.000000,0.000000,1.000000,0.000000,1.000000,0.000000,0.000000
100,175,2.025000,8.775000,41,0.000000,0.000000,1.000000,0.000000,1.000000,0.000000,0.000000
75,176,0.775000,8.825000,18,0.000000,0.000000,1.000000,0.000000,1.000000,0.000000,0.000000
76,176,0.825000,8.825000,61,0.000000,0.000000,1.000000,0.000000,1.000000,0.000000,0.000000
77,176,0.875000,8.825000,46,0.000000,0.000000,1.000000,0.000000,1.000000,0.000000,0.000000
78,176,0.925000,8.825000,44,0.000000,0.000000,1.000000,0.000000,1.000000,0.000000,0.000000
79,176,0.975000,8.825000,9,0.000000,0.000000,1.000000,0.000000,1.000000,0.000000,0.000000
80,176,1.025000,8.825000,41,0.000000,0.000000,1.000000,0.000000,1.000000,0.000000,0.000000
81,176,1.075000,8.825000,18,0.000000,0.000000,1.000000,0.000000,1.000000,0.000000,0.000000
82,176,1.125000,8.825000,25,0.000000,0.000000,1.000000,0.000000,1.000000,0.000000,0.000000
83,176,1.175000,8.825000,27,0.000000,0.000000,1.000000,0.000000,1.000000,0.000000,0.000000
84,176,1.225000,8.825000,35,0.000000,0.000000,1.000000,0.000000,1.000000,0.000000,0.000000
85,176,1.275000,8.825000,23,0.000000,0.000000,1.000000,0.000000,1.000000,0.000000,0.000000
86,176,1.325000,8.825000,18,0.000000,0.000000,1.000000,0.000000,1.000000,0.000000,0.000000
87,176,1.375000,8.825000,19,0.000000,0.000000,1.000000,0.000000,1.000000,0.000000,0.000000
88,176,1.425000,8.825000,12,0.000000,0.000000,1.000000,0.000000,1.000000,0.000000,0.000000
89,176,1.475000,8.825000,54,0.000000,0.000000,1.000000,0.000000,1.000000,0.000000,0.000000
90,176,1.525000,8.825000,35,0.000000,0.000000,1.000000,0.000000,1.000000,0.000000,0.000000
91,176,1.575000,8.825000,17,0.000000,0.000000,1.000000,0.000000,1.000000,0.000000,0.000000
92,176,1.625000,8.825000,25,0.000000,0.000000,1.000000,0.000000,1.000000,0.000000,0.000000
93,176,1.675000,8.825000,20,0.000000,0.000000,1.000000,0.000000,1.000000,0.000000,0.000000
94,176,1.725000,8.825000,34,0.000000,0.000000,1.000000,0.000000,1.000000,0.000000,0.000000
95,176,1.775000,8.825000,24,0.000000,0.000000,1.000000,0.000000,1.000000,0.000000,0.000000
96,176,1.825000,8.825000,33,0.000000,0.000000,1.000000,0.000000,1.000000,0.000000,0.000000
97,176,1.875000,8.825000,45,0.000000,0.000000,1.000000,0.000000,1.000000,0.000000,0.000000
98,176,1.925000,8.825000,6,0.000000,0.000000,1.000000,0.000000,1.000000,0.000000,0.000000
99,176,1.975000,8.825000,7,0.000000,0.000000,1.000000,0.000000,1.000000,0.000000,0.000000
100,176,2.025000,8.825000,119,0.000000,0.000000,1.000000,0.000000,1.000000,0.000000,0.000000
75,177,0.775000,8.875000,7,0.000000,0.000000,1.000000,0.000000,1.000000,0.000000,0.000000
76,177,0.825000,8.875000,56,0.000000,0.000000,1.000000,0.000000,1.000000,0.000000,0.000000
77,177,0.875000,8.875000,86,0.000000,0.000000,1.000000,0.000000,1.000000,0.000000,0.000000
78,177,0.925000,8.875000,4,0.000000,0.000000,1.000000,0.000000,1.000000,0.000000,0.000000
80,177,1.025000,8.875000,36,0.000000,0.000000,1.000000,0.000000,1.000000,0.000000,0.000000
81,177,1.075000,8.875000,30,0.000000,0.000000,1.000000,0.000000,1.000000,0.000000,0.000000
82,177,1.125000,8.875000,30,0.000000,0.000000,1.000000,0.000000,1.000000,0.000000,0.000000
83,177,1.175000,8.875000,26,0.000000,0.000000,1.000000,0.000000,1.000000,0.000000,0.000000
84,177,1.225000,8.875000,51,0.000000,0.000000,1.000000,0.000000,1.000000,0.000000,0.000000
85,177,1.275000,8.875000,29,0.000000,0.000000,1.000000,0.000000,1.000000,0.000000,0.000000
86,177,1.325000,8.875000,17,0.000000,0.000000,1.000000,0.000000,1.000000,0.000000,0.000000
87,177,1.375000,8.875000,18,0.000000,0.000000,1.000000,0.000000,1.000000,0.000000,0.000000
88,177,1.425000,8.875000,24,0.000000,0.000000,1.000000,0.000000,1.000000,0.000000,0.000000
89,177,1.475000,8.875000,19,0.000000,0.000000,1.000000,0.000000,1.000000,0.000000,0.000000
90,177,1.525000,8.875000,58,0.000000,0.000000,1.000000,0.000000,1.000000,0.000000,0.000000
91,177,1.575000,8.875000,21,0.000000,0.000000,1.000000,0.000000,1.000000,0.000000,0.000000
92,177,1.625000,8.875000,28,0.000000,0.000000,1.000000,0.000000,1.000000,0.000000,0.000000
93,177,1.675000,8.875000,46,0.000000,0.000000,1.000000,0.000000,1.000000,0.000000,0.000000
94,177,1.725000,8.875000,29,0.000000,0.000000,1.000000,0.000000,1.000000,0.000000,0.000000
95,177,1.775000,8.875000,29,0.000000,0.000000,1.000000,0.000000,1.000000,0.000000,0.000000
96,177,1.825000,8.875000,41,0.000000,0.000000,1.000000,0.000000,1.000000,0.000000,0.000000
97,177,1.875000,8.875000,36,0.000000,0.000000,1.000000,0.000000,1.000000,0.000000,0.000000
98,177,1.925000,8.875000,50,0.000000,0.000000,1.000000,0.000000,1.000000,0.000000,0.000000
99,177,1.975000,8.875000,24,0.000000,0.000000,1.000000,0.000000,1.000000,0.000000,0.000000
76,178,0.825000,8.925000,69,0.000000,0.000000,1.000000,0.000000,1.000000,0.000000,0.000000
77,178,0.875000,8.925000,78,0.000000,0.000000,1.000000,0.000000,1.000000,0.000000,0.000000
79,178,0.975000,8.925000,1,0.000000,0.000000,1.000000,0.000000,1.000000,0.000000,0.000000
80,178,1.025000,8.925000,52,0.000000,0.000000,1.000000,0.000000,1.000000,0.000000,0.000000
81,178,1.075000,8.925000,41,0.000000,0.000000,1.000000,0.000000,1.000000,0.000000,0.000000
82,178,1.125000,8.925000,36,0.000000,0.000000,1.000000,0.000000,1.000000,0.000000,0.000000
83,178,1.175000,8.925000,47,0.000000,0.000000,1.000000,0.000000,1.000000,0.000000,0.000000
84,178,1.225000,8.925000,64,0.000000,0.000000,1.000000,0.000000,1.000000,0.000000,0.000000
85,178,1.275000,8.925000,22,0.000000,0.000000,1.000000,0.000000,1.000000,0.000000,0.000000
86,178,1.325000,8.925000,16,0.000000,0.000000,1.000000,0.000000,1.000000,0.000000,0.000000
87,178,1.375000,8.925000,22,0.000000,0.000000,1.000000,0.000000,1.000000,0.000000,0.000000
88,178,1.425000,8.925000,37,0.000000,0.000000,1.000000,0.000000,1.000000,0.000000,0.000000
89,178,1.475000,8.925000,26,0.000000,0.000000,1.000000,0.000000,1.000000,0.000000,0.000000
90,178,1.525000,8.925000,30,0.000000,0.000000,1.000000,0.000000,1.000000,0.000000,0.000000
91,178,1.575000,8.925000,45,0.000000,0.000000,1.000000,0.000000,1.000000,0.000000,0.000000
92,178,1.625000,8.925000,25,0.000000,0.000000,1.000000,0.000000,1.000000,0.000000,0.000000
93,178,1.675000,8.925000,41,0.000000,0.000000,1.000000,0.000000,1.000000,0.000000,0.000000
94,178,1.725000,8.925000,37,0.000000,0.000000,1.000000,0.000000,1.000000,0.000000,0.000000
95,178,1.775000,8.925000,66,0.000000,0.000000,1.000000,0.000000,1.000000,0.000000,0.000000
96,178,1.825000,8.925000,72,0.000000,0.000000,1.000000,0.000000,1.000000,0.000000,0.000000
97,178,1.875000,8.925000,61,0.000000,0.000000,1.000000,0.000000,1.000000,0.000000,0.000000
98,178,1.925000,8.925000,54,0.000000,0.000000,1.000000,0.000000,1.000000,0.000000,0.000000
99,178,1.975000,8.925000,68,0.000000,0.000000,1.000000,0.000000,1.000000,0.000000,0.000000
100,178,2.025000,8.925000,41,0.000000,0.000000,1.000000,0.000000,1.000000,0.000000,0.000000
76,179,0.825000,8.975000,42,0.000000,0.000000,1.000000,0.000000,1.000000,0.000000,0.000000
77,179,0.875000,8.975000,149,0.000000,0.000000,1.000000,0.000000,1.000000,0.000000,0.000000
80,179,1.025000,8.975000,54,0.000000,0.000000,1.000000,0.000000,1.000000,0.000000,0.000000
81,179,1.075000,8.975000,33,0.000000,0.000000,1.000000,0.000000,1.000000,0.000000,0.000000
82,179,1.125000,8.975000,49,0.000000,0.000000,1.000000,0.000000,1.000000,0.000000,0.000000
83,179,1.175000,8.975000,35,0.000000,0.000000,1.000000,0.000000,1.000000,0.000000,0.000000
84,179,1.225000,8.975000,37,0.000000,0.000000,1.000000,0.000000,1.000000,0.000000,0.000000
85,179,1.275000,8.975000,27,0.000000,0.000000,1.000000,0.000000,1.000000,0.000000,0.000000
86,179,1.325000,8.975000,27,0.000000,0.000000,1.000000,0.000000,1.000000,0.000000,0.000000
87,179,1.375000,8.975000,16,0.000000,0.000000,1.000000,0.000000,1.000000,0.000000,0.000000
88,179,1.425000,8.975000,46,0.000000,0.000000,1.000000,0.000000,1.000000,0.000000,0.000000
89,179,1.475000,8.975000,28,0.000000,0.000000,1.000000,0.000000,1.000000,0.000000,0.000000
90,179,1.525000,8.975000,2,0.000000,0.000000,1.000000,0.000000,1.000000,0.000000,0.000000
91,179,1.575000,8.975000,25,0.000000,0.000000,1.000000,0.000000,1.000000,0.000000,0.000000
93,179,1.675000,8.975000,5,0.000000,0.000000,1.000000,0.000000,1.000000,0.000000,0.000000
94,179,1.725000,8.975000,25,0.000000,0.000000,1.000000,0.000000,1.000000,0.000000,0.000000
95,179,1.775000,8.975000,43,0.000000,0.000000,1.000000,0.000000,1.000000,0.000000,0.000000
96,179,1.825000,8.975000,28,0.000000,0.000000,1.000000,0.000000,1.000000,0.000000,0.000000
97,179,1.875000,8.975000,49,0.000000,0.000000,1.000000,0.000000,1.000000,0.000000,0.000000
98,179,1.925000,8.975000,42,0.000000,0.000000,1.000000,0.000000,1.000000,0.000000,0.000000
99,179,1.975000,8.975000,72,0.000000,0.000000,1.000000,0.000000,1.000000,0.000000,0.000000
100,179,2.025000,8.975000,128,0.000000,0.000000,1.000000,0.000000,1.000000,0.000000,0.000000
101,179,2.075000,8.975000,34,0.000000,0.000000,1.000000,0.000000,1.000000,0.000000,0.000000
77,180,0.875000,9.025000,73,0.000000,0.000000,1.000000,0.000000,1.000000,0.000000,0.000000
80,180,1.025000,9.025000,49,0.000000,0.000000,1.000000,0.000000,1.000000,0.000000,0.000000
81,180,1.075000,9.025000,45,0.000000,0.000000,1.000000,0.000000,1.000000,0.000000,0.000000
82,180,1.125000,9.025000,51,0.000000,0.000000,1.000000,0.000000,1.000000,0.000000,0.000000
83,180,1.175000,9.025000,9,0.000000,0.000000,1.000000,0.000000,1.000000,0.000000,0.000000
84,180,1.225000,9.025000,37,0.000000,0.000000,1.000000,0.000000,1.000000,0.000000,0.000000
85,180,1.275000,9.025000,28,0.000000,0.000000,1.000000,0.000000,1.000000,0.000000,0.000000
86,180,1.325000,9.025000,25,0.000000,0.000000,1.000000,0.000000,1.000000,0.000000,0.000000
87,180,1.375000,9.025000,36,0.000000,0.000000,1.000000,0.000000,1.000000,0.000000,0.000000
88,180,1.425000,9.025000,40,0.000000,0.000000,1.000000,0.000000,1.000000,0.000000,0.000000
89,180,1.475000,9.025000,7,0.000000,0.000000,1.000000,0.000000,1.000000,0.000000,0.000000
90,180,1.525000,9.025000,12,0.000000,0.000000,1.000000,0.000000,1.000000,0.000000,0.000000
91,180,1.575000,9.025000,19,0.000000,0.000000,1.000000,0.000000,1.000000,0.000000,0.000000
92,180,1.625000,9.025000,73,0.000000,0.000000,1.000000,0.000000,1.000000,0.000000,0.000000
93,180,1.675000,9.025000,19,0.000000,0.000000,1.000000,0.000000,1.000000,0.000000,0.000000
94,180,1.725000,9.025000,21,0.000000,0.000000,1.000000,0.000000,1.000000,0.000000,0.000000
95,180,1.775000,9.025000,25,0.000000,0.000000,1.000000,0.000000,1.000000,0.000000,0.000000
96,180,1.825000,9.025000,36,0.000000,0.000000,1.000000,0.000000,1.000000,0.000000,0.000000
97,180,1.875000,9.025000,34,0.000000,0.000000,1.000000,0.000000,1.000000,0.000000,0.000000
98,180,1.925000,9.025000,51,0.000000,0.000000,1.000000,0.000000,1.000000,0.000000,0.000000
99,180,1.975000,9.025000,28,0.000000,0.000000,1.000000,0.000000,1.000000,0.000000,0.000000
100,180,2.025000,9.025000,3,0.000000,0.000000,1.000000,0.000000,1.000000,0.000000,0.000000
101,180,2.075000,9.025000,107,0.000000,0.000000,1.000000,0.000000,1.000000,0.000000,0.000000
80,181,1.025000,9.075000,51,0.000000,0.000000,1.000000,0.000000,1.000000,0.000000,0.000000
81,181,1.075000,9.075000,64,0.000000,0.000000,1.000000,0.000000,1.000000,0.000000,0.000000
82,181,1.125000,9.075000,58,0.000000,0.000000,1.000000,0.000000,1.000000,0.000000,0.000000
84,181,1.225000,9.075000,34,0.000000,0.000000,1.000000,0.000000,1.000000,0.000000,0.000000
85,181,1.275000,9.075000,27,0.000000,0.000000,1.000000,0.000000,1.000000,0.000000,0.000000
86,181,1.325000,9.075000,32,0.000000,0.000000,1.000000,0.000000,1.000000,0.000000,0.000000
87,181,1.375000,9.075000,32,0.000000,0.000000,1.000000,0.000000,1.000000,0.000000,0.000000
88,181,1.425000,9.075000,41,0.000000,0.000000,1.000000,0.000000,1.000000,0.000000,0.000000
89,181,1.475000,9.075000,31,0.000000,0.000000,1.000000,0.000000,1.000000,0.000000,0.000000
90,181,1.525000,9.075000,18,0.000000,0.000000,1.000000,0.000000,1.000000,0.000000,0.000000
91,181,1.575000,9.075000,27,0.000000,0.000000,1.000000,0.000000,1.000000,0.000000,0.000000
92,181,1.625000,9.075000,62,0.000000,0.000000,1.000000,0.000000,1.000000,0.000000,0.000000
93,181,1.675000,9.075000,30,0.000000,0.000000,1.000000,0.000000,1.000000,0.000000,0.000000
94,181,1.725000,9.075000,41,0.000000,0.000000,1.000000,0.000000,1.000000,0.000000,0.000000
95,181,1.775000,9.075000,40,0.000000,0.000000,1.000000,0.000000,1.000000,0.000000,0.000000
96,181,1.825000,9.075000,42,0.000000,0.000000,1.000000,0.000000,1.000000,0.000000,0.000000
97,181,1.875000,9.075000,41,0.000000,0.000000,1.000000,0.000000,1.000000,0.000000,0.000000
98,181,1.925000,9.075000,44,0.000000,0.000000,1.000000,0.000000,1.000000,0.000000,0.000000
99,181,1.975000,9.075000,46,0.000000,0.000000,1.000000,0.000000,1.000000,0.000000,0.000000
100,181,2.025000,9.075000,39,0.000000,0.000000,1.000000,0.000000,1.000000,0.000000,0.000000
101,181,2.075000,9.075000,8,0.000000,0.000000,1.000000,0.000000,1.000000,0.000000,0.000000
80,182,1.025000,9.125000,21,0.000000,0.000000,1.000000,0.000000,1.000000,0.000000,0.000000
81,182,1.075000,9.125000,84,0.000000,0.000000,1.000000,0.000000,1.000000,0.000000,0.000000
82,182,1.125000,9.125000,36,0.000000,0.000000,1.000000,0.000000,1.000000,0.000000,0.000000
84,182,1.225000,9.125000,58,0.000000,0.000000,1.000000,0.000000,1.000000,0.000000,0.000000
85,182,1.275000,9.125000,35,0.000000,0.000000,1.000000,0.000000,1.000000,0.000000,0.000000
86,182,1.325000,9.125000,39,0.000000,0.000000,1.000000,0.000000,1.000000,0.000000,0.000000
87,182,1.375000,9.125000,81,0.000000,0.000000,1.000000,0.000000,1.000000,0.000000,0.000000
88,182,1.425000,9.125000,33,0.000000,0.000000,1.000000,0.000000,1.000000,0.000000,0.000000
89,182,1.475000,9.125000,14,0.000000,0.000000,1.000000,0.000000,1.000000,0.000000,0.000000
90,182,1.525000,9.125000,30,0.000000,0.000000,1.000000,0.000000,1.000000,0.000000,0.000000
91,182,1.575000,9.125000,41,0.000000,0.000000,1.000000,0.000000,1.000000,0.000000,0.000000
92,182,1.625000,9.125000,23,0.000000,0.000000,1.000000,0.000000,1.000000,0.000000,0.000000
93,182,1.675000,9.125000,70,0.000000,0.000000,1.000000,0.000000,1.000000,0.000000,0.000000
94,182,1.725000,9.125000,14,0.000000,0.000000,1.000000,0.000000,1.000000,0.000000,0.000000
95,182,1.775000,9.125000,41,0.000000,0.000000,1.000000,0.000000,1.000000,0.000000,0.000000
96,182,1.825000,9.125000,44,0.000000,0.000000,1.000000,0.000000,1.000000,0.000000,0.000000
97,182,1.875000,9.125000,88,0.000000,0.000000,1.000000,0.000000,1.000000,0.000000,0.000000
98,182,1.925000,9.125000,64,0.000000,0.000000,1.000000,0.000000,1.000000,0.000000,0.000000
99,182,1.975000,9.125000,73,0.000000,0.000000,1.000000,0.000000,1.000000,0.000000,0.000000
100,182,2.025000,9.125000,112,0.000000,0.000000,1.000000,0.000000,1.000000,0.000000,0.000000
101,182,2.075000,9.125000,98,0.000000,0.000000,1.000000,0.000000,1.000000,0.000000,0.000000
102,182,2.125000,9.125000,5,0.000000,0.000000,1.000000,0.000000,1.000000,0.000000,0.000000
81,183,1.075000,9.175000,119,0.000000,0.000000,1.000000,0.000000,1.000000,0.000000,0.000000
82,183,1.125000,9.175000,36,0.000000,0.000000,1.000000,0.000000,1.000000,0.000000,0.000000
84,183,1.225000,9.175000,57,0.000000,0.000000,1.000000,0.000000,1.000000,0.000000,0.000000
85,183,1.275000,9.175000,45,0.000000,0.000000,1.000000,0.000000,1.000000,0.000000,0.000000
86,183,1.325000,9.175000,58,0.000000,0.000000,1.000000,0.000000,1.000000,0.000000,0.000000
87,183,1.375000,9.175000,32,0.000000,0.000000,1.000000,0.000000,1.000000,0.000000,0.000000
88,183,1.425000,9.175000,42,0.000000,0.000000,1.000000,0.000000,1.000000,0.000000,0.000000
89,183,1.475000,9.175000,26,0.000000,0.000000,1.000000,0.000000,1.000000,0.000000,0.000000
90,183,1.525000,9.175000,20,0.000000,0.000000,1.000000,0.000000,1.000000,0.000000,0.000000
91,183,1.575000,9.175000,43,0.000000,0.000000,1.000000,0.000000,1.000000,0.000000,0.000000
92,183,1.625000,9.175000,25,0.000000,0.000000,1.000000,0.000000,1.000000,0.000000,0.000000
93,183,1.675000,9.175000,18,0.000000,0.000000,1.000000,0.000000,1.000000,0.000000,0.000000
94,183,1.725000,9.175000,24,0.000000,0.000000,1.000000,0.000000,1.000000,0.000000,0.000000
95,183,1.775000,9.175000,11,0.000000,0.000000,1.000000,0.000000,1.000000,0.000000,0.000000
96,183,1.825000,9.175000,32,0.000000,0.000000,1.000000,0.000000,1.000000,0.000000,0.000000
97,183,1.875000,9.175000,34,0.000000,0.000000,1.000000,0.000000,1.000000,0.000000,0.000000
98,183,1.925000,9.175000,50,0.000000,0.000000,1.000000,0.000000,1.000000,0.000000,0.000000
99,183,1.975000,9.175000,49,0.000000,0.000000,1.000000,0.000000,1.000000,0.000000,0.000000
100,183,2.025000,9.175000,31,0.000000,0.000000,1.000000,0.000000,1.000000,0.000000,0.000000
101,183,2.075000,9.175000,47,0.000000,0.000000,1.000000,0.000000,1.000000,0.000000,0.000000
102,183,2.125000,9.175000,119,0.000000,0.000000,1.000000,0.000000,1.000000,0.000000,0.000000
81,184,1.075000,9.225000,49,0.000000,0.000000,1.000000,0.000000,1.000000,0.000000,0.000000
82,184,1.125000,9.225000,80,0.000000,0.000000,1.000000,0.000000,1.000000,0.000000,0.000000
84,184,1.225000,9.225000,44,0.000000,0.000000,1.000000,0.000000,1.000000,0.000000,0.000000
85,184,1.275000,9.225000,57,0.000000,0.000000,1.000000,0.000000,1.000000,0.000000,0.000000
86,184,1.325000,9.225000,61,0.000000,0.000000,1.000000,0.000000,1.000000,0.000000,0.000000
87,184,1.375000,9.225000,17,0.000000,0.000000,1.000000,0.000000,1.000000,0.000000,0.000000
88,184,1.425000,9.225000,47,0.000000,0.000000,1.000000,0.000000,1.000000,0.000000,0.000000
89,184,1.475000,9.225000,27,0.000000,0.000000,1.000000,0.000000,1.000000,0.000000,0.000000
90,184,1.525000,9.225000,45,0.000000,0.000000,1.000000,0.000000,1.000000,0.000000,0.000000
91,184,1.575000,9.225000,44,0.000000,0.000000,1.000000,0.000000,1.000000,0.000000,0.000000
92,184,1.625000,9.225000,16,0.000000,0.000000,1.000000,0.000000,1.000000,0.000000,0.000000
93,184,1.675000,9.225000,14,0.000000,0.000000,1.000000,0.000000,1.000000,0.000000,0.000000
94,184,1.725000,9.225000,58,0.000000,0.000000,1.000000,0.000000,1.000000,0.000000,0.000000
95,184,1.775000,9.225000,55,0.000000,0.000000,1.000000,0.000000,1.000000,0.000000,0.000000
96,184,1.825000,9.225000,32,0.000000,0.000000,1.000000,0.000000,1.000000,0.000000,0.000000
97,184,1.875000,9.225000,46,0.000000,0.000000,1.000000,0.000000,1.000000,0.000000,0.000000
98,184,1.925000,9.225000,32,0.000000,0.000000,1.000000,0.000000,1.000000,0.000000,0.000000
99,184,1.975000,9.225000,46,0.000000,0.000000,1.000000,0.000000,1.000000,0.000000,0.000000
100,184,2.025000,9.225000,58,0.000000,0.000000,1.000000,0.000000,1.000000,0.000000,0.000000
101,184,2.075000,9.225000,47,0.000000,0.000000,1.000000,0.000000,1.000000,0.000000,0.000000
102,184,2.125000,9.225000,3,0.000000,0.000000,1.000000,0.000000,1.000000,0.000000,0.000000
84,185,1.225000,9.275000,35,0.000000,0.000000,1.000000,0.000000,1.000000,0.000000,0.000000
85,185,1.275000,9.275000,85,0.000000,0.000000,1.000000,0.000000,1.000000,0.000000,0.000000
86,185,1.325000,9.275000,52,0.000000,0.000000,1.000000,0.000000,1.000000,0.000000,0.000000
87,185,1.375000,9.275000,19,0.000000,0.000000,1.000000,0.000000,1.000000,0.000000,0.000000
88,185,1.425000,9.275000,30,0.000000,0.000000,1.000000,0.000000,1.000000,0.000000,0.000000
89,185,1.475000,9.275000,41,0.000000,0.000000,1.000000,0.000000,1.000000,0.000000,0.000000
90,185,1.525000,9.275000,52,0.000000,0.000000,1.000000,0.000000,1.000000,0.000000,0.000000
91,185,1.575000,9.275000,52,0.000000,0.000000,1.000000,0.000000,1.000000,0.000000,0.000000
92,185,1.625000,9.275000,29,0.000000,0.000000,1.000000,0.000000,1.000000,0.000000,0.000000
93,185,1.675000,9.275000,30,0.000000,0.000000,1.000000,0.000000,1.000000,0.000000,0.000000
94,185,1.725000,9.275000,43,0.000000,0.000000,1.000000,0.000000,1.000000,0.000000,0.000000
95,185,1.775000,9.275000,61,0.000000,0.000000,1.000000,0.000000,1.000000,0.000000,0.000000
96,185,1.825000,9.275000,28,0.000000,0.000000,1.000000,0.000000,1.000000,0.000000,0.000000
97,185,1.875000,9.275000,51,0.000000,0.000000,1.000000,0.000000,1.000000,0.000000,0.000000
98,185,1.925000,9.275000,72,0.000000,0.000000,1.000000,0.000000,1.000000,0.000000,0.000000
99,185,1.975000,9.275000,100,0.000000,0.000000,1.000000,0.000000,1.000000,0.000000,0.000000
100,185,2.025000,9.275000,69,0.000000,0.000000,1.000000,0.000000,1.000000,0.000000,0.000000
101,185,2.075000,9.275000,98,0.000000,0.000000,1.000000,0.000000,1.000000,0.000000,0.000000
102,185,2.125000,9.275000,129,0.000000,0.000000,1.000000,0.000000,1.000000,0.000000,0.000000
103,185,2.175000,9.275000,9,0.000000,0.000000,1.000000,0.000000,1.000000,0.000000,0.000000
84,186,1.225000,9.325000,1,0.000000,0.000000,1.000000,0.000000,1.000000,0.000000,0.000000
85,186,1.275000,9.325000,100,0.000000,0.000000,1.000000,0.000000,1.000000,0.000000,0.000000
86,186,1.325000,9.325000,30,0.000000,0.000000,1.000000,0.000000,1.000000,0.000000,0.000000
87,186,1.375000,9.325000,15,0.000000,0.000000,1.000000,0.000000,1.000000,0.000000,0.000000
88,186,1.425000,9.325000,76,0.000000,0.000000,1.000000,0.000000,1.000000,0.000000,0.000000
89,186,1.475000,9.325000,54,0.000000,0.000000,1.000000,0.000000,1.000000,0.000000,0.000000
90,186,1.525000,9.325000,70,0.000000,0.000000,1.000000,0.000000,1.000000,0.000000,0.000000
91,186,1.575000,9.325000,43,0.000000,0.000000,1.000000,0.000000,1.000000,0.000000,0.000000
92,186,1.625000,9.325000,27,0.000000,0.000000,1.000000,0.000000,1.000000,0.000000,0.000000
93,186,1.675000,9.325000,35,0.000000,0.000000,1.000000,0.000000,1.000000,0.000000,0.000000
94,186,1.725000,9.325000,64,0.000000,0.000000,1.000000,0.000000,1.000000,0.000000,0.000000
95,186,1.775000,9.325000,23,0.000000,0.000000,1.000000,0.000000,1.000000,0.000000,0.000000
96,186,1.825000,9.325000,30,0.000000,0.000000,1.000000,0.000000,1.000000,0.000000,0.000000
97,186,1.875000,9.325000,12,0.000000,0.000000,1.000000,0.000000,1.000000,0.000000,0.000000
98,186,1.925000,9.325000,33,0.000000,0.000000,1.000000,0.000000,1.000000,0.000000,0.000000
99,186,1.975000,9.325000,43,0.000000,0.000000,1.000000,0.000000,1.000000,0.000000,0.000000
100,186,2.025000,9.325000,59,0.000000,0.000000,1.000000,0.000000,1.000000,0.000000,0.000000
101,186,2.075000,9.325000,41,0.000000,0.000000,1.000000,0.000000,1.000000,0.000000,0.000000
102,186,2.125000,9.325000,26,0.000000,0.000000,1.000000,0.000000,1.000000,0.000000,0.000000
103,186,2.175000,9.325000,101,0.000000,0.000000,1.000000,0.000000,1.000000,0.000000,0.000000
85,187,1.275000,9.375000,90,0.000000,0.000000,1.000000,0.000000,1.000000,0.000000,0.000000
86,187,1.325000,9.375000,117,0.000000,0.000000,1.000000,0.000000,1.000000,0.000000,0.000000
87,187,1.375000,9.375000,7,0.000000,0.000000,1.000000,0.000000,1.000000,0.000000,0.000000
88,187,1.425000,9.375000,64,0.000000,0.000000,1.000000,0.000000,1.000000,0.000000,0.000000
89,187,1.475000,9.375000,68,0.000000,0.000000,1.000000,0.000000,1.000000,0.000000,0.000000
90,187,1.525000,9.375000,37,0.000000,0.000000,1.000000,0.000000,1.000000,0.000000,0.000000
91,187,1.575000,9.375000,54,0.000000,0.000000,1.000000,0.000000,1.000000,0.000000,0.000000
92,187,1.625000,9.375000,36,0.000000,0.000000,1.000000,0.000000,1.000000,0.000000,0.000000
93,187,1.675000,9.375000,56,0.000000,0.000000,1.000000,0.000000,1.000000,0.000000,0.000000
94,187,1.725000,9.375000,26,0.000000,0.000000,1.000000,0.000000,1.000000,0.000000,0.000000
95,187,1.775000,9.375000,15,0.000000,0.000000,1.000000,0.000000,1.000000,0.000000,0.000000
96,187,1.825000,9.375000,42,0.000000,0.000000,1.000000,0.000000,1.000000,0.000000,0.000000
97,187,1.875000,9.375000,68,0.000000,0.000000,1.000000,0.000000,1.000000,0.000000,0.000000
98,187,1.925000,9.375000,40,0.000000,0.000000,1.000000,0.000000,1.000000,0.000000,0.000000
99,187,1.975000,9.375000,63,0.000000,0.000000,1.000000,0.000000,1.000000,0.000000,0.000000
100,187,2.025000,9.375000,54,0.000000,0.000000,1.000000,0.000000,1.000000,0.000000,0.000000
101,187,2.075000,9.375000,75,0.000000,0.000000,1.000000,0.000000,1.000000,0.000000,0.000000
102,187,2.125000,9.375000,79,0.000000,0.000000,1.000000,0.000000,1.000000,0.000000,0.000000
103,187,2.175000,9.375000,51,0.000000,0.000000,1.000000,0.000000,1.000000,0.000000,0.000000
88,188,1.425000,9.425000,80,0.000000,0.000000,1.000000,0.000000,1.000000,0.000000,0.000000
89,188,1.475000,9.425000,91,0.000000,0.000000,1.000000,0.000000,1.000000,0.000000,0.000000
90,188,1.525000,9.425000,6,0.000000,0.000000,1.000000,0.000000,1.000000,0.000000,0.000000
91,188,1.575000,9.425000,43,0.000000,0.000000,1.000000,0.000000,1.000000,0.000000,0.000000
92,188,1.625000,9.425000,45,0.000000,0.000000,1.000000,0.000000,1.000000,0.000000,0.000000
93,188,1.675000,9.425000,81,0.000000,0.000000,1.000000,0.000000,1.000000,0.000000,0.000000
94,188,1.725000,9.425000,42,0.000000,0.000000,1.000000,0.000000,1.000000,0.000000,0.000000
95,188,1.775000,9.425000,36,0.000000,0.000000,1.000000,0.000000,1.000000,0.000000,0.000000
96,188,1.825000,9.425000,50,0.000000,0.000000,1.000000,0.000000,1.000000,0.000000,0.000000
97,188,1.875000,9.425000,62,0.000000,0.000000,1.000000,0.000000,1.000000,0.000000,0.000000
98,188,1.925000,9.425000,32,0.000000,0.000000,1.000000,0.000000,1.000000,0.000000,0.000000
99,188,1.975000,9.425000,53,0.000000,0.000000,1.000000,0.000000,1.000000,0.000000,0.000000
100,188,2.025000,9.425000,84,0.000000,0.000000,1.000000,0.000000,1.000000,0.000000,0.000000
101,188,2.075000,9.425000,94,0.000000,0.000000,1.000000,0.000000,1.000000,0.000000,0.000000
102,188,2.125000,9.425000,85,0.000000,0.000000,1.000000,0.000000,1.000000,0.000000,0.000000
103,188,2.175000,9.425000,104,0.000000,0.000000,1.000000,0.000000,1.000000,0.000000,0.000000
104,188,2.225000,9.425000,100,0.000000,0.000000,1.000000,0.000000,1.000000,0.000000,0.000000
88,189,1.425000,9.475000,31,0.000000,0.000000,1.000000,0.000000,1.000000,0.000000,0.000000
89,189,1.475000,9.475000,100,0.000000,0.000000,1.000000,0.000000,1.000000,0.000000,0.000000
91,189,1.575000,9.475000,84,0.000000,0.000000,1.000000,0.000000,1.000000,0.000000,0.000000
92,189,1.625000,9.475000,62,0.000000,0.000000,1.000000,0.000000,1.000000,0.000000,0.000000
93,189,1.675000,9.475000,69,0.000000,0.000000,1.000000,0.000000,1.000000,0.000000,0.000000
94,189,1.725000,9.475000,48,0.000000,0.000000,1.000000,0.000000,1.000000,0.000000,0.000000
95,189,1.775000,9.475000,42,0.000000,0.000000,1.000000,0.000000,1.000000,0.000000,0.000000
96,189,1.825000,9.475000,60,0.000000,0.000000,1.000000,0.000000,1.000000,0.000000,0.000000
97,189,1.875000,9.475000,31,0.000000,0.000000,1.000000,0.000000,1.000000,0.000000,0.000000
98,189,1.925000,9.475000,59,0.000000,0.000000,1.000000,0.000000,1.000000,0.000000,0.000000
99,189,1.975000,9.475000,38,0.000000,0.000000,1.000000,0.000000,1.000000,0.000000,0.000000
100,189,2.025000,9.475000,50,0.000000,0.000000,1.000000,0.000000,1.000000,0.000000,0.000000
101,189,2.075000,9.475000,46,0.000000,0.000000,1.000000,0.000000,1.000000,0.000000,0.000000
102,189,2.125000,9.475000,80,0.000000,0.000000,1.000000,0.000000,1.000000,0.000000,0.000000
103,189,2.175000,9.475000,74,0.000000,0.000000,1.000000,0.000000,1.000000,0.000000,0.000000
104,189,2.225000,9.475000,41,0.000000,0.000000,1.000000,0.000000,1.000000,0.000000,0.000000
89,190,1.475000,9.525000,168,0.000000,0.000000,1.000000,0.000000,1.000000,0.000000,0.000000
91,190,1.575000,9.525000,61,0.000000,0.000000,1.000000,0.000000,1.000000,0.000000,0.000000
92,190,1.625000,9.525000,88,0.000000,0.000000,1.000000,0.000000,1.000000,0.000000,0.000000
93,190,1.675000,9.525000,36,0.000000,0.000000,1.000000,0.000000,1.000000,0.000000,0.000000
94,190,1.725000,9.525000,49,0.000000,0.000000,1.000000,0.000000,1.000000,0.000000,0.000000
95,190,1.775000,9.525000,54,0.000000,0.000000,1.000000,0.000000,1.000000,0.000000,0.000000
96,190,1.825000,9.525000,71,0.000000,0.000000,1.000000,0.000000,1.000000,0.000000,0.000000
97,190,1.875000,9.525000,42,0.000000,0.000000,1.000000,0.000000,1.000000,0.000000,0.000000
98,190,1.925000,9.525000,34,0.000000,0.000000,1.000000,0.000000,1.000000,0.000000,0.000000
99,190,1.975000,9.525000,87,0.000000,0.000000,1.000000,0.000000,1.000000,0.000000,0.000000
100,190,2.025000,9.525000,41,0.000000,0.000000,1.000000,0.000000,1.000000,0.000000,0.000000
101,190,2.075000,9.525000,84,0.000000,0.000000,1.000000,0.000000,1.000000,0.000000,0.000000
102,190,2.125000,9.525000,113,0.000000,0.000000,1.000000,0.000000,1.000000,0.000000,0.000000
103,190,2.175000,9.525000,104,0.000000,0.000000,1.000000,0.000000,1.000000,0.000000,0.000000
104,190,2.225000,9.525000,113,0.000000,0.000000,1.000000,0.000000,1.000000,0.000000,0.000000
105,190,2.275000,9.525000,78,0.000000,0.000000,1.000000,0.000000,1.000000,0.000000,0.000000
91,191,1.575000,9.575000,33,0.000000,0.000000,1.000000,0.000000,1.000000,0.000000,0.000000
92,191,1.625000,9.575000,131,0.000000,0.000000,1.000000,0.000000,1.000000,0.000000,0.000000
93,191,1.675000,9.575000,5,0.000000,0.000000,1.000000,0.000000,1.000000,0.000000,0.000000
94,191,1.725000,9.575000,83,0.000000,0.000000,1.000000,0.000000,1.000000,0.000000,0.000000
95,191,1.775000,9.575000,77,0.000000,0.000000,1.000000,0.000000,1.000000,0.000000,0.000000
96,191,1.825000,9.575000,71,0.000000,0.000000,1.000000,0.000000,1.000000,0.000000,0.000000
97,191,1.875000,9.575000,46,0.000000,0.000000,1.000000,0.000000,1.000000,0.000000,0.000000
98,191,1.925000,9.575000,63,0.000000,0.000000,1.000000,0.000000,1.000000,0.000000,0.000000
99,191,1.975000,9.575000,34,0.000000,0.000000,1.000000,0.000000,1.000000,0.000000,0.000000
100,191,2.025000,9.575000,76,0.000000,0.000000,1.000000,0.000000,1.000000,0.000000,0.000000
101,191,2.075000,9.575000,37,0.000000,0.000000,1.000000,0.000000,1.000000,0.000000,0.000000
102,191,2.125000,9.575000,75,0.000000,0.000000,1.000000,0.000000,1.000000,0.000000,0.000000
103,191,2.175000,9.575000,93,0.000000,0.000000,1.000000,0.000000,1.000000,0.000000,0.000000
104,191,2.225000,9.575000,104,0.000000,0.000000,1.000000,0.000000,1.000000,0.000000,0.000000
105,191,2.275000,9.575000,94,0.000000,0.000000,1.000000,0.000000,1.000000,0.000000,0.000000
92,192,1.625000,9.625000,166,0.000000,0.000000,1.000000,0.000000,1.000000,0.000000,0.000000
93,192,1.675000,9.625000,8,0.000000,0.000000,1.000000,0.000000,1.000000,0.000000,0.000000
94,192,1.725000,9.625000,72,0.000000,0.000000,1.000000,0.000000,1.000000,0.000000,0.000000
95,192,1.775000,9.625000,100,0.000000,0.000000,1.000000,0.000000,1.000000,0.000000,0.000000
96,192,1.825000,9.625000,44,0.000000,0.000000,1.000000,0.000000,1.000000,0.000000,0.000000
97,192,1.875000,9.625000,61,0.000000,0.000000,1.000000,0.000000,1.000000,0.000000,0.000000
98,192,1.925000,9.625000,75,0.000000,0.000000,1.000000,0.000000,1.000000,0.000000,0.000000
99,192,1.975000,9.625000,50,0.000000,0.000000,1.000000,0.000000,1.000000,0.000000,0.000000
100,192,2.025000,9.625000,64,0.000000,0.000000,1.000000,0.000000,1.000000,0.000000,0.000000
101,192,2.075000,9.625000,68,0.000000,0.000000,1.000000,0.000000,1.000000,0.000000,0.000000
102,192,2.125000,9.625000,50,0.000000,0.000000,1.000000,0.000000,1.000000,0.000000,0.000000
103,192,2.175000,9.625000,100,0.000000,0.000000,1.000000,0.000000,1.000000,0.000000,0.000000
104,192,2.225000,9.625000,101,0.000000,0.000000,1.000000,0.000000,1.000000,0.000000,0.000000
105,192,2.275000,9.625000,93,0.000000,0.000000,1.000000,0.000000,1.000000,0.000000,0.000000
106,192,2.325000,9.625000,51,0.000000,0.000000,1.000000,0.000000,1.000000,0.000000,0.000000
94,193,1.725000,9.675000,62,0.000000,0.000000,1.000000,0.000000,1.000000,0.000000,0.000000
95,193,1.775000,9.675000,98,0.000000,0.000000,1.000000,0.000000,1.000000,0.000000,0.000000
96,193,1.825000,9.675000,46,0.000000,0.000000,1.000000,0.000000,1.000000,0.000000,0.000000
97,193,1.875000,9.675000,94,0.000000,0.000000,1.000000,0.000000,1.000000,0.000000,0.000000
98,193,1.925000,9.675000,88,0.000000,0.000000,1.000000,0.000000,1.000000,0.000000,0.000000
99,193,1.975000,9.675000,59,0.000000,0.000000,1.000000,0.000000,1.000000,0.000000,0.000000
100,193,2.025000,9.675000,71,0.000000,0.000000,1.000000,0.000000,1.000000,0.000000,0.000000
101,193,2.075000,9.675000,40,0.000000,0.000000,1.000000,0.000000,1.000000,0.000000,0.000000
102,193,2.125000,9.675000,110,0.000000,0.000000,1.000000,0.000000,1.000000,0.000000,0.000000
103,193,2.175000,9.675000,72,0.000000,0.000000,1.000000,0.000000,1.000000,0.000000,0.000000
104,193,2.225000,9.675000,125,0.000000,0.000000,1.000000,0.000000,1.000000,0.000000,0.000000
105,193,2.275000,9.675000,144,0.000000,0.000000,1.000000,0.000000,1.000000,0.000000,0.000000
106,193,2.325000,9.675000,141,0.000000,0.000000,1.000000,0.000000,1.000000,0.000000,0.000000
95,194,1.775000,9.725000,137,0.000000,0.000000,1.000000,0.000000,1.000000,0.000000,0.000000
96,194,1.825000,9.725000,10,0.000000,0.000000,1.000000,0.000000,1.000000,0.000000,0.000000
97,194,1.875000,9.725000,145,0.000000,0.000000,1.000000,0.000000,1.000000,0.000000,0.000000
98,194,1.925000,9.725000,52,0.000000,0.000000,1.000000,0.000000,1.000000,0.000000,0.000000
99,194,1.975000,9.725000,87,0.000000,0.000000,1.000000,0.000000,1.000000,0.000000,0.000000
100,194,2.025000,9.725000,98,0.000000,0.000000,1.000000,0.000000,1.000000,0.000000,0.000000
101,194,2.075000,9.725000,67,0.000000,0.000000,1.000000,0.000000,1.000000,0.000000,0.000000
102,194,2.125000,9.725000,67,0.000000,0.000000,1.000000,0.000000,1.000000,0.000000,0.000000
103,194,2.175000,9.725000,82,0.000000,0.000000,1.000000,0.000000,1.000000,0.000000,0.000000
104,194,2.225000,9.725000,75,0.000000,0.000000,1.000000,0.000000,1.000000,0.000000,0.000000
105,194,2.275000,9.725000,144,0.000000,0.000000,1.000000,0.000000,1.000000,0.000000,0.000000
106,194,2.325000,9.725000,162,0.000000,0.000000,1.000000,0.000000,1.000000,0.000000,0.000000
107,194,2.375000,9.725000,91,0.000000,0.000000,1.000000,0.000000,1.000000,0.000000,0.000000
97,195,1.875000,9.775000,121,0.000000,0.000000,1.000000,0.000000,1.000000,0.000000,0.000000
98,195,1.925000,9.775000,58,0.000000,0.000000,1.000000,0.000000,1.000000,0.000000,0.000000
99,195,1.975000,9.775000,129,0.000000,0.000000,1.000000,0.000000,1.000000,0.000000,0.000000
100,195,2.025000,9.775000,70,0.000000,0.000000,1.000000,0.000000,1.000000,0.000000,0.000000
101,195,2.075000,9.775000,91,0.000000,0.000000,1.000000,0.000000,1.000000,0.000000,0.000000
102,195,2.125000,9.775000,95,0.000000,0.000000,1.000000,0.000000,1.000000,0.000000,0.000000
103,195,2.175000,9.775000,81,0.000000,0.000000,1.000000,0.000000,1.000000,0.000000,0.000000
104,195,2.225000,9.775000,87,0.000000,0.000000,1.000000,0.000000,1.000000,0.000000,0.000000
105,195,2.275000,9.775000,90,0.000000,0.000000,1.000000,0.000000,1.000000,0.000000,0.000000
106,195,2.325000,9.775000,154,0.000000,0.000000,1.000000,0.000000,1.000000,0.000000,0.000000
107,195,2.375000,9.775000,176,0.000000,0.000000,1.000000,0.000000,1.000000,0.000000,0.000000
108,195,2.425000,9.775000,52,0.000000,0.000000,1.000000,0.000000,1.000000,0.000000,0.000000
98,196,1.925000,9.825000,10,0.000000,0.000000,1.000000,0.000000,1.000000,0.000000,0.000000
99,196,1.975000,9.825000,97,0.000000,0.000000,1.000000,0.000000,1.000000,0.000000,0.000000
100,196,2.025000,9.825000,94,0.000000,0.000000,1.000000,0.000000,1.000000,0.000000,0.000000
101,196,2.075000,9.825000,143,0.000000,0.000000,1.000000,0.000000,1.000000,0.000000,0.000000
102,196,2.125000,9.825000,77,0.000000,0.000000,1.000000,0.000000,1.000000,0.000000,0.000000
103,196,2.175000,9.825000,127,0.000000,0.000000,1.000000,0.000000,1.000000,0.000000,0.000000
104,196,2.225000,9.825000,94,0.000000,0.000000,1.000000,0.000000,1.000000,0.000000,0.000000
105,196,2.275000,9.825000,89,0.000000,0.000000,1.000000,0.000000,1.000000,0.000000,0.000000
106,196,2.325000,9.825000,119,0.000000,0.000000,1.000000,0.000000,1.000000,0.000000,0.000000
107,196,2.375000,9.825000,153,0.000000,0.000000,1.000000,0.000000,1.000000,0.000000,0.000000
108,196,2.425000,9.825000,222,0.000000,0.000000,1.000000,0.000000,1.000000,0.000000,0.000000
109,196,2.475000,9.825000,49,0.000000,0.000000,1.000000,0.000000,1.000000,0.000000,0.000000
100,197,2.025000,9.875000,29,0.000000,0.000000,1.000000,0.000000,1.000000,0.000000,0.000000
101,197,2.075000,9.875000,132,0.000000,0.000000,1.000000,0.000000,1.000000,0.000000,0.000000
102,197,2.125000,9.875000,93,0.000000,0.000000,1.000000,0.000000,1.000000,0.000000,0.000000
103,197,2.175000,9.875000,132,0.000000,0.000000,1.000000,0.000000,1.000000,0.000000,0.000000
104,197,2.225000,9.875000,142,0.000000,0.000000,1.000000,0.000000,1.000000,0.000000,0.000000
105,197,2.275000,9.875000,120,0.000000,0.000000,1.000000,0.000000,1.000000,0.000000,0.000000
106,197,2.325000,9.875000,115,0.000000,0.000000,1.000000,0.000000,1.000000,0.000000,0.000000
107,197,2.375000,9.875000,151,0.000000,0.000000,1.000000,0.000000,1.000000,0.000000,0.000000
108,197,2.425000,9.875000,200,0.000000,0.000000,1.000000,0.000000,1.000000,0.000000,0.000000
109,197,2.475000,9.875000,233,0.000000,0.000000,1.000000,0.000000,1.000000,0.000000,0.000000
110,197,2.525000,9.875000,39,0.000000,0.000000,1.000000,0.000000,1.000000,0.000000,0.000000
103,198,2.175000,9.925000,96,0.000000,0.000000,1.000000,0.000000,1.000000,0.000000,0.000000
104,198,2.225000,9.925000,160,0.000000,0.000000,1.000000,0.000000,1.000000,0.000000,0.000000
105,198,2.275000,9.925000,152,0.000000,0.000000,1.000000,0.000000,1.000000,0.000000,0.000000
106,198,2.325000,9.925000,160,0.000000,0.000000,1.000000,0.000000,1.000000,0.000000,0.000000
107,198,2.375000,9.925000,177,0.000000,0.000000,1.000000,0.000000,1.000000,0.000000,0.000000
108,198,2.425000,9.925000,171,0.000000,0.000000,1.000000,0.000000,1.000000,0.000000,0.000000
109,198,2.475000,9.925000,261,0.000000,0.000000,1.000000,0.000000,1.000000,0.000000,0.000000
110,198,2.525000,9.925000,346,0.000000,0.000000,1.000000,0.000000,1.000000,0.000000,0.000000
111,198,2.575000,9.925000,171,0.000000,0.000000,1.000000,0.000000,1.000000,0.000000,0.000000
105,199,2.275000,9.975000,18,0.000000,0.000000,1.000000,0.000000,1.000000,0.000000,0.000000
106,199,2.325000,9.975000,104,0.000000,0.000000,1.000000,0.000000,1.000000,0.000000,0.000000
107,199,2.375000,9.975000,180,0.000000,0.000000,1.000000,0.000000,1.000000,0.000000,0.000000
108,199,2.425000,9.975000,220,0.000000,0.000000,1.000000,0.000000,1.000000,0.000000,0.000000
109,199,2.475000,9.975000,305,0.000000,0.000000,1.000000,0.000000,1.000000,0.000000,0.000000
110,199,2.525000,9.975000,391,0.000000,0.000000,1.000000,0.000000,1.000000,0.000000,0.000000
111,199,2.575000,9.975000,553,0.000000,0.000000,1.000000,0.000000,1.000000,0.000000,0.000000
112,199,2.625000,9.975000,708,0.000000,0.000000,1.000000,0.000000,1.000000,0.000000,0.000000
113,199,2.675000,9.975000,139,0.000000,0.000000,1.000000,0.000000,1.000000,0.000000,0.000000
